market_id,reference_id,status
1018261,cbde9be3-d1ea-4e58-81c6-8ad682ffd466,Y
1018261,575ade98-76e3-46f5-8579-9284e9584010,Y
1018261,5b1460aa-f4fc-4284-88df-1b6499abcaa2,N
1018261,e3e6f43c-5afd-46a8-856c-fdc35f3230f1,Y
1018261,312d8d42-65ef-4134-9fee-2e5944336a13,N
1009994,cbde9be3-d1ea-4e58-81c6-8ad682ffd466,Y
1009994,575ade98-76e3-46f5-8579-9284e9584010,N
1009994,5b1460aa-f4fc-4284-88df-1b6499abcaa2,N
1009994,e3e6f43c-5afd-46a8-856c-fdc35f3230f1,Y
1009994,312d8d42-65ef-4134-9fee-2e5944336a13,N
1000709,cbde9be3-d1ea-4e58-81c6-8ad682ffd466,Y
1000709,575ade98-76e3-46f5-8579-9284e9584010,Y
1000709,5b1460aa-f4fc-4284-88df-1b6499abcaa2,Y
1000709,e3e6f43c-5afd-46a8-856c-fdc35f3230f1,Y
1000709,312d8d42-65ef-4134-9fee-2e5944336a13,Y
1019956,cbde9be3-d1ea-4e58-81c6-8ad682ffd466,Y
1019956,575ade98-76e3-46f5-8579-9284e9584010,N
1019956,5b1460aa-f4fc-4284-88df-1b6499abcaa2,N
1019956,e3e6f43c-5afd-46a8-856c-fdc35f3230f1,N
1019956,312d8d42-65ef-4134-9fee-2e5944336a13,N
1009959,cbde9be3-d1ea-4e58-81c6-8ad682ffd466,Y
1009959,575ade98-76e3-46f5-8579-9284e9584010,N
1009959,5b1460aa-f4fc-4284-88df-1b6499abcaa2,Y
1009959,e3e6f43c-5afd-46a8-856c-fdc35f3230f1,N
1009959,312d8d42-65ef-4134-9fee-2e5944336a13,Y
1004950,cbde9be3-d1ea-4e58-81c6-8ad682ffd466,Y
1004950,575ade98-76e3-46f5-8579-9284e9584010,N
1004950,5b1460aa-f4fc-4284-88df-1b6499abcaa2,N
1004950,e3e6f43c-5afd-46a8-856c-fdc35f3230f1,N
1004950,312d8d42-65ef-4134-9fee-2e5944336a13,N
1019938,cbde9be3-d1ea-4e58-81c6-8ad682ffd466,Y
1019938,575ade98-76e3-46f5-8579-9284e9584010,Y
1019938,5b1460aa-f4fc-4284-88df-1b6499abcaa2,Y
1019938,e3e6f43c-5afd-46a8-856c-fdc35f3230f1,Y
1019938,312d8d42-65ef-4134-9fee-2e5944336a13,Y
1021607,cbde9be3-d1ea-4e58-81c6-8ad682ffd466,Y
1021607,575ade98-76e3-46f5-8579-9284e9584010,N
1021607,5b1460aa-f4fc-4284-88df-1b6499abcaa2,N
1021607,e3e6f43c-5afd-46a8-856c-fdc35f3230f1,N
1021607,312d8d42-65ef-4134-9fee-2e5944336a13,Y
1018965,cbde9be3-d1ea-4e58-81c6-8ad682ffd466,Y
1018965,575ade98-76e3-46f5-8579-9284e9584010,N
1018965,5b1460aa-f4fc-4284-88df-1b6499abcaa2,N
1018965,e3e6f43c-5afd-46a8-856c-fdc35f3230f1,N
1018965,312d8d42-65ef-4134-9fee-2e5944336a13,Y
1009004,cbde9be3-d1ea-4e58-81c6-8ad682ffd466,Y
1009004,575ade98-76e3-46f5-8579-9284e9584010,Y
1009004,5b1460aa-f4fc-4284-88df-1b6499abcaa2,N
1009004,e3e6f43c-5afd-46a8-856c-fdc35f3230f1,Y
1009004,312d8d42-65ef-4134-9fee-2e5944336a13,Y
1019473,cbde9be3-d1ea-4e58-81c6-8ad682ffd466,Y
1019473,575ade98-76e3-46f5-8579-9284e9584010,Y
1019473,5b1460aa-f4fc-4284-88df-1b6499abcaa2,N
1019473,e3e6f43c-5afd-46a8-856c-fdc35f3230f1,Y
1019473,312d8d42-65ef-4134-9fee-2e5944336a13,Y
1010487,cbde9be3-d1ea-4e58-81c6-8ad682ffd466,Y
1010487,575ade98-76e3-46f5-8579-9284e9584010,N
1010487,5b1460aa-f4fc-4284-88df-1b6499abcaa2,N
1010487,e3e6f43c-5afd-46a8-856c-fdc35f3230f1,Y
1010487,312d8d42-65ef-4134-9fee-2e5944336a13,Y
1019695,cbde9be3-d1ea-4e58-81c6-8ad682ffd466,Y
1019695,575ade98-76e3-46f5-8579-9284e9584010,N
1019695,5b1460aa-f4fc-4284-88df-1b6499abcaa2,N
1019695,e3e6f43c-5afd-46a8-856c-fdc35f3230f1,N
1019695,312d8d42-65ef-4134-9fee-2e5944336a13,N
1021442,cbde9be3-d1ea-4e58-81c6-8ad682ffd466,Y
1021442,575ade98-76e3-46f5-8579-9284e9584010,N
1021442,5b1460aa-f4fc-4284-88df-1b6499abcaa2,N
1021442,e3e6f43c-5afd-46a8-856c-fdc35f3230f1,N
1021442,312d8d42-65ef-4134-9fee-2e5944336a13,Y
1019676,cbde9be3-d1ea-4e58-81c6-8ad682ffd466,Y
1019676,575ade98-76e3-46f5-8579-9284e9584010,Y
1019676,5b1460aa-f4fc-4284-88df-1b6499abcaa2,N
1019676,e3e6f43c-5afd-46a8-856c-fdc35f3230f1,Y
1019676,312d8d42-65ef-4134-9fee-2e5944336a13,Y
1019351,cbde9be3-d1ea-4e58-81c6-8ad682ffd466,Y
1019351,575ade98-76e3-46f5-8579-9284e9584010,Y
1019351,5b1460aa-f4fc-4284-88df-1b6499abcaa2,N
1019351,e3e6f43c-5afd-46a8-856c-fdc35f3230f1,Y
1019351,312d8d42-65ef-4134-9fee-2e5944336a13,Y
1019847,cbde9be3-d1ea-4e58-81c6-8ad682ffd466,Y
1019847,575ade98-76e3-46f5-8579-9284e9584010,Y
1019847,5b1460aa-f4fc-4284-88df-1b6499abcaa2,N
1019847,e3e6f43c-5afd-46a8-856c-fdc35f3230f1,Y
1019847,312d8d42-65ef-4134-9fee-2e5944336a13,N
1008961,cbde9be3-d1ea-4e58-81c6-8ad682ffd466,Y
1008961,575ade98-76e3-46f5-8579-9284e9584010,N
1008961,5b1460aa-f4fc-4284-88df-1b6499abcaa2,N
1008961,e3e6f43c-5afd-46a8-856c-fdc35f3230f1,N
1008961,312d8d42-65ef-4134-9fee-2e5944336a13,Y
1019203,cbde9be3-d1ea-4e58-81c6-8ad682ffd466,Y
1019203,575ade98-76e3-46f5-8579-9284e9584010,Y
1019203,5b1460aa-f4fc-4284-88df-1b6499abcaa2,Y
1019203,e3e6f43c-5afd-46a8-856c-fdc35f3230f1,Y
1019203,312d8d42-65ef-4134-9fee-2e5944336a13,Y
1012233,cbde9be3-d1ea-4e58-81c6-8ad682ffd466,Y
1012233,575ade98-76e3-46f5-8579-9284e9584010,Y
1012233,5b1460aa-f4fc-4284-88df-1b6499abcaa2,Y
1012233,e3e6f43c-5afd-46a8-856c-fdc35f3230f1,Y
1012233,312d8d42-65ef-4134-9fee-2e5944336a13,N
1005258,cbde9be3-d1ea-4e58-81c6-8ad682ffd466,Y
1005258,575ade98-76e3-46f5-8579-9284e9584010,N
1005258,5b1460aa-f4fc-4284-88df-1b6499abcaa2,N
1005258,e3e6f43c-5afd-46a8-856c-fdc35f3230f1,Y
1005258,312d8d42-65ef-4134-9fee-2e5944336a13,Y
1008054,cbde9be3-d1ea-4e58-81c6-8ad682ffd466,Y
1008054,575ade98-76e3-46f5-8579-9284e9584010,N
1008054,5b1460aa-f4fc-4284-88df-1b6499abcaa2,N
1008054,e3e6f43c-5afd-46a8-856c-fdc35f3230f1,N
1008054,312d8d42-65ef-4134-9fee-2e5944336a13,N
1008612,cbde9be3-d1ea-4e58-81c6-8ad682ffd466,Y
1008612,575ade98-76e3-46f5-8579-9284e9584010,Y
1008612,5b1460aa-f4fc-4284-88df-1b6499abcaa2,N
1008612,e3e6f43c-5afd-46a8-856c-fdc35f3230f1,Y
1008612,312d8d42-65ef-4134-9fee-2e5944336a13,Y
1018304,cbde9be3-d1ea-4e58-81c6-8ad682ffd466,Y
1018304,575ade98-76e3-46f5-8579-9284e9584010,N
1018304,5b1460aa-f4fc-4284-88df-1b6499abcaa2,N
1018304,e3e6f43c-5afd-46a8-856c-fdc35f3230f1,N
1018304,312d8d42-65ef-4134-9fee-2e5944336a13,N
1004070,cbde9be3-d1ea-4e58-81c6-8ad682ffd466,Y
1004070,575ade98-76e3-46f5-8579-9284e9584010,N
1004070,5b1460aa-f4fc-4284-88df-1b6499abcaa2,N
1004070,e3e6f43c-5afd-46a8-856c-fdc35f3230f1,N
1004070,312d8d42-65ef-4134-9fee-2e5944336a13,Y
1021689,cbde9be3-d1ea-4e58-81c6-8ad682ffd466,Y
1021689,575ade98-76e3-46f5-8579-9284e9584010,Y
1021689,5b1460aa-f4fc-4284-88df-1b6499abcaa2,N
1021689,e3e6f43c-5afd-46a8-856c-fdc35f3230f1,Y
1021689,312d8d42-65ef-4134-9fee-2e5944336a13,Y
1019371,cbde9be3-d1ea-4e58-81c6-8ad682ffd466,Y
1019371,575ade98-76e3-46f5-8579-9284e9584010,Y
1019371,5b1460aa-f4fc-4284-88df-1b6499abcaa2,Y
1019371,e3e6f43c-5afd-46a8-856c-fdc35f3230f1,Y
1019371,312d8d42-65ef-4134-9fee-2e5944336a13,Y
1021578,cbde9be3-d1ea-4e58-81c6-8ad682ffd466,Y
1021578,575ade98-76e3-46f5-8579-9284e9584010,N
1021578,5b1460aa-f4fc-4284-88df-1b6499abcaa2,N
1021578,e3e6f43c-5afd-46a8-856c-fdc35f3230f1,N
1021578,312d8d42-65ef-4134-9fee-2e5944336a13,N
1000519,cbde9be3-d1ea-4e58-81c6-8ad682ffd466,Y
1000519,575ade98-76e3-46f5-8579-9284e9584010,Y
1000519,5b1460aa-f4fc-4284-88df-1b6499abcaa2,N
1000519,e3e6f43c-5afd-46a8-856c-fdc35f3230f1,N
1000519,312d8d42-65ef-4134-9fee-2e5944336a13,N
1019113,cbde9be3-d1ea-4e58-81c6-8ad682ffd466,Y
1019113,575ade98-76e3-46f5-8579-9284e9584010,N
1019113,5b1460aa-f4fc-4284-88df-1b6499abcaa2,N
1019113,e3e6f43c-5afd-46a8-856c-fdc35f3230f1,Y
1019113,312d8d42-65ef-4134-9fee-2e5944336a13,N
1021464,cbde9be3-d1ea-4e58-81c6-8ad682ffd466,Y
1021464,575ade98-76e3-46f5-8579-9284e9584010,Y
1021464,5b1460aa-f4fc-4284-88df-1b6499abcaa2,N
1021464,e3e6f43c-5afd-46a8-856c-fdc35f3230f1,Y
1021464,312d8d42-65ef-4134-9fee-2e5944336a13,Y
1021597,cbde9be3-d1ea-4e58-81c6-8ad682ffd466,Y
1021597,575ade98-76e3-46f5-8579-9284e9584010,Y
1021597,5b1460aa-f4fc-4284-88df-1b6499abcaa2,N
1021597,e3e6f43c-5afd-46a8-856c-fdc35f3230f1,Y
1021597,312d8d42-65ef-4134-9fee-2e5944336a13,N
1019831,cbde9be3-d1ea-4e58-81c6-8ad682ffd466,Y
1019831,575ade98-76e3-46f5-8579-9284e9584010,N
1019831,5b1460aa-f4fc-4284-88df-1b6499abcaa2,N
1019831,e3e6f43c-5afd-46a8-856c-fdc35f3230f1,Y
1019831,312d8d42-65ef-4134-9fee-2e5944336a13,Y
1019832,cbde9be3-d1ea-4e58-81c6-8ad682ffd466,Y
1019832,575ade98-76e3-46f5-8579-9284e9584010,N
1019832,5b1460aa-f4fc-4284-88df-1b6499abcaa2,N
1019832,e3e6f43c-5afd-46a8-856c-fdc35f3230f1,Y
1019832,312d8d42-65ef-4134-9fee-2e5944336a13,Y
1012389,cbde9be3-d1ea-4e58-81c6-8ad682ffd466,Y
1012389,575ade98-76e3-46f5-8579-9284e9584010,Y
1012389,5b1460aa-f4fc-4284-88df-1b6499abcaa2,N
1012389,e3e6f43c-5afd-46a8-856c-fdc35f3230f1,Y
1012389,312d8d42-65ef-4134-9fee-2e5944336a13,Y
1020150,cbde9be3-d1ea-4e58-81c6-8ad682ffd466,Y
1020150,575ade98-76e3-46f5-8579-9284e9584010,Y
1020150,5b1460aa-f4fc-4284-88df-1b6499abcaa2,N
1020150,e3e6f43c-5afd-46a8-856c-fdc35f3230f1,Y
1020150,312d8d42-65ef-4134-9fee-2e5944336a13,Y
1021309,cbde9be3-d1ea-4e58-81c6-8ad682ffd466,Y
1021309,575ade98-76e3-46f5-8579-9284e9584010,Y
1021309,5b1460aa-f4fc-4284-88df-1b6499abcaa2,N
1021309,e3e6f43c-5afd-46a8-856c-fdc35f3230f1,Y
1021309,312d8d42-65ef-4134-9fee-2e5944336a13,N
1011171,cbde9be3-d1ea-4e58-81c6-8ad682ffd466,Y
1011171,575ade98-76e3-46f5-8579-9284e9584010,Y
1011171,5b1460aa-f4fc-4284-88df-1b6499abcaa2,Y
1011171,e3e6f43c-5afd-46a8-856c-fdc35f3230f1,Y
1011171,312d8d42-65ef-4134-9fee-2e5944336a13,Y
1003563,cbde9be3-d1ea-4e58-81c6-8ad682ffd466,Y
1003563,575ade98-76e3-46f5-8579-9284e9584010,N
1003563,5b1460aa-f4fc-4284-88df-1b6499abcaa2,N
1003563,e3e6f43c-5afd-46a8-856c-fdc35f3230f1,N
1003563,312d8d42-65ef-4134-9fee-2e5944336a13,N
1019438,cbde9be3-d1ea-4e58-81c6-8ad682ffd466,Y
1019438,575ade98-76e3-46f5-8579-9284e9584010,N
1019438,5b1460aa-f4fc-4284-88df-1b6499abcaa2,N
1019438,e3e6f43c-5afd-46a8-856c-fdc35f3230f1,N
1019438,312d8d42-65ef-4134-9fee-2e5944336a13,Y
1012157,cbde9be3-d1ea-4e58-81c6-8ad682ffd466,Y
1012157,575ade98-76e3-46f5-8579-9284e9584010,N
1012157,5b1460aa-f4fc-4284-88df-1b6499abcaa2,N
1012157,e3e6f43c-5afd-46a8-856c-fdc35f3230f1,N
1012157,312d8d42-65ef-4134-9fee-2e5944336a13,Y
1005944,cbde9be3-d1ea-4e58-81c6-8ad682ffd466,Y
1005944,575ade98-76e3-46f5-8579-9284e9584010,Y
1005944,5b1460aa-f4fc-4284-88df-1b6499abcaa2,N
1005944,e3e6f43c-5afd-46a8-856c-fdc35f3230f1,Y
1005944,312d8d42-65ef-4134-9fee-2e5944336a13,Y
1019647,cbde9be3-d1ea-4e58-81c6-8ad682ffd466,Y
1019647,575ade98-76e3-46f5-8579-9284e9584010,Y
1019647,5b1460aa-f4fc-4284-88df-1b6499abcaa2,Y
1019647,e3e6f43c-5afd-46a8-856c-fdc35f3230f1,Y
1019647,312d8d42-65ef-4134-9fee-2e5944336a13,Y
1020084,cbde9be3-d1ea-4e58-81c6-8ad682ffd466,Y
1020084,575ade98-76e3-46f5-8579-9284e9584010,N
1020084,5b1460aa-f4fc-4284-88df-1b6499abcaa2,N
1020084,e3e6f43c-5afd-46a8-856c-fdc35f3230f1,Y
1020084,312d8d42-65ef-4134-9fee-2e5944336a13,N
1003516,cbde9be3-d1ea-4e58-81c6-8ad682ffd466,Y
1003516,575ade98-76e3-46f5-8579-9284e9584010,Y
1003516,5b1460aa-f4fc-4284-88df-1b6499abcaa2,Y
1003516,e3e6f43c-5afd-46a8-856c-fdc35f3230f1,Y
1003516,312d8d42-65ef-4134-9fee-2e5944336a13,Y
1020060,cbde9be3-d1ea-4e58-81c6-8ad682ffd466,Y
1020060,575ade98-76e3-46f5-8579-9284e9584010,Y
1020060,5b1460aa-f4fc-4284-88df-1b6499abcaa2,N
1020060,e3e6f43c-5afd-46a8-856c-fdc35f3230f1,Y
1020060,312d8d42-65ef-4134-9fee-2e5944336a13,Y
1019484,cbde9be3-d1ea-4e58-81c6-8ad682ffd466,Y
1019484,575ade98-76e3-46f5-8579-9284e9584010,N
1019484,5b1460aa-f4fc-4284-88df-1b6499abcaa2,N
1019484,e3e6f43c-5afd-46a8-856c-fdc35f3230f1,N
1019484,312d8d42-65ef-4134-9fee-2e5944336a13,N
1019096,cbde9be3-d1ea-4e58-81c6-8ad682ffd466,Y
1019096,575ade98-76e3-46f5-8579-9284e9584010,N
1019096,5b1460aa-f4fc-4284-88df-1b6499abcaa2,N
1019096,e3e6f43c-5afd-46a8-856c-fdc35f3230f1,N
1019096,312d8d42-65ef-4134-9fee-2e5944336a13,Y
1018934,cbde9be3-d1ea-4e58-81c6-8ad682ffd466,Y
1018934,575ade98-76e3-46f5-8579-9284e9584010,Y
1018934,5b1460aa-f4fc-4284-88df-1b6499abcaa2,N
1018934,e3e6f43c-5afd-46a8-856c-fdc35f3230f1,Y
1018934,312d8d42-65ef-4134-9fee-2e5944336a13,N
1019350,cbde9be3-d1ea-4e58-81c6-8ad682ffd466,Y
1019350,575ade98-76e3-46f5-8579-9284e9584010,N
1019350,5b1460aa-f4fc-4284-88df-1b6499abcaa2,N
1019350,e3e6f43c-5afd-46a8-856c-fdc35f3230f1,N
1019350,312d8d42-65ef-4134-9fee-2e5944336a13,N
1000431,cbde9be3-d1ea-4e58-81c6-8ad682ffd466,Y
1000431,575ade98-76e3-46f5-8579-9284e9584010,Y
1000431,5b1460aa-f4fc-4284-88df-1b6499abcaa2,Y
1000431,e3e6f43c-5afd-46a8-856c-fdc35f3230f1,N
1000431,312d8d42-65ef-4134-9fee-2e5944336a13,Y
1021359,cbde9be3-d1ea-4e58-81c6-8ad682ffd466,Y
1021359,575ade98-76e3-46f5-8579-9284e9584010,N
1021359,5b1460aa-f4fc-4284-88df-1b6499abcaa2,Y
1021359,e3e6f43c-5afd-46a8-856c-fdc35f3230f1,N
1021359,312d8d42-65ef-4134-9fee-2e5944336a13,Y
1021733,cbde9be3-d1ea-4e58-81c6-8ad682ffd466,Y
1021733,575ade98-76e3-46f5-8579-9284e9584010,Y
1021733,5b1460aa-f4fc-4284-88df-1b6499abcaa2,Y
1021733,e3e6f43c-5afd-46a8-856c-fdc35f3230f1,Y
1021733,312d8d42-65ef-4134-9fee-2e5944336a13,Y
1021732,cbde9be3-d1ea-4e58-81c6-8ad682ffd466,Y
1021732,575ade98-76e3-46f5-8579-9284e9584010,Y
1021732,5b1460aa-f4fc-4284-88df-1b6499abcaa2,Y
1021732,e3e6f43c-5afd-46a8-856c-fdc35f3230f1,Y
1021732,312d8d42-65ef-4134-9fee-2e5944336a13,Y
1019662,cbde9be3-d1ea-4e58-81c6-8ad682ffd466,Y
1019662,575ade98-76e3-46f5-8579-9284e9584010,N
1019662,5b1460aa-f4fc-4284-88df-1b6499abcaa2,N
1019662,e3e6f43c-5afd-46a8-856c-fdc35f3230f1,N
1019662,312d8d42-65ef-4134-9fee-2e5944336a13,N
1019904,cbde9be3-d1ea-4e58-81c6-8ad682ffd466,Y
1019904,575ade98-76e3-46f5-8579-9284e9584010,Y
1019904,5b1460aa-f4fc-4284-88df-1b6499abcaa2,Y
1019904,e3e6f43c-5afd-46a8-856c-fdc35f3230f1,Y
1019904,312d8d42-65ef-4134-9fee-2e5944336a13,Y
1019222,cbde9be3-d1ea-4e58-81c6-8ad682ffd466,Y
1019222,575ade98-76e3-46f5-8579-9284e9584010,N
1019222,5b1460aa-f4fc-4284-88df-1b6499abcaa2,N
1019222,e3e6f43c-5afd-46a8-856c-fdc35f3230f1,N
1019222,312d8d42-65ef-4134-9fee-2e5944336a13,N
1019495,cbde9be3-d1ea-4e58-81c6-8ad682ffd466,Y
1019495,575ade98-76e3-46f5-8579-9284e9584010,N
1019495,5b1460aa-f4fc-4284-88df-1b6499abcaa2,N
1019495,e3e6f43c-5afd-46a8-856c-fdc35f3230f1,N
1019495,312d8d42-65ef-4134-9fee-2e5944336a13,Y
1020068,cbde9be3-d1ea-4e58-81c6-8ad682ffd466,Y
1020068,575ade98-76e3-46f5-8579-9284e9584010,N
1020068,5b1460aa-f4fc-4284-88df-1b6499abcaa2,N
1020068,e3e6f43c-5afd-46a8-856c-fdc35f3230f1,N
1020068,312d8d42-65ef-4134-9fee-2e5944336a13,Y
1009810,cbde9be3-d1ea-4e58-81c6-8ad682ffd466,Y
1009810,575ade98-76e3-46f5-8579-9284e9584010,Y
1009810,5b1460aa-f4fc-4284-88df-1b6499abcaa2,Y
1009810,e3e6f43c-5afd-46a8-856c-fdc35f3230f1,Y
1009810,312d8d42-65ef-4134-9fee-2e5944336a13,Y
1021627,cbde9be3-d1ea-4e58-81c6-8ad682ffd466,Y
1021627,575ade98-76e3-46f5-8579-9284e9584010,Y
1021627,5b1460aa-f4fc-4284-88df-1b6499abcaa2,Y
1021627,e3e6f43c-5afd-46a8-856c-fdc35f3230f1,N
1021627,312d8d42-65ef-4134-9fee-2e5944336a13,Y
1001245,cbde9be3-d1ea-4e58-81c6-8ad682ffd466,Y
1001245,575ade98-76e3-46f5-8579-9284e9584010,Y
1001245,5b1460aa-f4fc-4284-88df-1b6499abcaa2,Y
1001245,e3e6f43c-5afd-46a8-856c-fdc35f3230f1,N
1001245,312d8d42-65ef-4134-9fee-2e5944336a13,Y
1002984,cbde9be3-d1ea-4e58-81c6-8ad682ffd466,Y
1002984,575ade98-76e3-46f5-8579-9284e9584010,N
1002984,5b1460aa-f4fc-4284-88df-1b6499abcaa2,N
1002984,e3e6f43c-5afd-46a8-856c-fdc35f3230f1,Y
1002984,312d8d42-65ef-4134-9fee-2e5944336a13,Y
1005086,cbde9be3-d1ea-4e58-81c6-8ad682ffd466,Y
1005086,575ade98-76e3-46f5-8579-9284e9584010,Y
1005086,5b1460aa-f4fc-4284-88df-1b6499abcaa2,N
1005086,e3e6f43c-5afd-46a8-856c-fdc35f3230f1,Y
1005086,312d8d42-65ef-4134-9fee-2e5944336a13,Y
1018033,cbde9be3-d1ea-4e58-81c6-8ad682ffd466,Y
1018033,575ade98-76e3-46f5-8579-9284e9584010,N
1018033,5b1460aa-f4fc-4284-88df-1b6499abcaa2,N
1018033,e3e6f43c-5afd-46a8-856c-fdc35f3230f1,N
1018033,312d8d42-65ef-4134-9fee-2e5944336a13,Y
1018032,cbde9be3-d1ea-4e58-81c6-8ad682ffd466,Y
1018032,575ade98-76e3-46f5-8579-9284e9584010,N
1018032,5b1460aa-f4fc-4284-88df-1b6499abcaa2,N
1018032,e3e6f43c-5afd-46a8-856c-fdc35f3230f1,N
1018032,312d8d42-65ef-4134-9fee-2e5944336a13,Y
1021450,cbde9be3-d1ea-4e58-81c6-8ad682ffd466,Y
1021450,575ade98-76e3-46f5-8579-9284e9584010,N
1021450,5b1460aa-f4fc-4284-88df-1b6499abcaa2,N
1021450,e3e6f43c-5afd-46a8-856c-fdc35f3230f1,N
1021450,312d8d42-65ef-4134-9fee-2e5944336a13,Y
1018330,cbde9be3-d1ea-4e58-81c6-8ad682ffd466,Y
1018330,575ade98-76e3-46f5-8579-9284e9584010,N
1018330,5b1460aa-f4fc-4284-88df-1b6499abcaa2,Y
1018330,e3e6f43c-5afd-46a8-856c-fdc35f3230f1,Y
1018330,312d8d42-65ef-4134-9fee-2e5944336a13,N
1021225,cbde9be3-d1ea-4e58-81c6-8ad682ffd466,Y
1021225,575ade98-76e3-46f5-8579-9284e9584010,Y
1021225,5b1460aa-f4fc-4284-88df-1b6499abcaa2,Y
1021225,e3e6f43c-5afd-46a8-856c-fdc35f3230f1,Y
1021225,312d8d42-65ef-4134-9fee-2e5944336a13,Y
1019789,cbde9be3-d1ea-4e58-81c6-8ad682ffd466,Y
1019789,575ade98-76e3-46f5-8579-9284e9584010,Y
1019789,5b1460aa-f4fc-4284-88df-1b6499abcaa2,N
1019789,e3e6f43c-5afd-46a8-856c-fdc35f3230f1,Y
1019789,312d8d42-65ef-4134-9fee-2e5944336a13,Y
1021329,cbde9be3-d1ea-4e58-81c6-8ad682ffd466,Y
1021329,575ade98-76e3-46f5-8579-9284e9584010,N
1021329,5b1460aa-f4fc-4284-88df-1b6499abcaa2,N
1021329,e3e6f43c-5afd-46a8-856c-fdc35f3230f1,N
1021329,312d8d42-65ef-4134-9fee-2e5944336a13,N
1000559,cbde9be3-d1ea-4e58-81c6-8ad682ffd466,Y
1000559,575ade98-76e3-46f5-8579-9284e9584010,N
1000559,5b1460aa-f4fc-4284-88df-1b6499abcaa2,N
1000559,e3e6f43c-5afd-46a8-856c-fdc35f3230f1,N
1000559,312d8d42-65ef-4134-9fee-2e5944336a13,N
1021534,cbde9be3-d1ea-4e58-81c6-8ad682ffd466,Y
1021534,575ade98-76e3-46f5-8579-9284e9584010,Y
1021534,5b1460aa-f4fc-4284-88df-1b6499abcaa2,N
1021534,e3e6f43c-5afd-46a8-856c-fdc35f3230f1,N
1021534,312d8d42-65ef-4134-9fee-2e5944336a13,Y
1019396,cbde9be3-d1ea-4e58-81c6-8ad682ffd466,Y
1019396,575ade98-76e3-46f5-8579-9284e9584010,Y
1019396,5b1460aa-f4fc-4284-88df-1b6499abcaa2,N
1019396,e3e6f43c-5afd-46a8-856c-fdc35f3230f1,N
1019396,312d8d42-65ef-4134-9fee-2e5944336a13,Y
1019126,cbde9be3-d1ea-4e58-81c6-8ad682ffd466,Y
1019126,575ade98-76e3-46f5-8579-9284e9584010,Y
1019126,5b1460aa-f4fc-4284-88df-1b6499abcaa2,Y
1019126,e3e6f43c-5afd-46a8-856c-fdc35f3230f1,Y
1019126,312d8d42-65ef-4134-9fee-2e5944336a13,Y
1021528,cbde9be3-d1ea-4e58-81c6-8ad682ffd466,Y
1021528,575ade98-76e3-46f5-8579-9284e9584010,N
1021528,5b1460aa-f4fc-4284-88df-1b6499abcaa2,N
1021528,e3e6f43c-5afd-46a8-856c-fdc35f3230f1,N
1021528,312d8d42-65ef-4134-9fee-2e5944336a13,Y
1021530,cbde9be3-d1ea-4e58-81c6-8ad682ffd466,Y
1021530,575ade98-76e3-46f5-8579-9284e9584010,N
1021530,5b1460aa-f4fc-4284-88df-1b6499abcaa2,N
1021530,e3e6f43c-5afd-46a8-856c-fdc35f3230f1,N
1021530,312d8d42-65ef-4134-9fee-2e5944336a13,Y
1021529,cbde9be3-d1ea-4e58-81c6-8ad682ffd466,Y
1021529,575ade98-76e3-46f5-8579-9284e9584010,N
1021529,5b1460aa-f4fc-4284-88df-1b6499abcaa2,N
1021529,e3e6f43c-5afd-46a8-856c-fdc35f3230f1,N
1021529,312d8d42-65ef-4134-9fee-2e5944336a13,Y
1019044,cbde9be3-d1ea-4e58-81c6-8ad682ffd466,Y
1019044,575ade98-76e3-46f5-8579-9284e9584010,Y
1019044,5b1460aa-f4fc-4284-88df-1b6499abcaa2,Y
1019044,e3e6f43c-5afd-46a8-856c-fdc35f3230f1,Y
1019044,312d8d42-65ef-4134-9fee-2e5944336a13,N
1019076,cbde9be3-d1ea-4e58-81c6-8ad682ffd466,Y
1019076,575ade98-76e3-46f5-8579-9284e9584010,N
1019076,5b1460aa-f4fc-4284-88df-1b6499abcaa2,N
1019076,e3e6f43c-5afd-46a8-856c-fdc35f3230f1,N
1019076,312d8d42-65ef-4134-9fee-2e5944336a13,N
1021338,cbde9be3-d1ea-4e58-81c6-8ad682ffd466,Y
1021338,575ade98-76e3-46f5-8579-9284e9584010,Y
1021338,5b1460aa-f4fc-4284-88df-1b6499abcaa2,Y
1021338,e3e6f43c-5afd-46a8-856c-fdc35f3230f1,Y
1021338,312d8d42-65ef-4134-9fee-2e5944336a13,Y
1021521,cbde9be3-d1ea-4e58-81c6-8ad682ffd466,Y
1021521,575ade98-76e3-46f5-8579-9284e9584010,N
1021521,5b1460aa-f4fc-4284-88df-1b6499abcaa2,N
1021521,e3e6f43c-5afd-46a8-856c-fdc35f3230f1,N
1021521,312d8d42-65ef-4134-9fee-2e5944336a13,N
1012081,cbde9be3-d1ea-4e58-81c6-8ad682ffd466,Y
1012081,575ade98-76e3-46f5-8579-9284e9584010,Y
1012081,5b1460aa-f4fc-4284-88df-1b6499abcaa2,Y
1012081,e3e6f43c-5afd-46a8-856c-fdc35f3230f1,N
1012081,312d8d42-65ef-4134-9fee-2e5944336a13,Y
1021582,cbde9be3-d1ea-4e58-81c6-8ad682ffd466,Y
1021582,575ade98-76e3-46f5-8579-9284e9584010,Y
1021582,5b1460aa-f4fc-4284-88df-1b6499abcaa2,N
1021582,e3e6f43c-5afd-46a8-856c-fdc35f3230f1,N
1021582,312d8d42-65ef-4134-9fee-2e5944336a13,N
1001604,cbde9be3-d1ea-4e58-81c6-8ad682ffd466,Y
1001604,575ade98-76e3-46f5-8579-9284e9584010,N
1001604,5b1460aa-f4fc-4284-88df-1b6499abcaa2,N
1001604,e3e6f43c-5afd-46a8-856c-fdc35f3230f1,N
1001604,312d8d42-65ef-4134-9fee-2e5944336a13,Y
1020029,cbde9be3-d1ea-4e58-81c6-8ad682ffd466,Y
1020029,575ade98-76e3-46f5-8579-9284e9584010,N
1020029,5b1460aa-f4fc-4284-88df-1b6499abcaa2,N
1020029,e3e6f43c-5afd-46a8-856c-fdc35f3230f1,N
1020029,312d8d42-65ef-4134-9fee-2e5944336a13,N
1003335,cbde9be3-d1ea-4e58-81c6-8ad682ffd466,Y
1003335,575ade98-76e3-46f5-8579-9284e9584010,N
1003335,5b1460aa-f4fc-4284-88df-1b6499abcaa2,N
1003335,e3e6f43c-5afd-46a8-856c-fdc35f3230f1,N
1003335,312d8d42-65ef-4134-9fee-2e5944336a13,Y
1019871,cbde9be3-d1ea-4e58-81c6-8ad682ffd466,Y
1019871,575ade98-76e3-46f5-8579-9284e9584010,N
1019871,5b1460aa-f4fc-4284-88df-1b6499abcaa2,N
1019871,e3e6f43c-5afd-46a8-856c-fdc35f3230f1,N
1019871,312d8d42-65ef-4134-9fee-2e5944336a13,N
1000436,cbde9be3-d1ea-4e58-81c6-8ad682ffd466,Y
1000436,575ade98-76e3-46f5-8579-9284e9584010,N
1000436,5b1460aa-f4fc-4284-88df-1b6499abcaa2,N
1000436,e3e6f43c-5afd-46a8-856c-fdc35f3230f1,N
1000436,312d8d42-65ef-4134-9fee-2e5944336a13,Y
1021540,cbde9be3-d1ea-4e58-81c6-8ad682ffd466,Y
1021540,575ade98-76e3-46f5-8579-9284e9584010,N
1021540,5b1460aa-f4fc-4284-88df-1b6499abcaa2,N
1021540,e3e6f43c-5afd-46a8-856c-fdc35f3230f1,N
1021540,312d8d42-65ef-4134-9fee-2e5944336a13,Y
1021265,cbde9be3-d1ea-4e58-81c6-8ad682ffd466,Y
1021265,575ade98-76e3-46f5-8579-9284e9584010,N
1021265,5b1460aa-f4fc-4284-88df-1b6499abcaa2,N
1021265,e3e6f43c-5afd-46a8-856c-fdc35f3230f1,N
1021265,312d8d42-65ef-4134-9fee-2e5944336a13,N
1021443,cbde9be3-d1ea-4e58-81c6-8ad682ffd466,Y
1021443,575ade98-76e3-46f5-8579-9284e9584010,Y
1021443,5b1460aa-f4fc-4284-88df-1b6499abcaa2,N
1021443,e3e6f43c-5afd-46a8-856c-fdc35f3230f1,Y
1021443,312d8d42-65ef-4134-9fee-2e5944336a13,Y
1019617,cbde9be3-d1ea-4e58-81c6-8ad682ffd466,Y
1019617,575ade98-76e3-46f5-8579-9284e9584010,N
1019617,5b1460aa-f4fc-4284-88df-1b6499abcaa2,N
1019617,e3e6f43c-5afd-46a8-856c-fdc35f3230f1,N
1019617,312d8d42-65ef-4134-9fee-2e5944336a13,N
1019874,cbde9be3-d1ea-4e58-81c6-8ad682ffd466,Y
1019874,575ade98-76e3-46f5-8579-9284e9584010,N
1019874,5b1460aa-f4fc-4284-88df-1b6499abcaa2,N
1019874,e3e6f43c-5afd-46a8-856c-fdc35f3230f1,N
1019874,312d8d42-65ef-4134-9fee-2e5944336a13,N
1020102,cbde9be3-d1ea-4e58-81c6-8ad682ffd466,Y
1020102,575ade98-76e3-46f5-8579-9284e9584010,Y
1020102,5b1460aa-f4fc-4284-88df-1b6499abcaa2,N
1020102,e3e6f43c-5afd-46a8-856c-fdc35f3230f1,N
1020102,312d8d42-65ef-4134-9fee-2e5944336a13,N
1018735,cbde9be3-d1ea-4e58-81c6-8ad682ffd466,Y
1018735,575ade98-76e3-46f5-8579-9284e9584010,N
1018735,5b1460aa-f4fc-4284-88df-1b6499abcaa2,N
1018735,e3e6f43c-5afd-46a8-856c-fdc35f3230f1,N
1018735,312d8d42-65ef-4134-9fee-2e5944336a13,N
1019875,cbde9be3-d1ea-4e58-81c6-8ad682ffd466,Y
1019875,575ade98-76e3-46f5-8579-9284e9584010,N
1019875,5b1460aa-f4fc-4284-88df-1b6499abcaa2,N
1019875,e3e6f43c-5afd-46a8-856c-fdc35f3230f1,N
1019875,312d8d42-65ef-4134-9fee-2e5944336a13,N
1020097,cbde9be3-d1ea-4e58-81c6-8ad682ffd466,Y
1020097,575ade98-76e3-46f5-8579-9284e9584010,N
1020097,5b1460aa-f4fc-4284-88df-1b6499abcaa2,Y
1020097,e3e6f43c-5afd-46a8-856c-fdc35f3230f1,Y
1020097,312d8d42-65ef-4134-9fee-2e5944336a13,N
1021630,cbde9be3-d1ea-4e58-81c6-8ad682ffd466,Y
1021630,575ade98-76e3-46f5-8579-9284e9584010,Y
1021630,5b1460aa-f4fc-4284-88df-1b6499abcaa2,Y
1021630,e3e6f43c-5afd-46a8-856c-fdc35f3230f1,Y
1021630,312d8d42-65ef-4134-9fee-2e5944336a13,Y
1019853,cbde9be3-d1ea-4e58-81c6-8ad682ffd466,Y
1019853,575ade98-76e3-46f5-8579-9284e9584010,N
1019853,5b1460aa-f4fc-4284-88df-1b6499abcaa2,N
1019853,e3e6f43c-5afd-46a8-856c-fdc35f3230f1,N
1019853,312d8d42-65ef-4134-9fee-2e5944336a13,N
1019400,cbde9be3-d1ea-4e58-81c6-8ad682ffd466,Y
1019400,575ade98-76e3-46f5-8579-9284e9584010,N
1019400,5b1460aa-f4fc-4284-88df-1b6499abcaa2,N
1019400,e3e6f43c-5afd-46a8-856c-fdc35f3230f1,N
1019400,312d8d42-65ef-4134-9fee-2e5944336a13,N
1010607,cbde9be3-d1ea-4e58-81c6-8ad682ffd466,Y
1010607,575ade98-76e3-46f5-8579-9284e9584010,Y
1010607,5b1460aa-f4fc-4284-88df-1b6499abcaa2,Y
1010607,e3e6f43c-5afd-46a8-856c-fdc35f3230f1,Y
1010607,312d8d42-65ef-4134-9fee-2e5944336a13,N
1011902,cbde9be3-d1ea-4e58-81c6-8ad682ffd466,Y
1011902,575ade98-76e3-46f5-8579-9284e9584010,N
1011902,5b1460aa-f4fc-4284-88df-1b6499abcaa2,N
1011902,e3e6f43c-5afd-46a8-856c-fdc35f3230f1,Y
1011902,312d8d42-65ef-4134-9fee-2e5944336a13,N
1021363,cbde9be3-d1ea-4e58-81c6-8ad682ffd466,Y
1021363,575ade98-76e3-46f5-8579-9284e9584010,N
1021363,5b1460aa-f4fc-4284-88df-1b6499abcaa2,N
1021363,e3e6f43c-5afd-46a8-856c-fdc35f3230f1,N
1021363,312d8d42-65ef-4134-9fee-2e5944336a13,N
1008140,cbde9be3-d1ea-4e58-81c6-8ad682ffd466,Y
1008140,575ade98-76e3-46f5-8579-9284e9584010,Y
1008140,5b1460aa-f4fc-4284-88df-1b6499abcaa2,N
1008140,e3e6f43c-5afd-46a8-856c-fdc35f3230f1,Y
1008140,312d8d42-65ef-4134-9fee-2e5944336a13,Y
1002064,cbde9be3-d1ea-4e58-81c6-8ad682ffd466,Y
1002064,575ade98-76e3-46f5-8579-9284e9584010,Y
1002064,5b1460aa-f4fc-4284-88df-1b6499abcaa2,Y
1002064,e3e6f43c-5afd-46a8-856c-fdc35f3230f1,Y
1002064,312d8d42-65ef-4134-9fee-2e5944336a13,Y
1011363,cbde9be3-d1ea-4e58-81c6-8ad682ffd466,Y
1011363,575ade98-76e3-46f5-8579-9284e9584010,N
1011363,5b1460aa-f4fc-4284-88df-1b6499abcaa2,N
1011363,e3e6f43c-5afd-46a8-856c-fdc35f3230f1,N
1011363,312d8d42-65ef-4134-9fee-2e5944336a13,N
1001316,cbde9be3-d1ea-4e58-81c6-8ad682ffd466,Y
1001316,575ade98-76e3-46f5-8579-9284e9584010,Y
1001316,5b1460aa-f4fc-4284-88df-1b6499abcaa2,N
1001316,e3e6f43c-5afd-46a8-856c-fdc35f3230f1,N
1001316,312d8d42-65ef-4134-9fee-2e5944336a13,N
1001533,cbde9be3-d1ea-4e58-81c6-8ad682ffd466,Y
1001533,575ade98-76e3-46f5-8579-9284e9584010,Y
1001533,5b1460aa-f4fc-4284-88df-1b6499abcaa2,N
1001533,e3e6f43c-5afd-46a8-856c-fdc35f3230f1,N
1001533,312d8d42-65ef-4134-9fee-2e5944336a13,Y
1018644,cbde9be3-d1ea-4e58-81c6-8ad682ffd466,Y
1018644,575ade98-76e3-46f5-8579-9284e9584010,N
1018644,5b1460aa-f4fc-4284-88df-1b6499abcaa2,N
1018644,e3e6f43c-5afd-46a8-856c-fdc35f3230f1,N
1018644,312d8d42-65ef-4134-9fee-2e5944336a13,N
1021403,cbde9be3-d1ea-4e58-81c6-8ad682ffd466,Y
1021403,575ade98-76e3-46f5-8579-9284e9584010,Y
1021403,5b1460aa-f4fc-4284-88df-1b6499abcaa2,N
1021403,e3e6f43c-5afd-46a8-856c-fdc35f3230f1,Y
1021403,312d8d42-65ef-4134-9fee-2e5944336a13,Y
1005183,cbde9be3-d1ea-4e58-81c6-8ad682ffd466,Y
1005183,575ade98-76e3-46f5-8579-9284e9584010,N
1005183,5b1460aa-f4fc-4284-88df-1b6499abcaa2,N
1005183,e3e6f43c-5afd-46a8-856c-fdc35f3230f1,Y
1005183,312d8d42-65ef-4134-9fee-2e5944336a13,Y
1019005,cbde9be3-d1ea-4e58-81c6-8ad682ffd466,Y
1019005,575ade98-76e3-46f5-8579-9284e9584010,N
1019005,5b1460aa-f4fc-4284-88df-1b6499abcaa2,N
1019005,e3e6f43c-5afd-46a8-856c-fdc35f3230f1,N
1019005,312d8d42-65ef-4134-9fee-2e5944336a13,N
1021628,cbde9be3-d1ea-4e58-81c6-8ad682ffd466,Y
1021628,575ade98-76e3-46f5-8579-9284e9584010,N
1021628,5b1460aa-f4fc-4284-88df-1b6499abcaa2,N
1021628,e3e6f43c-5afd-46a8-856c-fdc35f3230f1,N
1021628,312d8d42-65ef-4134-9fee-2e5944336a13,Y
1019168,cbde9be3-d1ea-4e58-81c6-8ad682ffd466,Y
1019168,575ade98-76e3-46f5-8579-9284e9584010,N
1019168,5b1460aa-f4fc-4284-88df-1b6499abcaa2,N
1019168,e3e6f43c-5afd-46a8-856c-fdc35f3230f1,Y
1019168,312d8d42-65ef-4134-9fee-2e5944336a13,Y
1019169,cbde9be3-d1ea-4e58-81c6-8ad682ffd466,Y
1019169,575ade98-76e3-46f5-8579-9284e9584010,N
1019169,5b1460aa-f4fc-4284-88df-1b6499abcaa2,N
1019169,e3e6f43c-5afd-46a8-856c-fdc35f3230f1,Y
1019169,312d8d42-65ef-4134-9fee-2e5944336a13,Y
1019967,cbde9be3-d1ea-4e58-81c6-8ad682ffd466,Y
1019967,575ade98-76e3-46f5-8579-9284e9584010,N
1019967,5b1460aa-f4fc-4284-88df-1b6499abcaa2,N
1019967,e3e6f43c-5afd-46a8-856c-fdc35f3230f1,N
1019967,312d8d42-65ef-4134-9fee-2e5944336a13,N
1021322,cbde9be3-d1ea-4e58-81c6-8ad682ffd466,Y
1021322,575ade98-76e3-46f5-8579-9284e9584010,N
1021322,5b1460aa-f4fc-4284-88df-1b6499abcaa2,N
1021322,e3e6f43c-5afd-46a8-856c-fdc35f3230f1,N
1021322,312d8d42-65ef-4134-9fee-2e5944336a13,N
1010406,cbde9be3-d1ea-4e58-81c6-8ad682ffd466,Y
1010406,575ade98-76e3-46f5-8579-9284e9584010,Y
1010406,5b1460aa-f4fc-4284-88df-1b6499abcaa2,Y
1010406,e3e6f43c-5afd-46a8-856c-fdc35f3230f1,N
1010406,312d8d42-65ef-4134-9fee-2e5944336a13,N
1012494,cbde9be3-d1ea-4e58-81c6-8ad682ffd466,Y
1012494,575ade98-76e3-46f5-8579-9284e9584010,Y
1012494,5b1460aa-f4fc-4284-88df-1b6499abcaa2,N
1012494,e3e6f43c-5afd-46a8-856c-fdc35f3230f1,Y
1012494,312d8d42-65ef-4134-9fee-2e5944336a13,Y
1020196,cbde9be3-d1ea-4e58-81c6-8ad682ffd466,Y
1020196,575ade98-76e3-46f5-8579-9284e9584010,Y
1020196,5b1460aa-f4fc-4284-88df-1b6499abcaa2,N
1020196,e3e6f43c-5afd-46a8-856c-fdc35f3230f1,Y
1020196,312d8d42-65ef-4134-9fee-2e5944336a13,Y
1019765,cbde9be3-d1ea-4e58-81c6-8ad682ffd466,Y
1019765,575ade98-76e3-46f5-8579-9284e9584010,Y
1019765,5b1460aa-f4fc-4284-88df-1b6499abcaa2,N
1019765,e3e6f43c-5afd-46a8-856c-fdc35f3230f1,Y
1019765,312d8d42-65ef-4134-9fee-2e5944336a13,Y
1005949,cbde9be3-d1ea-4e58-81c6-8ad682ffd466,Y
1005949,575ade98-76e3-46f5-8579-9284e9584010,Y
1005949,5b1460aa-f4fc-4284-88df-1b6499abcaa2,Y
1005949,e3e6f43c-5afd-46a8-856c-fdc35f3230f1,Y
1005949,312d8d42-65ef-4134-9fee-2e5944336a13,Y
1019338,cbde9be3-d1ea-4e58-81c6-8ad682ffd466,Y
1019338,575ade98-76e3-46f5-8579-9284e9584010,N
1019338,5b1460aa-f4fc-4284-88df-1b6499abcaa2,N
1019338,e3e6f43c-5afd-46a8-856c-fdc35f3230f1,N
1019338,312d8d42-65ef-4134-9fee-2e5944336a13,Y
1019339,cbde9be3-d1ea-4e58-81c6-8ad682ffd466,Y
1019339,575ade98-76e3-46f5-8579-9284e9584010,N
1019339,5b1460aa-f4fc-4284-88df-1b6499abcaa2,N
1019339,e3e6f43c-5afd-46a8-856c-fdc35f3230f1,N
1019339,312d8d42-65ef-4134-9fee-2e5944336a13,Y
1019591,cbde9be3-d1ea-4e58-81c6-8ad682ffd466,Y
1019591,575ade98-76e3-46f5-8579-9284e9584010,Y
1019591,5b1460aa-f4fc-4284-88df-1b6499abcaa2,N
1019591,e3e6f43c-5afd-46a8-856c-fdc35f3230f1,Y
1019591,312d8d42-65ef-4134-9fee-2e5944336a13,Y
1021508,cbde9be3-d1ea-4e58-81c6-8ad682ffd466,Y
1021508,575ade98-76e3-46f5-8579-9284e9584010,N
1021508,5b1460aa-f4fc-4284-88df-1b6499abcaa2,N
1021508,e3e6f43c-5afd-46a8-856c-fdc35f3230f1,N
1021508,312d8d42-65ef-4134-9fee-2e5944336a13,N
1011037,cbde9be3-d1ea-4e58-81c6-8ad682ffd466,Y
1011037,575ade98-76e3-46f5-8579-9284e9584010,N
1011037,5b1460aa-f4fc-4284-88df-1b6499abcaa2,N
1011037,e3e6f43c-5afd-46a8-856c-fdc35f3230f1,N
1011037,312d8d42-65ef-4134-9fee-2e5944336a13,Y
1012163,cbde9be3-d1ea-4e58-81c6-8ad682ffd466,Y
1012163,575ade98-76e3-46f5-8579-9284e9584010,N
1012163,5b1460aa-f4fc-4284-88df-1b6499abcaa2,N
1012163,e3e6f43c-5afd-46a8-856c-fdc35f3230f1,N
1012163,312d8d42-65ef-4134-9fee-2e5944336a13,Y
1011829,cbde9be3-d1ea-4e58-81c6-8ad682ffd466,Y
1011829,575ade98-76e3-46f5-8579-9284e9584010,Y
1011829,5b1460aa-f4fc-4284-88df-1b6499abcaa2,Y
1011829,e3e6f43c-5afd-46a8-856c-fdc35f3230f1,Y
1011829,312d8d42-65ef-4134-9fee-2e5944336a13,Y
1018396,cbde9be3-d1ea-4e58-81c6-8ad682ffd466,Y
1018396,575ade98-76e3-46f5-8579-9284e9584010,Y
1018396,5b1460aa-f4fc-4284-88df-1b6499abcaa2,N
1018396,e3e6f43c-5afd-46a8-856c-fdc35f3230f1,Y
1018396,312d8d42-65ef-4134-9fee-2e5944336a13,Y
1018563,cbde9be3-d1ea-4e58-81c6-8ad682ffd466,Y
1018563,575ade98-76e3-46f5-8579-9284e9584010,N
1018563,5b1460aa-f4fc-4284-88df-1b6499abcaa2,N
1018563,e3e6f43c-5afd-46a8-856c-fdc35f3230f1,N
1018563,312d8d42-65ef-4134-9fee-2e5944336a13,Y
1019932,cbde9be3-d1ea-4e58-81c6-8ad682ffd466,Y
1019932,575ade98-76e3-46f5-8579-9284e9584010,N
1019932,5b1460aa-f4fc-4284-88df-1b6499abcaa2,N
1019932,e3e6f43c-5afd-46a8-856c-fdc35f3230f1,N
1019932,312d8d42-65ef-4134-9fee-2e5944336a13,N
1020098,cbde9be3-d1ea-4e58-81c6-8ad682ffd466,Y
1020098,575ade98-76e3-46f5-8579-9284e9584010,Y
1020098,5b1460aa-f4fc-4284-88df-1b6499abcaa2,N
1020098,e3e6f43c-5afd-46a8-856c-fdc35f3230f1,Y
1020098,312d8d42-65ef-4134-9fee-2e5944336a13,N
1019372,cbde9be3-d1ea-4e58-81c6-8ad682ffd466,Y
1019372,575ade98-76e3-46f5-8579-9284e9584010,N
1019372,5b1460aa-f4fc-4284-88df-1b6499abcaa2,N
1019372,e3e6f43c-5afd-46a8-856c-fdc35f3230f1,Y
1019372,312d8d42-65ef-4134-9fee-2e5944336a13,N
1019440,cbde9be3-d1ea-4e58-81c6-8ad682ffd466,Y
1019440,575ade98-76e3-46f5-8579-9284e9584010,N
1019440,5b1460aa-f4fc-4284-88df-1b6499abcaa2,N
1019440,e3e6f43c-5afd-46a8-856c-fdc35f3230f1,N
1019440,312d8d42-65ef-4134-9fee-2e5944336a13,N
1018092,cbde9be3-d1ea-4e58-81c6-8ad682ffd466,Y
1018092,575ade98-76e3-46f5-8579-9284e9584010,Y
1018092,5b1460aa-f4fc-4284-88df-1b6499abcaa2,N
1018092,e3e6f43c-5afd-46a8-856c-fdc35f3230f1,Y
1018092,312d8d42-65ef-4134-9fee-2e5944336a13,N
1018313,cbde9be3-d1ea-4e58-81c6-8ad682ffd466,Y
1018313,575ade98-76e3-46f5-8579-9284e9584010,N
1018313,5b1460aa-f4fc-4284-88df-1b6499abcaa2,N
1018313,e3e6f43c-5afd-46a8-856c-fdc35f3230f1,N
1018313,312d8d42-65ef-4134-9fee-2e5944336a13,Y
1018316,cbde9be3-d1ea-4e58-81c6-8ad682ffd466,Y
1018316,575ade98-76e3-46f5-8579-9284e9584010,N
1018316,5b1460aa-f4fc-4284-88df-1b6499abcaa2,N
1018316,e3e6f43c-5afd-46a8-856c-fdc35f3230f1,N
1018316,312d8d42-65ef-4134-9fee-2e5944336a13,Y
1020101,cbde9be3-d1ea-4e58-81c6-8ad682ffd466,Y
1020101,575ade98-76e3-46f5-8579-9284e9584010,Y
1020101,5b1460aa-f4fc-4284-88df-1b6499abcaa2,N
1020101,e3e6f43c-5afd-46a8-856c-fdc35f3230f1,N
1020101,312d8d42-65ef-4134-9fee-2e5944336a13,N
1006833,cbde9be3-d1ea-4e58-81c6-8ad682ffd466,Y
1006833,575ade98-76e3-46f5-8579-9284e9584010,Y
1006833,5b1460aa-f4fc-4284-88df-1b6499abcaa2,Y
1006833,e3e6f43c-5afd-46a8-856c-fdc35f3230f1,Y
1006833,312d8d42-65ef-4134-9fee-2e5944336a13,Y
1019318,cbde9be3-d1ea-4e58-81c6-8ad682ffd466,Y
1019318,575ade98-76e3-46f5-8579-9284e9584010,N
1019318,5b1460aa-f4fc-4284-88df-1b6499abcaa2,N
1019318,e3e6f43c-5afd-46a8-856c-fdc35f3230f1,N
1019318,312d8d42-65ef-4134-9fee-2e5944336a13,N
1019693,cbde9be3-d1ea-4e58-81c6-8ad682ffd466,Y
1019693,575ade98-76e3-46f5-8579-9284e9584010,N
1019693,5b1460aa-f4fc-4284-88df-1b6499abcaa2,N
1019693,e3e6f43c-5afd-46a8-856c-fdc35f3230f1,N
1019693,312d8d42-65ef-4134-9fee-2e5944336a13,N
1018394,cbde9be3-d1ea-4e58-81c6-8ad682ffd466,Y
1018394,575ade98-76e3-46f5-8579-9284e9584010,N
1018394,5b1460aa-f4fc-4284-88df-1b6499abcaa2,N
1018394,e3e6f43c-5afd-46a8-856c-fdc35f3230f1,N
1018394,312d8d42-65ef-4134-9fee-2e5944336a13,N
1001526,cbde9be3-d1ea-4e58-81c6-8ad682ffd466,Y
1001526,575ade98-76e3-46f5-8579-9284e9584010,N
1001526,5b1460aa-f4fc-4284-88df-1b6499abcaa2,N
1001526,e3e6f43c-5afd-46a8-856c-fdc35f3230f1,N
1001526,312d8d42-65ef-4134-9fee-2e5944336a13,N
1019165,cbde9be3-d1ea-4e58-81c6-8ad682ffd466,Y
1019165,575ade98-76e3-46f5-8579-9284e9584010,Y
1019165,5b1460aa-f4fc-4284-88df-1b6499abcaa2,N
1019165,e3e6f43c-5afd-46a8-856c-fdc35f3230f1,N
1019165,312d8d42-65ef-4134-9fee-2e5944336a13,N
1020096,cbde9be3-d1ea-4e58-81c6-8ad682ffd466,Y
1020096,575ade98-76e3-46f5-8579-9284e9584010,Y
1020096,5b1460aa-f4fc-4284-88df-1b6499abcaa2,N
1020096,e3e6f43c-5afd-46a8-856c-fdc35f3230f1,Y
1020096,312d8d42-65ef-4134-9fee-2e5944336a13,N
1020099,cbde9be3-d1ea-4e58-81c6-8ad682ffd466,Y
1020099,575ade98-76e3-46f5-8579-9284e9584010,Y
1020099,5b1460aa-f4fc-4284-88df-1b6499abcaa2,N
1020099,e3e6f43c-5afd-46a8-856c-fdc35f3230f1,Y
1020099,312d8d42-65ef-4134-9fee-2e5944336a13,N
1019205,cbde9be3-d1ea-4e58-81c6-8ad682ffd466,Y
1019205,575ade98-76e3-46f5-8579-9284e9584010,Y
1019205,5b1460aa-f4fc-4284-88df-1b6499abcaa2,N
1019205,e3e6f43c-5afd-46a8-856c-fdc35f3230f1,Y
1019205,312d8d42-65ef-4134-9fee-2e5944336a13,Y
1021248,cbde9be3-d1ea-4e58-81c6-8ad682ffd466,Y
1021248,575ade98-76e3-46f5-8579-9284e9584010,N
1021248,5b1460aa-f4fc-4284-88df-1b6499abcaa2,N
1021248,e3e6f43c-5afd-46a8-856c-fdc35f3230f1,N
1021248,312d8d42-65ef-4134-9fee-2e5944336a13,Y
1018227,cbde9be3-d1ea-4e58-81c6-8ad682ffd466,Y
1018227,575ade98-76e3-46f5-8579-9284e9584010,Y
1018227,5b1460aa-f4fc-4284-88df-1b6499abcaa2,Y
1018227,e3e6f43c-5afd-46a8-856c-fdc35f3230f1,Y
1018227,312d8d42-65ef-4134-9fee-2e5944336a13,Y
1002407,cbde9be3-d1ea-4e58-81c6-8ad682ffd466,Y
1002407,575ade98-76e3-46f5-8579-9284e9584010,Y
1002407,5b1460aa-f4fc-4284-88df-1b6499abcaa2,N
1002407,e3e6f43c-5afd-46a8-856c-fdc35f3230f1,Y
1002407,312d8d42-65ef-4134-9fee-2e5944336a13,Y
1011075,cbde9be3-d1ea-4e58-81c6-8ad682ffd466,Y
1011075,575ade98-76e3-46f5-8579-9284e9584010,N
1011075,5b1460aa-f4fc-4284-88df-1b6499abcaa2,N
1011075,e3e6f43c-5afd-46a8-856c-fdc35f3230f1,N
1011075,312d8d42-65ef-4134-9fee-2e5944336a13,Y
1020113,cbde9be3-d1ea-4e58-81c6-8ad682ffd466,Y
1020113,575ade98-76e3-46f5-8579-9284e9584010,N
1020113,5b1460aa-f4fc-4284-88df-1b6499abcaa2,N
1020113,e3e6f43c-5afd-46a8-856c-fdc35f3230f1,Y
1020113,312d8d42-65ef-4134-9fee-2e5944336a13,N
1018556,cbde9be3-d1ea-4e58-81c6-8ad682ffd466,Y
1018556,575ade98-76e3-46f5-8579-9284e9584010,Y
1018556,5b1460aa-f4fc-4284-88df-1b6499abcaa2,N
1018556,e3e6f43c-5afd-46a8-856c-fdc35f3230f1,Y
1018556,312d8d42-65ef-4134-9fee-2e5944336a13,Y
1019146,cbde9be3-d1ea-4e58-81c6-8ad682ffd466,Y
1019146,575ade98-76e3-46f5-8579-9284e9584010,N
1019146,5b1460aa-f4fc-4284-88df-1b6499abcaa2,N
1019146,e3e6f43c-5afd-46a8-856c-fdc35f3230f1,N
1019146,312d8d42-65ef-4134-9fee-2e5944336a13,N
1018756,cbde9be3-d1ea-4e58-81c6-8ad682ffd466,Y
1018756,575ade98-76e3-46f5-8579-9284e9584010,N
1018756,5b1460aa-f4fc-4284-88df-1b6499abcaa2,N
1018756,e3e6f43c-5afd-46a8-856c-fdc35f3230f1,N
1018756,312d8d42-65ef-4134-9fee-2e5944336a13,Y
1005483,cbde9be3-d1ea-4e58-81c6-8ad682ffd466,Y
1005483,575ade98-76e3-46f5-8579-9284e9584010,Y
1005483,5b1460aa-f4fc-4284-88df-1b6499abcaa2,Y
1005483,e3e6f43c-5afd-46a8-856c-fdc35f3230f1,Y
1005483,312d8d42-65ef-4134-9fee-2e5944336a13,Y
1019905,cbde9be3-d1ea-4e58-81c6-8ad682ffd466,Y
1019905,575ade98-76e3-46f5-8579-9284e9584010,Y
1019905,5b1460aa-f4fc-4284-88df-1b6499abcaa2,Y
1019905,e3e6f43c-5afd-46a8-856c-fdc35f3230f1,Y
1019905,312d8d42-65ef-4134-9fee-2e5944336a13,Y
1019257,cbde9be3-d1ea-4e58-81c6-8ad682ffd466,Y
1019257,575ade98-76e3-46f5-8579-9284e9584010,N
1019257,5b1460aa-f4fc-4284-88df-1b6499abcaa2,N
1019257,e3e6f43c-5afd-46a8-856c-fdc35f3230f1,N
1019257,312d8d42-65ef-4134-9fee-2e5944336a13,Y
1019984,cbde9be3-d1ea-4e58-81c6-8ad682ffd466,Y
1019984,575ade98-76e3-46f5-8579-9284e9584010,N
1019984,5b1460aa-f4fc-4284-88df-1b6499abcaa2,Y
1019984,e3e6f43c-5afd-46a8-856c-fdc35f3230f1,Y
1019984,312d8d42-65ef-4134-9fee-2e5944336a13,Y
1019794,cbde9be3-d1ea-4e58-81c6-8ad682ffd466,Y
1019794,575ade98-76e3-46f5-8579-9284e9584010,N
1019794,5b1460aa-f4fc-4284-88df-1b6499abcaa2,N
1019794,e3e6f43c-5afd-46a8-856c-fdc35f3230f1,N
1019794,312d8d42-65ef-4134-9fee-2e5944336a13,N
1019527,cbde9be3-d1ea-4e58-81c6-8ad682ffd466,Y
1019527,575ade98-76e3-46f5-8579-9284e9584010,Y
1019527,5b1460aa-f4fc-4284-88df-1b6499abcaa2,Y
1019527,e3e6f43c-5afd-46a8-856c-fdc35f3230f1,Y
1019527,312d8d42-65ef-4134-9fee-2e5944336a13,Y
1021210,cbde9be3-d1ea-4e58-81c6-8ad682ffd466,Y
1021210,575ade98-76e3-46f5-8579-9284e9584010,Y
1021210,5b1460aa-f4fc-4284-88df-1b6499abcaa2,N
1021210,e3e6f43c-5afd-46a8-856c-fdc35f3230f1,Y
1021210,312d8d42-65ef-4134-9fee-2e5944336a13,Y
1021736,cbde9be3-d1ea-4e58-81c6-8ad682ffd466,Y
1021736,575ade98-76e3-46f5-8579-9284e9584010,N
1021736,5b1460aa-f4fc-4284-88df-1b6499abcaa2,N
1021736,e3e6f43c-5afd-46a8-856c-fdc35f3230f1,N
1021736,312d8d42-65ef-4134-9fee-2e5944336a13,Y
1018891,cbde9be3-d1ea-4e58-81c6-8ad682ffd466,Y
1018891,575ade98-76e3-46f5-8579-9284e9584010,N
1018891,5b1460aa-f4fc-4284-88df-1b6499abcaa2,N
1018891,e3e6f43c-5afd-46a8-856c-fdc35f3230f1,Y
1018891,312d8d42-65ef-4134-9fee-2e5944336a13,Y
1021515,cbde9be3-d1ea-4e58-81c6-8ad682ffd466,Y
1021515,575ade98-76e3-46f5-8579-9284e9584010,N
1021515,5b1460aa-f4fc-4284-88df-1b6499abcaa2,N
1021515,e3e6f43c-5afd-46a8-856c-fdc35f3230f1,N
1021515,312d8d42-65ef-4134-9fee-2e5944336a13,N
1021262,cbde9be3-d1ea-4e58-81c6-8ad682ffd466,Y
1021262,575ade98-76e3-46f5-8579-9284e9584010,Y
1021262,5b1460aa-f4fc-4284-88df-1b6499abcaa2,N
1021262,e3e6f43c-5afd-46a8-856c-fdc35f3230f1,Y
1021262,312d8d42-65ef-4134-9fee-2e5944336a13,Y
1019906,cbde9be3-d1ea-4e58-81c6-8ad682ffd466,Y
1019906,575ade98-76e3-46f5-8579-9284e9584010,Y
1019906,5b1460aa-f4fc-4284-88df-1b6499abcaa2,Y
1019906,e3e6f43c-5afd-46a8-856c-fdc35f3230f1,Y
1019906,312d8d42-65ef-4134-9fee-2e5944336a13,Y
1019727,cbde9be3-d1ea-4e58-81c6-8ad682ffd466,Y
1019727,575ade98-76e3-46f5-8579-9284e9584010,Y
1019727,5b1460aa-f4fc-4284-88df-1b6499abcaa2,N
1019727,e3e6f43c-5afd-46a8-856c-fdc35f3230f1,Y
1019727,312d8d42-65ef-4134-9fee-2e5944336a13,Y
1017968,cbde9be3-d1ea-4e58-81c6-8ad682ffd466,Y
1017968,575ade98-76e3-46f5-8579-9284e9584010,Y
1017968,5b1460aa-f4fc-4284-88df-1b6499abcaa2,N
1017968,e3e6f43c-5afd-46a8-856c-fdc35f3230f1,Y
1017968,312d8d42-65ef-4134-9fee-2e5944336a13,N
1008607,cbde9be3-d1ea-4e58-81c6-8ad682ffd466,Y
1008607,575ade98-76e3-46f5-8579-9284e9584010,N
1008607,5b1460aa-f4fc-4284-88df-1b6499abcaa2,N
1008607,e3e6f43c-5afd-46a8-856c-fdc35f3230f1,N
1008607,312d8d42-65ef-4134-9fee-2e5944336a13,Y
1021311,cbde9be3-d1ea-4e58-81c6-8ad682ffd466,Y
1021311,575ade98-76e3-46f5-8579-9284e9584010,Y
1021311,5b1460aa-f4fc-4284-88df-1b6499abcaa2,N
1021311,e3e6f43c-5afd-46a8-856c-fdc35f3230f1,Y
1021311,312d8d42-65ef-4134-9fee-2e5944336a13,N
1019218,cbde9be3-d1ea-4e58-81c6-8ad682ffd466,Y
1019218,575ade98-76e3-46f5-8579-9284e9584010,N
1019218,5b1460aa-f4fc-4284-88df-1b6499abcaa2,N
1019218,e3e6f43c-5afd-46a8-856c-fdc35f3230f1,N
1019218,312d8d42-65ef-4134-9fee-2e5944336a13,N
1008953,cbde9be3-d1ea-4e58-81c6-8ad682ffd466,Y
1008953,575ade98-76e3-46f5-8579-9284e9584010,Y
1008953,5b1460aa-f4fc-4284-88df-1b6499abcaa2,Y
1008953,e3e6f43c-5afd-46a8-856c-fdc35f3230f1,N
1008953,312d8d42-65ef-4134-9fee-2e5944336a13,Y
1000843,cbde9be3-d1ea-4e58-81c6-8ad682ffd466,Y
1000843,575ade98-76e3-46f5-8579-9284e9584010,Y
1000843,5b1460aa-f4fc-4284-88df-1b6499abcaa2,N
1000843,e3e6f43c-5afd-46a8-856c-fdc35f3230f1,Y
1000843,312d8d42-65ef-4134-9fee-2e5944336a13,Y
1019492,cbde9be3-d1ea-4e58-81c6-8ad682ffd466,Y
1019492,575ade98-76e3-46f5-8579-9284e9584010,N
1019492,5b1460aa-f4fc-4284-88df-1b6499abcaa2,N
1019492,e3e6f43c-5afd-46a8-856c-fdc35f3230f1,N
1019492,312d8d42-65ef-4134-9fee-2e5944336a13,N
1021524,cbde9be3-d1ea-4e58-81c6-8ad682ffd466,Y
1021524,575ade98-76e3-46f5-8579-9284e9584010,N
1021524,5b1460aa-f4fc-4284-88df-1b6499abcaa2,N
1021524,e3e6f43c-5afd-46a8-856c-fdc35f3230f1,N
1021524,312d8d42-65ef-4134-9fee-2e5944336a13,N
1019965,cbde9be3-d1ea-4e58-81c6-8ad682ffd466,Y
1019965,575ade98-76e3-46f5-8579-9284e9584010,N
1019965,5b1460aa-f4fc-4284-88df-1b6499abcaa2,N
1019965,e3e6f43c-5afd-46a8-856c-fdc35f3230f1,N
1019965,312d8d42-65ef-4134-9fee-2e5944336a13,Y
1021728,cbde9be3-d1ea-4e58-81c6-8ad682ffd466,Y
1021728,575ade98-76e3-46f5-8579-9284e9584010,N
1021728,5b1460aa-f4fc-4284-88df-1b6499abcaa2,Y
1021728,e3e6f43c-5afd-46a8-856c-fdc35f3230f1,Y
1021728,312d8d42-65ef-4134-9fee-2e5944336a13,Y
1002567,cbde9be3-d1ea-4e58-81c6-8ad682ffd466,Y
1002567,575ade98-76e3-46f5-8579-9284e9584010,N
1002567,5b1460aa-f4fc-4284-88df-1b6499abcaa2,N
1002567,e3e6f43c-5afd-46a8-856c-fdc35f3230f1,Y
1002567,312d8d42-65ef-4134-9fee-2e5944336a13,N
1001362,cbde9be3-d1ea-4e58-81c6-8ad682ffd466,Y
1001362,575ade98-76e3-46f5-8579-9284e9584010,Y
1001362,5b1460aa-f4fc-4284-88df-1b6499abcaa2,N
1001362,e3e6f43c-5afd-46a8-856c-fdc35f3230f1,Y
1001362,312d8d42-65ef-4134-9fee-2e5944336a13,Y
1021238,cbde9be3-d1ea-4e58-81c6-8ad682ffd466,Y
1021238,575ade98-76e3-46f5-8579-9284e9584010,N
1021238,5b1460aa-f4fc-4284-88df-1b6499abcaa2,N
1021238,e3e6f43c-5afd-46a8-856c-fdc35f3230f1,N
1021238,312d8d42-65ef-4134-9fee-2e5944336a13,N
1021614,cbde9be3-d1ea-4e58-81c6-8ad682ffd466,Y
1021614,575ade98-76e3-46f5-8579-9284e9584010,N
1021614,5b1460aa-f4fc-4284-88df-1b6499abcaa2,N
1021614,e3e6f43c-5afd-46a8-856c-fdc35f3230f1,N
1021614,312d8d42-65ef-4134-9fee-2e5944336a13,Y
1020089,cbde9be3-d1ea-4e58-81c6-8ad682ffd466,Y
1020089,575ade98-76e3-46f5-8579-9284e9584010,Y
1020089,5b1460aa-f4fc-4284-88df-1b6499abcaa2,N
1020089,e3e6f43c-5afd-46a8-856c-fdc35f3230f1,Y
1020089,312d8d42-65ef-4134-9fee-2e5944336a13,N
1004927,cbde9be3-d1ea-4e58-81c6-8ad682ffd466,Y
1004927,575ade98-76e3-46f5-8579-9284e9584010,N
1004927,5b1460aa-f4fc-4284-88df-1b6499abcaa2,N
1004927,e3e6f43c-5afd-46a8-856c-fdc35f3230f1,N
1004927,312d8d42-65ef-4134-9fee-2e5944336a13,N
1019922,cbde9be3-d1ea-4e58-81c6-8ad682ffd466,Y
1019922,575ade98-76e3-46f5-8579-9284e9584010,Y
1019922,5b1460aa-f4fc-4284-88df-1b6499abcaa2,Y
1019922,e3e6f43c-5afd-46a8-856c-fdc35f3230f1,Y
1019922,312d8d42-65ef-4134-9fee-2e5944336a13,Y
1019978,cbde9be3-d1ea-4e58-81c6-8ad682ffd466,Y
1019978,575ade98-76e3-46f5-8579-9284e9584010,Y
1019978,5b1460aa-f4fc-4284-88df-1b6499abcaa2,N
1019978,e3e6f43c-5afd-46a8-856c-fdc35f3230f1,N
1019978,312d8d42-65ef-4134-9fee-2e5944336a13,Y
1018263,cbde9be3-d1ea-4e58-81c6-8ad682ffd466,Y
1018263,575ade98-76e3-46f5-8579-9284e9584010,N
1018263,5b1460aa-f4fc-4284-88df-1b6499abcaa2,N
1018263,e3e6f43c-5afd-46a8-856c-fdc35f3230f1,N
1018263,312d8d42-65ef-4134-9fee-2e5944336a13,Y
1019980,cbde9be3-d1ea-4e58-81c6-8ad682ffd466,Y
1019980,575ade98-76e3-46f5-8579-9284e9584010,Y
1019980,5b1460aa-f4fc-4284-88df-1b6499abcaa2,Y
1019980,e3e6f43c-5afd-46a8-856c-fdc35f3230f1,Y
1019980,312d8d42-65ef-4134-9fee-2e5944336a13,N
1020188,cbde9be3-d1ea-4e58-81c6-8ad682ffd466,Y
1020188,575ade98-76e3-46f5-8579-9284e9584010,Y
1020188,5b1460aa-f4fc-4284-88df-1b6499abcaa2,N
1020188,e3e6f43c-5afd-46a8-856c-fdc35f3230f1,N
1020188,312d8d42-65ef-4134-9fee-2e5944336a13,Y
1018459,cbde9be3-d1ea-4e58-81c6-8ad682ffd466,Y
1018459,575ade98-76e3-46f5-8579-9284e9584010,Y
1018459,5b1460aa-f4fc-4284-88df-1b6499abcaa2,N
1018459,e3e6f43c-5afd-46a8-856c-fdc35f3230f1,N
1018459,312d8d42-65ef-4134-9fee-2e5944336a13,N
1019997,cbde9be3-d1ea-4e58-81c6-8ad682ffd466,Y
1019997,575ade98-76e3-46f5-8579-9284e9584010,Y
1019997,5b1460aa-f4fc-4284-88df-1b6499abcaa2,Y
1019997,e3e6f43c-5afd-46a8-856c-fdc35f3230f1,Y
1019997,312d8d42-65ef-4134-9fee-2e5944336a13,N
1020160,cbde9be3-d1ea-4e58-81c6-8ad682ffd466,Y
1020160,575ade98-76e3-46f5-8579-9284e9584010,Y
1020160,5b1460aa-f4fc-4284-88df-1b6499abcaa2,Y
1020160,e3e6f43c-5afd-46a8-856c-fdc35f3230f1,Y
1020160,312d8d42-65ef-4134-9fee-2e5944336a13,Y
1020183,cbde9be3-d1ea-4e58-81c6-8ad682ffd466,Y
1020183,575ade98-76e3-46f5-8579-9284e9584010,Y
1020183,5b1460aa-f4fc-4284-88df-1b6499abcaa2,N
1020183,e3e6f43c-5afd-46a8-856c-fdc35f3230f1,N
1020183,312d8d42-65ef-4134-9fee-2e5944336a13,N
1002674,cbde9be3-d1ea-4e58-81c6-8ad682ffd466,Y
1002674,575ade98-76e3-46f5-8579-9284e9584010,N
1002674,5b1460aa-f4fc-4284-88df-1b6499abcaa2,N
1002674,e3e6f43c-5afd-46a8-856c-fdc35f3230f1,Y
1002674,312d8d42-65ef-4134-9fee-2e5944336a13,Y
1021575,cbde9be3-d1ea-4e58-81c6-8ad682ffd466,Y
1021575,575ade98-76e3-46f5-8579-9284e9584010,Y
1021575,5b1460aa-f4fc-4284-88df-1b6499abcaa2,N
1021575,e3e6f43c-5afd-46a8-856c-fdc35f3230f1,Y
1021575,312d8d42-65ef-4134-9fee-2e5944336a13,Y
1020117,cbde9be3-d1ea-4e58-81c6-8ad682ffd466,Y
1020117,575ade98-76e3-46f5-8579-9284e9584010,Y
1020117,5b1460aa-f4fc-4284-88df-1b6499abcaa2,N
1020117,e3e6f43c-5afd-46a8-856c-fdc35f3230f1,Y
1020117,312d8d42-65ef-4134-9fee-2e5944336a13,N
1020118,cbde9be3-d1ea-4e58-81c6-8ad682ffd466,Y
1020118,575ade98-76e3-46f5-8579-9284e9584010,Y
1020118,5b1460aa-f4fc-4284-88df-1b6499abcaa2,N
1020118,e3e6f43c-5afd-46a8-856c-fdc35f3230f1,Y
1020118,312d8d42-65ef-4134-9fee-2e5944336a13,N
1020119,cbde9be3-d1ea-4e58-81c6-8ad682ffd466,Y
1020119,575ade98-76e3-46f5-8579-9284e9584010,Y
1020119,5b1460aa-f4fc-4284-88df-1b6499abcaa2,N
1020119,e3e6f43c-5afd-46a8-856c-fdc35f3230f1,Y
1020119,312d8d42-65ef-4134-9fee-2e5944336a13,N
1020184,cbde9be3-d1ea-4e58-81c6-8ad682ffd466,Y
1020184,575ade98-76e3-46f5-8579-9284e9584010,Y
1020184,5b1460aa-f4fc-4284-88df-1b6499abcaa2,N
1020184,e3e6f43c-5afd-46a8-856c-fdc35f3230f1,N
1020184,312d8d42-65ef-4134-9fee-2e5944336a13,Y
1009034,cbde9be3-d1ea-4e58-81c6-8ad682ffd466,Y
1009034,575ade98-76e3-46f5-8579-9284e9584010,N
1009034,5b1460aa-f4fc-4284-88df-1b6499abcaa2,Y
1009034,e3e6f43c-5afd-46a8-856c-fdc35f3230f1,Y
1009034,312d8d42-65ef-4134-9fee-2e5944336a13,N
1019810,cbde9be3-d1ea-4e58-81c6-8ad682ffd466,Y
1019810,575ade98-76e3-46f5-8579-9284e9584010,Y
1019810,5b1460aa-f4fc-4284-88df-1b6499abcaa2,N
1019810,e3e6f43c-5afd-46a8-856c-fdc35f3230f1,Y
1019810,312d8d42-65ef-4134-9fee-2e5944336a13,Y
1021202,cbde9be3-d1ea-4e58-81c6-8ad682ffd466,Y
1021202,575ade98-76e3-46f5-8579-9284e9584010,Y
1021202,5b1460aa-f4fc-4284-88df-1b6499abcaa2,N
1021202,e3e6f43c-5afd-46a8-856c-fdc35f3230f1,Y
1021202,312d8d42-65ef-4134-9fee-2e5944336a13,Y
1012038,cbde9be3-d1ea-4e58-81c6-8ad682ffd466,Y
1012038,575ade98-76e3-46f5-8579-9284e9584010,Y
1012038,5b1460aa-f4fc-4284-88df-1b6499abcaa2,N
1012038,e3e6f43c-5afd-46a8-856c-fdc35f3230f1,N
1012038,312d8d42-65ef-4134-9fee-2e5944336a13,Y
1019772,cbde9be3-d1ea-4e58-81c6-8ad682ffd466,Y
1019772,575ade98-76e3-46f5-8579-9284e9584010,Y
1019772,5b1460aa-f4fc-4284-88df-1b6499abcaa2,N
1019772,e3e6f43c-5afd-46a8-856c-fdc35f3230f1,Y
1019772,312d8d42-65ef-4134-9fee-2e5944336a13,Y
1021435,cbde9be3-d1ea-4e58-81c6-8ad682ffd466,Y
1021435,575ade98-76e3-46f5-8579-9284e9584010,Y
1021435,5b1460aa-f4fc-4284-88df-1b6499abcaa2,N
1021435,e3e6f43c-5afd-46a8-856c-fdc35f3230f1,Y
1021435,312d8d42-65ef-4134-9fee-2e5944336a13,Y
1021294,cbde9be3-d1ea-4e58-81c6-8ad682ffd466,Y
1021294,575ade98-76e3-46f5-8579-9284e9584010,N
1021294,5b1460aa-f4fc-4284-88df-1b6499abcaa2,N
1021294,e3e6f43c-5afd-46a8-856c-fdc35f3230f1,N
1021294,312d8d42-65ef-4134-9fee-2e5944336a13,Y
1021655,cbde9be3-d1ea-4e58-81c6-8ad682ffd466,Y
1021655,575ade98-76e3-46f5-8579-9284e9584010,N
1021655,5b1460aa-f4fc-4284-88df-1b6499abcaa2,N
1021655,e3e6f43c-5afd-46a8-856c-fdc35f3230f1,N
1021655,312d8d42-65ef-4134-9fee-2e5944336a13,N
1011930,cbde9be3-d1ea-4e58-81c6-8ad682ffd466,Y
1011930,575ade98-76e3-46f5-8579-9284e9584010,Y
1011930,5b1460aa-f4fc-4284-88df-1b6499abcaa2,N
1011930,e3e6f43c-5afd-46a8-856c-fdc35f3230f1,Y
1011930,312d8d42-65ef-4134-9fee-2e5944336a13,Y
1018359,cbde9be3-d1ea-4e58-81c6-8ad682ffd466,Y
1018359,575ade98-76e3-46f5-8579-9284e9584010,N
1018359,5b1460aa-f4fc-4284-88df-1b6499abcaa2,N
1018359,e3e6f43c-5afd-46a8-856c-fdc35f3230f1,N
1018359,312d8d42-65ef-4134-9fee-2e5944336a13,N
1008450,cbde9be3-d1ea-4e58-81c6-8ad682ffd466,Y
1008450,575ade98-76e3-46f5-8579-9284e9584010,Y
1008450,5b1460aa-f4fc-4284-88df-1b6499abcaa2,N
1008450,e3e6f43c-5afd-46a8-856c-fdc35f3230f1,N
1008450,312d8d42-65ef-4134-9fee-2e5944336a13,N
1006651,cbde9be3-d1ea-4e58-81c6-8ad682ffd466,Y
1006651,575ade98-76e3-46f5-8579-9284e9584010,Y
1006651,5b1460aa-f4fc-4284-88df-1b6499abcaa2,N
1006651,e3e6f43c-5afd-46a8-856c-fdc35f3230f1,Y
1006651,312d8d42-65ef-4134-9fee-2e5944336a13,Y
1019417,cbde9be3-d1ea-4e58-81c6-8ad682ffd466,Y
1019417,575ade98-76e3-46f5-8579-9284e9584010,N
1019417,5b1460aa-f4fc-4284-88df-1b6499abcaa2,N
1019417,e3e6f43c-5afd-46a8-856c-fdc35f3230f1,Y
1019417,312d8d42-65ef-4134-9fee-2e5944336a13,N
1021269,cbde9be3-d1ea-4e58-81c6-8ad682ffd466,Y
1021269,575ade98-76e3-46f5-8579-9284e9584010,Y
1021269,5b1460aa-f4fc-4284-88df-1b6499abcaa2,N
1021269,e3e6f43c-5afd-46a8-856c-fdc35f3230f1,Y
1021269,312d8d42-65ef-4134-9fee-2e5944336a13,Y
1008322,cbde9be3-d1ea-4e58-81c6-8ad682ffd466,Y
1008322,575ade98-76e3-46f5-8579-9284e9584010,N
1008322,5b1460aa-f4fc-4284-88df-1b6499abcaa2,N
1008322,e3e6f43c-5afd-46a8-856c-fdc35f3230f1,N
1008322,312d8d42-65ef-4134-9fee-2e5944336a13,N
1021213,cbde9be3-d1ea-4e58-81c6-8ad682ffd466,Y
1021213,575ade98-76e3-46f5-8579-9284e9584010,Y
1021213,5b1460aa-f4fc-4284-88df-1b6499abcaa2,Y
1021213,e3e6f43c-5afd-46a8-856c-fdc35f3230f1,Y
1021213,312d8d42-65ef-4134-9fee-2e5944336a13,Y
1020071,cbde9be3-d1ea-4e58-81c6-8ad682ffd466,Y
1020071,575ade98-76e3-46f5-8579-9284e9584010,Y
1020071,5b1460aa-f4fc-4284-88df-1b6499abcaa2,N
1020071,e3e6f43c-5afd-46a8-856c-fdc35f3230f1,Y
1020071,312d8d42-65ef-4134-9fee-2e5944336a13,N
1020074,cbde9be3-d1ea-4e58-81c6-8ad682ffd466,Y
1020074,575ade98-76e3-46f5-8579-9284e9584010,Y
1020074,5b1460aa-f4fc-4284-88df-1b6499abcaa2,N
1020074,e3e6f43c-5afd-46a8-856c-fdc35f3230f1,Y
1020074,312d8d42-65ef-4134-9fee-2e5944336a13,N
1012093,cbde9be3-d1ea-4e58-81c6-8ad682ffd466,Y
1012093,575ade98-76e3-46f5-8579-9284e9584010,N
1012093,5b1460aa-f4fc-4284-88df-1b6499abcaa2,N
1012093,e3e6f43c-5afd-46a8-856c-fdc35f3230f1,N
1012093,312d8d42-65ef-4134-9fee-2e5944336a13,N
1021740,cbde9be3-d1ea-4e58-81c6-8ad682ffd466,Y
1021740,575ade98-76e3-46f5-8579-9284e9584010,N
1021740,5b1460aa-f4fc-4284-88df-1b6499abcaa2,N
1021740,e3e6f43c-5afd-46a8-856c-fdc35f3230f1,N
1021740,312d8d42-65ef-4134-9fee-2e5944336a13,N
1008276,cbde9be3-d1ea-4e58-81c6-8ad682ffd466,Y
1008276,575ade98-76e3-46f5-8579-9284e9584010,Y
1008276,5b1460aa-f4fc-4284-88df-1b6499abcaa2,N
1008276,e3e6f43c-5afd-46a8-856c-fdc35f3230f1,Y
1008276,312d8d42-65ef-4134-9fee-2e5944336a13,Y
1019159,cbde9be3-d1ea-4e58-81c6-8ad682ffd466,Y
1019159,575ade98-76e3-46f5-8579-9284e9584010,N
1019159,5b1460aa-f4fc-4284-88df-1b6499abcaa2,N
1019159,e3e6f43c-5afd-46a8-856c-fdc35f3230f1,N
1019159,312d8d42-65ef-4134-9fee-2e5944336a13,N
1021242,cbde9be3-d1ea-4e58-81c6-8ad682ffd466,Y
1021242,575ade98-76e3-46f5-8579-9284e9584010,N
1021242,5b1460aa-f4fc-4284-88df-1b6499abcaa2,N
1021242,e3e6f43c-5afd-46a8-856c-fdc35f3230f1,N
1021242,312d8d42-65ef-4134-9fee-2e5944336a13,N
1012484,cbde9be3-d1ea-4e58-81c6-8ad682ffd466,Y
1012484,575ade98-76e3-46f5-8579-9284e9584010,Y
1012484,5b1460aa-f4fc-4284-88df-1b6499abcaa2,N
1012484,e3e6f43c-5afd-46a8-856c-fdc35f3230f1,Y
1012484,312d8d42-65ef-4134-9fee-2e5944336a13,Y
1019842,cbde9be3-d1ea-4e58-81c6-8ad682ffd466,Y
1019842,575ade98-76e3-46f5-8579-9284e9584010,N
1019842,5b1460aa-f4fc-4284-88df-1b6499abcaa2,N
1019842,e3e6f43c-5afd-46a8-856c-fdc35f3230f1,N
1019842,312d8d42-65ef-4134-9fee-2e5944336a13,N
1021362,cbde9be3-d1ea-4e58-81c6-8ad682ffd466,Y
1021362,575ade98-76e3-46f5-8579-9284e9584010,N
1021362,5b1460aa-f4fc-4284-88df-1b6499abcaa2,N
1021362,e3e6f43c-5afd-46a8-856c-fdc35f3230f1,N
1021362,312d8d42-65ef-4134-9fee-2e5944336a13,N
1018734,cbde9be3-d1ea-4e58-81c6-8ad682ffd466,Y
1018734,575ade98-76e3-46f5-8579-9284e9584010,N
1018734,5b1460aa-f4fc-4284-88df-1b6499abcaa2,N
1018734,e3e6f43c-5afd-46a8-856c-fdc35f3230f1,N
1018734,312d8d42-65ef-4134-9fee-2e5944336a13,N
1021226,cbde9be3-d1ea-4e58-81c6-8ad682ffd466,Y
1021226,575ade98-76e3-46f5-8579-9284e9584010,Y
1021226,5b1460aa-f4fc-4284-88df-1b6499abcaa2,Y
1021226,e3e6f43c-5afd-46a8-856c-fdc35f3230f1,Y
1021226,312d8d42-65ef-4134-9fee-2e5944336a13,Y
1019907,cbde9be3-d1ea-4e58-81c6-8ad682ffd466,Y
1019907,575ade98-76e3-46f5-8579-9284e9584010,Y
1019907,5b1460aa-f4fc-4284-88df-1b6499abcaa2,Y
1019907,e3e6f43c-5afd-46a8-856c-fdc35f3230f1,Y
1019907,312d8d42-65ef-4134-9fee-2e5944336a13,Y
1019618,cbde9be3-d1ea-4e58-81c6-8ad682ffd466,Y
1019618,575ade98-76e3-46f5-8579-9284e9584010,Y
1019618,5b1460aa-f4fc-4284-88df-1b6499abcaa2,N
1019618,e3e6f43c-5afd-46a8-856c-fdc35f3230f1,Y
1019618,312d8d42-65ef-4134-9fee-2e5944336a13,Y
1020142,cbde9be3-d1ea-4e58-81c6-8ad682ffd466,Y
1020142,575ade98-76e3-46f5-8579-9284e9584010,Y
1020142,5b1460aa-f4fc-4284-88df-1b6499abcaa2,Y
1020142,e3e6f43c-5afd-46a8-856c-fdc35f3230f1,N
1020142,312d8d42-65ef-4134-9fee-2e5944336a13,Y
1020141,cbde9be3-d1ea-4e58-81c6-8ad682ffd466,Y
1020141,575ade98-76e3-46f5-8579-9284e9584010,Y
1020141,5b1460aa-f4fc-4284-88df-1b6499abcaa2,Y
1020141,e3e6f43c-5afd-46a8-856c-fdc35f3230f1,Y
1020141,312d8d42-65ef-4134-9fee-2e5944336a13,Y
1020058,cbde9be3-d1ea-4e58-81c6-8ad682ffd466,Y
1020058,575ade98-76e3-46f5-8579-9284e9584010,Y
1020058,5b1460aa-f4fc-4284-88df-1b6499abcaa2,Y
1020058,e3e6f43c-5afd-46a8-856c-fdc35f3230f1,Y
1020058,312d8d42-65ef-4134-9fee-2e5944336a13,Y
1020057,cbde9be3-d1ea-4e58-81c6-8ad682ffd466,Y
1020057,575ade98-76e3-46f5-8579-9284e9584010,Y
1020057,5b1460aa-f4fc-4284-88df-1b6499abcaa2,Y
1020057,e3e6f43c-5afd-46a8-856c-fdc35f3230f1,Y
1020057,312d8d42-65ef-4134-9fee-2e5944336a13,Y
1020056,cbde9be3-d1ea-4e58-81c6-8ad682ffd466,Y
1020056,575ade98-76e3-46f5-8579-9284e9584010,Y
1020056,5b1460aa-f4fc-4284-88df-1b6499abcaa2,Y
1020056,e3e6f43c-5afd-46a8-856c-fdc35f3230f1,Y
1020056,312d8d42-65ef-4134-9fee-2e5944336a13,Y
1019225,cbde9be3-d1ea-4e58-81c6-8ad682ffd466,Y
1019225,575ade98-76e3-46f5-8579-9284e9584010,N
1019225,5b1460aa-f4fc-4284-88df-1b6499abcaa2,N
1019225,e3e6f43c-5afd-46a8-856c-fdc35f3230f1,N
1019225,312d8d42-65ef-4134-9fee-2e5944336a13,N
1021267,cbde9be3-d1ea-4e58-81c6-8ad682ffd466,Y
1021267,575ade98-76e3-46f5-8579-9284e9584010,N
1021267,5b1460aa-f4fc-4284-88df-1b6499abcaa2,Y
1021267,e3e6f43c-5afd-46a8-856c-fdc35f3230f1,N
1021267,312d8d42-65ef-4134-9fee-2e5944336a13,Y
1021564,cbde9be3-d1ea-4e58-81c6-8ad682ffd466,Y
1021564,575ade98-76e3-46f5-8579-9284e9584010,N
1021564,5b1460aa-f4fc-4284-88df-1b6499abcaa2,N
1021564,e3e6f43c-5afd-46a8-856c-fdc35f3230f1,N
1021564,312d8d42-65ef-4134-9fee-2e5944336a13,Y
1018886,cbde9be3-d1ea-4e58-81c6-8ad682ffd466,Y
1018886,575ade98-76e3-46f5-8579-9284e9584010,Y
1018886,5b1460aa-f4fc-4284-88df-1b6499abcaa2,N
1018886,e3e6f43c-5afd-46a8-856c-fdc35f3230f1,Y
1018886,312d8d42-65ef-4134-9fee-2e5944336a13,Y
1017995,cbde9be3-d1ea-4e58-81c6-8ad682ffd466,Y
1017995,575ade98-76e3-46f5-8579-9284e9584010,N
1017995,5b1460aa-f4fc-4284-88df-1b6499abcaa2,N
1017995,e3e6f43c-5afd-46a8-856c-fdc35f3230f1,N
1017995,312d8d42-65ef-4134-9fee-2e5944336a13,N
1021741,cbde9be3-d1ea-4e58-81c6-8ad682ffd466,Y
1021741,575ade98-76e3-46f5-8579-9284e9584010,Y
1021741,5b1460aa-f4fc-4284-88df-1b6499abcaa2,Y
1021741,e3e6f43c-5afd-46a8-856c-fdc35f3230f1,Y
1021741,312d8d42-65ef-4134-9fee-2e5944336a13,N
1011689,cbde9be3-d1ea-4e58-81c6-8ad682ffd466,Y
1011689,575ade98-76e3-46f5-8579-9284e9584010,N
1011689,5b1460aa-f4fc-4284-88df-1b6499abcaa2,N
1011689,e3e6f43c-5afd-46a8-856c-fdc35f3230f1,N
1011689,312d8d42-65ef-4134-9fee-2e5944336a13,N
1005834,cbde9be3-d1ea-4e58-81c6-8ad682ffd466,Y
1005834,575ade98-76e3-46f5-8579-9284e9584010,Y
1005834,5b1460aa-f4fc-4284-88df-1b6499abcaa2,Y
1005834,e3e6f43c-5afd-46a8-856c-fdc35f3230f1,Y
1005834,312d8d42-65ef-4134-9fee-2e5944336a13,Y
1019881,cbde9be3-d1ea-4e58-81c6-8ad682ffd466,Y
1019881,575ade98-76e3-46f5-8579-9284e9584010,N
1019881,5b1460aa-f4fc-4284-88df-1b6499abcaa2,N
1019881,e3e6f43c-5afd-46a8-856c-fdc35f3230f1,N
1019881,312d8d42-65ef-4134-9fee-2e5944336a13,N
1004754,cbde9be3-d1ea-4e58-81c6-8ad682ffd466,Y
1004754,575ade98-76e3-46f5-8579-9284e9584010,N
1004754,5b1460aa-f4fc-4284-88df-1b6499abcaa2,Y
1004754,e3e6f43c-5afd-46a8-856c-fdc35f3230f1,N
1004754,312d8d42-65ef-4134-9fee-2e5944336a13,Y
1008606,cbde9be3-d1ea-4e58-81c6-8ad682ffd466,Y
1008606,575ade98-76e3-46f5-8579-9284e9584010,N
1008606,5b1460aa-f4fc-4284-88df-1b6499abcaa2,N
1008606,e3e6f43c-5afd-46a8-856c-fdc35f3230f1,N
1008606,312d8d42-65ef-4134-9fee-2e5944336a13,N
1021310,cbde9be3-d1ea-4e58-81c6-8ad682ffd466,Y
1021310,575ade98-76e3-46f5-8579-9284e9584010,Y
1021310,5b1460aa-f4fc-4284-88df-1b6499abcaa2,N
1021310,e3e6f43c-5afd-46a8-856c-fdc35f3230f1,Y
1021310,312d8d42-65ef-4134-9fee-2e5944336a13,N
1020128,cbde9be3-d1ea-4e58-81c6-8ad682ffd466,Y
1020128,575ade98-76e3-46f5-8579-9284e9584010,Y
1020128,5b1460aa-f4fc-4284-88df-1b6499abcaa2,Y
1020128,e3e6f43c-5afd-46a8-856c-fdc35f3230f1,Y
1020128,312d8d42-65ef-4134-9fee-2e5944336a13,Y
1020129,cbde9be3-d1ea-4e58-81c6-8ad682ffd466,Y
1020129,575ade98-76e3-46f5-8579-9284e9584010,Y
1020129,5b1460aa-f4fc-4284-88df-1b6499abcaa2,Y
1020129,e3e6f43c-5afd-46a8-856c-fdc35f3230f1,Y
1020129,312d8d42-65ef-4134-9fee-2e5944336a13,Y
1020127,cbde9be3-d1ea-4e58-81c6-8ad682ffd466,Y
1020127,575ade98-76e3-46f5-8579-9284e9584010,Y
1020127,5b1460aa-f4fc-4284-88df-1b6499abcaa2,Y
1020127,e3e6f43c-5afd-46a8-856c-fdc35f3230f1,Y
1020127,312d8d42-65ef-4134-9fee-2e5944336a13,Y
1001763,cbde9be3-d1ea-4e58-81c6-8ad682ffd466,Y
1001763,575ade98-76e3-46f5-8579-9284e9584010,N
1001763,5b1460aa-f4fc-4284-88df-1b6499abcaa2,N
1001763,e3e6f43c-5afd-46a8-856c-fdc35f3230f1,Y
1001763,312d8d42-65ef-4134-9fee-2e5944336a13,Y
1019104,cbde9be3-d1ea-4e58-81c6-8ad682ffd466,Y
1019104,575ade98-76e3-46f5-8579-9284e9584010,N
1019104,5b1460aa-f4fc-4284-88df-1b6499abcaa2,N
1019104,e3e6f43c-5afd-46a8-856c-fdc35f3230f1,N
1019104,312d8d42-65ef-4134-9fee-2e5944336a13,Y
1008409,cbde9be3-d1ea-4e58-81c6-8ad682ffd466,Y
1008409,575ade98-76e3-46f5-8579-9284e9584010,Y
1008409,5b1460aa-f4fc-4284-88df-1b6499abcaa2,N
1008409,e3e6f43c-5afd-46a8-856c-fdc35f3230f1,N
1008409,312d8d42-65ef-4134-9fee-2e5944336a13,N
1021237,cbde9be3-d1ea-4e58-81c6-8ad682ffd466,Y
1021237,575ade98-76e3-46f5-8579-9284e9584010,N
1021237,5b1460aa-f4fc-4284-88df-1b6499abcaa2,N
1021237,e3e6f43c-5afd-46a8-856c-fdc35f3230f1,N
1021237,312d8d42-65ef-4134-9fee-2e5944336a13,Y
1004360,cbde9be3-d1ea-4e58-81c6-8ad682ffd466,Y
1004360,575ade98-76e3-46f5-8579-9284e9584010,N
1004360,5b1460aa-f4fc-4284-88df-1b6499abcaa2,N
1004360,e3e6f43c-5afd-46a8-856c-fdc35f3230f1,N
1004360,312d8d42-65ef-4134-9fee-2e5944336a13,N
1021653,cbde9be3-d1ea-4e58-81c6-8ad682ffd466,Y
1021653,575ade98-76e3-46f5-8579-9284e9584010,N
1021653,5b1460aa-f4fc-4284-88df-1b6499abcaa2,N
1021653,e3e6f43c-5afd-46a8-856c-fdc35f3230f1,N
1021653,312d8d42-65ef-4134-9fee-2e5944336a13,N
1019141,cbde9be3-d1ea-4e58-81c6-8ad682ffd466,Y
1019141,575ade98-76e3-46f5-8579-9284e9584010,N
1019141,5b1460aa-f4fc-4284-88df-1b6499abcaa2,N
1019141,e3e6f43c-5afd-46a8-856c-fdc35f3230f1,N
1019141,312d8d42-65ef-4134-9fee-2e5944336a13,Y
1005250,cbde9be3-d1ea-4e58-81c6-8ad682ffd466,Y
1005250,575ade98-76e3-46f5-8579-9284e9584010,N
1005250,5b1460aa-f4fc-4284-88df-1b6499abcaa2,N
1005250,e3e6f43c-5afd-46a8-856c-fdc35f3230f1,Y
1005250,312d8d42-65ef-4134-9fee-2e5944336a13,Y
1021199,cbde9be3-d1ea-4e58-81c6-8ad682ffd466,Y
1021199,575ade98-76e3-46f5-8579-9284e9584010,Y
1021199,5b1460aa-f4fc-4284-88df-1b6499abcaa2,Y
1021199,e3e6f43c-5afd-46a8-856c-fdc35f3230f1,Y
1021199,312d8d42-65ef-4134-9fee-2e5944336a13,Y
1019717,cbde9be3-d1ea-4e58-81c6-8ad682ffd466,Y
1019717,575ade98-76e3-46f5-8579-9284e9584010,N
1019717,5b1460aa-f4fc-4284-88df-1b6499abcaa2,N
1019717,e3e6f43c-5afd-46a8-856c-fdc35f3230f1,Y
1019717,312d8d42-65ef-4134-9fee-2e5944336a13,N
1004255,cbde9be3-d1ea-4e58-81c6-8ad682ffd466,Y
1004255,575ade98-76e3-46f5-8579-9284e9584010,N
1004255,5b1460aa-f4fc-4284-88df-1b6499abcaa2,N
1004255,e3e6f43c-5afd-46a8-856c-fdc35f3230f1,N
1004255,312d8d42-65ef-4134-9fee-2e5944336a13,Y
1017956,cbde9be3-d1ea-4e58-81c6-8ad682ffd466,Y
1017956,575ade98-76e3-46f5-8579-9284e9584010,N
1017956,5b1460aa-f4fc-4284-88df-1b6499abcaa2,Y
1017956,e3e6f43c-5afd-46a8-856c-fdc35f3230f1,Y
1017956,312d8d42-65ef-4134-9fee-2e5944336a13,Y
1017930,cbde9be3-d1ea-4e58-81c6-8ad682ffd466,Y
1017930,575ade98-76e3-46f5-8579-9284e9584010,Y
1017930,5b1460aa-f4fc-4284-88df-1b6499abcaa2,N
1017930,e3e6f43c-5afd-46a8-856c-fdc35f3230f1,Y
1017930,312d8d42-65ef-4134-9fee-2e5944336a13,Y
1000303,cbde9be3-d1ea-4e58-81c6-8ad682ffd466,Y
1000303,575ade98-76e3-46f5-8579-9284e9584010,N
1000303,5b1460aa-f4fc-4284-88df-1b6499abcaa2,N
1000303,e3e6f43c-5afd-46a8-856c-fdc35f3230f1,N
1000303,312d8d42-65ef-4134-9fee-2e5944336a13,N
1021433,cbde9be3-d1ea-4e58-81c6-8ad682ffd466,Y
1021433,575ade98-76e3-46f5-8579-9284e9584010,N
1021433,5b1460aa-f4fc-4284-88df-1b6499abcaa2,N
1021433,e3e6f43c-5afd-46a8-856c-fdc35f3230f1,N
1021433,312d8d42-65ef-4134-9fee-2e5944336a13,N
1021420,cbde9be3-d1ea-4e58-81c6-8ad682ffd466,Y
1021420,575ade98-76e3-46f5-8579-9284e9584010,Y
1021420,5b1460aa-f4fc-4284-88df-1b6499abcaa2,Y
1021420,e3e6f43c-5afd-46a8-856c-fdc35f3230f1,Y
1021420,312d8d42-65ef-4134-9fee-2e5944336a13,Y
1006460,cbde9be3-d1ea-4e58-81c6-8ad682ffd466,Y
1006460,575ade98-76e3-46f5-8579-9284e9584010,N
1006460,5b1460aa-f4fc-4284-88df-1b6499abcaa2,N
1006460,e3e6f43c-5afd-46a8-856c-fdc35f3230f1,Y
1006460,312d8d42-65ef-4134-9fee-2e5944336a13,N
1005940,cbde9be3-d1ea-4e58-81c6-8ad682ffd466,Y
1005940,575ade98-76e3-46f5-8579-9284e9584010,Y
1005940,5b1460aa-f4fc-4284-88df-1b6499abcaa2,Y
1005940,e3e6f43c-5afd-46a8-856c-fdc35f3230f1,Y
1005940,312d8d42-65ef-4134-9fee-2e5944336a13,Y
1005941,cbde9be3-d1ea-4e58-81c6-8ad682ffd466,Y
1005941,575ade98-76e3-46f5-8579-9284e9584010,Y
1005941,5b1460aa-f4fc-4284-88df-1b6499abcaa2,Y
1005941,e3e6f43c-5afd-46a8-856c-fdc35f3230f1,Y
1005941,312d8d42-65ef-4134-9fee-2e5944336a13,Y
1019206,cbde9be3-d1ea-4e58-81c6-8ad682ffd466,Y
1019206,575ade98-76e3-46f5-8579-9284e9584010,Y
1019206,5b1460aa-f4fc-4284-88df-1b6499abcaa2,Y
1019206,e3e6f43c-5afd-46a8-856c-fdc35f3230f1,Y
1019206,312d8d42-65ef-4134-9fee-2e5944336a13,Y
1005943,cbde9be3-d1ea-4e58-81c6-8ad682ffd466,Y
1005943,575ade98-76e3-46f5-8579-9284e9584010,Y
1005943,5b1460aa-f4fc-4284-88df-1b6499abcaa2,Y
1005943,e3e6f43c-5afd-46a8-856c-fdc35f3230f1,Y
1005943,312d8d42-65ef-4134-9fee-2e5944336a13,Y
1002106,cbde9be3-d1ea-4e58-81c6-8ad682ffd466,Y
1002106,575ade98-76e3-46f5-8579-9284e9584010,Y
1002106,5b1460aa-f4fc-4284-88df-1b6499abcaa2,Y
1002106,e3e6f43c-5afd-46a8-856c-fdc35f3230f1,N
1002106,312d8d42-65ef-4134-9fee-2e5944336a13,Y
1019061,cbde9be3-d1ea-4e58-81c6-8ad682ffd466,Y
1019061,575ade98-76e3-46f5-8579-9284e9584010,N
1019061,5b1460aa-f4fc-4284-88df-1b6499abcaa2,N
1019061,e3e6f43c-5afd-46a8-856c-fdc35f3230f1,N
1019061,312d8d42-65ef-4134-9fee-2e5944336a13,Y
1000579,cbde9be3-d1ea-4e58-81c6-8ad682ffd466,Y
1000579,575ade98-76e3-46f5-8579-9284e9584010,N
1000579,5b1460aa-f4fc-4284-88df-1b6499abcaa2,Y
1000579,e3e6f43c-5afd-46a8-856c-fdc35f3230f1,Y
1000579,312d8d42-65ef-4134-9fee-2e5944336a13,N
1019840,cbde9be3-d1ea-4e58-81c6-8ad682ffd466,Y
1019840,575ade98-76e3-46f5-8579-9284e9584010,Y
1019840,5b1460aa-f4fc-4284-88df-1b6499abcaa2,N
1019840,e3e6f43c-5afd-46a8-856c-fdc35f3230f1,Y
1019840,312d8d42-65ef-4134-9fee-2e5944336a13,Y
1021441,cbde9be3-d1ea-4e58-81c6-8ad682ffd466,Y
1021441,575ade98-76e3-46f5-8579-9284e9584010,N
1021441,5b1460aa-f4fc-4284-88df-1b6499abcaa2,N
1021441,e3e6f43c-5afd-46a8-856c-fdc35f3230f1,Y
1021441,312d8d42-65ef-4134-9fee-2e5944336a13,N
1019110,cbde9be3-d1ea-4e58-81c6-8ad682ffd466,Y
1019110,575ade98-76e3-46f5-8579-9284e9584010,N
1019110,5b1460aa-f4fc-4284-88df-1b6499abcaa2,N
1019110,e3e6f43c-5afd-46a8-856c-fdc35f3230f1,N
1019110,312d8d42-65ef-4134-9fee-2e5944336a13,Y
1019741,cbde9be3-d1ea-4e58-81c6-8ad682ffd466,Y
1019741,575ade98-76e3-46f5-8579-9284e9584010,N
1019741,5b1460aa-f4fc-4284-88df-1b6499abcaa2,N
1019741,e3e6f43c-5afd-46a8-856c-fdc35f3230f1,N
1019741,312d8d42-65ef-4134-9fee-2e5944336a13,N
1019704,cbde9be3-d1ea-4e58-81c6-8ad682ffd466,Y
1019704,575ade98-76e3-46f5-8579-9284e9584010,N
1019704,5b1460aa-f4fc-4284-88df-1b6499abcaa2,N
1019704,e3e6f43c-5afd-46a8-856c-fdc35f3230f1,N
1019704,312d8d42-65ef-4134-9fee-2e5944336a13,Y
1018381,cbde9be3-d1ea-4e58-81c6-8ad682ffd466,Y
1018381,575ade98-76e3-46f5-8579-9284e9584010,Y
1018381,5b1460aa-f4fc-4284-88df-1b6499abcaa2,N
1018381,e3e6f43c-5afd-46a8-856c-fdc35f3230f1,Y
1018381,312d8d42-65ef-4134-9fee-2e5944336a13,N
1019823,cbde9be3-d1ea-4e58-81c6-8ad682ffd466,Y
1019823,575ade98-76e3-46f5-8579-9284e9584010,N
1019823,5b1460aa-f4fc-4284-88df-1b6499abcaa2,N
1019823,e3e6f43c-5afd-46a8-856c-fdc35f3230f1,N
1019823,312d8d42-65ef-4134-9fee-2e5944336a13,Y
1019763,cbde9be3-d1ea-4e58-81c6-8ad682ffd466,Y
1019763,575ade98-76e3-46f5-8579-9284e9584010,Y
1019763,5b1460aa-f4fc-4284-88df-1b6499abcaa2,N
1019763,e3e6f43c-5afd-46a8-856c-fdc35f3230f1,Y
1019763,312d8d42-65ef-4134-9fee-2e5944336a13,Y
1000549,cbde9be3-d1ea-4e58-81c6-8ad682ffd466,Y
1000549,575ade98-76e3-46f5-8579-9284e9584010,N
1000549,5b1460aa-f4fc-4284-88df-1b6499abcaa2,N
1000549,e3e6f43c-5afd-46a8-856c-fdc35f3230f1,Y
1000549,312d8d42-65ef-4134-9fee-2e5944336a13,Y
1002808,cbde9be3-d1ea-4e58-81c6-8ad682ffd466,Y
1002808,575ade98-76e3-46f5-8579-9284e9584010,N
1002808,5b1460aa-f4fc-4284-88df-1b6499abcaa2,N
1002808,e3e6f43c-5afd-46a8-856c-fdc35f3230f1,N
1002808,312d8d42-65ef-4134-9fee-2e5944336a13,N
1019474,cbde9be3-d1ea-4e58-81c6-8ad682ffd466,Y
1019474,575ade98-76e3-46f5-8579-9284e9584010,Y
1019474,5b1460aa-f4fc-4284-88df-1b6499abcaa2,N
1019474,e3e6f43c-5afd-46a8-856c-fdc35f3230f1,Y
1019474,312d8d42-65ef-4134-9fee-2e5944336a13,N
1018969,cbde9be3-d1ea-4e58-81c6-8ad682ffd466,Y
1018969,575ade98-76e3-46f5-8579-9284e9584010,Y
1018969,5b1460aa-f4fc-4284-88df-1b6499abcaa2,N
1018969,e3e6f43c-5afd-46a8-856c-fdc35f3230f1,N
1018969,312d8d42-65ef-4134-9fee-2e5944336a13,Y
1019821,cbde9be3-d1ea-4e58-81c6-8ad682ffd466,Y
1019821,575ade98-76e3-46f5-8579-9284e9584010,Y
1019821,5b1460aa-f4fc-4284-88df-1b6499abcaa2,N
1019821,e3e6f43c-5afd-46a8-856c-fdc35f3230f1,Y
1019821,312d8d42-65ef-4134-9fee-2e5944336a13,Y
1020135,cbde9be3-d1ea-4e58-81c6-8ad682ffd466,Y
1020135,575ade98-76e3-46f5-8579-9284e9584010,Y
1020135,5b1460aa-f4fc-4284-88df-1b6499abcaa2,N
1020135,e3e6f43c-5afd-46a8-856c-fdc35f3230f1,Y
1020135,312d8d42-65ef-4134-9fee-2e5944336a13,Y
1020137,cbde9be3-d1ea-4e58-81c6-8ad682ffd466,Y
1020137,575ade98-76e3-46f5-8579-9284e9584010,Y
1020137,5b1460aa-f4fc-4284-88df-1b6499abcaa2,N
1020137,e3e6f43c-5afd-46a8-856c-fdc35f3230f1,Y
1020137,312d8d42-65ef-4134-9fee-2e5944336a13,Y
1021232,cbde9be3-d1ea-4e58-81c6-8ad682ffd466,Y
1021232,575ade98-76e3-46f5-8579-9284e9584010,Y
1021232,5b1460aa-f4fc-4284-88df-1b6499abcaa2,N
1021232,e3e6f43c-5afd-46a8-856c-fdc35f3230f1,Y
1021232,312d8d42-65ef-4134-9fee-2e5944336a13,Y
1001290,cbde9be3-d1ea-4e58-81c6-8ad682ffd466,Y
1001290,575ade98-76e3-46f5-8579-9284e9584010,Y
1001290,5b1460aa-f4fc-4284-88df-1b6499abcaa2,Y
1001290,e3e6f43c-5afd-46a8-856c-fdc35f3230f1,N
1001290,312d8d42-65ef-4134-9fee-2e5944336a13,Y
1000210,cbde9be3-d1ea-4e58-81c6-8ad682ffd466,Y
1000210,575ade98-76e3-46f5-8579-9284e9584010,N
1000210,5b1460aa-f4fc-4284-88df-1b6499abcaa2,N
1000210,e3e6f43c-5afd-46a8-856c-fdc35f3230f1,N
1000210,312d8d42-65ef-4134-9fee-2e5944336a13,Y
1009656,cbde9be3-d1ea-4e58-81c6-8ad682ffd466,Y
1009656,575ade98-76e3-46f5-8579-9284e9584010,N
1009656,5b1460aa-f4fc-4284-88df-1b6499abcaa2,N
1009656,e3e6f43c-5afd-46a8-856c-fdc35f3230f1,N
1009656,312d8d42-65ef-4134-9fee-2e5944336a13,Y
1018196,cbde9be3-d1ea-4e58-81c6-8ad682ffd466,Y
1018196,575ade98-76e3-46f5-8579-9284e9584010,Y
1018196,5b1460aa-f4fc-4284-88df-1b6499abcaa2,N
1018196,e3e6f43c-5afd-46a8-856c-fdc35f3230f1,N
1018196,312d8d42-65ef-4134-9fee-2e5944336a13,N
1019790,cbde9be3-d1ea-4e58-81c6-8ad682ffd466,Y
1019790,575ade98-76e3-46f5-8579-9284e9584010,N
1019790,5b1460aa-f4fc-4284-88df-1b6499abcaa2,N
1019790,e3e6f43c-5afd-46a8-856c-fdc35f3230f1,Y
1019790,312d8d42-65ef-4134-9fee-2e5944336a13,Y
1010758,cbde9be3-d1ea-4e58-81c6-8ad682ffd466,Y
1010758,575ade98-76e3-46f5-8579-9284e9584010,N
1010758,5b1460aa-f4fc-4284-88df-1b6499abcaa2,N
1010758,e3e6f43c-5afd-46a8-856c-fdc35f3230f1,N
1010758,312d8d42-65ef-4134-9fee-2e5944336a13,N
1019483,cbde9be3-d1ea-4e58-81c6-8ad682ffd466,Y
1019483,575ade98-76e3-46f5-8579-9284e9584010,Y
1019483,5b1460aa-f4fc-4284-88df-1b6499abcaa2,Y
1019483,e3e6f43c-5afd-46a8-856c-fdc35f3230f1,Y
1019483,312d8d42-65ef-4134-9fee-2e5944336a13,N
1019199,cbde9be3-d1ea-4e58-81c6-8ad682ffd466,Y
1019199,575ade98-76e3-46f5-8579-9284e9584010,N
1019199,5b1460aa-f4fc-4284-88df-1b6499abcaa2,N
1019199,e3e6f43c-5afd-46a8-856c-fdc35f3230f1,Y
1019199,312d8d42-65ef-4134-9fee-2e5944336a13,Y
1020124,cbde9be3-d1ea-4e58-81c6-8ad682ffd466,Y
1020124,575ade98-76e3-46f5-8579-9284e9584010,Y
1020124,5b1460aa-f4fc-4284-88df-1b6499abcaa2,Y
1020124,e3e6f43c-5afd-46a8-856c-fdc35f3230f1,Y
1020124,312d8d42-65ef-4134-9fee-2e5944336a13,Y
1011003,cbde9be3-d1ea-4e58-81c6-8ad682ffd466,Y
1011003,575ade98-76e3-46f5-8579-9284e9584010,N
1011003,5b1460aa-f4fc-4284-88df-1b6499abcaa2,N
1011003,e3e6f43c-5afd-46a8-856c-fdc35f3230f1,N
1011003,312d8d42-65ef-4134-9fee-2e5944336a13,Y
1021541,cbde9be3-d1ea-4e58-81c6-8ad682ffd466,Y
1021541,575ade98-76e3-46f5-8579-9284e9584010,Y
1021541,5b1460aa-f4fc-4284-88df-1b6499abcaa2,N
1021541,e3e6f43c-5afd-46a8-856c-fdc35f3230f1,N
1021541,312d8d42-65ef-4134-9fee-2e5944336a13,Y
1019592,cbde9be3-d1ea-4e58-81c6-8ad682ffd466,Y
1019592,575ade98-76e3-46f5-8579-9284e9584010,N
1019592,5b1460aa-f4fc-4284-88df-1b6499abcaa2,N
1019592,e3e6f43c-5afd-46a8-856c-fdc35f3230f1,N
1019592,312d8d42-65ef-4134-9fee-2e5944336a13,N
1019042,cbde9be3-d1ea-4e58-81c6-8ad682ffd466,Y
1019042,575ade98-76e3-46f5-8579-9284e9584010,N
1019042,5b1460aa-f4fc-4284-88df-1b6499abcaa2,N
1019042,e3e6f43c-5afd-46a8-856c-fdc35f3230f1,Y
1019042,312d8d42-65ef-4134-9fee-2e5944336a13,N
1012030,cbde9be3-d1ea-4e58-81c6-8ad682ffd466,Y
1012030,575ade98-76e3-46f5-8579-9284e9584010,Y
1012030,5b1460aa-f4fc-4284-88df-1b6499abcaa2,Y
1012030,e3e6f43c-5afd-46a8-856c-fdc35f3230f1,Y
1012030,312d8d42-65ef-4134-9fee-2e5944336a13,Y
1021396,cbde9be3-d1ea-4e58-81c6-8ad682ffd466,Y
1021396,575ade98-76e3-46f5-8579-9284e9584010,Y
1021396,5b1460aa-f4fc-4284-88df-1b6499abcaa2,N
1021396,e3e6f43c-5afd-46a8-856c-fdc35f3230f1,N
1021396,312d8d42-65ef-4134-9fee-2e5944336a13,N
1006766,cbde9be3-d1ea-4e58-81c6-8ad682ffd466,Y
1006766,575ade98-76e3-46f5-8579-9284e9584010,Y
1006766,5b1460aa-f4fc-4284-88df-1b6499abcaa2,Y
1006766,e3e6f43c-5afd-46a8-856c-fdc35f3230f1,Y
1006766,312d8d42-65ef-4134-9fee-2e5944336a13,Y
1018190,cbde9be3-d1ea-4e58-81c6-8ad682ffd466,Y
1018190,575ade98-76e3-46f5-8579-9284e9584010,Y
1018190,5b1460aa-f4fc-4284-88df-1b6499abcaa2,N
1018190,e3e6f43c-5afd-46a8-856c-fdc35f3230f1,Y
1018190,312d8d42-65ef-4134-9fee-2e5944336a13,N
1021639,cbde9be3-d1ea-4e58-81c6-8ad682ffd466,Y
1021639,575ade98-76e3-46f5-8579-9284e9584010,Y
1021639,5b1460aa-f4fc-4284-88df-1b6499abcaa2,N
1021639,e3e6f43c-5afd-46a8-856c-fdc35f3230f1,Y
1021639,312d8d42-65ef-4134-9fee-2e5944336a13,Y
1012666,cbde9be3-d1ea-4e58-81c6-8ad682ffd466,Y
1012666,575ade98-76e3-46f5-8579-9284e9584010,N
1012666,5b1460aa-f4fc-4284-88df-1b6499abcaa2,N
1012666,e3e6f43c-5afd-46a8-856c-fdc35f3230f1,N
1012666,312d8d42-65ef-4134-9fee-2e5944336a13,N
1008959,cbde9be3-d1ea-4e58-81c6-8ad682ffd466,Y
1008959,575ade98-76e3-46f5-8579-9284e9584010,N
1008959,5b1460aa-f4fc-4284-88df-1b6499abcaa2,N
1008959,e3e6f43c-5afd-46a8-856c-fdc35f3230f1,N
1008959,312d8d42-65ef-4134-9fee-2e5944336a13,Y
1021691,cbde9be3-d1ea-4e58-81c6-8ad682ffd466,Y
1021691,575ade98-76e3-46f5-8579-9284e9584010,Y
1021691,5b1460aa-f4fc-4284-88df-1b6499abcaa2,N
1021691,e3e6f43c-5afd-46a8-856c-fdc35f3230f1,Y
1021691,312d8d42-65ef-4134-9fee-2e5944336a13,Y
1018629,cbde9be3-d1ea-4e58-81c6-8ad682ffd466,Y
1018629,575ade98-76e3-46f5-8579-9284e9584010,Y
1018629,5b1460aa-f4fc-4284-88df-1b6499abcaa2,Y
1018629,e3e6f43c-5afd-46a8-856c-fdc35f3230f1,Y
1018629,312d8d42-65ef-4134-9fee-2e5944336a13,Y
1010975,cbde9be3-d1ea-4e58-81c6-8ad682ffd466,Y
1010975,575ade98-76e3-46f5-8579-9284e9584010,N
1010975,5b1460aa-f4fc-4284-88df-1b6499abcaa2,N
1010975,e3e6f43c-5afd-46a8-856c-fdc35f3230f1,Y
1010975,312d8d42-65ef-4134-9fee-2e5944336a13,Y
1004382,cbde9be3-d1ea-4e58-81c6-8ad682ffd466,Y
1004382,575ade98-76e3-46f5-8579-9284e9584010,Y
1004382,5b1460aa-f4fc-4284-88df-1b6499abcaa2,Y
1004382,e3e6f43c-5afd-46a8-856c-fdc35f3230f1,Y
1004382,312d8d42-65ef-4134-9fee-2e5944336a13,Y
1018221,cbde9be3-d1ea-4e58-81c6-8ad682ffd466,Y
1018221,575ade98-76e3-46f5-8579-9284e9584010,N
1018221,5b1460aa-f4fc-4284-88df-1b6499abcaa2,N
1018221,e3e6f43c-5afd-46a8-856c-fdc35f3230f1,N
1018221,312d8d42-65ef-4134-9fee-2e5944336a13,Y
1000368,cbde9be3-d1ea-4e58-81c6-8ad682ffd466,Y
1000368,575ade98-76e3-46f5-8579-9284e9584010,N
1000368,5b1460aa-f4fc-4284-88df-1b6499abcaa2,Y
1000368,e3e6f43c-5afd-46a8-856c-fdc35f3230f1,Y
1000368,312d8d42-65ef-4134-9fee-2e5944336a13,N
1019530,cbde9be3-d1ea-4e58-81c6-8ad682ffd466,Y
1019530,575ade98-76e3-46f5-8579-9284e9584010,Y
1019530,5b1460aa-f4fc-4284-88df-1b6499abcaa2,N
1019530,e3e6f43c-5afd-46a8-856c-fdc35f3230f1,Y
1019530,312d8d42-65ef-4134-9fee-2e5944336a13,Y
1019529,cbde9be3-d1ea-4e58-81c6-8ad682ffd466,Y
1019529,575ade98-76e3-46f5-8579-9284e9584010,Y
1019529,5b1460aa-f4fc-4284-88df-1b6499abcaa2,N
1019529,e3e6f43c-5afd-46a8-856c-fdc35f3230f1,Y
1019529,312d8d42-65ef-4134-9fee-2e5944336a13,Y
1019531,cbde9be3-d1ea-4e58-81c6-8ad682ffd466,Y
1019531,575ade98-76e3-46f5-8579-9284e9584010,Y
1019531,5b1460aa-f4fc-4284-88df-1b6499abcaa2,N
1019531,e3e6f43c-5afd-46a8-856c-fdc35f3230f1,Y
1019531,312d8d42-65ef-4134-9fee-2e5944336a13,Y
1019258,cbde9be3-d1ea-4e58-81c6-8ad682ffd466,Y
1019258,575ade98-76e3-46f5-8579-9284e9584010,N
1019258,5b1460aa-f4fc-4284-88df-1b6499abcaa2,N
1019258,e3e6f43c-5afd-46a8-856c-fdc35f3230f1,N
1019258,312d8d42-65ef-4134-9fee-2e5944336a13,Y
1019325,cbde9be3-d1ea-4e58-81c6-8ad682ffd466,Y
1019325,575ade98-76e3-46f5-8579-9284e9584010,Y
1019325,5b1460aa-f4fc-4284-88df-1b6499abcaa2,N
1019325,e3e6f43c-5afd-46a8-856c-fdc35f3230f1,N
1019325,312d8d42-65ef-4134-9fee-2e5944336a13,N
1019296,cbde9be3-d1ea-4e58-81c6-8ad682ffd466,Y
1019296,575ade98-76e3-46f5-8579-9284e9584010,N
1019296,5b1460aa-f4fc-4284-88df-1b6499abcaa2,Y
1019296,e3e6f43c-5afd-46a8-856c-fdc35f3230f1,N
1019296,312d8d42-65ef-4134-9fee-2e5944336a13,Y
1012552,cbde9be3-d1ea-4e58-81c6-8ad682ffd466,Y
1012552,575ade98-76e3-46f5-8579-9284e9584010,N
1012552,5b1460aa-f4fc-4284-88df-1b6499abcaa2,N
1012552,e3e6f43c-5afd-46a8-856c-fdc35f3230f1,N
1012552,312d8d42-65ef-4134-9fee-2e5944336a13,N
1009993,cbde9be3-d1ea-4e58-81c6-8ad682ffd466,Y
1009993,575ade98-76e3-46f5-8579-9284e9584010,N
1009993,5b1460aa-f4fc-4284-88df-1b6499abcaa2,N
1009993,e3e6f43c-5afd-46a8-856c-fdc35f3230f1,Y
1009993,312d8d42-65ef-4134-9fee-2e5944336a13,N
1019130,cbde9be3-d1ea-4e58-81c6-8ad682ffd466,Y
1019130,575ade98-76e3-46f5-8579-9284e9584010,N
1019130,5b1460aa-f4fc-4284-88df-1b6499abcaa2,N
1019130,e3e6f43c-5afd-46a8-856c-fdc35f3230f1,N
1019130,312d8d42-65ef-4134-9fee-2e5944336a13,N
1021330,cbde9be3-d1ea-4e58-81c6-8ad682ffd466,Y
1021330,575ade98-76e3-46f5-8579-9284e9584010,N
1021330,5b1460aa-f4fc-4284-88df-1b6499abcaa2,N
1021330,e3e6f43c-5afd-46a8-856c-fdc35f3230f1,Y
1021330,312d8d42-65ef-4134-9fee-2e5944336a13,Y
1021331,cbde9be3-d1ea-4e58-81c6-8ad682ffd466,Y
1021331,575ade98-76e3-46f5-8579-9284e9584010,N
1021331,5b1460aa-f4fc-4284-88df-1b6499abcaa2,N
1021331,e3e6f43c-5afd-46a8-856c-fdc35f3230f1,Y
1021331,312d8d42-65ef-4134-9fee-2e5944336a13,Y
1021227,cbde9be3-d1ea-4e58-81c6-8ad682ffd466,Y
1021227,575ade98-76e3-46f5-8579-9284e9584010,Y
1021227,5b1460aa-f4fc-4284-88df-1b6499abcaa2,Y
1021227,e3e6f43c-5afd-46a8-856c-fdc35f3230f1,Y
1021227,312d8d42-65ef-4134-9fee-2e5944336a13,Y
1019260,cbde9be3-d1ea-4e58-81c6-8ad682ffd466,Y
1019260,575ade98-76e3-46f5-8579-9284e9584010,Y
1019260,5b1460aa-f4fc-4284-88df-1b6499abcaa2,N
1019260,e3e6f43c-5afd-46a8-856c-fdc35f3230f1,Y
1019260,312d8d42-65ef-4134-9fee-2e5944336a13,Y
1019261,cbde9be3-d1ea-4e58-81c6-8ad682ffd466,Y
1019261,575ade98-76e3-46f5-8579-9284e9584010,Y
1019261,5b1460aa-f4fc-4284-88df-1b6499abcaa2,N
1019261,e3e6f43c-5afd-46a8-856c-fdc35f3230f1,Y
1019261,312d8d42-65ef-4134-9fee-2e5944336a13,Y
1019262,cbde9be3-d1ea-4e58-81c6-8ad682ffd466,Y
1019262,575ade98-76e3-46f5-8579-9284e9584010,Y
1019262,5b1460aa-f4fc-4284-88df-1b6499abcaa2,N
1019262,e3e6f43c-5afd-46a8-856c-fdc35f3230f1,Y
1019262,312d8d42-65ef-4134-9fee-2e5944336a13,Y
1002470,cbde9be3-d1ea-4e58-81c6-8ad682ffd466,Y
1002470,575ade98-76e3-46f5-8579-9284e9584010,Y
1002470,5b1460aa-f4fc-4284-88df-1b6499abcaa2,Y
1002470,e3e6f43c-5afd-46a8-856c-fdc35f3230f1,Y
1002470,312d8d42-65ef-4134-9fee-2e5944336a13,Y
1021391,cbde9be3-d1ea-4e58-81c6-8ad682ffd466,Y
1021391,575ade98-76e3-46f5-8579-9284e9584010,N
1021391,5b1460aa-f4fc-4284-88df-1b6499abcaa2,N
1021391,e3e6f43c-5afd-46a8-856c-fdc35f3230f1,N
1021391,312d8d42-65ef-4134-9fee-2e5944336a13,N
1012365,cbde9be3-d1ea-4e58-81c6-8ad682ffd466,Y
1012365,575ade98-76e3-46f5-8579-9284e9584010,Y
1012365,5b1460aa-f4fc-4284-88df-1b6499abcaa2,Y
1012365,e3e6f43c-5afd-46a8-856c-fdc35f3230f1,Y
1012365,312d8d42-65ef-4134-9fee-2e5944336a13,Y
1001869,cbde9be3-d1ea-4e58-81c6-8ad682ffd466,Y
1001869,575ade98-76e3-46f5-8579-9284e9584010,Y
1001869,5b1460aa-f4fc-4284-88df-1b6499abcaa2,Y
1001869,e3e6f43c-5afd-46a8-856c-fdc35f3230f1,N
1001869,312d8d42-65ef-4134-9fee-2e5944336a13,N
1021346,cbde9be3-d1ea-4e58-81c6-8ad682ffd466,Y
1021346,575ade98-76e3-46f5-8579-9284e9584010,Y
1021346,5b1460aa-f4fc-4284-88df-1b6499abcaa2,Y
1021346,e3e6f43c-5afd-46a8-856c-fdc35f3230f1,Y
1021346,312d8d42-65ef-4134-9fee-2e5944336a13,Y
1019701,cbde9be3-d1ea-4e58-81c6-8ad682ffd466,Y
1019701,575ade98-76e3-46f5-8579-9284e9584010,Y
1019701,5b1460aa-f4fc-4284-88df-1b6499abcaa2,Y
1019701,e3e6f43c-5afd-46a8-856c-fdc35f3230f1,Y
1019701,312d8d42-65ef-4134-9fee-2e5944336a13,N
1019702,cbde9be3-d1ea-4e58-81c6-8ad682ffd466,Y
1019702,575ade98-76e3-46f5-8579-9284e9584010,Y
1019702,5b1460aa-f4fc-4284-88df-1b6499abcaa2,Y
1019702,e3e6f43c-5afd-46a8-856c-fdc35f3230f1,Y
1019702,312d8d42-65ef-4134-9fee-2e5944336a13,N
1020109,cbde9be3-d1ea-4e58-81c6-8ad682ffd466,Y
1020109,575ade98-76e3-46f5-8579-9284e9584010,Y
1020109,5b1460aa-f4fc-4284-88df-1b6499abcaa2,N
1020109,e3e6f43c-5afd-46a8-856c-fdc35f3230f1,Y
1020109,312d8d42-65ef-4134-9fee-2e5944336a13,N
1021387,cbde9be3-d1ea-4e58-81c6-8ad682ffd466,Y
1021387,575ade98-76e3-46f5-8579-9284e9584010,Y
1021387,5b1460aa-f4fc-4284-88df-1b6499abcaa2,N
1021387,e3e6f43c-5afd-46a8-856c-fdc35f3230f1,Y
1021387,312d8d42-65ef-4134-9fee-2e5944336a13,Y
1019539,cbde9be3-d1ea-4e58-81c6-8ad682ffd466,Y
1019539,575ade98-76e3-46f5-8579-9284e9584010,N
1019539,5b1460aa-f4fc-4284-88df-1b6499abcaa2,N
1019539,e3e6f43c-5afd-46a8-856c-fdc35f3230f1,Y
1019539,312d8d42-65ef-4134-9fee-2e5944336a13,N
1021408,cbde9be3-d1ea-4e58-81c6-8ad682ffd466,Y
1021408,575ade98-76e3-46f5-8579-9284e9584010,N
1021408,5b1460aa-f4fc-4284-88df-1b6499abcaa2,N
1021408,e3e6f43c-5afd-46a8-856c-fdc35f3230f1,N
1021408,312d8d42-65ef-4134-9fee-2e5944336a13,N
1004516,cbde9be3-d1ea-4e58-81c6-8ad682ffd466,Y
1004516,575ade98-76e3-46f5-8579-9284e9584010,Y
1004516,5b1460aa-f4fc-4284-88df-1b6499abcaa2,N
1004516,e3e6f43c-5afd-46a8-856c-fdc35f3230f1,Y
1004516,312d8d42-65ef-4134-9fee-2e5944336a13,Y
1019163,cbde9be3-d1ea-4e58-81c6-8ad682ffd466,Y
1019163,575ade98-76e3-46f5-8579-9284e9584010,Y
1019163,5b1460aa-f4fc-4284-88df-1b6499abcaa2,N
1019163,e3e6f43c-5afd-46a8-856c-fdc35f3230f1,N
1019163,312d8d42-65ef-4134-9fee-2e5944336a13,Y
1012505,cbde9be3-d1ea-4e58-81c6-8ad682ffd466,Y
1012505,575ade98-76e3-46f5-8579-9284e9584010,Y
1012505,5b1460aa-f4fc-4284-88df-1b6499abcaa2,Y
1012505,e3e6f43c-5afd-46a8-856c-fdc35f3230f1,N
1012505,312d8d42-65ef-4134-9fee-2e5944336a13,N
1018157,cbde9be3-d1ea-4e58-81c6-8ad682ffd466,Y
1018157,575ade98-76e3-46f5-8579-9284e9584010,Y
1018157,5b1460aa-f4fc-4284-88df-1b6499abcaa2,Y
1018157,e3e6f43c-5afd-46a8-856c-fdc35f3230f1,Y
1018157,312d8d42-65ef-4134-9fee-2e5944336a13,Y
1019880,cbde9be3-d1ea-4e58-81c6-8ad682ffd466,Y
1019880,575ade98-76e3-46f5-8579-9284e9584010,Y
1019880,5b1460aa-f4fc-4284-88df-1b6499abcaa2,Y
1019880,e3e6f43c-5afd-46a8-856c-fdc35f3230f1,Y
1019880,312d8d42-65ef-4134-9fee-2e5944336a13,N
1012254,cbde9be3-d1ea-4e58-81c6-8ad682ffd466,Y
1012254,575ade98-76e3-46f5-8579-9284e9584010,N
1012254,5b1460aa-f4fc-4284-88df-1b6499abcaa2,N
1012254,e3e6f43c-5afd-46a8-856c-fdc35f3230f1,N
1012254,312d8d42-65ef-4134-9fee-2e5944336a13,N
1019100,cbde9be3-d1ea-4e58-81c6-8ad682ffd466,Y
1019100,575ade98-76e3-46f5-8579-9284e9584010,N
1019100,5b1460aa-f4fc-4284-88df-1b6499abcaa2,N
1019100,e3e6f43c-5afd-46a8-856c-fdc35f3230f1,N
1019100,312d8d42-65ef-4134-9fee-2e5944336a13,N
1021457,cbde9be3-d1ea-4e58-81c6-8ad682ffd466,Y
1021457,575ade98-76e3-46f5-8579-9284e9584010,N
1021457,5b1460aa-f4fc-4284-88df-1b6499abcaa2,N
1021457,e3e6f43c-5afd-46a8-856c-fdc35f3230f1,N
1021457,312d8d42-65ef-4134-9fee-2e5944336a13,N
1018945,cbde9be3-d1ea-4e58-81c6-8ad682ffd466,Y
1018945,575ade98-76e3-46f5-8579-9284e9584010,N
1018945,5b1460aa-f4fc-4284-88df-1b6499abcaa2,Y
1018945,e3e6f43c-5afd-46a8-856c-fdc35f3230f1,Y
1018945,312d8d42-65ef-4134-9fee-2e5944336a13,Y
1019970,cbde9be3-d1ea-4e58-81c6-8ad682ffd466,Y
1019970,575ade98-76e3-46f5-8579-9284e9584010,N
1019970,5b1460aa-f4fc-4284-88df-1b6499abcaa2,N
1019970,e3e6f43c-5afd-46a8-856c-fdc35f3230f1,N
1019970,312d8d42-65ef-4134-9fee-2e5944336a13,Y
1021570,cbde9be3-d1ea-4e58-81c6-8ad682ffd466,Y
1021570,575ade98-76e3-46f5-8579-9284e9584010,Y
1021570,5b1460aa-f4fc-4284-88df-1b6499abcaa2,N
1021570,e3e6f43c-5afd-46a8-856c-fdc35f3230f1,Y
1021570,312d8d42-65ef-4134-9fee-2e5944336a13,Y
1012296,cbde9be3-d1ea-4e58-81c6-8ad682ffd466,Y
1012296,575ade98-76e3-46f5-8579-9284e9584010,N
1012296,5b1460aa-f4fc-4284-88df-1b6499abcaa2,Y
1012296,e3e6f43c-5afd-46a8-856c-fdc35f3230f1,Y
1012296,312d8d42-65ef-4134-9fee-2e5944336a13,Y
1011103,cbde9be3-d1ea-4e58-81c6-8ad682ffd466,Y
1011103,575ade98-76e3-46f5-8579-9284e9584010,N
1011103,5b1460aa-f4fc-4284-88df-1b6499abcaa2,N
1011103,e3e6f43c-5afd-46a8-856c-fdc35f3230f1,N
1011103,312d8d42-65ef-4134-9fee-2e5944336a13,Y
1002536,cbde9be3-d1ea-4e58-81c6-8ad682ffd466,Y
1002536,575ade98-76e3-46f5-8579-9284e9584010,Y
1002536,5b1460aa-f4fc-4284-88df-1b6499abcaa2,N
1002536,e3e6f43c-5afd-46a8-856c-fdc35f3230f1,N
1002536,312d8d42-65ef-4134-9fee-2e5944336a13,N
1020061,cbde9be3-d1ea-4e58-81c6-8ad682ffd466,Y
1020061,575ade98-76e3-46f5-8579-9284e9584010,N
1020061,5b1460aa-f4fc-4284-88df-1b6499abcaa2,N
1020061,e3e6f43c-5afd-46a8-856c-fdc35f3230f1,N
1020061,312d8d42-65ef-4134-9fee-2e5944336a13,N
1018416,cbde9be3-d1ea-4e58-81c6-8ad682ffd466,Y
1018416,575ade98-76e3-46f5-8579-9284e9584010,N
1018416,5b1460aa-f4fc-4284-88df-1b6499abcaa2,N
1018416,e3e6f43c-5afd-46a8-856c-fdc35f3230f1,Y
1018416,312d8d42-65ef-4134-9fee-2e5944336a13,N
1019308,cbde9be3-d1ea-4e58-81c6-8ad682ffd466,Y
1019308,575ade98-76e3-46f5-8579-9284e9584010,N
1019308,5b1460aa-f4fc-4284-88df-1b6499abcaa2,Y
1019308,e3e6f43c-5afd-46a8-856c-fdc35f3230f1,Y
1019308,312d8d42-65ef-4134-9fee-2e5944336a13,Y
1020191,cbde9be3-d1ea-4e58-81c6-8ad682ffd466,Y
1020191,575ade98-76e3-46f5-8579-9284e9584010,N
1020191,5b1460aa-f4fc-4284-88df-1b6499abcaa2,N
1020191,e3e6f43c-5afd-46a8-856c-fdc35f3230f1,N
1020191,312d8d42-65ef-4134-9fee-2e5944336a13,N
1021591,cbde9be3-d1ea-4e58-81c6-8ad682ffd466,Y
1021591,575ade98-76e3-46f5-8579-9284e9584010,Y
1021591,5b1460aa-f4fc-4284-88df-1b6499abcaa2,N
1021591,e3e6f43c-5afd-46a8-856c-fdc35f3230f1,Y
1021591,312d8d42-65ef-4134-9fee-2e5944336a13,Y
1021649,cbde9be3-d1ea-4e58-81c6-8ad682ffd466,Y
1021649,575ade98-76e3-46f5-8579-9284e9584010,Y
1021649,5b1460aa-f4fc-4284-88df-1b6499abcaa2,N
1021649,e3e6f43c-5afd-46a8-856c-fdc35f3230f1,N
1021649,312d8d42-65ef-4134-9fee-2e5944336a13,Y
1007255,cbde9be3-d1ea-4e58-81c6-8ad682ffd466,Y
1007255,575ade98-76e3-46f5-8579-9284e9584010,Y
1007255,5b1460aa-f4fc-4284-88df-1b6499abcaa2,N
1007255,e3e6f43c-5afd-46a8-856c-fdc35f3230f1,Y
1007255,312d8d42-65ef-4134-9fee-2e5944336a13,Y
1003628,cbde9be3-d1ea-4e58-81c6-8ad682ffd466,Y
1003628,575ade98-76e3-46f5-8579-9284e9584010,N
1003628,5b1460aa-f4fc-4284-88df-1b6499abcaa2,N
1003628,e3e6f43c-5afd-46a8-856c-fdc35f3230f1,Y
1003628,312d8d42-65ef-4134-9fee-2e5944336a13,Y
1021318,cbde9be3-d1ea-4e58-81c6-8ad682ffd466,Y
1021318,575ade98-76e3-46f5-8579-9284e9584010,Y
1021318,5b1460aa-f4fc-4284-88df-1b6499abcaa2,N
1021318,e3e6f43c-5afd-46a8-856c-fdc35f3230f1,Y
1021318,312d8d42-65ef-4134-9fee-2e5944336a13,N
1021261,cbde9be3-d1ea-4e58-81c6-8ad682ffd466,Y
1021261,575ade98-76e3-46f5-8579-9284e9584010,Y
1021261,5b1460aa-f4fc-4284-88df-1b6499abcaa2,N
1021261,e3e6f43c-5afd-46a8-856c-fdc35f3230f1,Y
1021261,312d8d42-65ef-4134-9fee-2e5944336a13,N
1018958,cbde9be3-d1ea-4e58-81c6-8ad682ffd466,Y
1018958,575ade98-76e3-46f5-8579-9284e9584010,N
1018958,5b1460aa-f4fc-4284-88df-1b6499abcaa2,N
1018958,e3e6f43c-5afd-46a8-856c-fdc35f3230f1,Y
1018958,312d8d42-65ef-4134-9fee-2e5944336a13,N
1019458,cbde9be3-d1ea-4e58-81c6-8ad682ffd466,Y
1019458,575ade98-76e3-46f5-8579-9284e9584010,Y
1019458,5b1460aa-f4fc-4284-88df-1b6499abcaa2,N
1019458,e3e6f43c-5afd-46a8-856c-fdc35f3230f1,Y
1019458,312d8d42-65ef-4134-9fee-2e5944336a13,Y
1018816,cbde9be3-d1ea-4e58-81c6-8ad682ffd466,Y
1018816,575ade98-76e3-46f5-8579-9284e9584010,N
1018816,5b1460aa-f4fc-4284-88df-1b6499abcaa2,N
1018816,e3e6f43c-5afd-46a8-856c-fdc35f3230f1,N
1018816,312d8d42-65ef-4134-9fee-2e5944336a13,Y
1019742,cbde9be3-d1ea-4e58-81c6-8ad682ffd466,Y
1019742,575ade98-76e3-46f5-8579-9284e9584010,Y
1019742,5b1460aa-f4fc-4284-88df-1b6499abcaa2,N
1019742,e3e6f43c-5afd-46a8-856c-fdc35f3230f1,Y
1019742,312d8d42-65ef-4134-9fee-2e5944336a13,Y
1019439,cbde9be3-d1ea-4e58-81c6-8ad682ffd466,Y
1019439,575ade98-76e3-46f5-8579-9284e9584010,N
1019439,5b1460aa-f4fc-4284-88df-1b6499abcaa2,N
1019439,e3e6f43c-5afd-46a8-856c-fdc35f3230f1,N
1019439,312d8d42-65ef-4134-9fee-2e5944336a13,Y
1019964,cbde9be3-d1ea-4e58-81c6-8ad682ffd466,Y
1019964,575ade98-76e3-46f5-8579-9284e9584010,N
1019964,5b1460aa-f4fc-4284-88df-1b6499abcaa2,N
1019964,e3e6f43c-5afd-46a8-856c-fdc35f3230f1,N
1019964,312d8d42-65ef-4134-9fee-2e5944336a13,Y
1018706,cbde9be3-d1ea-4e58-81c6-8ad682ffd466,Y
1018706,575ade98-76e3-46f5-8579-9284e9584010,Y
1018706,5b1460aa-f4fc-4284-88df-1b6499abcaa2,Y
1018706,e3e6f43c-5afd-46a8-856c-fdc35f3230f1,N
1018706,312d8d42-65ef-4134-9fee-2e5944336a13,Y
1020111,cbde9be3-d1ea-4e58-81c6-8ad682ffd466,Y
1020111,575ade98-76e3-46f5-8579-9284e9584010,N
1020111,5b1460aa-f4fc-4284-88df-1b6499abcaa2,N
1020111,e3e6f43c-5afd-46a8-856c-fdc35f3230f1,N
1020111,312d8d42-65ef-4134-9fee-2e5944336a13,Y
1003046,cbde9be3-d1ea-4e58-81c6-8ad682ffd466,Y
1003046,575ade98-76e3-46f5-8579-9284e9584010,N
1003046,5b1460aa-f4fc-4284-88df-1b6499abcaa2,N
1003046,e3e6f43c-5afd-46a8-856c-fdc35f3230f1,N
1003046,312d8d42-65ef-4134-9fee-2e5944336a13,N
1009829,cbde9be3-d1ea-4e58-81c6-8ad682ffd466,Y
1009829,575ade98-76e3-46f5-8579-9284e9584010,N
1009829,5b1460aa-f4fc-4284-88df-1b6499abcaa2,N
1009829,e3e6f43c-5afd-46a8-856c-fdc35f3230f1,N
1009829,312d8d42-65ef-4134-9fee-2e5944336a13,Y
1009894,cbde9be3-d1ea-4e58-81c6-8ad682ffd466,Y
1009894,575ade98-76e3-46f5-8579-9284e9584010,Y
1009894,5b1460aa-f4fc-4284-88df-1b6499abcaa2,Y
1009894,e3e6f43c-5afd-46a8-856c-fdc35f3230f1,Y
1009894,312d8d42-65ef-4134-9fee-2e5944336a13,Y
1021296,cbde9be3-d1ea-4e58-81c6-8ad682ffd466,Y
1021296,575ade98-76e3-46f5-8579-9284e9584010,Y
1021296,5b1460aa-f4fc-4284-88df-1b6499abcaa2,Y
1021296,e3e6f43c-5afd-46a8-856c-fdc35f3230f1,Y
1021296,312d8d42-65ef-4134-9fee-2e5944336a13,Y
1010954,cbde9be3-d1ea-4e58-81c6-8ad682ffd466,Y
1010954,575ade98-76e3-46f5-8579-9284e9584010,Y
1010954,5b1460aa-f4fc-4284-88df-1b6499abcaa2,Y
1010954,e3e6f43c-5afd-46a8-856c-fdc35f3230f1,Y
1010954,312d8d42-65ef-4134-9fee-2e5944336a13,Y
1016793,cbde9be3-d1ea-4e58-81c6-8ad682ffd466,Y
1016793,575ade98-76e3-46f5-8579-9284e9584010,Y
1016793,5b1460aa-f4fc-4284-88df-1b6499abcaa2,Y
1016793,e3e6f43c-5afd-46a8-856c-fdc35f3230f1,Y
1016793,312d8d42-65ef-4134-9fee-2e5944336a13,Y
1010969,cbde9be3-d1ea-4e58-81c6-8ad682ffd466,Y
1010969,575ade98-76e3-46f5-8579-9284e9584010,Y
1010969,5b1460aa-f4fc-4284-88df-1b6499abcaa2,Y
1010969,e3e6f43c-5afd-46a8-856c-fdc35f3230f1,Y
1010969,312d8d42-65ef-4134-9fee-2e5944336a13,Y
1010972,cbde9be3-d1ea-4e58-81c6-8ad682ffd466,Y
1010972,575ade98-76e3-46f5-8579-9284e9584010,Y
1010972,5b1460aa-f4fc-4284-88df-1b6499abcaa2,Y
1010972,e3e6f43c-5afd-46a8-856c-fdc35f3230f1,Y
1010972,312d8d42-65ef-4134-9fee-2e5944336a13,Y
1010958,cbde9be3-d1ea-4e58-81c6-8ad682ffd466,Y
1010958,575ade98-76e3-46f5-8579-9284e9584010,Y
1010958,5b1460aa-f4fc-4284-88df-1b6499abcaa2,Y
1010958,e3e6f43c-5afd-46a8-856c-fdc35f3230f1,Y
1010958,312d8d42-65ef-4134-9fee-2e5944336a13,Y
1016792,cbde9be3-d1ea-4e58-81c6-8ad682ffd466,Y
1016792,575ade98-76e3-46f5-8579-9284e9584010,Y
1016792,5b1460aa-f4fc-4284-88df-1b6499abcaa2,Y
1016792,e3e6f43c-5afd-46a8-856c-fdc35f3230f1,Y
1016792,312d8d42-65ef-4134-9fee-2e5944336a13,Y
1009895,cbde9be3-d1ea-4e58-81c6-8ad682ffd466,Y
1009895,575ade98-76e3-46f5-8579-9284e9584010,Y
1009895,5b1460aa-f4fc-4284-88df-1b6499abcaa2,Y
1009895,e3e6f43c-5afd-46a8-856c-fdc35f3230f1,Y
1009895,312d8d42-65ef-4134-9fee-2e5944336a13,Y
1010982,cbde9be3-d1ea-4e58-81c6-8ad682ffd466,Y
1010982,575ade98-76e3-46f5-8579-9284e9584010,Y
1010982,5b1460aa-f4fc-4284-88df-1b6499abcaa2,Y
1010982,e3e6f43c-5afd-46a8-856c-fdc35f3230f1,Y
1010982,312d8d42-65ef-4134-9fee-2e5944336a13,Y
1010960,cbde9be3-d1ea-4e58-81c6-8ad682ffd466,Y
1010960,575ade98-76e3-46f5-8579-9284e9584010,Y
1010960,5b1460aa-f4fc-4284-88df-1b6499abcaa2,Y
1010960,e3e6f43c-5afd-46a8-856c-fdc35f3230f1,Y
1010960,312d8d42-65ef-4134-9fee-2e5944336a13,Y
1016867,cbde9be3-d1ea-4e58-81c6-8ad682ffd466,Y
1016867,575ade98-76e3-46f5-8579-9284e9584010,Y
1016867,5b1460aa-f4fc-4284-88df-1b6499abcaa2,N
1016867,e3e6f43c-5afd-46a8-856c-fdc35f3230f1,Y
1016867,312d8d42-65ef-4134-9fee-2e5944336a13,N
1019667,cbde9be3-d1ea-4e58-81c6-8ad682ffd466,Y
1019667,575ade98-76e3-46f5-8579-9284e9584010,N
1019667,5b1460aa-f4fc-4284-88df-1b6499abcaa2,N
1019667,e3e6f43c-5afd-46a8-856c-fdc35f3230f1,N
1019667,312d8d42-65ef-4134-9fee-2e5944336a13,N
1009043,cbde9be3-d1ea-4e58-81c6-8ad682ffd466,Y
1009043,575ade98-76e3-46f5-8579-9284e9584010,N
1009043,5b1460aa-f4fc-4284-88df-1b6499abcaa2,N
1009043,e3e6f43c-5afd-46a8-856c-fdc35f3230f1,N
1009043,312d8d42-65ef-4134-9fee-2e5944336a13,Y
1003643,cbde9be3-d1ea-4e58-81c6-8ad682ffd466,Y
1003643,575ade98-76e3-46f5-8579-9284e9584010,Y
1003643,5b1460aa-f4fc-4284-88df-1b6499abcaa2,N
1003643,e3e6f43c-5afd-46a8-856c-fdc35f3230f1,Y
1003643,312d8d42-65ef-4134-9fee-2e5944336a13,Y
1020064,cbde9be3-d1ea-4e58-81c6-8ad682ffd466,Y
1020064,575ade98-76e3-46f5-8579-9284e9584010,Y
1020064,5b1460aa-f4fc-4284-88df-1b6499abcaa2,N
1020064,e3e6f43c-5afd-46a8-856c-fdc35f3230f1,Y
1020064,312d8d42-65ef-4134-9fee-2e5944336a13,Y
1020000,cbde9be3-d1ea-4e58-81c6-8ad682ffd466,Y
1020000,575ade98-76e3-46f5-8579-9284e9584010,Y
1020000,5b1460aa-f4fc-4284-88df-1b6499abcaa2,N
1020000,e3e6f43c-5afd-46a8-856c-fdc35f3230f1,Y
1020000,312d8d42-65ef-4134-9fee-2e5944336a13,Y
1020001,cbde9be3-d1ea-4e58-81c6-8ad682ffd466,Y
1020001,575ade98-76e3-46f5-8579-9284e9584010,N
1020001,5b1460aa-f4fc-4284-88df-1b6499abcaa2,N
1020001,e3e6f43c-5afd-46a8-856c-fdc35f3230f1,N
1020001,312d8d42-65ef-4134-9fee-2e5944336a13,Y
1019370,cbde9be3-d1ea-4e58-81c6-8ad682ffd466,Y
1019370,575ade98-76e3-46f5-8579-9284e9584010,N
1019370,5b1460aa-f4fc-4284-88df-1b6499abcaa2,N
1019370,e3e6f43c-5afd-46a8-856c-fdc35f3230f1,N
1019370,312d8d42-65ef-4134-9fee-2e5944336a13,N
1019944,cbde9be3-d1ea-4e58-81c6-8ad682ffd466,Y
1019944,575ade98-76e3-46f5-8579-9284e9584010,Y
1019944,5b1460aa-f4fc-4284-88df-1b6499abcaa2,N
1019944,e3e6f43c-5afd-46a8-856c-fdc35f3230f1,Y
1019944,312d8d42-65ef-4134-9fee-2e5944336a13,Y
1021401,cbde9be3-d1ea-4e58-81c6-8ad682ffd466,Y
1021401,575ade98-76e3-46f5-8579-9284e9584010,Y
1021401,5b1460aa-f4fc-4284-88df-1b6499abcaa2,N
1021401,e3e6f43c-5afd-46a8-856c-fdc35f3230f1,N
1021401,312d8d42-65ef-4134-9fee-2e5944336a13,Y
1000841,cbde9be3-d1ea-4e58-81c6-8ad682ffd466,Y
1000841,575ade98-76e3-46f5-8579-9284e9584010,N
1000841,5b1460aa-f4fc-4284-88df-1b6499abcaa2,N
1000841,e3e6f43c-5afd-46a8-856c-fdc35f3230f1,N
1000841,312d8d42-65ef-4134-9fee-2e5944336a13,N
1019401,cbde9be3-d1ea-4e58-81c6-8ad682ffd466,Y
1019401,575ade98-76e3-46f5-8579-9284e9584010,N
1019401,5b1460aa-f4fc-4284-88df-1b6499abcaa2,N
1019401,e3e6f43c-5afd-46a8-856c-fdc35f3230f1,N
1019401,312d8d42-65ef-4134-9fee-2e5944336a13,Y
1021631,cbde9be3-d1ea-4e58-81c6-8ad682ffd466,Y
1021631,575ade98-76e3-46f5-8579-9284e9584010,Y
1021631,5b1460aa-f4fc-4284-88df-1b6499abcaa2,N
1021631,e3e6f43c-5afd-46a8-856c-fdc35f3230f1,Y
1021631,312d8d42-65ef-4134-9fee-2e5944336a13,Y
1008853,cbde9be3-d1ea-4e58-81c6-8ad682ffd466,Y
1008853,575ade98-76e3-46f5-8579-9284e9584010,Y
1008853,5b1460aa-f4fc-4284-88df-1b6499abcaa2,Y
1008853,e3e6f43c-5afd-46a8-856c-fdc35f3230f1,Y
1008853,312d8d42-65ef-4134-9fee-2e5944336a13,Y
1002400,cbde9be3-d1ea-4e58-81c6-8ad682ffd466,Y
1002400,575ade98-76e3-46f5-8579-9284e9584010,N
1002400,5b1460aa-f4fc-4284-88df-1b6499abcaa2,N
1002400,e3e6f43c-5afd-46a8-856c-fdc35f3230f1,N
1002400,312d8d42-65ef-4134-9fee-2e5944336a13,N
1019032,cbde9be3-d1ea-4e58-81c6-8ad682ffd466,Y
1019032,575ade98-76e3-46f5-8579-9284e9584010,N
1019032,5b1460aa-f4fc-4284-88df-1b6499abcaa2,N
1019032,e3e6f43c-5afd-46a8-856c-fdc35f3230f1,N
1019032,312d8d42-65ef-4134-9fee-2e5944336a13,N
1019856,cbde9be3-d1ea-4e58-81c6-8ad682ffd466,Y
1019856,575ade98-76e3-46f5-8579-9284e9584010,N
1019856,5b1460aa-f4fc-4284-88df-1b6499abcaa2,N
1019856,e3e6f43c-5afd-46a8-856c-fdc35f3230f1,N
1019856,312d8d42-65ef-4134-9fee-2e5944336a13,N
1019216,cbde9be3-d1ea-4e58-81c6-8ad682ffd466,Y
1019216,575ade98-76e3-46f5-8579-9284e9584010,N
1019216,5b1460aa-f4fc-4284-88df-1b6499abcaa2,N
1019216,e3e6f43c-5afd-46a8-856c-fdc35f3230f1,N
1019216,312d8d42-65ef-4134-9fee-2e5944336a13,N
1012243,cbde9be3-d1ea-4e58-81c6-8ad682ffd466,Y
1012243,575ade98-76e3-46f5-8579-9284e9584010,Y
1012243,5b1460aa-f4fc-4284-88df-1b6499abcaa2,N
1012243,e3e6f43c-5afd-46a8-856c-fdc35f3230f1,N
1012243,312d8d42-65ef-4134-9fee-2e5944336a13,Y
1012256,cbde9be3-d1ea-4e58-81c6-8ad682ffd466,Y
1012256,575ade98-76e3-46f5-8579-9284e9584010,Y
1012256,5b1460aa-f4fc-4284-88df-1b6499abcaa2,N
1012256,e3e6f43c-5afd-46a8-856c-fdc35f3230f1,N
1012256,312d8d42-65ef-4134-9fee-2e5944336a13,Y
1019654,cbde9be3-d1ea-4e58-81c6-8ad682ffd466,Y
1019654,575ade98-76e3-46f5-8579-9284e9584010,Y
1019654,5b1460aa-f4fc-4284-88df-1b6499abcaa2,N
1019654,e3e6f43c-5afd-46a8-856c-fdc35f3230f1,Y
1019654,312d8d42-65ef-4134-9fee-2e5944336a13,Y
1019341,cbde9be3-d1ea-4e58-81c6-8ad682ffd466,Y
1019341,575ade98-76e3-46f5-8579-9284e9584010,Y
1019341,5b1460aa-f4fc-4284-88df-1b6499abcaa2,N
1019341,e3e6f43c-5afd-46a8-856c-fdc35f3230f1,Y
1019341,312d8d42-65ef-4134-9fee-2e5944336a13,Y
1019083,cbde9be3-d1ea-4e58-81c6-8ad682ffd466,Y
1019083,575ade98-76e3-46f5-8579-9284e9584010,N
1019083,5b1460aa-f4fc-4284-88df-1b6499abcaa2,N
1019083,e3e6f43c-5afd-46a8-856c-fdc35f3230f1,N
1019083,312d8d42-65ef-4134-9fee-2e5944336a13,Y
1009757,cbde9be3-d1ea-4e58-81c6-8ad682ffd466,Y
1009757,575ade98-76e3-46f5-8579-9284e9584010,N
1009757,5b1460aa-f4fc-4284-88df-1b6499abcaa2,N
1009757,e3e6f43c-5afd-46a8-856c-fdc35f3230f1,N
1009757,312d8d42-65ef-4134-9fee-2e5944336a13,N
1018930,cbde9be3-d1ea-4e58-81c6-8ad682ffd466,Y
1018930,575ade98-76e3-46f5-8579-9284e9584010,Y
1018930,5b1460aa-f4fc-4284-88df-1b6499abcaa2,N
1018930,e3e6f43c-5afd-46a8-856c-fdc35f3230f1,Y
1018930,312d8d42-65ef-4134-9fee-2e5944336a13,Y
1003977,cbde9be3-d1ea-4e58-81c6-8ad682ffd466,Y
1003977,575ade98-76e3-46f5-8579-9284e9584010,Y
1003977,5b1460aa-f4fc-4284-88df-1b6499abcaa2,N
1003977,e3e6f43c-5afd-46a8-856c-fdc35f3230f1,Y
1003977,312d8d42-65ef-4134-9fee-2e5944336a13,Y
1018621,cbde9be3-d1ea-4e58-81c6-8ad682ffd466,Y
1018621,575ade98-76e3-46f5-8579-9284e9584010,Y
1018621,5b1460aa-f4fc-4284-88df-1b6499abcaa2,Y
1018621,e3e6f43c-5afd-46a8-856c-fdc35f3230f1,Y
1018621,312d8d42-65ef-4134-9fee-2e5944336a13,Y
1019721,cbde9be3-d1ea-4e58-81c6-8ad682ffd466,Y
1019721,575ade98-76e3-46f5-8579-9284e9584010,N
1019721,5b1460aa-f4fc-4284-88df-1b6499abcaa2,N
1019721,e3e6f43c-5afd-46a8-856c-fdc35f3230f1,N
1019721,312d8d42-65ef-4134-9fee-2e5944336a13,N
1021716,cbde9be3-d1ea-4e58-81c6-8ad682ffd466,Y
1021716,575ade98-76e3-46f5-8579-9284e9584010,Y
1021716,5b1460aa-f4fc-4284-88df-1b6499abcaa2,N
1021716,e3e6f43c-5afd-46a8-856c-fdc35f3230f1,Y
1021716,312d8d42-65ef-4134-9fee-2e5944336a13,Y
1021411,cbde9be3-d1ea-4e58-81c6-8ad682ffd466,Y
1021411,575ade98-76e3-46f5-8579-9284e9584010,N
1021411,5b1460aa-f4fc-4284-88df-1b6499abcaa2,N
1021411,e3e6f43c-5afd-46a8-856c-fdc35f3230f1,N
1021411,312d8d42-65ef-4134-9fee-2e5944336a13,N
1005281,cbde9be3-d1ea-4e58-81c6-8ad682ffd466,Y
1005281,575ade98-76e3-46f5-8579-9284e9584010,Y
1005281,5b1460aa-f4fc-4284-88df-1b6499abcaa2,Y
1005281,e3e6f43c-5afd-46a8-856c-fdc35f3230f1,Y
1005281,312d8d42-65ef-4134-9fee-2e5944336a13,Y
1019525,cbde9be3-d1ea-4e58-81c6-8ad682ffd466,Y
1019525,575ade98-76e3-46f5-8579-9284e9584010,Y
1019525,5b1460aa-f4fc-4284-88df-1b6499abcaa2,N
1019525,e3e6f43c-5afd-46a8-856c-fdc35f3230f1,Y
1019525,312d8d42-65ef-4134-9fee-2e5944336a13,Y
1019729,cbde9be3-d1ea-4e58-81c6-8ad682ffd466,Y
1019729,575ade98-76e3-46f5-8579-9284e9584010,N
1019729,5b1460aa-f4fc-4284-88df-1b6499abcaa2,N
1019729,e3e6f43c-5afd-46a8-856c-fdc35f3230f1,N
1019729,312d8d42-65ef-4134-9fee-2e5944336a13,Y
1004676,cbde9be3-d1ea-4e58-81c6-8ad682ffd466,Y
1004676,575ade98-76e3-46f5-8579-9284e9584010,Y
1004676,5b1460aa-f4fc-4284-88df-1b6499abcaa2,Y
1004676,e3e6f43c-5afd-46a8-856c-fdc35f3230f1,Y
1004676,312d8d42-65ef-4134-9fee-2e5944336a13,Y
1005358,cbde9be3-d1ea-4e58-81c6-8ad682ffd466,Y
1005358,575ade98-76e3-46f5-8579-9284e9584010,Y
1005358,5b1460aa-f4fc-4284-88df-1b6499abcaa2,Y
1005358,e3e6f43c-5afd-46a8-856c-fdc35f3230f1,Y
1005358,312d8d42-65ef-4134-9fee-2e5944336a13,Y
1005197,cbde9be3-d1ea-4e58-81c6-8ad682ffd466,Y
1005197,575ade98-76e3-46f5-8579-9284e9584010,Y
1005197,5b1460aa-f4fc-4284-88df-1b6499abcaa2,Y
1005197,e3e6f43c-5afd-46a8-856c-fdc35f3230f1,Y
1005197,312d8d42-65ef-4134-9fee-2e5944336a13,Y
1019994,cbde9be3-d1ea-4e58-81c6-8ad682ffd466,Y
1019994,575ade98-76e3-46f5-8579-9284e9584010,N
1019994,5b1460aa-f4fc-4284-88df-1b6499abcaa2,N
1019994,e3e6f43c-5afd-46a8-856c-fdc35f3230f1,N
1019994,312d8d42-65ef-4134-9fee-2e5944336a13,N
1018953,cbde9be3-d1ea-4e58-81c6-8ad682ffd466,Y
1018953,575ade98-76e3-46f5-8579-9284e9584010,N
1018953,5b1460aa-f4fc-4284-88df-1b6499abcaa2,N
1018953,e3e6f43c-5afd-46a8-856c-fdc35f3230f1,N
1018953,312d8d42-65ef-4134-9fee-2e5944336a13,Y
1000312,cbde9be3-d1ea-4e58-81c6-8ad682ffd466,Y
1000312,575ade98-76e3-46f5-8579-9284e9584010,Y
1000312,5b1460aa-f4fc-4284-88df-1b6499abcaa2,N
1000312,e3e6f43c-5afd-46a8-856c-fdc35f3230f1,Y
1000312,312d8d42-65ef-4134-9fee-2e5944336a13,Y
1009830,cbde9be3-d1ea-4e58-81c6-8ad682ffd466,Y
1009830,575ade98-76e3-46f5-8579-9284e9584010,N
1009830,5b1460aa-f4fc-4284-88df-1b6499abcaa2,N
1009830,e3e6f43c-5afd-46a8-856c-fdc35f3230f1,N
1009830,312d8d42-65ef-4134-9fee-2e5944336a13,Y
1012345,cbde9be3-d1ea-4e58-81c6-8ad682ffd466,Y
1012345,575ade98-76e3-46f5-8579-9284e9584010,Y
1012345,5b1460aa-f4fc-4284-88df-1b6499abcaa2,N
1012345,e3e6f43c-5afd-46a8-856c-fdc35f3230f1,Y
1012345,312d8d42-65ef-4134-9fee-2e5944336a13,Y
1019082,cbde9be3-d1ea-4e58-81c6-8ad682ffd466,Y
1019082,575ade98-76e3-46f5-8579-9284e9584010,Y
1019082,5b1460aa-f4fc-4284-88df-1b6499abcaa2,N
1019082,e3e6f43c-5afd-46a8-856c-fdc35f3230f1,N
1019082,312d8d42-65ef-4134-9fee-2e5944336a13,Y
1019870,cbde9be3-d1ea-4e58-81c6-8ad682ffd466,Y
1019870,575ade98-76e3-46f5-8579-9284e9584010,N
1019870,5b1460aa-f4fc-4284-88df-1b6499abcaa2,N
1019870,e3e6f43c-5afd-46a8-856c-fdc35f3230f1,N
1019870,312d8d42-65ef-4134-9fee-2e5944336a13,N
1021275,cbde9be3-d1ea-4e58-81c6-8ad682ffd466,Y
1021275,575ade98-76e3-46f5-8579-9284e9584010,N
1021275,5b1460aa-f4fc-4284-88df-1b6499abcaa2,N
1021275,e3e6f43c-5afd-46a8-856c-fdc35f3230f1,N
1021275,312d8d42-65ef-4134-9fee-2e5944336a13,N
1018159,cbde9be3-d1ea-4e58-81c6-8ad682ffd466,Y
1018159,575ade98-76e3-46f5-8579-9284e9584010,N
1018159,5b1460aa-f4fc-4284-88df-1b6499abcaa2,N
1018159,e3e6f43c-5afd-46a8-856c-fdc35f3230f1,Y
1018159,312d8d42-65ef-4134-9fee-2e5944336a13,Y
1021303,cbde9be3-d1ea-4e58-81c6-8ad682ffd466,Y
1021303,575ade98-76e3-46f5-8579-9284e9584010,Y
1021303,5b1460aa-f4fc-4284-88df-1b6499abcaa2,N
1021303,e3e6f43c-5afd-46a8-856c-fdc35f3230f1,Y
1021303,312d8d42-65ef-4134-9fee-2e5944336a13,Y
1021414,cbde9be3-d1ea-4e58-81c6-8ad682ffd466,Y
1021414,575ade98-76e3-46f5-8579-9284e9584010,Y
1021414,5b1460aa-f4fc-4284-88df-1b6499abcaa2,N
1021414,e3e6f43c-5afd-46a8-856c-fdc35f3230f1,Y
1021414,312d8d42-65ef-4134-9fee-2e5944336a13,Y
1011673,cbde9be3-d1ea-4e58-81c6-8ad682ffd466,Y
1011673,575ade98-76e3-46f5-8579-9284e9584010,N
1011673,5b1460aa-f4fc-4284-88df-1b6499abcaa2,N
1011673,e3e6f43c-5afd-46a8-856c-fdc35f3230f1,N
1011673,312d8d42-65ef-4134-9fee-2e5944336a13,Y
1019079,cbde9be3-d1ea-4e58-81c6-8ad682ffd466,Y
1019079,575ade98-76e3-46f5-8579-9284e9584010,Y
1019079,5b1460aa-f4fc-4284-88df-1b6499abcaa2,N
1019079,e3e6f43c-5afd-46a8-856c-fdc35f3230f1,N
1019079,312d8d42-65ef-4134-9fee-2e5944336a13,N
1020133,cbde9be3-d1ea-4e58-81c6-8ad682ffd466,Y
1020133,575ade98-76e3-46f5-8579-9284e9584010,Y
1020133,5b1460aa-f4fc-4284-88df-1b6499abcaa2,Y
1020133,e3e6f43c-5afd-46a8-856c-fdc35f3230f1,Y
1020133,312d8d42-65ef-4134-9fee-2e5944336a13,Y
1011113,cbde9be3-d1ea-4e58-81c6-8ad682ffd466,Y
1011113,575ade98-76e3-46f5-8579-9284e9584010,N
1011113,5b1460aa-f4fc-4284-88df-1b6499abcaa2,N
1011113,e3e6f43c-5afd-46a8-856c-fdc35f3230f1,N
1011113,312d8d42-65ef-4134-9fee-2e5944336a13,Y
1019510,cbde9be3-d1ea-4e58-81c6-8ad682ffd466,Y
1019510,575ade98-76e3-46f5-8579-9284e9584010,Y
1019510,5b1460aa-f4fc-4284-88df-1b6499abcaa2,Y
1019510,e3e6f43c-5afd-46a8-856c-fdc35f3230f1,Y
1019510,312d8d42-65ef-4134-9fee-2e5944336a13,Y
1020172,cbde9be3-d1ea-4e58-81c6-8ad682ffd466,Y
1020172,575ade98-76e3-46f5-8579-9284e9584010,Y
1020172,5b1460aa-f4fc-4284-88df-1b6499abcaa2,Y
1020172,e3e6f43c-5afd-46a8-856c-fdc35f3230f1,Y
1020172,312d8d42-65ef-4134-9fee-2e5944336a13,Y
1012717,cbde9be3-d1ea-4e58-81c6-8ad682ffd466,Y
1012717,575ade98-76e3-46f5-8579-9284e9584010,N
1012717,5b1460aa-f4fc-4284-88df-1b6499abcaa2,Y
1012717,e3e6f43c-5afd-46a8-856c-fdc35f3230f1,Y
1012717,312d8d42-65ef-4134-9fee-2e5944336a13,Y
1019094,cbde9be3-d1ea-4e58-81c6-8ad682ffd466,Y
1019094,575ade98-76e3-46f5-8579-9284e9584010,Y
1019094,5b1460aa-f4fc-4284-88df-1b6499abcaa2,N
1019094,e3e6f43c-5afd-46a8-856c-fdc35f3230f1,Y
1019094,312d8d42-65ef-4134-9fee-2e5944336a13,Y
1021300,cbde9be3-d1ea-4e58-81c6-8ad682ffd466,Y
1021300,575ade98-76e3-46f5-8579-9284e9584010,Y
1021300,5b1460aa-f4fc-4284-88df-1b6499abcaa2,N
1021300,e3e6f43c-5afd-46a8-856c-fdc35f3230f1,Y
1021300,312d8d42-65ef-4134-9fee-2e5944336a13,Y
1019125,cbde9be3-d1ea-4e58-81c6-8ad682ffd466,Y
1019125,575ade98-76e3-46f5-8579-9284e9584010,N
1019125,5b1460aa-f4fc-4284-88df-1b6499abcaa2,N
1019125,e3e6f43c-5afd-46a8-856c-fdc35f3230f1,N
1019125,312d8d42-65ef-4134-9fee-2e5944336a13,N
1021698,cbde9be3-d1ea-4e58-81c6-8ad682ffd466,Y
1021698,575ade98-76e3-46f5-8579-9284e9584010,Y
1021698,5b1460aa-f4fc-4284-88df-1b6499abcaa2,N
1021698,e3e6f43c-5afd-46a8-856c-fdc35f3230f1,Y
1021698,312d8d42-65ef-4134-9fee-2e5944336a13,Y
1009867,cbde9be3-d1ea-4e58-81c6-8ad682ffd466,Y
1009867,575ade98-76e3-46f5-8579-9284e9584010,Y
1009867,5b1460aa-f4fc-4284-88df-1b6499abcaa2,Y
1009867,e3e6f43c-5afd-46a8-856c-fdc35f3230f1,Y
1009867,312d8d42-65ef-4134-9fee-2e5944336a13,Y
1019624,cbde9be3-d1ea-4e58-81c6-8ad682ffd466,Y
1019624,575ade98-76e3-46f5-8579-9284e9584010,Y
1019624,5b1460aa-f4fc-4284-88df-1b6499abcaa2,N
1019624,e3e6f43c-5afd-46a8-856c-fdc35f3230f1,N
1019624,312d8d42-65ef-4134-9fee-2e5944336a13,Y
1021710,cbde9be3-d1ea-4e58-81c6-8ad682ffd466,Y
1021710,575ade98-76e3-46f5-8579-9284e9584010,N
1021710,5b1460aa-f4fc-4284-88df-1b6499abcaa2,Y
1021710,e3e6f43c-5afd-46a8-856c-fdc35f3230f1,Y
1021710,312d8d42-65ef-4134-9fee-2e5944336a13,N
1021228,cbde9be3-d1ea-4e58-81c6-8ad682ffd466,Y
1021228,575ade98-76e3-46f5-8579-9284e9584010,Y
1021228,5b1460aa-f4fc-4284-88df-1b6499abcaa2,Y
1021228,e3e6f43c-5afd-46a8-856c-fdc35f3230f1,Y
1021228,312d8d42-65ef-4134-9fee-2e5944336a13,Y
1012783,cbde9be3-d1ea-4e58-81c6-8ad682ffd466,Y
1012783,575ade98-76e3-46f5-8579-9284e9584010,Y
1012783,5b1460aa-f4fc-4284-88df-1b6499abcaa2,N
1012783,e3e6f43c-5afd-46a8-856c-fdc35f3230f1,Y
1012783,312d8d42-65ef-4134-9fee-2e5944336a13,Y
1012160,cbde9be3-d1ea-4e58-81c6-8ad682ffd466,Y
1012160,575ade98-76e3-46f5-8579-9284e9584010,Y
1012160,5b1460aa-f4fc-4284-88df-1b6499abcaa2,N
1012160,e3e6f43c-5afd-46a8-856c-fdc35f3230f1,Y
1012160,312d8d42-65ef-4134-9fee-2e5944336a13,N
1019118,cbde9be3-d1ea-4e58-81c6-8ad682ffd466,Y
1019118,575ade98-76e3-46f5-8579-9284e9584010,N
1019118,5b1460aa-f4fc-4284-88df-1b6499abcaa2,N
1019118,e3e6f43c-5afd-46a8-856c-fdc35f3230f1,N
1019118,312d8d42-65ef-4134-9fee-2e5944336a13,N
1021652,cbde9be3-d1ea-4e58-81c6-8ad682ffd466,Y
1021652,575ade98-76e3-46f5-8579-9284e9584010,N
1021652,5b1460aa-f4fc-4284-88df-1b6499abcaa2,N
1021652,e3e6f43c-5afd-46a8-856c-fdc35f3230f1,N
1021652,312d8d42-65ef-4134-9fee-2e5944336a13,N
1021574,cbde9be3-d1ea-4e58-81c6-8ad682ffd466,Y
1021574,575ade98-76e3-46f5-8579-9284e9584010,Y
1021574,5b1460aa-f4fc-4284-88df-1b6499abcaa2,N
1021574,e3e6f43c-5afd-46a8-856c-fdc35f3230f1,Y
1021574,312d8d42-65ef-4134-9fee-2e5944336a13,N
1019936,cbde9be3-d1ea-4e58-81c6-8ad682ffd466,Y
1019936,575ade98-76e3-46f5-8579-9284e9584010,Y
1019936,5b1460aa-f4fc-4284-88df-1b6499abcaa2,N
1019936,e3e6f43c-5afd-46a8-856c-fdc35f3230f1,Y
1019936,312d8d42-65ef-4134-9fee-2e5944336a13,Y
1012634,cbde9be3-d1ea-4e58-81c6-8ad682ffd466,Y
1012634,575ade98-76e3-46f5-8579-9284e9584010,Y
1012634,5b1460aa-f4fc-4284-88df-1b6499abcaa2,Y
1012634,e3e6f43c-5afd-46a8-856c-fdc35f3230f1,Y
1012634,312d8d42-65ef-4134-9fee-2e5944336a13,N
1019921,cbde9be3-d1ea-4e58-81c6-8ad682ffd466,Y
1019921,575ade98-76e3-46f5-8579-9284e9584010,N
1019921,5b1460aa-f4fc-4284-88df-1b6499abcaa2,N
1019921,e3e6f43c-5afd-46a8-856c-fdc35f3230f1,N
1019921,312d8d42-65ef-4134-9fee-2e5944336a13,N
1021587,cbde9be3-d1ea-4e58-81c6-8ad682ffd466,Y
1021587,575ade98-76e3-46f5-8579-9284e9584010,Y
1021587,5b1460aa-f4fc-4284-88df-1b6499abcaa2,N
1021587,e3e6f43c-5afd-46a8-856c-fdc35f3230f1,Y
1021587,312d8d42-65ef-4134-9fee-2e5944336a13,N
1018900,cbde9be3-d1ea-4e58-81c6-8ad682ffd466,Y
1018900,575ade98-76e3-46f5-8579-9284e9584010,Y
1018900,5b1460aa-f4fc-4284-88df-1b6499abcaa2,N
1018900,e3e6f43c-5afd-46a8-856c-fdc35f3230f1,Y
1018900,312d8d42-65ef-4134-9fee-2e5944336a13,Y
1018898,cbde9be3-d1ea-4e58-81c6-8ad682ffd466,Y
1018898,575ade98-76e3-46f5-8579-9284e9584010,Y
1018898,5b1460aa-f4fc-4284-88df-1b6499abcaa2,N
1018898,e3e6f43c-5afd-46a8-856c-fdc35f3230f1,Y
1018898,312d8d42-65ef-4134-9fee-2e5944336a13,Y
1020112,cbde9be3-d1ea-4e58-81c6-8ad682ffd466,Y
1020112,575ade98-76e3-46f5-8579-9284e9584010,Y
1020112,5b1460aa-f4fc-4284-88df-1b6499abcaa2,N
1020112,e3e6f43c-5afd-46a8-856c-fdc35f3230f1,Y
1020112,312d8d42-65ef-4134-9fee-2e5944336a13,N
1018717,cbde9be3-d1ea-4e58-81c6-8ad682ffd466,Y
1018717,575ade98-76e3-46f5-8579-9284e9584010,Y
1018717,5b1460aa-f4fc-4284-88df-1b6499abcaa2,Y
1018717,e3e6f43c-5afd-46a8-856c-fdc35f3230f1,N
1018717,312d8d42-65ef-4134-9fee-2e5944336a13,Y
1021207,cbde9be3-d1ea-4e58-81c6-8ad682ffd466,Y
1021207,575ade98-76e3-46f5-8579-9284e9584010,Y
1021207,5b1460aa-f4fc-4284-88df-1b6499abcaa2,N
1021207,e3e6f43c-5afd-46a8-856c-fdc35f3230f1,N
1021207,312d8d42-65ef-4134-9fee-2e5944336a13,Y
1002657,cbde9be3-d1ea-4e58-81c6-8ad682ffd466,Y
1002657,575ade98-76e3-46f5-8579-9284e9584010,N
1002657,5b1460aa-f4fc-4284-88df-1b6499abcaa2,Y
1002657,e3e6f43c-5afd-46a8-856c-fdc35f3230f1,N
1002657,312d8d42-65ef-4134-9fee-2e5944336a13,Y
1002769,cbde9be3-d1ea-4e58-81c6-8ad682ffd466,Y
1002769,575ade98-76e3-46f5-8579-9284e9584010,Y
1002769,5b1460aa-f4fc-4284-88df-1b6499abcaa2,N
1002769,e3e6f43c-5afd-46a8-856c-fdc35f3230f1,Y
1002769,312d8d42-65ef-4134-9fee-2e5944336a13,N
1019398,cbde9be3-d1ea-4e58-81c6-8ad682ffd466,Y
1019398,575ade98-76e3-46f5-8579-9284e9584010,N
1019398,5b1460aa-f4fc-4284-88df-1b6499abcaa2,N
1019398,e3e6f43c-5afd-46a8-856c-fdc35f3230f1,N
1019398,312d8d42-65ef-4134-9fee-2e5944336a13,Y
1012045,cbde9be3-d1ea-4e58-81c6-8ad682ffd466,Y
1012045,575ade98-76e3-46f5-8579-9284e9584010,Y
1012045,5b1460aa-f4fc-4284-88df-1b6499abcaa2,N
1012045,e3e6f43c-5afd-46a8-856c-fdc35f3230f1,Y
1012045,312d8d42-65ef-4134-9fee-2e5944336a13,Y
1018940,cbde9be3-d1ea-4e58-81c6-8ad682ffd466,Y
1018940,575ade98-76e3-46f5-8579-9284e9584010,Y
1018940,5b1460aa-f4fc-4284-88df-1b6499abcaa2,N
1018940,e3e6f43c-5afd-46a8-856c-fdc35f3230f1,Y
1018940,312d8d42-65ef-4134-9fee-2e5944336a13,N
1019684,cbde9be3-d1ea-4e58-81c6-8ad682ffd466,Y
1019684,575ade98-76e3-46f5-8579-9284e9584010,N
1019684,5b1460aa-f4fc-4284-88df-1b6499abcaa2,N
1019684,e3e6f43c-5afd-46a8-856c-fdc35f3230f1,N
1019684,312d8d42-65ef-4134-9fee-2e5944336a13,N
1018765,cbde9be3-d1ea-4e58-81c6-8ad682ffd466,Y
1018765,575ade98-76e3-46f5-8579-9284e9584010,Y
1018765,5b1460aa-f4fc-4284-88df-1b6499abcaa2,N
1018765,e3e6f43c-5afd-46a8-856c-fdc35f3230f1,N
1018765,312d8d42-65ef-4134-9fee-2e5944336a13,Y
1019687,cbde9be3-d1ea-4e58-81c6-8ad682ffd466,Y
1019687,575ade98-76e3-46f5-8579-9284e9584010,N
1019687,5b1460aa-f4fc-4284-88df-1b6499abcaa2,N
1019687,e3e6f43c-5afd-46a8-856c-fdc35f3230f1,N
1019687,312d8d42-65ef-4134-9fee-2e5944336a13,N
1006678,cbde9be3-d1ea-4e58-81c6-8ad682ffd466,Y
1006678,575ade98-76e3-46f5-8579-9284e9584010,Y
1006678,5b1460aa-f4fc-4284-88df-1b6499abcaa2,N
1006678,e3e6f43c-5afd-46a8-856c-fdc35f3230f1,Y
1006678,312d8d42-65ef-4134-9fee-2e5944336a13,Y
1003568,cbde9be3-d1ea-4e58-81c6-8ad682ffd466,Y
1003568,575ade98-76e3-46f5-8579-9284e9584010,Y
1003568,5b1460aa-f4fc-4284-88df-1b6499abcaa2,N
1003568,e3e6f43c-5afd-46a8-856c-fdc35f3230f1,Y
1003568,312d8d42-65ef-4134-9fee-2e5944336a13,N
1020053,cbde9be3-d1ea-4e58-81c6-8ad682ffd466,Y
1020053,575ade98-76e3-46f5-8579-9284e9584010,Y
1020053,5b1460aa-f4fc-4284-88df-1b6499abcaa2,N
1020053,e3e6f43c-5afd-46a8-856c-fdc35f3230f1,N
1020053,312d8d42-65ef-4134-9fee-2e5944336a13,Y
1019954,cbde9be3-d1ea-4e58-81c6-8ad682ffd466,Y
1019954,575ade98-76e3-46f5-8579-9284e9584010,Y
1019954,5b1460aa-f4fc-4284-88df-1b6499abcaa2,Y
1019954,e3e6f43c-5afd-46a8-856c-fdc35f3230f1,Y
1019954,312d8d42-65ef-4134-9fee-2e5944336a13,Y
1010195,cbde9be3-d1ea-4e58-81c6-8ad682ffd466,Y
1010195,575ade98-76e3-46f5-8579-9284e9584010,Y
1010195,5b1460aa-f4fc-4284-88df-1b6499abcaa2,N
1010195,e3e6f43c-5afd-46a8-856c-fdc35f3230f1,Y
1010195,312d8d42-65ef-4134-9fee-2e5944336a13,Y
1005267,cbde9be3-d1ea-4e58-81c6-8ad682ffd466,Y
1005267,575ade98-76e3-46f5-8579-9284e9584010,N
1005267,5b1460aa-f4fc-4284-88df-1b6499abcaa2,N
1005267,e3e6f43c-5afd-46a8-856c-fdc35f3230f1,Y
1005267,312d8d42-65ef-4134-9fee-2e5944336a13,Y
1007798,cbde9be3-d1ea-4e58-81c6-8ad682ffd466,Y
1007798,575ade98-76e3-46f5-8579-9284e9584010,N
1007798,5b1460aa-f4fc-4284-88df-1b6499abcaa2,N
1007798,e3e6f43c-5afd-46a8-856c-fdc35f3230f1,N
1007798,312d8d42-65ef-4134-9fee-2e5944336a13,Y
1019081,cbde9be3-d1ea-4e58-81c6-8ad682ffd466,Y
1019081,575ade98-76e3-46f5-8579-9284e9584010,Y
1019081,5b1460aa-f4fc-4284-88df-1b6499abcaa2,N
1019081,e3e6f43c-5afd-46a8-856c-fdc35f3230f1,N
1019081,312d8d42-65ef-4134-9fee-2e5944336a13,N
1018622,cbde9be3-d1ea-4e58-81c6-8ad682ffd466,Y
1018622,575ade98-76e3-46f5-8579-9284e9584010,Y
1018622,5b1460aa-f4fc-4284-88df-1b6499abcaa2,Y
1018622,e3e6f43c-5afd-46a8-856c-fdc35f3230f1,Y
1018622,312d8d42-65ef-4134-9fee-2e5944336a13,Y
1019186,cbde9be3-d1ea-4e58-81c6-8ad682ffd466,Y
1019186,575ade98-76e3-46f5-8579-9284e9584010,N
1019186,5b1460aa-f4fc-4284-88df-1b6499abcaa2,N
1019186,e3e6f43c-5afd-46a8-856c-fdc35f3230f1,N
1019186,312d8d42-65ef-4134-9fee-2e5944336a13,N
1019049,cbde9be3-d1ea-4e58-81c6-8ad682ffd466,Y
1019049,575ade98-76e3-46f5-8579-9284e9584010,N
1019049,5b1460aa-f4fc-4284-88df-1b6499abcaa2,N
1019049,e3e6f43c-5afd-46a8-856c-fdc35f3230f1,Y
1019049,312d8d42-65ef-4134-9fee-2e5944336a13,Y
1018562,cbde9be3-d1ea-4e58-81c6-8ad682ffd466,Y
1018562,575ade98-76e3-46f5-8579-9284e9584010,Y
1018562,5b1460aa-f4fc-4284-88df-1b6499abcaa2,Y
1018562,e3e6f43c-5afd-46a8-856c-fdc35f3230f1,Y
1018562,312d8d42-65ef-4134-9fee-2e5944336a13,Y
1019457,cbde9be3-d1ea-4e58-81c6-8ad682ffd466,Y
1019457,575ade98-76e3-46f5-8579-9284e9584010,N
1019457,5b1460aa-f4fc-4284-88df-1b6499abcaa2,N
1019457,e3e6f43c-5afd-46a8-856c-fdc35f3230f1,Y
1019457,312d8d42-65ef-4134-9fee-2e5944336a13,Y
1010889,cbde9be3-d1ea-4e58-81c6-8ad682ffd466,Y
1010889,575ade98-76e3-46f5-8579-9284e9584010,N
1010889,5b1460aa-f4fc-4284-88df-1b6499abcaa2,N
1010889,e3e6f43c-5afd-46a8-856c-fdc35f3230f1,N
1010889,312d8d42-65ef-4134-9fee-2e5944336a13,N
1019841,cbde9be3-d1ea-4e58-81c6-8ad682ffd466,Y
1019841,575ade98-76e3-46f5-8579-9284e9584010,N
1019841,5b1460aa-f4fc-4284-88df-1b6499abcaa2,N
1019841,e3e6f43c-5afd-46a8-856c-fdc35f3230f1,N
1019841,312d8d42-65ef-4134-9fee-2e5944336a13,Y
1021514,cbde9be3-d1ea-4e58-81c6-8ad682ffd466,Y
1021514,575ade98-76e3-46f5-8579-9284e9584010,N
1021514,5b1460aa-f4fc-4284-88df-1b6499abcaa2,N
1021514,e3e6f43c-5afd-46a8-856c-fdc35f3230f1,Y
1021514,312d8d42-65ef-4134-9fee-2e5944336a13,Y
1019499,cbde9be3-d1ea-4e58-81c6-8ad682ffd466,Y
1019499,575ade98-76e3-46f5-8579-9284e9584010,Y
1019499,5b1460aa-f4fc-4284-88df-1b6499abcaa2,Y
1019499,e3e6f43c-5afd-46a8-856c-fdc35f3230f1,Y
1019499,312d8d42-65ef-4134-9fee-2e5944336a13,Y
1019523,cbde9be3-d1ea-4e58-81c6-8ad682ffd466,Y
1019523,575ade98-76e3-46f5-8579-9284e9584010,Y
1019523,5b1460aa-f4fc-4284-88df-1b6499abcaa2,N
1019523,e3e6f43c-5afd-46a8-856c-fdc35f3230f1,Y
1019523,312d8d42-65ef-4134-9fee-2e5944336a13,Y
1018937,cbde9be3-d1ea-4e58-81c6-8ad682ffd466,Y
1018937,575ade98-76e3-46f5-8579-9284e9584010,N
1018937,5b1460aa-f4fc-4284-88df-1b6499abcaa2,N
1018937,e3e6f43c-5afd-46a8-856c-fdc35f3230f1,N
1018937,312d8d42-65ef-4134-9fee-2e5944336a13,N
1019436,cbde9be3-d1ea-4e58-81c6-8ad682ffd466,Y
1019436,575ade98-76e3-46f5-8579-9284e9584010,Y
1019436,5b1460aa-f4fc-4284-88df-1b6499abcaa2,Y
1019436,e3e6f43c-5afd-46a8-856c-fdc35f3230f1,Y
1019436,312d8d42-65ef-4134-9fee-2e5944336a13,N
1021666,cbde9be3-d1ea-4e58-81c6-8ad682ffd466,Y
1021666,575ade98-76e3-46f5-8579-9284e9584010,Y
1021666,5b1460aa-f4fc-4284-88df-1b6499abcaa2,N
1021666,e3e6f43c-5afd-46a8-856c-fdc35f3230f1,Y
1021666,312d8d42-65ef-4134-9fee-2e5944336a13,N
1021734,cbde9be3-d1ea-4e58-81c6-8ad682ffd466,Y
1021734,575ade98-76e3-46f5-8579-9284e9584010,N
1021734,5b1460aa-f4fc-4284-88df-1b6499abcaa2,N
1021734,e3e6f43c-5afd-46a8-856c-fdc35f3230f1,N
1021734,312d8d42-65ef-4134-9fee-2e5944336a13,N
1018131,cbde9be3-d1ea-4e58-81c6-8ad682ffd466,Y
1018131,575ade98-76e3-46f5-8579-9284e9584010,N
1018131,5b1460aa-f4fc-4284-88df-1b6499abcaa2,N
1018131,e3e6f43c-5afd-46a8-856c-fdc35f3230f1,N
1018131,312d8d42-65ef-4134-9fee-2e5944336a13,N
1020104,cbde9be3-d1ea-4e58-81c6-8ad682ffd466,Y
1020104,575ade98-76e3-46f5-8579-9284e9584010,Y
1020104,5b1460aa-f4fc-4284-88df-1b6499abcaa2,N
1020104,e3e6f43c-5afd-46a8-856c-fdc35f3230f1,Y
1020104,312d8d42-65ef-4134-9fee-2e5944336a13,N
1021388,cbde9be3-d1ea-4e58-81c6-8ad682ffd466,Y
1021388,575ade98-76e3-46f5-8579-9284e9584010,Y
1021388,5b1460aa-f4fc-4284-88df-1b6499abcaa2,N
1021388,e3e6f43c-5afd-46a8-856c-fdc35f3230f1,N
1021388,312d8d42-65ef-4134-9fee-2e5944336a13,Y
1019705,cbde9be3-d1ea-4e58-81c6-8ad682ffd466,Y
1019705,575ade98-76e3-46f5-8579-9284e9584010,N
1019705,5b1460aa-f4fc-4284-88df-1b6499abcaa2,N
1019705,e3e6f43c-5afd-46a8-856c-fdc35f3230f1,N
1019705,312d8d42-65ef-4134-9fee-2e5944336a13,N
1005069,cbde9be3-d1ea-4e58-81c6-8ad682ffd466,Y
1005069,575ade98-76e3-46f5-8579-9284e9584010,Y
1005069,5b1460aa-f4fc-4284-88df-1b6499abcaa2,N
1005069,e3e6f43c-5afd-46a8-856c-fdc35f3230f1,Y
1005069,312d8d42-65ef-4134-9fee-2e5944336a13,Y
1021404,cbde9be3-d1ea-4e58-81c6-8ad682ffd466,Y
1021404,575ade98-76e3-46f5-8579-9284e9584010,N
1021404,5b1460aa-f4fc-4284-88df-1b6499abcaa2,Y
1021404,e3e6f43c-5afd-46a8-856c-fdc35f3230f1,Y
1021404,312d8d42-65ef-4134-9fee-2e5944336a13,N
1021620,cbde9be3-d1ea-4e58-81c6-8ad682ffd466,Y
1021620,575ade98-76e3-46f5-8579-9284e9584010,Y
1021620,5b1460aa-f4fc-4284-88df-1b6499abcaa2,Y
1021620,e3e6f43c-5afd-46a8-856c-fdc35f3230f1,Y
1021620,312d8d42-65ef-4134-9fee-2e5944336a13,N
1005159,cbde9be3-d1ea-4e58-81c6-8ad682ffd466,Y
1005159,575ade98-76e3-46f5-8579-9284e9584010,N
1005159,5b1460aa-f4fc-4284-88df-1b6499abcaa2,N
1005159,e3e6f43c-5afd-46a8-856c-fdc35f3230f1,N
1005159,312d8d42-65ef-4134-9fee-2e5944336a13,Y
1021538,cbde9be3-d1ea-4e58-81c6-8ad682ffd466,Y
1021538,575ade98-76e3-46f5-8579-9284e9584010,N
1021538,5b1460aa-f4fc-4284-88df-1b6499abcaa2,N
1021538,e3e6f43c-5afd-46a8-856c-fdc35f3230f1,N
1021538,312d8d42-65ef-4134-9fee-2e5944336a13,Y
1021581,cbde9be3-d1ea-4e58-81c6-8ad682ffd466,Y
1021581,575ade98-76e3-46f5-8579-9284e9584010,N
1021581,5b1460aa-f4fc-4284-88df-1b6499abcaa2,N
1021581,e3e6f43c-5afd-46a8-856c-fdc35f3230f1,N
1021581,312d8d42-65ef-4134-9fee-2e5944336a13,N
1019993,cbde9be3-d1ea-4e58-81c6-8ad682ffd466,Y
1019993,575ade98-76e3-46f5-8579-9284e9584010,Y
1019993,5b1460aa-f4fc-4284-88df-1b6499abcaa2,N
1019993,e3e6f43c-5afd-46a8-856c-fdc35f3230f1,N
1019993,312d8d42-65ef-4134-9fee-2e5944336a13,N
1020079,cbde9be3-d1ea-4e58-81c6-8ad682ffd466,Y
1020079,575ade98-76e3-46f5-8579-9284e9584010,N
1020079,5b1460aa-f4fc-4284-88df-1b6499abcaa2,Y
1020079,e3e6f43c-5afd-46a8-856c-fdc35f3230f1,Y
1020079,312d8d42-65ef-4134-9fee-2e5944336a13,N
1020080,cbde9be3-d1ea-4e58-81c6-8ad682ffd466,Y
1020080,575ade98-76e3-46f5-8579-9284e9584010,N
1020080,5b1460aa-f4fc-4284-88df-1b6499abcaa2,Y
1020080,e3e6f43c-5afd-46a8-856c-fdc35f3230f1,Y
1020080,312d8d42-65ef-4134-9fee-2e5944336a13,N
1021595,cbde9be3-d1ea-4e58-81c6-8ad682ffd466,Y
1021595,575ade98-76e3-46f5-8579-9284e9584010,N
1021595,5b1460aa-f4fc-4284-88df-1b6499abcaa2,N
1021595,e3e6f43c-5afd-46a8-856c-fdc35f3230f1,N
1021595,312d8d42-65ef-4134-9fee-2e5944336a13,N
1019862,cbde9be3-d1ea-4e58-81c6-8ad682ffd466,Y
1019862,575ade98-76e3-46f5-8579-9284e9584010,Y
1019862,5b1460aa-f4fc-4284-88df-1b6499abcaa2,N
1019862,e3e6f43c-5afd-46a8-856c-fdc35f3230f1,Y
1019862,312d8d42-65ef-4134-9fee-2e5944336a13,Y
1018427,cbde9be3-d1ea-4e58-81c6-8ad682ffd466,Y
1018427,575ade98-76e3-46f5-8579-9284e9584010,N
1018427,5b1460aa-f4fc-4284-88df-1b6499abcaa2,N
1018427,e3e6f43c-5afd-46a8-856c-fdc35f3230f1,N
1018427,312d8d42-65ef-4134-9fee-2e5944336a13,N
1016870,cbde9be3-d1ea-4e58-81c6-8ad682ffd466,Y
1016870,575ade98-76e3-46f5-8579-9284e9584010,N
1016870,5b1460aa-f4fc-4284-88df-1b6499abcaa2,N
1016870,e3e6f43c-5afd-46a8-856c-fdc35f3230f1,Y
1016870,312d8d42-65ef-4134-9fee-2e5944336a13,Y
1021460,cbde9be3-d1ea-4e58-81c6-8ad682ffd466,Y
1021460,575ade98-76e3-46f5-8579-9284e9584010,N
1021460,5b1460aa-f4fc-4284-88df-1b6499abcaa2,N
1021460,e3e6f43c-5afd-46a8-856c-fdc35f3230f1,Y
1021460,312d8d42-65ef-4134-9fee-2e5944336a13,Y
1019800,cbde9be3-d1ea-4e58-81c6-8ad682ffd466,Y
1019800,575ade98-76e3-46f5-8579-9284e9584010,N
1019800,5b1460aa-f4fc-4284-88df-1b6499abcaa2,Y
1019800,e3e6f43c-5afd-46a8-856c-fdc35f3230f1,Y
1019800,312d8d42-65ef-4134-9fee-2e5944336a13,Y
1012627,cbde9be3-d1ea-4e58-81c6-8ad682ffd466,Y
1012627,575ade98-76e3-46f5-8579-9284e9584010,N
1012627,5b1460aa-f4fc-4284-88df-1b6499abcaa2,N
1012627,e3e6f43c-5afd-46a8-856c-fdc35f3230f1,N
1012627,312d8d42-65ef-4134-9fee-2e5944336a13,N
1002721,cbde9be3-d1ea-4e58-81c6-8ad682ffd466,Y
1002721,575ade98-76e3-46f5-8579-9284e9584010,Y
1002721,5b1460aa-f4fc-4284-88df-1b6499abcaa2,Y
1002721,e3e6f43c-5afd-46a8-856c-fdc35f3230f1,Y
1002721,312d8d42-65ef-4134-9fee-2e5944336a13,Y
1018973,cbde9be3-d1ea-4e58-81c6-8ad682ffd466,Y
1018973,575ade98-76e3-46f5-8579-9284e9584010,N
1018973,5b1460aa-f4fc-4284-88df-1b6499abcaa2,N
1018973,e3e6f43c-5afd-46a8-856c-fdc35f3230f1,N
1018973,312d8d42-65ef-4134-9fee-2e5944336a13,Y
1021676,cbde9be3-d1ea-4e58-81c6-8ad682ffd466,Y
1021676,575ade98-76e3-46f5-8579-9284e9584010,N
1021676,5b1460aa-f4fc-4284-88df-1b6499abcaa2,N
1021676,e3e6f43c-5afd-46a8-856c-fdc35f3230f1,N
1021676,312d8d42-65ef-4134-9fee-2e5944336a13,N
1021665,cbde9be3-d1ea-4e58-81c6-8ad682ffd466,Y
1021665,575ade98-76e3-46f5-8579-9284e9584010,Y
1021665,5b1460aa-f4fc-4284-88df-1b6499abcaa2,N
1021665,e3e6f43c-5afd-46a8-856c-fdc35f3230f1,Y
1021665,312d8d42-65ef-4134-9fee-2e5944336a13,Y
1020193,cbde9be3-d1ea-4e58-81c6-8ad682ffd466,Y
1020193,575ade98-76e3-46f5-8579-9284e9584010,Y
1020193,5b1460aa-f4fc-4284-88df-1b6499abcaa2,N
1020193,e3e6f43c-5afd-46a8-856c-fdc35f3230f1,Y
1020193,312d8d42-65ef-4134-9fee-2e5944336a13,Y
1012308,cbde9be3-d1ea-4e58-81c6-8ad682ffd466,Y
1012308,575ade98-76e3-46f5-8579-9284e9584010,Y
1012308,5b1460aa-f4fc-4284-88df-1b6499abcaa2,Y
1012308,e3e6f43c-5afd-46a8-856c-fdc35f3230f1,Y
1012308,312d8d42-65ef-4134-9fee-2e5944336a13,Y
1019771,cbde9be3-d1ea-4e58-81c6-8ad682ffd466,Y
1019771,575ade98-76e3-46f5-8579-9284e9584010,N
1019771,5b1460aa-f4fc-4284-88df-1b6499abcaa2,N
1019771,e3e6f43c-5afd-46a8-856c-fdc35f3230f1,N
1019771,312d8d42-65ef-4134-9fee-2e5944336a13,Y
1018193,cbde9be3-d1ea-4e58-81c6-8ad682ffd466,Y
1018193,575ade98-76e3-46f5-8579-9284e9584010,N
1018193,5b1460aa-f4fc-4284-88df-1b6499abcaa2,N
1018193,e3e6f43c-5afd-46a8-856c-fdc35f3230f1,N
1018193,312d8d42-65ef-4134-9fee-2e5944336a13,N
1020008,cbde9be3-d1ea-4e58-81c6-8ad682ffd466,Y
1020008,575ade98-76e3-46f5-8579-9284e9584010,N
1020008,5b1460aa-f4fc-4284-88df-1b6499abcaa2,N
1020008,e3e6f43c-5afd-46a8-856c-fdc35f3230f1,Y
1020008,312d8d42-65ef-4134-9fee-2e5944336a13,Y
1019677,cbde9be3-d1ea-4e58-81c6-8ad682ffd466,Y
1019677,575ade98-76e3-46f5-8579-9284e9584010,N
1019677,5b1460aa-f4fc-4284-88df-1b6499abcaa2,N
1019677,e3e6f43c-5afd-46a8-856c-fdc35f3230f1,N
1019677,312d8d42-65ef-4134-9fee-2e5944336a13,N
1004377,cbde9be3-d1ea-4e58-81c6-8ad682ffd466,Y
1004377,575ade98-76e3-46f5-8579-9284e9584010,N
1004377,5b1460aa-f4fc-4284-88df-1b6499abcaa2,Y
1004377,e3e6f43c-5afd-46a8-856c-fdc35f3230f1,N
1004377,312d8d42-65ef-4134-9fee-2e5944336a13,N
1019914,cbde9be3-d1ea-4e58-81c6-8ad682ffd466,Y
1019914,575ade98-76e3-46f5-8579-9284e9584010,Y
1019914,5b1460aa-f4fc-4284-88df-1b6499abcaa2,Y
1019914,e3e6f43c-5afd-46a8-856c-fdc35f3230f1,Y
1019914,312d8d42-65ef-4134-9fee-2e5944336a13,N
1019897,cbde9be3-d1ea-4e58-81c6-8ad682ffd466,Y
1019897,575ade98-76e3-46f5-8579-9284e9584010,Y
1019897,5b1460aa-f4fc-4284-88df-1b6499abcaa2,N
1019897,e3e6f43c-5afd-46a8-856c-fdc35f3230f1,Y
1019897,312d8d42-65ef-4134-9fee-2e5944336a13,N
1020091,cbde9be3-d1ea-4e58-81c6-8ad682ffd466,Y
1020091,575ade98-76e3-46f5-8579-9284e9584010,Y
1020091,5b1460aa-f4fc-4284-88df-1b6499abcaa2,Y
1020091,e3e6f43c-5afd-46a8-856c-fdc35f3230f1,Y
1020091,312d8d42-65ef-4134-9fee-2e5944336a13,N
1020065,cbde9be3-d1ea-4e58-81c6-8ad682ffd466,Y
1020065,575ade98-76e3-46f5-8579-9284e9584010,Y
1020065,5b1460aa-f4fc-4284-88df-1b6499abcaa2,N
1020065,e3e6f43c-5afd-46a8-856c-fdc35f3230f1,N
1020065,312d8d42-65ef-4134-9fee-2e5944336a13,N
1021453,cbde9be3-d1ea-4e58-81c6-8ad682ffd466,Y
1021453,575ade98-76e3-46f5-8579-9284e9584010,Y
1021453,5b1460aa-f4fc-4284-88df-1b6499abcaa2,N
1021453,e3e6f43c-5afd-46a8-856c-fdc35f3230f1,Y
1021453,312d8d42-65ef-4134-9fee-2e5944336a13,Y
1019123,cbde9be3-d1ea-4e58-81c6-8ad682ffd466,Y
1019123,575ade98-76e3-46f5-8579-9284e9584010,N
1019123,5b1460aa-f4fc-4284-88df-1b6499abcaa2,N
1019123,e3e6f43c-5afd-46a8-856c-fdc35f3230f1,N
1019123,312d8d42-65ef-4134-9fee-2e5944336a13,Y
1000958,cbde9be3-d1ea-4e58-81c6-8ad682ffd466,Y
1000958,575ade98-76e3-46f5-8579-9284e9584010,N
1000958,5b1460aa-f4fc-4284-88df-1b6499abcaa2,N
1000958,e3e6f43c-5afd-46a8-856c-fdc35f3230f1,N
1000958,312d8d42-65ef-4134-9fee-2e5944336a13,Y
1021638,cbde9be3-d1ea-4e58-81c6-8ad682ffd466,Y
1021638,575ade98-76e3-46f5-8579-9284e9584010,Y
1021638,5b1460aa-f4fc-4284-88df-1b6499abcaa2,N
1021638,e3e6f43c-5afd-46a8-856c-fdc35f3230f1,Y
1021638,312d8d42-65ef-4134-9fee-2e5944336a13,Y
1021504,cbde9be3-d1ea-4e58-81c6-8ad682ffd466,Y
1021504,575ade98-76e3-46f5-8579-9284e9584010,Y
1021504,5b1460aa-f4fc-4284-88df-1b6499abcaa2,N
1021504,e3e6f43c-5afd-46a8-856c-fdc35f3230f1,N
1021504,312d8d42-65ef-4134-9fee-2e5944336a13,Y
1002803,cbde9be3-d1ea-4e58-81c6-8ad682ffd466,Y
1002803,575ade98-76e3-46f5-8579-9284e9584010,N
1002803,5b1460aa-f4fc-4284-88df-1b6499abcaa2,N
1002803,e3e6f43c-5afd-46a8-856c-fdc35f3230f1,N
1002803,312d8d42-65ef-4134-9fee-2e5944336a13,N
1018989,cbde9be3-d1ea-4e58-81c6-8ad682ffd466,Y
1018989,575ade98-76e3-46f5-8579-9284e9584010,Y
1018989,5b1460aa-f4fc-4284-88df-1b6499abcaa2,Y
1018989,e3e6f43c-5afd-46a8-856c-fdc35f3230f1,Y
1018989,312d8d42-65ef-4134-9fee-2e5944336a13,Y
1021680,cbde9be3-d1ea-4e58-81c6-8ad682ffd466,Y
1021680,575ade98-76e3-46f5-8579-9284e9584010,N
1021680,5b1460aa-f4fc-4284-88df-1b6499abcaa2,N
1021680,e3e6f43c-5afd-46a8-856c-fdc35f3230f1,N
1021680,312d8d42-65ef-4134-9fee-2e5944336a13,N
1018505,cbde9be3-d1ea-4e58-81c6-8ad682ffd466,Y
1018505,575ade98-76e3-46f5-8579-9284e9584010,Y
1018505,5b1460aa-f4fc-4284-88df-1b6499abcaa2,Y
1018505,e3e6f43c-5afd-46a8-856c-fdc35f3230f1,Y
1018505,312d8d42-65ef-4134-9fee-2e5944336a13,Y
1019101,cbde9be3-d1ea-4e58-81c6-8ad682ffd466,Y
1019101,575ade98-76e3-46f5-8579-9284e9584010,N
1019101,5b1460aa-f4fc-4284-88df-1b6499abcaa2,N
1019101,e3e6f43c-5afd-46a8-856c-fdc35f3230f1,N
1019101,312d8d42-65ef-4134-9fee-2e5944336a13,N
1002880,cbde9be3-d1ea-4e58-81c6-8ad682ffd466,Y
1002880,575ade98-76e3-46f5-8579-9284e9584010,Y
1002880,5b1460aa-f4fc-4284-88df-1b6499abcaa2,N
1002880,e3e6f43c-5afd-46a8-856c-fdc35f3230f1,Y
1002880,312d8d42-65ef-4134-9fee-2e5944336a13,Y
1019298,cbde9be3-d1ea-4e58-81c6-8ad682ffd466,Y
1019298,575ade98-76e3-46f5-8579-9284e9584010,Y
1019298,5b1460aa-f4fc-4284-88df-1b6499abcaa2,N
1019298,e3e6f43c-5afd-46a8-856c-fdc35f3230f1,Y
1019298,312d8d42-65ef-4134-9fee-2e5944336a13,Y
1019147,cbde9be3-d1ea-4e58-81c6-8ad682ffd466,Y
1019147,575ade98-76e3-46f5-8579-9284e9584010,N
1019147,5b1460aa-f4fc-4284-88df-1b6499abcaa2,N
1019147,e3e6f43c-5afd-46a8-856c-fdc35f3230f1,N
1019147,312d8d42-65ef-4134-9fee-2e5944336a13,Y
1021654,cbde9be3-d1ea-4e58-81c6-8ad682ffd466,Y
1021654,575ade98-76e3-46f5-8579-9284e9584010,Y
1021654,5b1460aa-f4fc-4284-88df-1b6499abcaa2,N
1021654,e3e6f43c-5afd-46a8-856c-fdc35f3230f1,Y
1021654,312d8d42-65ef-4134-9fee-2e5944336a13,Y
1020092,cbde9be3-d1ea-4e58-81c6-8ad682ffd466,Y
1020092,575ade98-76e3-46f5-8579-9284e9584010,Y
1020092,5b1460aa-f4fc-4284-88df-1b6499abcaa2,N
1020092,e3e6f43c-5afd-46a8-856c-fdc35f3230f1,N
1020092,312d8d42-65ef-4134-9fee-2e5944336a13,N
1020007,cbde9be3-d1ea-4e58-81c6-8ad682ffd466,Y
1020007,575ade98-76e3-46f5-8579-9284e9584010,Y
1020007,5b1460aa-f4fc-4284-88df-1b6499abcaa2,N
1020007,e3e6f43c-5afd-46a8-856c-fdc35f3230f1,N
1020007,312d8d42-65ef-4134-9fee-2e5944336a13,Y
1021565,cbde9be3-d1ea-4e58-81c6-8ad682ffd466,Y
1021565,575ade98-76e3-46f5-8579-9284e9584010,N
1021565,5b1460aa-f4fc-4284-88df-1b6499abcaa2,N
1021565,e3e6f43c-5afd-46a8-856c-fdc35f3230f1,N
1021565,312d8d42-65ef-4134-9fee-2e5944336a13,N
1012429,cbde9be3-d1ea-4e58-81c6-8ad682ffd466,Y
1012429,575ade98-76e3-46f5-8579-9284e9584010,N
1012429,5b1460aa-f4fc-4284-88df-1b6499abcaa2,N
1012429,e3e6f43c-5afd-46a8-856c-fdc35f3230f1,N
1012429,312d8d42-65ef-4134-9fee-2e5944336a13,Y
1018415,cbde9be3-d1ea-4e58-81c6-8ad682ffd466,Y
1018415,575ade98-76e3-46f5-8579-9284e9584010,N
1018415,5b1460aa-f4fc-4284-88df-1b6499abcaa2,N
1018415,e3e6f43c-5afd-46a8-856c-fdc35f3230f1,N
1018415,312d8d42-65ef-4134-9fee-2e5944336a13,N
1021353,cbde9be3-d1ea-4e58-81c6-8ad682ffd466,Y
1021353,575ade98-76e3-46f5-8579-9284e9584010,Y
1021353,5b1460aa-f4fc-4284-88df-1b6499abcaa2,Y
1021353,e3e6f43c-5afd-46a8-856c-fdc35f3230f1,Y
1021353,312d8d42-65ef-4134-9fee-2e5944336a13,Y
1019600,cbde9be3-d1ea-4e58-81c6-8ad682ffd466,Y
1019600,575ade98-76e3-46f5-8579-9284e9584010,N
1019600,5b1460aa-f4fc-4284-88df-1b6499abcaa2,N
1019600,e3e6f43c-5afd-46a8-856c-fdc35f3230f1,N
1019600,312d8d42-65ef-4134-9fee-2e5944336a13,N
1019404,cbde9be3-d1ea-4e58-81c6-8ad682ffd466,Y
1019404,575ade98-76e3-46f5-8579-9284e9584010,N
1019404,5b1460aa-f4fc-4284-88df-1b6499abcaa2,N
1019404,e3e6f43c-5afd-46a8-856c-fdc35f3230f1,N
1019404,312d8d42-65ef-4134-9fee-2e5944336a13,Y
1012466,cbde9be3-d1ea-4e58-81c6-8ad682ffd466,Y
1012466,575ade98-76e3-46f5-8579-9284e9584010,Y
1012466,5b1460aa-f4fc-4284-88df-1b6499abcaa2,N
1012466,e3e6f43c-5afd-46a8-856c-fdc35f3230f1,Y
1012466,312d8d42-65ef-4134-9fee-2e5944336a13,Y
1018671,cbde9be3-d1ea-4e58-81c6-8ad682ffd466,Y
1018671,575ade98-76e3-46f5-8579-9284e9584010,Y
1018671,5b1460aa-f4fc-4284-88df-1b6499abcaa2,N
1018671,e3e6f43c-5afd-46a8-856c-fdc35f3230f1,Y
1018671,312d8d42-65ef-4134-9fee-2e5944336a13,Y
1011730,cbde9be3-d1ea-4e58-81c6-8ad682ffd466,Y
1011730,575ade98-76e3-46f5-8579-9284e9584010,N
1011730,5b1460aa-f4fc-4284-88df-1b6499abcaa2,N
1011730,e3e6f43c-5afd-46a8-856c-fdc35f3230f1,N
1011730,312d8d42-65ef-4134-9fee-2e5944336a13,N
1021552,cbde9be3-d1ea-4e58-81c6-8ad682ffd466,Y
1021552,575ade98-76e3-46f5-8579-9284e9584010,N
1021552,5b1460aa-f4fc-4284-88df-1b6499abcaa2,N
1021552,e3e6f43c-5afd-46a8-856c-fdc35f3230f1,N
1021552,312d8d42-65ef-4134-9fee-2e5944336a13,N
1019762,cbde9be3-d1ea-4e58-81c6-8ad682ffd466,Y
1019762,575ade98-76e3-46f5-8579-9284e9584010,N
1019762,5b1460aa-f4fc-4284-88df-1b6499abcaa2,N
1019762,e3e6f43c-5afd-46a8-856c-fdc35f3230f1,N
1019762,312d8d42-65ef-4134-9fee-2e5944336a13,N
1019285,cbde9be3-d1ea-4e58-81c6-8ad682ffd466,Y
1019285,575ade98-76e3-46f5-8579-9284e9584010,N
1019285,5b1460aa-f4fc-4284-88df-1b6499abcaa2,N
1019285,e3e6f43c-5afd-46a8-856c-fdc35f3230f1,N
1019285,312d8d42-65ef-4134-9fee-2e5944336a13,N
1019998,cbde9be3-d1ea-4e58-81c6-8ad682ffd466,Y
1019998,575ade98-76e3-46f5-8579-9284e9584010,N
1019998,5b1460aa-f4fc-4284-88df-1b6499abcaa2,N
1019998,e3e6f43c-5afd-46a8-856c-fdc35f3230f1,N
1019998,312d8d42-65ef-4134-9fee-2e5944336a13,N
1018121,cbde9be3-d1ea-4e58-81c6-8ad682ffd466,Y
1018121,575ade98-76e3-46f5-8579-9284e9584010,N
1018121,5b1460aa-f4fc-4284-88df-1b6499abcaa2,Y
1018121,e3e6f43c-5afd-46a8-856c-fdc35f3230f1,N
1018121,312d8d42-65ef-4134-9fee-2e5944336a13,N
1019949,cbde9be3-d1ea-4e58-81c6-8ad682ffd466,Y
1019949,575ade98-76e3-46f5-8579-9284e9584010,N
1019949,5b1460aa-f4fc-4284-88df-1b6499abcaa2,N
1019949,e3e6f43c-5afd-46a8-856c-fdc35f3230f1,N
1019949,312d8d42-65ef-4134-9fee-2e5944336a13,Y
1006661,cbde9be3-d1ea-4e58-81c6-8ad682ffd466,Y
1006661,575ade98-76e3-46f5-8579-9284e9584010,Y
1006661,5b1460aa-f4fc-4284-88df-1b6499abcaa2,N
1006661,e3e6f43c-5afd-46a8-856c-fdc35f3230f1,Y
1006661,312d8d42-65ef-4134-9fee-2e5944336a13,Y
1021590,cbde9be3-d1ea-4e58-81c6-8ad682ffd466,Y
1021590,575ade98-76e3-46f5-8579-9284e9584010,Y
1021590,5b1460aa-f4fc-4284-88df-1b6499abcaa2,N
1021590,e3e6f43c-5afd-46a8-856c-fdc35f3230f1,Y
1021590,312d8d42-65ef-4134-9fee-2e5944336a13,Y
1021444,cbde9be3-d1ea-4e58-81c6-8ad682ffd466,Y
1021444,575ade98-76e3-46f5-8579-9284e9584010,N
1021444,5b1460aa-f4fc-4284-88df-1b6499abcaa2,N
1021444,e3e6f43c-5afd-46a8-856c-fdc35f3230f1,Y
1021444,312d8d42-65ef-4134-9fee-2e5944336a13,N
1021730,cbde9be3-d1ea-4e58-81c6-8ad682ffd466,Y
1021730,575ade98-76e3-46f5-8579-9284e9584010,N
1021730,5b1460aa-f4fc-4284-88df-1b6499abcaa2,N
1021730,e3e6f43c-5afd-46a8-856c-fdc35f3230f1,Y
1021730,312d8d42-65ef-4134-9fee-2e5944336a13,N
1019630,cbde9be3-d1ea-4e58-81c6-8ad682ffd466,Y
1019630,575ade98-76e3-46f5-8579-9284e9584010,N
1019630,5b1460aa-f4fc-4284-88df-1b6499abcaa2,N
1019630,e3e6f43c-5afd-46a8-856c-fdc35f3230f1,N
1019630,312d8d42-65ef-4134-9fee-2e5944336a13,N
1011814,cbde9be3-d1ea-4e58-81c6-8ad682ffd466,Y
1011814,575ade98-76e3-46f5-8579-9284e9584010,Y
1011814,5b1460aa-f4fc-4284-88df-1b6499abcaa2,Y
1011814,e3e6f43c-5afd-46a8-856c-fdc35f3230f1,Y
1011814,312d8d42-65ef-4134-9fee-2e5944336a13,Y
1018970,cbde9be3-d1ea-4e58-81c6-8ad682ffd466,Y
1018970,575ade98-76e3-46f5-8579-9284e9584010,N
1018970,5b1460aa-f4fc-4284-88df-1b6499abcaa2,N
1018970,e3e6f43c-5afd-46a8-856c-fdc35f3230f1,Y
1018970,312d8d42-65ef-4134-9fee-2e5944336a13,N
1018831,cbde9be3-d1ea-4e58-81c6-8ad682ffd466,Y
1018831,575ade98-76e3-46f5-8579-9284e9584010,N
1018831,5b1460aa-f4fc-4284-88df-1b6499abcaa2,N
1018831,e3e6f43c-5afd-46a8-856c-fdc35f3230f1,N
1018831,312d8d42-65ef-4134-9fee-2e5944336a13,N
1019728,cbde9be3-d1ea-4e58-81c6-8ad682ffd466,Y
1019728,575ade98-76e3-46f5-8579-9284e9584010,Y
1019728,5b1460aa-f4fc-4284-88df-1b6499abcaa2,Y
1019728,e3e6f43c-5afd-46a8-856c-fdc35f3230f1,Y
1019728,312d8d42-65ef-4134-9fee-2e5944336a13,Y
1021662,cbde9be3-d1ea-4e58-81c6-8ad682ffd466,Y
1021662,575ade98-76e3-46f5-8579-9284e9584010,N
1021662,5b1460aa-f4fc-4284-88df-1b6499abcaa2,N
1021662,e3e6f43c-5afd-46a8-856c-fdc35f3230f1,Y
1021662,312d8d42-65ef-4134-9fee-2e5944336a13,Y
1020095,cbde9be3-d1ea-4e58-81c6-8ad682ffd466,Y
1020095,575ade98-76e3-46f5-8579-9284e9584010,N
1020095,5b1460aa-f4fc-4284-88df-1b6499abcaa2,N
1020095,e3e6f43c-5afd-46a8-856c-fdc35f3230f1,Y
1020095,312d8d42-65ef-4134-9fee-2e5944336a13,N
1019587,cbde9be3-d1ea-4e58-81c6-8ad682ffd466,Y
1019587,575ade98-76e3-46f5-8579-9284e9584010,N
1019587,5b1460aa-f4fc-4284-88df-1b6499abcaa2,N
1019587,e3e6f43c-5afd-46a8-856c-fdc35f3230f1,N
1019587,312d8d42-65ef-4134-9fee-2e5944336a13,N
1021677,cbde9be3-d1ea-4e58-81c6-8ad682ffd466,Y
1021677,575ade98-76e3-46f5-8579-9284e9584010,Y
1021677,5b1460aa-f4fc-4284-88df-1b6499abcaa2,N
1021677,e3e6f43c-5afd-46a8-856c-fdc35f3230f1,N
1021677,312d8d42-65ef-4134-9fee-2e5944336a13,N
1021416,cbde9be3-d1ea-4e58-81c6-8ad682ffd466,Y
1021416,575ade98-76e3-46f5-8579-9284e9584010,N
1021416,5b1460aa-f4fc-4284-88df-1b6499abcaa2,N
1021416,e3e6f43c-5afd-46a8-856c-fdc35f3230f1,N
1021416,312d8d42-65ef-4134-9fee-2e5944336a13,N
1012033,cbde9be3-d1ea-4e58-81c6-8ad682ffd466,Y
1012033,575ade98-76e3-46f5-8579-9284e9584010,Y
1012033,5b1460aa-f4fc-4284-88df-1b6499abcaa2,Y
1012033,e3e6f43c-5afd-46a8-856c-fdc35f3230f1,Y
1012033,312d8d42-65ef-4134-9fee-2e5944336a13,Y
1019602,cbde9be3-d1ea-4e58-81c6-8ad682ffd466,Y
1019602,575ade98-76e3-46f5-8579-9284e9584010,Y
1019602,5b1460aa-f4fc-4284-88df-1b6499abcaa2,Y
1019602,e3e6f43c-5afd-46a8-856c-fdc35f3230f1,N
1019602,312d8d42-65ef-4134-9fee-2e5944336a13,Y
1019603,cbde9be3-d1ea-4e58-81c6-8ad682ffd466,Y
1019603,575ade98-76e3-46f5-8579-9284e9584010,Y
1019603,5b1460aa-f4fc-4284-88df-1b6499abcaa2,Y
1019603,e3e6f43c-5afd-46a8-856c-fdc35f3230f1,N
1019603,312d8d42-65ef-4134-9fee-2e5944336a13,Y
1019604,cbde9be3-d1ea-4e58-81c6-8ad682ffd466,Y
1019604,575ade98-76e3-46f5-8579-9284e9584010,Y
1019604,5b1460aa-f4fc-4284-88df-1b6499abcaa2,Y
1019604,e3e6f43c-5afd-46a8-856c-fdc35f3230f1,N
1019604,312d8d42-65ef-4134-9fee-2e5944336a13,Y
1019605,cbde9be3-d1ea-4e58-81c6-8ad682ffd466,Y
1019605,575ade98-76e3-46f5-8579-9284e9584010,Y
1019605,5b1460aa-f4fc-4284-88df-1b6499abcaa2,Y
1019605,e3e6f43c-5afd-46a8-856c-fdc35f3230f1,N
1019605,312d8d42-65ef-4134-9fee-2e5944336a13,Y
1019606,cbde9be3-d1ea-4e58-81c6-8ad682ffd466,Y
1019606,575ade98-76e3-46f5-8579-9284e9584010,Y
1019606,5b1460aa-f4fc-4284-88df-1b6499abcaa2,Y
1019606,e3e6f43c-5afd-46a8-856c-fdc35f3230f1,N
1019606,312d8d42-65ef-4134-9fee-2e5944336a13,Y
1019607,cbde9be3-d1ea-4e58-81c6-8ad682ffd466,Y
1019607,575ade98-76e3-46f5-8579-9284e9584010,Y
1019607,5b1460aa-f4fc-4284-88df-1b6499abcaa2,Y
1019607,e3e6f43c-5afd-46a8-856c-fdc35f3230f1,N
1019607,312d8d42-65ef-4134-9fee-2e5944336a13,Y
1019608,cbde9be3-d1ea-4e58-81c6-8ad682ffd466,Y
1019608,575ade98-76e3-46f5-8579-9284e9584010,Y
1019608,5b1460aa-f4fc-4284-88df-1b6499abcaa2,Y
1019608,e3e6f43c-5afd-46a8-856c-fdc35f3230f1,N
1019608,312d8d42-65ef-4134-9fee-2e5944336a13,Y
1021461,cbde9be3-d1ea-4e58-81c6-8ad682ffd466,Y
1021461,575ade98-76e3-46f5-8579-9284e9584010,N
1021461,5b1460aa-f4fc-4284-88df-1b6499abcaa2,N
1021461,e3e6f43c-5afd-46a8-856c-fdc35f3230f1,N
1021461,312d8d42-65ef-4134-9fee-2e5944336a13,N
1021284,cbde9be3-d1ea-4e58-81c6-8ad682ffd466,Y
1021284,575ade98-76e3-46f5-8579-9284e9584010,N
1021284,5b1460aa-f4fc-4284-88df-1b6499abcaa2,N
1021284,e3e6f43c-5afd-46a8-856c-fdc35f3230f1,N
1021284,312d8d42-65ef-4134-9fee-2e5944336a13,Y
1008573,cbde9be3-d1ea-4e58-81c6-8ad682ffd466,Y
1008573,575ade98-76e3-46f5-8579-9284e9584010,N
1008573,5b1460aa-f4fc-4284-88df-1b6499abcaa2,N
1008573,e3e6f43c-5afd-46a8-856c-fdc35f3230f1,N
1008573,312d8d42-65ef-4134-9fee-2e5944336a13,Y
1002767,cbde9be3-d1ea-4e58-81c6-8ad682ffd466,Y
1002767,575ade98-76e3-46f5-8579-9284e9584010,Y
1002767,5b1460aa-f4fc-4284-88df-1b6499abcaa2,N
1002767,e3e6f43c-5afd-46a8-856c-fdc35f3230f1,Y
1002767,312d8d42-65ef-4134-9fee-2e5944336a13,N
1005588,cbde9be3-d1ea-4e58-81c6-8ad682ffd466,Y
1005588,575ade98-76e3-46f5-8579-9284e9584010,N
1005588,5b1460aa-f4fc-4284-88df-1b6499abcaa2,N
1005588,e3e6f43c-5afd-46a8-856c-fdc35f3230f1,Y
1005588,312d8d42-65ef-4134-9fee-2e5944336a13,N
1019710,cbde9be3-d1ea-4e58-81c6-8ad682ffd466,Y
1019710,575ade98-76e3-46f5-8579-9284e9584010,Y
1019710,5b1460aa-f4fc-4284-88df-1b6499abcaa2,Y
1019710,e3e6f43c-5afd-46a8-856c-fdc35f3230f1,Y
1019710,312d8d42-65ef-4134-9fee-2e5944336a13,Y
1019414,cbde9be3-d1ea-4e58-81c6-8ad682ffd466,Y
1019414,575ade98-76e3-46f5-8579-9284e9584010,Y
1019414,5b1460aa-f4fc-4284-88df-1b6499abcaa2,N
1019414,e3e6f43c-5afd-46a8-856c-fdc35f3230f1,Y
1019414,312d8d42-65ef-4134-9fee-2e5944336a13,Y
1021364,cbde9be3-d1ea-4e58-81c6-8ad682ffd466,Y
1021364,575ade98-76e3-46f5-8579-9284e9584010,Y
1021364,5b1460aa-f4fc-4284-88df-1b6499abcaa2,Y
1021364,e3e6f43c-5afd-46a8-856c-fdc35f3230f1,Y
1021364,312d8d42-65ef-4134-9fee-2e5944336a13,Y
1020050,cbde9be3-d1ea-4e58-81c6-8ad682ffd466,Y
1020050,575ade98-76e3-46f5-8579-9284e9584010,N
1020050,5b1460aa-f4fc-4284-88df-1b6499abcaa2,N
1020050,e3e6f43c-5afd-46a8-856c-fdc35f3230f1,Y
1020050,312d8d42-65ef-4134-9fee-2e5944336a13,Y
1019833,cbde9be3-d1ea-4e58-81c6-8ad682ffd466,Y
1019833,575ade98-76e3-46f5-8579-9284e9584010,N
1019833,5b1460aa-f4fc-4284-88df-1b6499abcaa2,N
1019833,e3e6f43c-5afd-46a8-856c-fdc35f3230f1,N
1019833,312d8d42-65ef-4134-9fee-2e5944336a13,N
1021350,cbde9be3-d1ea-4e58-81c6-8ad682ffd466,Y
1021350,575ade98-76e3-46f5-8579-9284e9584010,N
1021350,5b1460aa-f4fc-4284-88df-1b6499abcaa2,N
1021350,e3e6f43c-5afd-46a8-856c-fdc35f3230f1,N
1021350,312d8d42-65ef-4134-9fee-2e5944336a13,Y
1021308,cbde9be3-d1ea-4e58-81c6-8ad682ffd466,Y
1021308,575ade98-76e3-46f5-8579-9284e9584010,Y
1021308,5b1460aa-f4fc-4284-88df-1b6499abcaa2,N
1021308,e3e6f43c-5afd-46a8-856c-fdc35f3230f1,Y
1021308,312d8d42-65ef-4134-9fee-2e5944336a13,N
1012253,cbde9be3-d1ea-4e58-81c6-8ad682ffd466,Y
1012253,575ade98-76e3-46f5-8579-9284e9584010,Y
1012253,5b1460aa-f4fc-4284-88df-1b6499abcaa2,Y
1012253,e3e6f43c-5afd-46a8-856c-fdc35f3230f1,Y
1012253,312d8d42-65ef-4134-9fee-2e5944336a13,N
1021392,cbde9be3-d1ea-4e58-81c6-8ad682ffd466,Y
1021392,575ade98-76e3-46f5-8579-9284e9584010,N
1021392,5b1460aa-f4fc-4284-88df-1b6499abcaa2,N
1021392,e3e6f43c-5afd-46a8-856c-fdc35f3230f1,N
1021392,312d8d42-65ef-4134-9fee-2e5944336a13,N
1005937,cbde9be3-d1ea-4e58-81c6-8ad682ffd466,Y
1005937,575ade98-76e3-46f5-8579-9284e9584010,N
1005937,5b1460aa-f4fc-4284-88df-1b6499abcaa2,N
1005937,e3e6f43c-5afd-46a8-856c-fdc35f3230f1,N
1005937,312d8d42-65ef-4134-9fee-2e5944336a13,Y
1017947,cbde9be3-d1ea-4e58-81c6-8ad682ffd466,Y
1017947,575ade98-76e3-46f5-8579-9284e9584010,N
1017947,5b1460aa-f4fc-4284-88df-1b6499abcaa2,N
1017947,e3e6f43c-5afd-46a8-856c-fdc35f3230f1,N
1017947,312d8d42-65ef-4134-9fee-2e5944336a13,Y
1021484,cbde9be3-d1ea-4e58-81c6-8ad682ffd466,Y
1021484,575ade98-76e3-46f5-8579-9284e9584010,N
1021484,5b1460aa-f4fc-4284-88df-1b6499abcaa2,N
1021484,e3e6f43c-5afd-46a8-856c-fdc35f3230f1,N
1021484,312d8d42-65ef-4134-9fee-2e5944336a13,Y
1019989,cbde9be3-d1ea-4e58-81c6-8ad682ffd466,Y
1019989,575ade98-76e3-46f5-8579-9284e9584010,Y
1019989,5b1460aa-f4fc-4284-88df-1b6499abcaa2,N
1019989,e3e6f43c-5afd-46a8-856c-fdc35f3230f1,Y
1019989,312d8d42-65ef-4134-9fee-2e5944336a13,Y
1009808,cbde9be3-d1ea-4e58-81c6-8ad682ffd466,Y
1009808,575ade98-76e3-46f5-8579-9284e9584010,Y
1009808,5b1460aa-f4fc-4284-88df-1b6499abcaa2,N
1009808,e3e6f43c-5afd-46a8-856c-fdc35f3230f1,Y
1009808,312d8d42-65ef-4134-9fee-2e5944336a13,Y
1021456,cbde9be3-d1ea-4e58-81c6-8ad682ffd466,Y
1021456,575ade98-76e3-46f5-8579-9284e9584010,N
1021456,5b1460aa-f4fc-4284-88df-1b6499abcaa2,N
1021456,e3e6f43c-5afd-46a8-856c-fdc35f3230f1,N
1021456,312d8d42-65ef-4134-9fee-2e5944336a13,Y
1006059,cbde9be3-d1ea-4e58-81c6-8ad682ffd466,Y
1006059,575ade98-76e3-46f5-8579-9284e9584010,N
1006059,5b1460aa-f4fc-4284-88df-1b6499abcaa2,Y
1006059,e3e6f43c-5afd-46a8-856c-fdc35f3230f1,N
1006059,312d8d42-65ef-4134-9fee-2e5944336a13,Y
1021289,cbde9be3-d1ea-4e58-81c6-8ad682ffd466,Y
1021289,575ade98-76e3-46f5-8579-9284e9584010,N
1021289,5b1460aa-f4fc-4284-88df-1b6499abcaa2,N
1021289,e3e6f43c-5afd-46a8-856c-fdc35f3230f1,N
1021289,312d8d42-65ef-4134-9fee-2e5944336a13,Y
1021319,cbde9be3-d1ea-4e58-81c6-8ad682ffd466,Y
1021319,575ade98-76e3-46f5-8579-9284e9584010,Y
1021319,5b1460aa-f4fc-4284-88df-1b6499abcaa2,N
1021319,e3e6f43c-5afd-46a8-856c-fdc35f3230f1,Y
1021319,312d8d42-65ef-4134-9fee-2e5944336a13,Y
1021320,cbde9be3-d1ea-4e58-81c6-8ad682ffd466,Y
1021320,575ade98-76e3-46f5-8579-9284e9584010,Y
1021320,5b1460aa-f4fc-4284-88df-1b6499abcaa2,N
1021320,e3e6f43c-5afd-46a8-856c-fdc35f3230f1,Y
1021320,312d8d42-65ef-4134-9fee-2e5944336a13,Y
1004849,cbde9be3-d1ea-4e58-81c6-8ad682ffd466,Y
1004849,575ade98-76e3-46f5-8579-9284e9584010,N
1004849,5b1460aa-f4fc-4284-88df-1b6499abcaa2,N
1004849,e3e6f43c-5afd-46a8-856c-fdc35f3230f1,N
1004849,312d8d42-65ef-4134-9fee-2e5944336a13,N
1006997,cbde9be3-d1ea-4e58-81c6-8ad682ffd466,Y
1006997,575ade98-76e3-46f5-8579-9284e9584010,N
1006997,5b1460aa-f4fc-4284-88df-1b6499abcaa2,N
1006997,e3e6f43c-5afd-46a8-856c-fdc35f3230f1,N
1006997,312d8d42-65ef-4134-9fee-2e5944336a13,Y
1019805,cbde9be3-d1ea-4e58-81c6-8ad682ffd466,Y
1019805,575ade98-76e3-46f5-8579-9284e9584010,N
1019805,5b1460aa-f4fc-4284-88df-1b6499abcaa2,Y
1019805,e3e6f43c-5afd-46a8-856c-fdc35f3230f1,Y
1019805,312d8d42-65ef-4134-9fee-2e5944336a13,Y
1019132,cbde9be3-d1ea-4e58-81c6-8ad682ffd466,Y
1019132,575ade98-76e3-46f5-8579-9284e9584010,N
1019132,5b1460aa-f4fc-4284-88df-1b6499abcaa2,N
1019132,e3e6f43c-5afd-46a8-856c-fdc35f3230f1,N
1019132,312d8d42-65ef-4134-9fee-2e5944336a13,N
1018472,cbde9be3-d1ea-4e58-81c6-8ad682ffd466,Y
1018472,575ade98-76e3-46f5-8579-9284e9584010,N
1018472,5b1460aa-f4fc-4284-88df-1b6499abcaa2,N
1018472,e3e6f43c-5afd-46a8-856c-fdc35f3230f1,Y
1018472,312d8d42-65ef-4134-9fee-2e5944336a13,N
1021382,cbde9be3-d1ea-4e58-81c6-8ad682ffd466,Y
1021382,575ade98-76e3-46f5-8579-9284e9584010,Y
1021382,5b1460aa-f4fc-4284-88df-1b6499abcaa2,N
1021382,e3e6f43c-5afd-46a8-856c-fdc35f3230f1,Y
1021382,312d8d42-65ef-4134-9fee-2e5944336a13,Y
1021536,cbde9be3-d1ea-4e58-81c6-8ad682ffd466,Y
1021536,575ade98-76e3-46f5-8579-9284e9584010,N
1021536,5b1460aa-f4fc-4284-88df-1b6499abcaa2,N
1021536,e3e6f43c-5afd-46a8-856c-fdc35f3230f1,N
1021536,312d8d42-65ef-4134-9fee-2e5944336a13,N
1019088,cbde9be3-d1ea-4e58-81c6-8ad682ffd466,Y
1019088,575ade98-76e3-46f5-8579-9284e9584010,Y
1019088,5b1460aa-f4fc-4284-88df-1b6499abcaa2,N
1019088,e3e6f43c-5afd-46a8-856c-fdc35f3230f1,N
1019088,312d8d42-65ef-4134-9fee-2e5944336a13,Y
1021247,cbde9be3-d1ea-4e58-81c6-8ad682ffd466,Y
1021247,575ade98-76e3-46f5-8579-9284e9584010,N
1021247,5b1460aa-f4fc-4284-88df-1b6499abcaa2,N
1021247,e3e6f43c-5afd-46a8-856c-fdc35f3230f1,N
1021247,312d8d42-65ef-4134-9fee-2e5944336a13,Y
1018619,cbde9be3-d1ea-4e58-81c6-8ad682ffd466,Y
1018619,575ade98-76e3-46f5-8579-9284e9584010,Y
1018619,5b1460aa-f4fc-4284-88df-1b6499abcaa2,Y
1018619,e3e6f43c-5afd-46a8-856c-fdc35f3230f1,Y
1018619,312d8d42-65ef-4134-9fee-2e5944336a13,Y
1005265,cbde9be3-d1ea-4e58-81c6-8ad682ffd466,Y
1005265,575ade98-76e3-46f5-8579-9284e9584010,N
1005265,5b1460aa-f4fc-4284-88df-1b6499abcaa2,N
1005265,e3e6f43c-5afd-46a8-856c-fdc35f3230f1,Y
1005265,312d8d42-65ef-4134-9fee-2e5944336a13,Y
1001804,cbde9be3-d1ea-4e58-81c6-8ad682ffd466,Y
1001804,575ade98-76e3-46f5-8579-9284e9584010,N
1001804,5b1460aa-f4fc-4284-88df-1b6499abcaa2,N
1001804,e3e6f43c-5afd-46a8-856c-fdc35f3230f1,Y
1001804,312d8d42-65ef-4134-9fee-2e5944336a13,Y
1021584,cbde9be3-d1ea-4e58-81c6-8ad682ffd466,Y
1021584,575ade98-76e3-46f5-8579-9284e9584010,Y
1021584,5b1460aa-f4fc-4284-88df-1b6499abcaa2,N
1021584,e3e6f43c-5afd-46a8-856c-fdc35f3230f1,N
1021584,312d8d42-65ef-4134-9fee-2e5944336a13,Y
1019673,cbde9be3-d1ea-4e58-81c6-8ad682ffd466,Y
1019673,575ade98-76e3-46f5-8579-9284e9584010,N
1019673,5b1460aa-f4fc-4284-88df-1b6499abcaa2,N
1019673,e3e6f43c-5afd-46a8-856c-fdc35f3230f1,N
1019673,312d8d42-65ef-4134-9fee-2e5944336a13,N
1018774,cbde9be3-d1ea-4e58-81c6-8ad682ffd466,Y
1018774,575ade98-76e3-46f5-8579-9284e9584010,N
1018774,5b1460aa-f4fc-4284-88df-1b6499abcaa2,N
1018774,e3e6f43c-5afd-46a8-856c-fdc35f3230f1,N
1018774,312d8d42-65ef-4134-9fee-2e5944336a13,N
1019738,cbde9be3-d1ea-4e58-81c6-8ad682ffd466,Y
1019738,575ade98-76e3-46f5-8579-9284e9584010,Y
1019738,5b1460aa-f4fc-4284-88df-1b6499abcaa2,Y
1019738,e3e6f43c-5afd-46a8-856c-fdc35f3230f1,N
1019738,312d8d42-65ef-4134-9fee-2e5944336a13,Y
1019209,cbde9be3-d1ea-4e58-81c6-8ad682ffd466,Y
1019209,575ade98-76e3-46f5-8579-9284e9584010,N
1019209,5b1460aa-f4fc-4284-88df-1b6499abcaa2,N
1019209,e3e6f43c-5afd-46a8-856c-fdc35f3230f1,N
1019209,312d8d42-65ef-4134-9fee-2e5944336a13,N
1001597,cbde9be3-d1ea-4e58-81c6-8ad682ffd466,Y
1001597,575ade98-76e3-46f5-8579-9284e9584010,Y
1001597,5b1460aa-f4fc-4284-88df-1b6499abcaa2,N
1001597,e3e6f43c-5afd-46a8-856c-fdc35f3230f1,Y
1001597,312d8d42-65ef-4134-9fee-2e5944336a13,Y
1021583,cbde9be3-d1ea-4e58-81c6-8ad682ffd466,Y
1021583,575ade98-76e3-46f5-8579-9284e9584010,N
1021583,5b1460aa-f4fc-4284-88df-1b6499abcaa2,N
1021583,e3e6f43c-5afd-46a8-856c-fdc35f3230f1,Y
1021583,312d8d42-65ef-4134-9fee-2e5944336a13,Y
1006425,cbde9be3-d1ea-4e58-81c6-8ad682ffd466,Y
1006425,575ade98-76e3-46f5-8579-9284e9584010,N
1006425,5b1460aa-f4fc-4284-88df-1b6499abcaa2,N
1006425,e3e6f43c-5afd-46a8-856c-fdc35f3230f1,N
1006425,312d8d42-65ef-4134-9fee-2e5944336a13,N
1019065,cbde9be3-d1ea-4e58-81c6-8ad682ffd466,Y
1019065,575ade98-76e3-46f5-8579-9284e9584010,N
1019065,5b1460aa-f4fc-4284-88df-1b6499abcaa2,N
1019065,e3e6f43c-5afd-46a8-856c-fdc35f3230f1,Y
1019065,312d8d42-65ef-4134-9fee-2e5944336a13,N
1019148,cbde9be3-d1ea-4e58-81c6-8ad682ffd466,Y
1019148,575ade98-76e3-46f5-8579-9284e9584010,N
1019148,5b1460aa-f4fc-4284-88df-1b6499abcaa2,N
1019148,e3e6f43c-5afd-46a8-856c-fdc35f3230f1,N
1019148,312d8d42-65ef-4134-9fee-2e5944336a13,N
1019533,cbde9be3-d1ea-4e58-81c6-8ad682ffd466,Y
1019533,575ade98-76e3-46f5-8579-9284e9584010,Y
1019533,5b1460aa-f4fc-4284-88df-1b6499abcaa2,N
1019533,e3e6f43c-5afd-46a8-856c-fdc35f3230f1,Y
1019533,312d8d42-65ef-4134-9fee-2e5944336a13,Y
1019770,cbde9be3-d1ea-4e58-81c6-8ad682ffd466,Y
1019770,575ade98-76e3-46f5-8579-9284e9584010,N
1019770,5b1460aa-f4fc-4284-88df-1b6499abcaa2,Y
1019770,e3e6f43c-5afd-46a8-856c-fdc35f3230f1,Y
1019770,312d8d42-65ef-4134-9fee-2e5944336a13,Y
1019154,cbde9be3-d1ea-4e58-81c6-8ad682ffd466,Y
1019154,575ade98-76e3-46f5-8579-9284e9584010,Y
1019154,5b1460aa-f4fc-4284-88df-1b6499abcaa2,Y
1019154,e3e6f43c-5afd-46a8-856c-fdc35f3230f1,N
1019154,312d8d42-65ef-4134-9fee-2e5944336a13,N
1018380,cbde9be3-d1ea-4e58-81c6-8ad682ffd466,Y
1018380,575ade98-76e3-46f5-8579-9284e9584010,N
1018380,5b1460aa-f4fc-4284-88df-1b6499abcaa2,N
1018380,e3e6f43c-5afd-46a8-856c-fdc35f3230f1,N
1018380,312d8d42-65ef-4134-9fee-2e5944336a13,N
1021696,cbde9be3-d1ea-4e58-81c6-8ad682ffd466,Y
1021696,575ade98-76e3-46f5-8579-9284e9584010,N
1021696,5b1460aa-f4fc-4284-88df-1b6499abcaa2,N
1021696,e3e6f43c-5afd-46a8-856c-fdc35f3230f1,N
1021696,312d8d42-65ef-4134-9fee-2e5944336a13,N
1021555,cbde9be3-d1ea-4e58-81c6-8ad682ffd466,Y
1021555,575ade98-76e3-46f5-8579-9284e9584010,N
1021555,5b1460aa-f4fc-4284-88df-1b6499abcaa2,N
1021555,e3e6f43c-5afd-46a8-856c-fdc35f3230f1,Y
1021555,312d8d42-65ef-4134-9fee-2e5944336a13,N
1020122,cbde9be3-d1ea-4e58-81c6-8ad682ffd466,Y
1020122,575ade98-76e3-46f5-8579-9284e9584010,Y
1020122,5b1460aa-f4fc-4284-88df-1b6499abcaa2,N
1020122,e3e6f43c-5afd-46a8-856c-fdc35f3230f1,Y
1020122,312d8d42-65ef-4134-9fee-2e5944336a13,N
1020125,cbde9be3-d1ea-4e58-81c6-8ad682ffd466,Y
1020125,575ade98-76e3-46f5-8579-9284e9584010,Y
1020125,5b1460aa-f4fc-4284-88df-1b6499abcaa2,N
1020125,e3e6f43c-5afd-46a8-856c-fdc35f3230f1,Y
1020125,312d8d42-65ef-4134-9fee-2e5944336a13,N
1020107,cbde9be3-d1ea-4e58-81c6-8ad682ffd466,Y
1020107,575ade98-76e3-46f5-8579-9284e9584010,Y
1020107,5b1460aa-f4fc-4284-88df-1b6499abcaa2,N
1020107,e3e6f43c-5afd-46a8-856c-fdc35f3230f1,Y
1020107,312d8d42-65ef-4134-9fee-2e5944336a13,N
1011782,cbde9be3-d1ea-4e58-81c6-8ad682ffd466,Y
1011782,575ade98-76e3-46f5-8579-9284e9584010,N
1011782,5b1460aa-f4fc-4284-88df-1b6499abcaa2,N
1011782,e3e6f43c-5afd-46a8-856c-fdc35f3230f1,N
1011782,312d8d42-65ef-4134-9fee-2e5944336a13,N
1019383,cbde9be3-d1ea-4e58-81c6-8ad682ffd466,Y
1019383,575ade98-76e3-46f5-8579-9284e9584010,Y
1019383,5b1460aa-f4fc-4284-88df-1b6499abcaa2,Y
1019383,e3e6f43c-5afd-46a8-856c-fdc35f3230f1,Y
1019383,312d8d42-65ef-4134-9fee-2e5944336a13,Y
1019373,cbde9be3-d1ea-4e58-81c6-8ad682ffd466,Y
1019373,575ade98-76e3-46f5-8579-9284e9584010,Y
1019373,5b1460aa-f4fc-4284-88df-1b6499abcaa2,Y
1019373,e3e6f43c-5afd-46a8-856c-fdc35f3230f1,Y
1019373,312d8d42-65ef-4134-9fee-2e5944336a13,Y
1019374,cbde9be3-d1ea-4e58-81c6-8ad682ffd466,Y
1019374,575ade98-76e3-46f5-8579-9284e9584010,Y
1019374,5b1460aa-f4fc-4284-88df-1b6499abcaa2,Y
1019374,e3e6f43c-5afd-46a8-856c-fdc35f3230f1,Y
1019374,312d8d42-65ef-4134-9fee-2e5944336a13,Y
1019366,cbde9be3-d1ea-4e58-81c6-8ad682ffd466,Y
1019366,575ade98-76e3-46f5-8579-9284e9584010,Y
1019366,5b1460aa-f4fc-4284-88df-1b6499abcaa2,Y
1019366,e3e6f43c-5afd-46a8-856c-fdc35f3230f1,Y
1019366,312d8d42-65ef-4134-9fee-2e5944336a13,Y
1019375,cbde9be3-d1ea-4e58-81c6-8ad682ffd466,Y
1019375,575ade98-76e3-46f5-8579-9284e9584010,Y
1019375,5b1460aa-f4fc-4284-88df-1b6499abcaa2,Y
1019375,e3e6f43c-5afd-46a8-856c-fdc35f3230f1,Y
1019375,312d8d42-65ef-4134-9fee-2e5944336a13,Y
1019380,cbde9be3-d1ea-4e58-81c6-8ad682ffd466,Y
1019380,575ade98-76e3-46f5-8579-9284e9584010,Y
1019380,5b1460aa-f4fc-4284-88df-1b6499abcaa2,Y
1019380,e3e6f43c-5afd-46a8-856c-fdc35f3230f1,Y
1019380,312d8d42-65ef-4134-9fee-2e5944336a13,Y
1019381,cbde9be3-d1ea-4e58-81c6-8ad682ffd466,Y
1019381,575ade98-76e3-46f5-8579-9284e9584010,Y
1019381,5b1460aa-f4fc-4284-88df-1b6499abcaa2,Y
1019381,e3e6f43c-5afd-46a8-856c-fdc35f3230f1,Y
1019381,312d8d42-65ef-4134-9fee-2e5944336a13,Y
1019377,cbde9be3-d1ea-4e58-81c6-8ad682ffd466,Y
1019377,575ade98-76e3-46f5-8579-9284e9584010,Y
1019377,5b1460aa-f4fc-4284-88df-1b6499abcaa2,Y
1019377,e3e6f43c-5afd-46a8-856c-fdc35f3230f1,Y
1019377,312d8d42-65ef-4134-9fee-2e5944336a13,Y
1019378,cbde9be3-d1ea-4e58-81c6-8ad682ffd466,Y
1019378,575ade98-76e3-46f5-8579-9284e9584010,Y
1019378,5b1460aa-f4fc-4284-88df-1b6499abcaa2,Y
1019378,e3e6f43c-5afd-46a8-856c-fdc35f3230f1,Y
1019378,312d8d42-65ef-4134-9fee-2e5944336a13,Y
1019376,cbde9be3-d1ea-4e58-81c6-8ad682ffd466,Y
1019376,575ade98-76e3-46f5-8579-9284e9584010,Y
1019376,5b1460aa-f4fc-4284-88df-1b6499abcaa2,Y
1019376,e3e6f43c-5afd-46a8-856c-fdc35f3230f1,Y
1019376,312d8d42-65ef-4134-9fee-2e5944336a13,Y
1019382,cbde9be3-d1ea-4e58-81c6-8ad682ffd466,Y
1019382,575ade98-76e3-46f5-8579-9284e9584010,Y
1019382,5b1460aa-f4fc-4284-88df-1b6499abcaa2,Y
1019382,e3e6f43c-5afd-46a8-856c-fdc35f3230f1,Y
1019382,312d8d42-65ef-4134-9fee-2e5944336a13,Y
1002339,cbde9be3-d1ea-4e58-81c6-8ad682ffd466,Y
1002339,575ade98-76e3-46f5-8579-9284e9584010,Y
1002339,5b1460aa-f4fc-4284-88df-1b6499abcaa2,Y
1002339,e3e6f43c-5afd-46a8-856c-fdc35f3230f1,Y
1002339,312d8d42-65ef-4134-9fee-2e5944336a13,Y
1002335,cbde9be3-d1ea-4e58-81c6-8ad682ffd466,Y
1002335,575ade98-76e3-46f5-8579-9284e9584010,Y
1002335,5b1460aa-f4fc-4284-88df-1b6499abcaa2,Y
1002335,e3e6f43c-5afd-46a8-856c-fdc35f3230f1,Y
1002335,312d8d42-65ef-4134-9fee-2e5944336a13,Y
1005332,cbde9be3-d1ea-4e58-81c6-8ad682ffd466,Y
1005332,575ade98-76e3-46f5-8579-9284e9584010,Y
1005332,5b1460aa-f4fc-4284-88df-1b6499abcaa2,Y
1005332,e3e6f43c-5afd-46a8-856c-fdc35f3230f1,Y
1005332,312d8d42-65ef-4134-9fee-2e5944336a13,Y
1019379,cbde9be3-d1ea-4e58-81c6-8ad682ffd466,Y
1019379,575ade98-76e3-46f5-8579-9284e9584010,Y
1019379,5b1460aa-f4fc-4284-88df-1b6499abcaa2,Y
1019379,e3e6f43c-5afd-46a8-856c-fdc35f3230f1,Y
1019379,312d8d42-65ef-4134-9fee-2e5944336a13,Y
1002345,cbde9be3-d1ea-4e58-81c6-8ad682ffd466,Y
1002345,575ade98-76e3-46f5-8579-9284e9584010,Y
1002345,5b1460aa-f4fc-4284-88df-1b6499abcaa2,Y
1002345,e3e6f43c-5afd-46a8-856c-fdc35f3230f1,Y
1002345,312d8d42-65ef-4134-9fee-2e5944336a13,Y
1009660,cbde9be3-d1ea-4e58-81c6-8ad682ffd466,Y
1009660,575ade98-76e3-46f5-8579-9284e9584010,N
1009660,5b1460aa-f4fc-4284-88df-1b6499abcaa2,N
1009660,e3e6f43c-5afd-46a8-856c-fdc35f3230f1,Y
1009660,312d8d42-65ef-4134-9fee-2e5944336a13,Y
1018282,cbde9be3-d1ea-4e58-81c6-8ad682ffd466,Y
1018282,575ade98-76e3-46f5-8579-9284e9584010,Y
1018282,5b1460aa-f4fc-4284-88df-1b6499abcaa2,N
1018282,e3e6f43c-5afd-46a8-856c-fdc35f3230f1,Y
1018282,312d8d42-65ef-4134-9fee-2e5944336a13,Y
1020044,cbde9be3-d1ea-4e58-81c6-8ad682ffd466,Y
1020044,575ade98-76e3-46f5-8579-9284e9584010,Y
1020044,5b1460aa-f4fc-4284-88df-1b6499abcaa2,N
1020044,e3e6f43c-5afd-46a8-856c-fdc35f3230f1,Y
1020044,312d8d42-65ef-4134-9fee-2e5944336a13,Y
1021431,cbde9be3-d1ea-4e58-81c6-8ad682ffd466,Y
1021431,575ade98-76e3-46f5-8579-9284e9584010,Y
1021431,5b1460aa-f4fc-4284-88df-1b6499abcaa2,N
1021431,e3e6f43c-5afd-46a8-856c-fdc35f3230f1,Y
1021431,312d8d42-65ef-4134-9fee-2e5944336a13,Y
1021671,cbde9be3-d1ea-4e58-81c6-8ad682ffd466,Y
1021671,575ade98-76e3-46f5-8579-9284e9584010,N
1021671,5b1460aa-f4fc-4284-88df-1b6499abcaa2,N
1021671,e3e6f43c-5afd-46a8-856c-fdc35f3230f1,N
1021671,312d8d42-65ef-4134-9fee-2e5944336a13,Y
1021672,cbde9be3-d1ea-4e58-81c6-8ad682ffd466,Y
1021672,575ade98-76e3-46f5-8579-9284e9584010,N
1021672,5b1460aa-f4fc-4284-88df-1b6499abcaa2,N
1021672,e3e6f43c-5afd-46a8-856c-fdc35f3230f1,N
1021672,312d8d42-65ef-4134-9fee-2e5944336a13,Y
1021211,cbde9be3-d1ea-4e58-81c6-8ad682ffd466,Y
1021211,575ade98-76e3-46f5-8579-9284e9584010,N
1021211,5b1460aa-f4fc-4284-88df-1b6499abcaa2,N
1021211,e3e6f43c-5afd-46a8-856c-fdc35f3230f1,N
1021211,312d8d42-65ef-4134-9fee-2e5944336a13,N
1019786,cbde9be3-d1ea-4e58-81c6-8ad682ffd466,Y
1019786,575ade98-76e3-46f5-8579-9284e9584010,N
1019786,5b1460aa-f4fc-4284-88df-1b6499abcaa2,N
1019786,e3e6f43c-5afd-46a8-856c-fdc35f3230f1,N
1019786,312d8d42-65ef-4134-9fee-2e5944336a13,N
1019757,cbde9be3-d1ea-4e58-81c6-8ad682ffd466,Y
1019757,575ade98-76e3-46f5-8579-9284e9584010,N
1019757,5b1460aa-f4fc-4284-88df-1b6499abcaa2,N
1019757,e3e6f43c-5afd-46a8-856c-fdc35f3230f1,N
1019757,312d8d42-65ef-4134-9fee-2e5944336a13,N
1019192,cbde9be3-d1ea-4e58-81c6-8ad682ffd466,Y
1019192,575ade98-76e3-46f5-8579-9284e9584010,N
1019192,5b1460aa-f4fc-4284-88df-1b6499abcaa2,N
1019192,e3e6f43c-5afd-46a8-856c-fdc35f3230f1,N
1019192,312d8d42-65ef-4134-9fee-2e5944336a13,N
1019895,cbde9be3-d1ea-4e58-81c6-8ad682ffd466,Y
1019895,575ade98-76e3-46f5-8579-9284e9584010,N
1019895,5b1460aa-f4fc-4284-88df-1b6499abcaa2,N
1019895,e3e6f43c-5afd-46a8-856c-fdc35f3230f1,N
1019895,312d8d42-65ef-4134-9fee-2e5944336a13,N
1021286,cbde9be3-d1ea-4e58-81c6-8ad682ffd466,Y
1021286,575ade98-76e3-46f5-8579-9284e9584010,N
1021286,5b1460aa-f4fc-4284-88df-1b6499abcaa2,N
1021286,e3e6f43c-5afd-46a8-856c-fdc35f3230f1,N
1021286,312d8d42-65ef-4134-9fee-2e5944336a13,N
1019802,cbde9be3-d1ea-4e58-81c6-8ad682ffd466,Y
1019802,575ade98-76e3-46f5-8579-9284e9584010,N
1019802,5b1460aa-f4fc-4284-88df-1b6499abcaa2,N
1019802,e3e6f43c-5afd-46a8-856c-fdc35f3230f1,N
1019802,312d8d42-65ef-4134-9fee-2e5944336a13,Y
1021282,cbde9be3-d1ea-4e58-81c6-8ad682ffd466,Y
1021282,575ade98-76e3-46f5-8579-9284e9584010,N
1021282,5b1460aa-f4fc-4284-88df-1b6499abcaa2,N
1021282,e3e6f43c-5afd-46a8-856c-fdc35f3230f1,N
1021282,312d8d42-65ef-4134-9fee-2e5944336a13,N
1020174,cbde9be3-d1ea-4e58-81c6-8ad682ffd466,Y
1020174,575ade98-76e3-46f5-8579-9284e9584010,N
1020174,5b1460aa-f4fc-4284-88df-1b6499abcaa2,N
1020174,e3e6f43c-5afd-46a8-856c-fdc35f3230f1,N
1020174,312d8d42-65ef-4134-9fee-2e5944336a13,N
1003684,cbde9be3-d1ea-4e58-81c6-8ad682ffd466,Y
1003684,575ade98-76e3-46f5-8579-9284e9584010,Y
1003684,5b1460aa-f4fc-4284-88df-1b6499abcaa2,N
1003684,e3e6f43c-5afd-46a8-856c-fdc35f3230f1,Y
1003684,312d8d42-65ef-4134-9fee-2e5944336a13,Y
1019234,cbde9be3-d1ea-4e58-81c6-8ad682ffd466,Y
1019234,575ade98-76e3-46f5-8579-9284e9584010,N
1019234,5b1460aa-f4fc-4284-88df-1b6499abcaa2,N
1019234,e3e6f43c-5afd-46a8-856c-fdc35f3230f1,N
1019234,312d8d42-65ef-4134-9fee-2e5944336a13,N
1006285,cbde9be3-d1ea-4e58-81c6-8ad682ffd466,Y
1006285,575ade98-76e3-46f5-8579-9284e9584010,Y
1006285,5b1460aa-f4fc-4284-88df-1b6499abcaa2,N
1006285,e3e6f43c-5afd-46a8-856c-fdc35f3230f1,Y
1006285,312d8d42-65ef-4134-9fee-2e5944336a13,Y
1019486,cbde9be3-d1ea-4e58-81c6-8ad682ffd466,Y
1019486,575ade98-76e3-46f5-8579-9284e9584010,N
1019486,5b1460aa-f4fc-4284-88df-1b6499abcaa2,N
1019486,e3e6f43c-5afd-46a8-856c-fdc35f3230f1,N
1019486,312d8d42-65ef-4134-9fee-2e5944336a13,Y
1021355,cbde9be3-d1ea-4e58-81c6-8ad682ffd466,Y
1021355,575ade98-76e3-46f5-8579-9284e9584010,N
1021355,5b1460aa-f4fc-4284-88df-1b6499abcaa2,N
1021355,e3e6f43c-5afd-46a8-856c-fdc35f3230f1,Y
1021355,312d8d42-65ef-4134-9fee-2e5944336a13,Y
1020026,cbde9be3-d1ea-4e58-81c6-8ad682ffd466,Y
1020026,575ade98-76e3-46f5-8579-9284e9584010,N
1020026,5b1460aa-f4fc-4284-88df-1b6499abcaa2,N
1020026,e3e6f43c-5afd-46a8-856c-fdc35f3230f1,N
1020026,312d8d42-65ef-4134-9fee-2e5944336a13,N
1019224,cbde9be3-d1ea-4e58-81c6-8ad682ffd466,Y
1019224,575ade98-76e3-46f5-8579-9284e9584010,N
1019224,5b1460aa-f4fc-4284-88df-1b6499abcaa2,Y
1019224,e3e6f43c-5afd-46a8-856c-fdc35f3230f1,Y
1019224,312d8d42-65ef-4134-9fee-2e5944336a13,Y
1019220,cbde9be3-d1ea-4e58-81c6-8ad682ffd466,Y
1019220,575ade98-76e3-46f5-8579-9284e9584010,N
1019220,5b1460aa-f4fc-4284-88df-1b6499abcaa2,N
1019220,e3e6f43c-5afd-46a8-856c-fdc35f3230f1,N
1019220,312d8d42-65ef-4134-9fee-2e5944336a13,Y
1012260,cbde9be3-d1ea-4e58-81c6-8ad682ffd466,Y
1012260,575ade98-76e3-46f5-8579-9284e9584010,Y
1012260,5b1460aa-f4fc-4284-88df-1b6499abcaa2,Y
1012260,e3e6f43c-5afd-46a8-856c-fdc35f3230f1,Y
1012260,312d8d42-65ef-4134-9fee-2e5944336a13,Y
1006831,cbde9be3-d1ea-4e58-81c6-8ad682ffd466,Y
1006831,575ade98-76e3-46f5-8579-9284e9584010,N
1006831,5b1460aa-f4fc-4284-88df-1b6499abcaa2,N
1006831,e3e6f43c-5afd-46a8-856c-fdc35f3230f1,Y
1006831,312d8d42-65ef-4134-9fee-2e5944336a13,Y
1021327,cbde9be3-d1ea-4e58-81c6-8ad682ffd466,Y
1021327,575ade98-76e3-46f5-8579-9284e9584010,N
1021327,5b1460aa-f4fc-4284-88df-1b6499abcaa2,N
1021327,e3e6f43c-5afd-46a8-856c-fdc35f3230f1,N
1021327,312d8d42-65ef-4134-9fee-2e5944336a13,Y
1018951,cbde9be3-d1ea-4e58-81c6-8ad682ffd466,Y
1018951,575ade98-76e3-46f5-8579-9284e9584010,N
1018951,5b1460aa-f4fc-4284-88df-1b6499abcaa2,N
1018951,e3e6f43c-5afd-46a8-856c-fdc35f3230f1,Y
1018951,312d8d42-65ef-4134-9fee-2e5944336a13,N
1019688,cbde9be3-d1ea-4e58-81c6-8ad682ffd466,Y
1019688,575ade98-76e3-46f5-8579-9284e9584010,N
1019688,5b1460aa-f4fc-4284-88df-1b6499abcaa2,N
1019688,e3e6f43c-5afd-46a8-856c-fdc35f3230f1,N
1019688,312d8d42-65ef-4134-9fee-2e5944336a13,N
1019959,cbde9be3-d1ea-4e58-81c6-8ad682ffd466,Y
1019959,575ade98-76e3-46f5-8579-9284e9584010,Y
1019959,5b1460aa-f4fc-4284-88df-1b6499abcaa2,N
1019959,e3e6f43c-5afd-46a8-856c-fdc35f3230f1,Y
1019959,312d8d42-65ef-4134-9fee-2e5944336a13,Y
1019962,cbde9be3-d1ea-4e58-81c6-8ad682ffd466,Y
1019962,575ade98-76e3-46f5-8579-9284e9584010,Y
1019962,5b1460aa-f4fc-4284-88df-1b6499abcaa2,N
1019962,e3e6f43c-5afd-46a8-856c-fdc35f3230f1,Y
1019962,312d8d42-65ef-4134-9fee-2e5944336a13,Y
1021249,cbde9be3-d1ea-4e58-81c6-8ad682ffd466,Y
1021249,575ade98-76e3-46f5-8579-9284e9584010,Y
1021249,5b1460aa-f4fc-4284-88df-1b6499abcaa2,N
1021249,e3e6f43c-5afd-46a8-856c-fdc35f3230f1,Y
1021249,312d8d42-65ef-4134-9fee-2e5944336a13,Y
1019669,cbde9be3-d1ea-4e58-81c6-8ad682ffd466,Y
1019669,575ade98-76e3-46f5-8579-9284e9584010,N
1019669,5b1460aa-f4fc-4284-88df-1b6499abcaa2,N
1019669,e3e6f43c-5afd-46a8-856c-fdc35f3230f1,N
1019669,312d8d42-65ef-4134-9fee-2e5944336a13,Y
1008020,cbde9be3-d1ea-4e58-81c6-8ad682ffd466,Y
1008020,575ade98-76e3-46f5-8579-9284e9584010,Y
1008020,5b1460aa-f4fc-4284-88df-1b6499abcaa2,Y
1008020,e3e6f43c-5afd-46a8-856c-fdc35f3230f1,Y
1008020,312d8d42-65ef-4134-9fee-2e5944336a13,Y
1005076,cbde9be3-d1ea-4e58-81c6-8ad682ffd466,Y
1005076,575ade98-76e3-46f5-8579-9284e9584010,N
1005076,5b1460aa-f4fc-4284-88df-1b6499abcaa2,N
1005076,e3e6f43c-5afd-46a8-856c-fdc35f3230f1,N
1005076,312d8d42-65ef-4134-9fee-2e5944336a13,N
1019330,cbde9be3-d1ea-4e58-81c6-8ad682ffd466,Y
1019330,575ade98-76e3-46f5-8579-9284e9584010,N
1019330,5b1460aa-f4fc-4284-88df-1b6499abcaa2,Y
1019330,e3e6f43c-5afd-46a8-856c-fdc35f3230f1,N
1019330,312d8d42-65ef-4134-9fee-2e5944336a13,Y
1021208,cbde9be3-d1ea-4e58-81c6-8ad682ffd466,Y
1021208,575ade98-76e3-46f5-8579-9284e9584010,Y
1021208,5b1460aa-f4fc-4284-88df-1b6499abcaa2,Y
1021208,e3e6f43c-5afd-46a8-856c-fdc35f3230f1,N
1021208,312d8d42-65ef-4134-9fee-2e5944336a13,N
1010937,cbde9be3-d1ea-4e58-81c6-8ad682ffd466,Y
1010937,575ade98-76e3-46f5-8579-9284e9584010,Y
1010937,5b1460aa-f4fc-4284-88df-1b6499abcaa2,N
1010937,e3e6f43c-5afd-46a8-856c-fdc35f3230f1,Y
1010937,312d8d42-65ef-4134-9fee-2e5944336a13,Y
1021533,cbde9be3-d1ea-4e58-81c6-8ad682ffd466,Y
1021533,575ade98-76e3-46f5-8579-9284e9584010,Y
1021533,5b1460aa-f4fc-4284-88df-1b6499abcaa2,N
1021533,e3e6f43c-5afd-46a8-856c-fdc35f3230f1,Y
1021533,312d8d42-65ef-4134-9fee-2e5944336a13,Y
1021509,cbde9be3-d1ea-4e58-81c6-8ad682ffd466,Y
1021509,575ade98-76e3-46f5-8579-9284e9584010,N
1021509,5b1460aa-f4fc-4284-88df-1b6499abcaa2,N
1021509,e3e6f43c-5afd-46a8-856c-fdc35f3230f1,N
1021509,312d8d42-65ef-4134-9fee-2e5944336a13,N
1021511,cbde9be3-d1ea-4e58-81c6-8ad682ffd466,Y
1021511,575ade98-76e3-46f5-8579-9284e9584010,Y
1021511,5b1460aa-f4fc-4284-88df-1b6499abcaa2,N
1021511,e3e6f43c-5afd-46a8-856c-fdc35f3230f1,Y
1021511,312d8d42-65ef-4134-9fee-2e5944336a13,Y
1021512,cbde9be3-d1ea-4e58-81c6-8ad682ffd466,Y
1021512,575ade98-76e3-46f5-8579-9284e9584010,Y
1021512,5b1460aa-f4fc-4284-88df-1b6499abcaa2,N
1021512,e3e6f43c-5afd-46a8-856c-fdc35f3230f1,Y
1021512,312d8d42-65ef-4134-9fee-2e5944336a13,Y
1021516,cbde9be3-d1ea-4e58-81c6-8ad682ffd466,Y
1021516,575ade98-76e3-46f5-8579-9284e9584010,N
1021516,5b1460aa-f4fc-4284-88df-1b6499abcaa2,Y
1021516,e3e6f43c-5afd-46a8-856c-fdc35f3230f1,Y
1021516,312d8d42-65ef-4134-9fee-2e5944336a13,Y
1011761,cbde9be3-d1ea-4e58-81c6-8ad682ffd466,Y
1011761,575ade98-76e3-46f5-8579-9284e9584010,N
1011761,5b1460aa-f4fc-4284-88df-1b6499abcaa2,N
1011761,e3e6f43c-5afd-46a8-856c-fdc35f3230f1,N
1011761,312d8d42-65ef-4134-9fee-2e5944336a13,Y
1018972,cbde9be3-d1ea-4e58-81c6-8ad682ffd466,Y
1018972,575ade98-76e3-46f5-8579-9284e9584010,Y
1018972,5b1460aa-f4fc-4284-88df-1b6499abcaa2,N
1018972,e3e6f43c-5afd-46a8-856c-fdc35f3230f1,Y
1018972,312d8d42-65ef-4134-9fee-2e5944336a13,N
1008980,cbde9be3-d1ea-4e58-81c6-8ad682ffd466,Y
1008980,575ade98-76e3-46f5-8579-9284e9584010,N
1008980,5b1460aa-f4fc-4284-88df-1b6499abcaa2,N
1008980,e3e6f43c-5afd-46a8-856c-fdc35f3230f1,N
1008980,312d8d42-65ef-4134-9fee-2e5944336a13,N
1021547,cbde9be3-d1ea-4e58-81c6-8ad682ffd466,Y
1021547,575ade98-76e3-46f5-8579-9284e9584010,Y
1021547,5b1460aa-f4fc-4284-88df-1b6499abcaa2,N
1021547,e3e6f43c-5afd-46a8-856c-fdc35f3230f1,N
1021547,312d8d42-65ef-4134-9fee-2e5944336a13,N
1019302,cbde9be3-d1ea-4e58-81c6-8ad682ffd466,Y
1019302,575ade98-76e3-46f5-8579-9284e9584010,N
1019302,5b1460aa-f4fc-4284-88df-1b6499abcaa2,N
1019302,e3e6f43c-5afd-46a8-856c-fdc35f3230f1,N
1019302,312d8d42-65ef-4134-9fee-2e5944336a13,N
1018853,cbde9be3-d1ea-4e58-81c6-8ad682ffd466,Y
1018853,575ade98-76e3-46f5-8579-9284e9584010,Y
1018853,5b1460aa-f4fc-4284-88df-1b6499abcaa2,N
1018853,e3e6f43c-5afd-46a8-856c-fdc35f3230f1,Y
1018853,312d8d42-65ef-4134-9fee-2e5944336a13,Y
1021229,cbde9be3-d1ea-4e58-81c6-8ad682ffd466,Y
1021229,575ade98-76e3-46f5-8579-9284e9584010,Y
1021229,5b1460aa-f4fc-4284-88df-1b6499abcaa2,Y
1021229,e3e6f43c-5afd-46a8-856c-fdc35f3230f1,Y
1021229,312d8d42-65ef-4134-9fee-2e5944336a13,Y
1018458,cbde9be3-d1ea-4e58-81c6-8ad682ffd466,Y
1018458,575ade98-76e3-46f5-8579-9284e9584010,Y
1018458,5b1460aa-f4fc-4284-88df-1b6499abcaa2,N
1018458,e3e6f43c-5afd-46a8-856c-fdc35f3230f1,Y
1018458,312d8d42-65ef-4134-9fee-2e5944336a13,Y
1007267,cbde9be3-d1ea-4e58-81c6-8ad682ffd466,Y
1007267,575ade98-76e3-46f5-8579-9284e9584010,Y
1007267,5b1460aa-f4fc-4284-88df-1b6499abcaa2,Y
1007267,e3e6f43c-5afd-46a8-856c-fdc35f3230f1,Y
1007267,312d8d42-65ef-4134-9fee-2e5944336a13,Y
1009663,cbde9be3-d1ea-4e58-81c6-8ad682ffd466,Y
1009663,575ade98-76e3-46f5-8579-9284e9584010,N
1009663,5b1460aa-f4fc-4284-88df-1b6499abcaa2,N
1009663,e3e6f43c-5afd-46a8-856c-fdc35f3230f1,N
1009663,312d8d42-65ef-4134-9fee-2e5944336a13,N
1012076,cbde9be3-d1ea-4e58-81c6-8ad682ffd466,Y
1012076,575ade98-76e3-46f5-8579-9284e9584010,Y
1012076,5b1460aa-f4fc-4284-88df-1b6499abcaa2,Y
1012076,e3e6f43c-5afd-46a8-856c-fdc35f3230f1,Y
1012076,312d8d42-65ef-4134-9fee-2e5944336a13,Y
1019819,cbde9be3-d1ea-4e58-81c6-8ad682ffd466,Y
1019819,575ade98-76e3-46f5-8579-9284e9584010,Y
1019819,5b1460aa-f4fc-4284-88df-1b6499abcaa2,N
1019819,e3e6f43c-5afd-46a8-856c-fdc35f3230f1,N
1019819,312d8d42-65ef-4134-9fee-2e5944336a13,N
1021705,cbde9be3-d1ea-4e58-81c6-8ad682ffd466,Y
1021705,575ade98-76e3-46f5-8579-9284e9584010,N
1021705,5b1460aa-f4fc-4284-88df-1b6499abcaa2,N
1021705,e3e6f43c-5afd-46a8-856c-fdc35f3230f1,Y
1021705,312d8d42-65ef-4134-9fee-2e5944336a13,Y
1021711,cbde9be3-d1ea-4e58-81c6-8ad682ffd466,Y
1021711,575ade98-76e3-46f5-8579-9284e9584010,Y
1021711,5b1460aa-f4fc-4284-88df-1b6499abcaa2,N
1021711,e3e6f43c-5afd-46a8-856c-fdc35f3230f1,Y
1021711,312d8d42-65ef-4134-9fee-2e5944336a13,N
1012041,cbde9be3-d1ea-4e58-81c6-8ad682ffd466,Y
1012041,575ade98-76e3-46f5-8579-9284e9584010,Y
1012041,5b1460aa-f4fc-4284-88df-1b6499abcaa2,Y
1012041,e3e6f43c-5afd-46a8-856c-fdc35f3230f1,Y
1012041,312d8d42-65ef-4134-9fee-2e5944336a13,Y
1020100,cbde9be3-d1ea-4e58-81c6-8ad682ffd466,Y
1020100,575ade98-76e3-46f5-8579-9284e9584010,Y
1020100,5b1460aa-f4fc-4284-88df-1b6499abcaa2,N
1020100,e3e6f43c-5afd-46a8-856c-fdc35f3230f1,Y
1020100,312d8d42-65ef-4134-9fee-2e5944336a13,Y
1008366,cbde9be3-d1ea-4e58-81c6-8ad682ffd466,Y
1008366,575ade98-76e3-46f5-8579-9284e9584010,Y
1008366,5b1460aa-f4fc-4284-88df-1b6499abcaa2,N
1008366,e3e6f43c-5afd-46a8-856c-fdc35f3230f1,Y
1008366,312d8d42-65ef-4134-9fee-2e5944336a13,Y
1019313,cbde9be3-d1ea-4e58-81c6-8ad682ffd466,Y
1019313,575ade98-76e3-46f5-8579-9284e9584010,N
1019313,5b1460aa-f4fc-4284-88df-1b6499abcaa2,N
1019313,e3e6f43c-5afd-46a8-856c-fdc35f3230f1,N
1019313,312d8d42-65ef-4134-9fee-2e5944336a13,N
1018200,cbde9be3-d1ea-4e58-81c6-8ad682ffd466,Y
1018200,575ade98-76e3-46f5-8579-9284e9584010,Y
1018200,5b1460aa-f4fc-4284-88df-1b6499abcaa2,Y
1018200,e3e6f43c-5afd-46a8-856c-fdc35f3230f1,Y
1018200,312d8d42-65ef-4134-9fee-2e5944336a13,Y
1005674,cbde9be3-d1ea-4e58-81c6-8ad682ffd466,Y
1005674,575ade98-76e3-46f5-8579-9284e9584010,Y
1005674,5b1460aa-f4fc-4284-88df-1b6499abcaa2,Y
1005674,e3e6f43c-5afd-46a8-856c-fdc35f3230f1,Y
1005674,312d8d42-65ef-4134-9fee-2e5944336a13,Y
1018152,cbde9be3-d1ea-4e58-81c6-8ad682ffd466,Y
1018152,575ade98-76e3-46f5-8579-9284e9584010,N
1018152,5b1460aa-f4fc-4284-88df-1b6499abcaa2,N
1018152,e3e6f43c-5afd-46a8-856c-fdc35f3230f1,N
1018152,312d8d42-65ef-4134-9fee-2e5944336a13,N
1019990,cbde9be3-d1ea-4e58-81c6-8ad682ffd466,Y
1019990,575ade98-76e3-46f5-8579-9284e9584010,N
1019990,5b1460aa-f4fc-4284-88df-1b6499abcaa2,N
1019990,e3e6f43c-5afd-46a8-856c-fdc35f3230f1,N
1019990,312d8d42-65ef-4134-9fee-2e5944336a13,N
1021610,cbde9be3-d1ea-4e58-81c6-8ad682ffd466,Y
1021610,575ade98-76e3-46f5-8579-9284e9584010,N
1021610,5b1460aa-f4fc-4284-88df-1b6499abcaa2,N
1021610,e3e6f43c-5afd-46a8-856c-fdc35f3230f1,N
1021610,312d8d42-65ef-4134-9fee-2e5944336a13,Y
1021612,cbde9be3-d1ea-4e58-81c6-8ad682ffd466,Y
1021612,575ade98-76e3-46f5-8579-9284e9584010,N
1021612,5b1460aa-f4fc-4284-88df-1b6499abcaa2,Y
1021612,e3e6f43c-5afd-46a8-856c-fdc35f3230f1,Y
1021612,312d8d42-65ef-4134-9fee-2e5944336a13,Y
1019056,cbde9be3-d1ea-4e58-81c6-8ad682ffd466,Y
1019056,575ade98-76e3-46f5-8579-9284e9584010,N
1019056,5b1460aa-f4fc-4284-88df-1b6499abcaa2,N
1019056,e3e6f43c-5afd-46a8-856c-fdc35f3230f1,N
1019056,312d8d42-65ef-4134-9fee-2e5944336a13,N
1010598,cbde9be3-d1ea-4e58-81c6-8ad682ffd466,Y
1010598,575ade98-76e3-46f5-8579-9284e9584010,Y
1010598,5b1460aa-f4fc-4284-88df-1b6499abcaa2,N
1010598,e3e6f43c-5afd-46a8-856c-fdc35f3230f1,Y
1010598,312d8d42-65ef-4134-9fee-2e5944336a13,Y
1021268,cbde9be3-d1ea-4e58-81c6-8ad682ffd466,Y
1021268,575ade98-76e3-46f5-8579-9284e9584010,Y
1021268,5b1460aa-f4fc-4284-88df-1b6499abcaa2,N
1021268,e3e6f43c-5afd-46a8-856c-fdc35f3230f1,Y
1021268,312d8d42-65ef-4134-9fee-2e5944336a13,N
1019586,cbde9be3-d1ea-4e58-81c6-8ad682ffd466,Y
1019586,575ade98-76e3-46f5-8579-9284e9584010,N
1019586,5b1460aa-f4fc-4284-88df-1b6499abcaa2,N
1019586,e3e6f43c-5afd-46a8-856c-fdc35f3230f1,N
1019586,312d8d42-65ef-4134-9fee-2e5944336a13,N
1021635,cbde9be3-d1ea-4e58-81c6-8ad682ffd466,Y
1021635,575ade98-76e3-46f5-8579-9284e9584010,N
1021635,5b1460aa-f4fc-4284-88df-1b6499abcaa2,N
1021635,e3e6f43c-5afd-46a8-856c-fdc35f3230f1,N
1021635,312d8d42-65ef-4134-9fee-2e5944336a13,N
1011325,cbde9be3-d1ea-4e58-81c6-8ad682ffd466,Y
1011325,575ade98-76e3-46f5-8579-9284e9584010,N
1011325,5b1460aa-f4fc-4284-88df-1b6499abcaa2,N
1011325,e3e6f43c-5afd-46a8-856c-fdc35f3230f1,Y
1011325,312d8d42-65ef-4134-9fee-2e5944336a13,Y
1021703,cbde9be3-d1ea-4e58-81c6-8ad682ffd466,Y
1021703,575ade98-76e3-46f5-8579-9284e9584010,N
1021703,5b1460aa-f4fc-4284-88df-1b6499abcaa2,N
1021703,e3e6f43c-5afd-46a8-856c-fdc35f3230f1,N
1021703,312d8d42-65ef-4134-9fee-2e5944336a13,N
1012621,cbde9be3-d1ea-4e58-81c6-8ad682ffd466,Y
1012621,575ade98-76e3-46f5-8579-9284e9584010,Y
1012621,5b1460aa-f4fc-4284-88df-1b6499abcaa2,N
1012621,e3e6f43c-5afd-46a8-856c-fdc35f3230f1,Y
1012621,312d8d42-65ef-4134-9fee-2e5944336a13,N
1006417,cbde9be3-d1ea-4e58-81c6-8ad682ffd466,Y
1006417,575ade98-76e3-46f5-8579-9284e9584010,N
1006417,5b1460aa-f4fc-4284-88df-1b6499abcaa2,N
1006417,e3e6f43c-5afd-46a8-856c-fdc35f3230f1,N
1006417,312d8d42-65ef-4134-9fee-2e5944336a13,Y
1005080,cbde9be3-d1ea-4e58-81c6-8ad682ffd466,Y
1005080,575ade98-76e3-46f5-8579-9284e9584010,Y
1005080,5b1460aa-f4fc-4284-88df-1b6499abcaa2,N
1005080,e3e6f43c-5afd-46a8-856c-fdc35f3230f1,Y
1005080,312d8d42-65ef-4134-9fee-2e5944336a13,Y
1020136,cbde9be3-d1ea-4e58-81c6-8ad682ffd466,Y
1020136,575ade98-76e3-46f5-8579-9284e9584010,N
1020136,5b1460aa-f4fc-4284-88df-1b6499abcaa2,N
1020136,e3e6f43c-5afd-46a8-856c-fdc35f3230f1,N
1020136,312d8d42-65ef-4134-9fee-2e5944336a13,N
1019011,cbde9be3-d1ea-4e58-81c6-8ad682ffd466,Y
1019011,575ade98-76e3-46f5-8579-9284e9584010,Y
1019011,5b1460aa-f4fc-4284-88df-1b6499abcaa2,N
1019011,e3e6f43c-5afd-46a8-856c-fdc35f3230f1,Y
1019011,312d8d42-65ef-4134-9fee-2e5944336a13,N
1019236,cbde9be3-d1ea-4e58-81c6-8ad682ffd466,Y
1019236,575ade98-76e3-46f5-8579-9284e9584010,N
1019236,5b1460aa-f4fc-4284-88df-1b6499abcaa2,N
1019236,e3e6f43c-5afd-46a8-856c-fdc35f3230f1,N
1019236,312d8d42-65ef-4134-9fee-2e5944336a13,Y
1018772,cbde9be3-d1ea-4e58-81c6-8ad682ffd466,Y
1018772,575ade98-76e3-46f5-8579-9284e9584010,N
1018772,5b1460aa-f4fc-4284-88df-1b6499abcaa2,N
1018772,e3e6f43c-5afd-46a8-856c-fdc35f3230f1,N
1018772,312d8d42-65ef-4134-9fee-2e5944336a13,N
1019861,cbde9be3-d1ea-4e58-81c6-8ad682ffd466,Y
1019861,575ade98-76e3-46f5-8579-9284e9584010,Y
1019861,5b1460aa-f4fc-4284-88df-1b6499abcaa2,Y
1019861,e3e6f43c-5afd-46a8-856c-fdc35f3230f1,Y
1019861,312d8d42-65ef-4134-9fee-2e5944336a13,Y
1004384,cbde9be3-d1ea-4e58-81c6-8ad682ffd466,Y
1004384,575ade98-76e3-46f5-8579-9284e9584010,Y
1004384,5b1460aa-f4fc-4284-88df-1b6499abcaa2,Y
1004384,e3e6f43c-5afd-46a8-856c-fdc35f3230f1,Y
1004384,312d8d42-65ef-4134-9fee-2e5944336a13,N
1012626,cbde9be3-d1ea-4e58-81c6-8ad682ffd466,Y
1012626,575ade98-76e3-46f5-8579-9284e9584010,Y
1012626,5b1460aa-f4fc-4284-88df-1b6499abcaa2,Y
1012626,e3e6f43c-5afd-46a8-856c-fdc35f3230f1,Y
1012626,312d8d42-65ef-4134-9fee-2e5944336a13,N
1019340,cbde9be3-d1ea-4e58-81c6-8ad682ffd466,Y
1019340,575ade98-76e3-46f5-8579-9284e9584010,Y
1019340,5b1460aa-f4fc-4284-88df-1b6499abcaa2,Y
1019340,e3e6f43c-5afd-46a8-856c-fdc35f3230f1,Y
1019340,312d8d42-65ef-4134-9fee-2e5944336a13,Y
1003680,cbde9be3-d1ea-4e58-81c6-8ad682ffd466,Y
1003680,575ade98-76e3-46f5-8579-9284e9584010,Y
1003680,5b1460aa-f4fc-4284-88df-1b6499abcaa2,N
1003680,e3e6f43c-5afd-46a8-856c-fdc35f3230f1,Y
1003680,312d8d42-65ef-4134-9fee-2e5944336a13,N
1001641,cbde9be3-d1ea-4e58-81c6-8ad682ffd466,Y
1001641,575ade98-76e3-46f5-8579-9284e9584010,N
1001641,5b1460aa-f4fc-4284-88df-1b6499abcaa2,N
1001641,e3e6f43c-5afd-46a8-856c-fdc35f3230f1,N
1001641,312d8d42-65ef-4134-9fee-2e5944336a13,N
1004380,cbde9be3-d1ea-4e58-81c6-8ad682ffd466,Y
1004380,575ade98-76e3-46f5-8579-9284e9584010,N
1004380,5b1460aa-f4fc-4284-88df-1b6499abcaa2,N
1004380,e3e6f43c-5afd-46a8-856c-fdc35f3230f1,N
1004380,312d8d42-65ef-4134-9fee-2e5944336a13,N
1006376,cbde9be3-d1ea-4e58-81c6-8ad682ffd466,Y
1006376,575ade98-76e3-46f5-8579-9284e9584010,N
1006376,5b1460aa-f4fc-4284-88df-1b6499abcaa2,N
1006376,e3e6f43c-5afd-46a8-856c-fdc35f3230f1,N
1006376,312d8d42-65ef-4134-9fee-2e5944336a13,N
1018907,cbde9be3-d1ea-4e58-81c6-8ad682ffd466,Y
1018907,575ade98-76e3-46f5-8579-9284e9584010,N
1018907,5b1460aa-f4fc-4284-88df-1b6499abcaa2,N
1018907,e3e6f43c-5afd-46a8-856c-fdc35f3230f1,N
1018907,312d8d42-65ef-4134-9fee-2e5944336a13,N
1018343,cbde9be3-d1ea-4e58-81c6-8ad682ffd466,Y
1018343,575ade98-76e3-46f5-8579-9284e9584010,Y
1018343,5b1460aa-f4fc-4284-88df-1b6499abcaa2,N
1018343,e3e6f43c-5afd-46a8-856c-fdc35f3230f1,Y
1018343,312d8d42-65ef-4134-9fee-2e5944336a13,N
1020106,cbde9be3-d1ea-4e58-81c6-8ad682ffd466,Y
1020106,575ade98-76e3-46f5-8579-9284e9584010,Y
1020106,5b1460aa-f4fc-4284-88df-1b6499abcaa2,N
1020106,e3e6f43c-5afd-46a8-856c-fdc35f3230f1,Y
1020106,312d8d42-65ef-4134-9fee-2e5944336a13,Y
1020108,cbde9be3-d1ea-4e58-81c6-8ad682ffd466,Y
1020108,575ade98-76e3-46f5-8579-9284e9584010,Y
1020108,5b1460aa-f4fc-4284-88df-1b6499abcaa2,N
1020108,e3e6f43c-5afd-46a8-856c-fdc35f3230f1,Y
1020108,312d8d42-65ef-4134-9fee-2e5944336a13,Y
1019263,cbde9be3-d1ea-4e58-81c6-8ad682ffd466,Y
1019263,575ade98-76e3-46f5-8579-9284e9584010,N
1019263,5b1460aa-f4fc-4284-88df-1b6499abcaa2,N
1019263,e3e6f43c-5afd-46a8-856c-fdc35f3230f1,N
1019263,312d8d42-65ef-4134-9fee-2e5944336a13,Y
1018978,cbde9be3-d1ea-4e58-81c6-8ad682ffd466,Y
1018978,575ade98-76e3-46f5-8579-9284e9584010,N
1018978,5b1460aa-f4fc-4284-88df-1b6499abcaa2,N
1018978,e3e6f43c-5afd-46a8-856c-fdc35f3230f1,N
1018978,312d8d42-65ef-4134-9fee-2e5944336a13,Y
1021281,cbde9be3-d1ea-4e58-81c6-8ad682ffd466,Y
1021281,575ade98-76e3-46f5-8579-9284e9584010,Y
1021281,5b1460aa-f4fc-4284-88df-1b6499abcaa2,N
1021281,e3e6f43c-5afd-46a8-856c-fdc35f3230f1,N
1021281,312d8d42-65ef-4134-9fee-2e5944336a13,N
1009970,cbde9be3-d1ea-4e58-81c6-8ad682ffd466,Y
1009970,575ade98-76e3-46f5-8579-9284e9584010,Y
1009970,5b1460aa-f4fc-4284-88df-1b6499abcaa2,N
1009970,e3e6f43c-5afd-46a8-856c-fdc35f3230f1,Y
1009970,312d8d42-65ef-4134-9fee-2e5944336a13,Y
1008299,cbde9be3-d1ea-4e58-81c6-8ad682ffd466,Y
1008299,575ade98-76e3-46f5-8579-9284e9584010,N
1008299,5b1460aa-f4fc-4284-88df-1b6499abcaa2,N
1008299,e3e6f43c-5afd-46a8-856c-fdc35f3230f1,N
1008299,312d8d42-65ef-4134-9fee-2e5944336a13,N
1021306,cbde9be3-d1ea-4e58-81c6-8ad682ffd466,Y
1021306,575ade98-76e3-46f5-8579-9284e9584010,Y
1021306,5b1460aa-f4fc-4284-88df-1b6499abcaa2,N
1021306,e3e6f43c-5afd-46a8-856c-fdc35f3230f1,Y
1021306,312d8d42-65ef-4134-9fee-2e5944336a13,N
1020192,cbde9be3-d1ea-4e58-81c6-8ad682ffd466,Y
1020192,575ade98-76e3-46f5-8579-9284e9584010,N
1020192,5b1460aa-f4fc-4284-88df-1b6499abcaa2,N
1020192,e3e6f43c-5afd-46a8-856c-fdc35f3230f1,Y
1020192,312d8d42-65ef-4134-9fee-2e5944336a13,N
1020090,cbde9be3-d1ea-4e58-81c6-8ad682ffd466,Y
1020090,575ade98-76e3-46f5-8579-9284e9584010,N
1020090,5b1460aa-f4fc-4284-88df-1b6499abcaa2,N
1020090,e3e6f43c-5afd-46a8-856c-fdc35f3230f1,Y
1020090,312d8d42-65ef-4134-9fee-2e5944336a13,Y
1002907,cbde9be3-d1ea-4e58-81c6-8ad682ffd466,Y
1002907,575ade98-76e3-46f5-8579-9284e9584010,Y
1002907,5b1460aa-f4fc-4284-88df-1b6499abcaa2,Y
1002907,e3e6f43c-5afd-46a8-856c-fdc35f3230f1,Y
1002907,312d8d42-65ef-4134-9fee-2e5944336a13,N
1018242,cbde9be3-d1ea-4e58-81c6-8ad682ffd466,Y
1018242,575ade98-76e3-46f5-8579-9284e9584010,N
1018242,5b1460aa-f4fc-4284-88df-1b6499abcaa2,N
1018242,e3e6f43c-5afd-46a8-856c-fdc35f3230f1,N
1018242,312d8d42-65ef-4134-9fee-2e5944336a13,N
1005270,cbde9be3-d1ea-4e58-81c6-8ad682ffd466,Y
1005270,575ade98-76e3-46f5-8579-9284e9584010,N
1005270,5b1460aa-f4fc-4284-88df-1b6499abcaa2,N
1005270,e3e6f43c-5afd-46a8-856c-fdc35f3230f1,Y
1005270,312d8d42-65ef-4134-9fee-2e5944336a13,Y
1008375,cbde9be3-d1ea-4e58-81c6-8ad682ffd466,Y
1008375,575ade98-76e3-46f5-8579-9284e9584010,Y
1008375,5b1460aa-f4fc-4284-88df-1b6499abcaa2,Y
1008375,e3e6f43c-5afd-46a8-856c-fdc35f3230f1,Y
1008375,312d8d42-65ef-4134-9fee-2e5944336a13,N
1019774,cbde9be3-d1ea-4e58-81c6-8ad682ffd466,Y
1019774,575ade98-76e3-46f5-8579-9284e9584010,Y
1019774,5b1460aa-f4fc-4284-88df-1b6499abcaa2,N
1019774,e3e6f43c-5afd-46a8-856c-fdc35f3230f1,Y
1019774,312d8d42-65ef-4134-9fee-2e5944336a13,Y
1005252,cbde9be3-d1ea-4e58-81c6-8ad682ffd466,Y
1005252,575ade98-76e3-46f5-8579-9284e9584010,N
1005252,5b1460aa-f4fc-4284-88df-1b6499abcaa2,N
1005252,e3e6f43c-5afd-46a8-856c-fdc35f3230f1,Y
1005252,312d8d42-65ef-4134-9fee-2e5944336a13,Y
1008118,cbde9be3-d1ea-4e58-81c6-8ad682ffd466,Y
1008118,575ade98-76e3-46f5-8579-9284e9584010,N
1008118,5b1460aa-f4fc-4284-88df-1b6499abcaa2,N
1008118,e3e6f43c-5afd-46a8-856c-fdc35f3230f1,Y
1008118,312d8d42-65ef-4134-9fee-2e5944336a13,Y
1021264,cbde9be3-d1ea-4e58-81c6-8ad682ffd466,Y
1021264,575ade98-76e3-46f5-8579-9284e9584010,N
1021264,5b1460aa-f4fc-4284-88df-1b6499abcaa2,N
1021264,e3e6f43c-5afd-46a8-856c-fdc35f3230f1,Y
1021264,312d8d42-65ef-4134-9fee-2e5944336a13,Y
1005253,cbde9be3-d1ea-4e58-81c6-8ad682ffd466,Y
1005253,575ade98-76e3-46f5-8579-9284e9584010,N
1005253,5b1460aa-f4fc-4284-88df-1b6499abcaa2,N
1005253,e3e6f43c-5afd-46a8-856c-fdc35f3230f1,Y
1005253,312d8d42-65ef-4134-9fee-2e5944336a13,Y
1005254,cbde9be3-d1ea-4e58-81c6-8ad682ffd466,Y
1005254,575ade98-76e3-46f5-8579-9284e9584010,N
1005254,5b1460aa-f4fc-4284-88df-1b6499abcaa2,N
1005254,e3e6f43c-5afd-46a8-856c-fdc35f3230f1,Y
1005254,312d8d42-65ef-4134-9fee-2e5944336a13,Y
1005255,cbde9be3-d1ea-4e58-81c6-8ad682ffd466,Y
1005255,575ade98-76e3-46f5-8579-9284e9584010,N
1005255,5b1460aa-f4fc-4284-88df-1b6499abcaa2,N
1005255,e3e6f43c-5afd-46a8-856c-fdc35f3230f1,Y
1005255,312d8d42-65ef-4134-9fee-2e5944336a13,Y
1021748,cbde9be3-d1ea-4e58-81c6-8ad682ffd466,Y
1021748,575ade98-76e3-46f5-8579-9284e9584010,N
1021748,5b1460aa-f4fc-4284-88df-1b6499abcaa2,N
1021748,e3e6f43c-5afd-46a8-856c-fdc35f3230f1,N
1021748,312d8d42-65ef-4134-9fee-2e5944336a13,N
1019003,cbde9be3-d1ea-4e58-81c6-8ad682ffd466,Y
1019003,575ade98-76e3-46f5-8579-9284e9584010,N
1019003,5b1460aa-f4fc-4284-88df-1b6499abcaa2,N
1019003,e3e6f43c-5afd-46a8-856c-fdc35f3230f1,N
1019003,312d8d42-65ef-4134-9fee-2e5944336a13,Y
1021369,cbde9be3-d1ea-4e58-81c6-8ad682ffd466,Y
1021369,575ade98-76e3-46f5-8579-9284e9584010,Y
1021369,5b1460aa-f4fc-4284-88df-1b6499abcaa2,N
1021369,e3e6f43c-5afd-46a8-856c-fdc35f3230f1,N
1021369,312d8d42-65ef-4134-9fee-2e5944336a13,N
1021743,cbde9be3-d1ea-4e58-81c6-8ad682ffd466,Y
1021743,575ade98-76e3-46f5-8579-9284e9584010,Y
1021743,5b1460aa-f4fc-4284-88df-1b6499abcaa2,N
1021743,e3e6f43c-5afd-46a8-856c-fdc35f3230f1,Y
1021743,312d8d42-65ef-4134-9fee-2e5944336a13,Y
1021349,cbde9be3-d1ea-4e58-81c6-8ad682ffd466,Y
1021349,575ade98-76e3-46f5-8579-9284e9584010,Y
1021349,5b1460aa-f4fc-4284-88df-1b6499abcaa2,N
1021349,e3e6f43c-5afd-46a8-856c-fdc35f3230f1,Y
1021349,312d8d42-65ef-4134-9fee-2e5944336a13,Y
1020011,cbde9be3-d1ea-4e58-81c6-8ad682ffd466,Y
1020011,575ade98-76e3-46f5-8579-9284e9584010,N
1020011,5b1460aa-f4fc-4284-88df-1b6499abcaa2,N
1020011,e3e6f43c-5afd-46a8-856c-fdc35f3230f1,N
1020011,312d8d42-65ef-4134-9fee-2e5944336a13,N
1021742,cbde9be3-d1ea-4e58-81c6-8ad682ffd466,Y
1021742,575ade98-76e3-46f5-8579-9284e9584010,Y
1021742,5b1460aa-f4fc-4284-88df-1b6499abcaa2,N
1021742,e3e6f43c-5afd-46a8-856c-fdc35f3230f1,Y
1021742,312d8d42-65ef-4134-9fee-2e5944336a13,Y
1021567,cbde9be3-d1ea-4e58-81c6-8ad682ffd466,Y
1021567,575ade98-76e3-46f5-8579-9284e9584010,Y
1021567,5b1460aa-f4fc-4284-88df-1b6499abcaa2,N
1021567,e3e6f43c-5afd-46a8-856c-fdc35f3230f1,Y
1021567,312d8d42-65ef-4134-9fee-2e5944336a13,Y
1010636,cbde9be3-d1ea-4e58-81c6-8ad682ffd466,Y
1010636,575ade98-76e3-46f5-8579-9284e9584010,Y
1010636,5b1460aa-f4fc-4284-88df-1b6499abcaa2,N
1010636,e3e6f43c-5afd-46a8-856c-fdc35f3230f1,Y
1010636,312d8d42-65ef-4134-9fee-2e5944336a13,N
1019120,cbde9be3-d1ea-4e58-81c6-8ad682ffd466,Y
1019120,575ade98-76e3-46f5-8579-9284e9584010,N
1019120,5b1460aa-f4fc-4284-88df-1b6499abcaa2,N
1019120,e3e6f43c-5afd-46a8-856c-fdc35f3230f1,N
1019120,312d8d42-65ef-4134-9fee-2e5944336a13,Y
1003269,cbde9be3-d1ea-4e58-81c6-8ad682ffd466,Y
1003269,575ade98-76e3-46f5-8579-9284e9584010,Y
1003269,5b1460aa-f4fc-4284-88df-1b6499abcaa2,Y
1003269,e3e6f43c-5afd-46a8-856c-fdc35f3230f1,Y
1003269,312d8d42-65ef-4134-9fee-2e5944336a13,Y
1019491,cbde9be3-d1ea-4e58-81c6-8ad682ffd466,Y
1019491,575ade98-76e3-46f5-8579-9284e9584010,N
1019491,5b1460aa-f4fc-4284-88df-1b6499abcaa2,N
1019491,e3e6f43c-5afd-46a8-856c-fdc35f3230f1,N
1019491,312d8d42-65ef-4134-9fee-2e5944336a13,N
1020032,cbde9be3-d1ea-4e58-81c6-8ad682ffd466,Y
1020032,575ade98-76e3-46f5-8579-9284e9584010,N
1020032,5b1460aa-f4fc-4284-88df-1b6499abcaa2,N
1020032,e3e6f43c-5afd-46a8-856c-fdc35f3230f1,N
1020032,312d8d42-65ef-4134-9fee-2e5944336a13,N
1019266,cbde9be3-d1ea-4e58-81c6-8ad682ffd466,Y
1019266,575ade98-76e3-46f5-8579-9284e9584010,N
1019266,5b1460aa-f4fc-4284-88df-1b6499abcaa2,N
1019266,e3e6f43c-5afd-46a8-856c-fdc35f3230f1,N
1019266,312d8d42-65ef-4134-9fee-2e5944336a13,N
1019212,cbde9be3-d1ea-4e58-81c6-8ad682ffd466,Y
1019212,575ade98-76e3-46f5-8579-9284e9584010,N
1019212,5b1460aa-f4fc-4284-88df-1b6499abcaa2,N
1019212,e3e6f43c-5afd-46a8-856c-fdc35f3230f1,N
1019212,312d8d42-65ef-4134-9fee-2e5944336a13,N
1011117,cbde9be3-d1ea-4e58-81c6-8ad682ffd466,Y
1011117,575ade98-76e3-46f5-8579-9284e9584010,Y
1011117,5b1460aa-f4fc-4284-88df-1b6499abcaa2,N
1011117,e3e6f43c-5afd-46a8-856c-fdc35f3230f1,N
1011117,312d8d42-65ef-4134-9fee-2e5944336a13,Y
1021332,cbde9be3-d1ea-4e58-81c6-8ad682ffd466,Y
1021332,575ade98-76e3-46f5-8579-9284e9584010,N
1021332,5b1460aa-f4fc-4284-88df-1b6499abcaa2,N
1021332,e3e6f43c-5afd-46a8-856c-fdc35f3230f1,N
1021332,312d8d42-65ef-4134-9fee-2e5944336a13,N
1020075,cbde9be3-d1ea-4e58-81c6-8ad682ffd466,Y
1020075,575ade98-76e3-46f5-8579-9284e9584010,Y
1020075,5b1460aa-f4fc-4284-88df-1b6499abcaa2,Y
1020075,e3e6f43c-5afd-46a8-856c-fdc35f3230f1,Y
1020075,312d8d42-65ef-4134-9fee-2e5944336a13,Y
1021633,cbde9be3-d1ea-4e58-81c6-8ad682ffd466,Y
1021633,575ade98-76e3-46f5-8579-9284e9584010,N
1021633,5b1460aa-f4fc-4284-88df-1b6499abcaa2,N
1021633,e3e6f43c-5afd-46a8-856c-fdc35f3230f1,N
1021633,312d8d42-65ef-4134-9fee-2e5944336a13,N
1021244,cbde9be3-d1ea-4e58-81c6-8ad682ffd466,Y
1021244,575ade98-76e3-46f5-8579-9284e9584010,Y
1021244,5b1460aa-f4fc-4284-88df-1b6499abcaa2,N
1021244,e3e6f43c-5afd-46a8-856c-fdc35f3230f1,Y
1021244,312d8d42-65ef-4134-9fee-2e5944336a13,N
1021250,cbde9be3-d1ea-4e58-81c6-8ad682ffd466,Y
1021250,575ade98-76e3-46f5-8579-9284e9584010,N
1021250,5b1460aa-f4fc-4284-88df-1b6499abcaa2,N
1021250,e3e6f43c-5afd-46a8-856c-fdc35f3230f1,N
1021250,312d8d42-65ef-4134-9fee-2e5944336a13,N
1021345,cbde9be3-d1ea-4e58-81c6-8ad682ffd466,Y
1021345,575ade98-76e3-46f5-8579-9284e9584010,Y
1021345,5b1460aa-f4fc-4284-88df-1b6499abcaa2,Y
1021345,e3e6f43c-5afd-46a8-856c-fdc35f3230f1,Y
1021345,312d8d42-65ef-4134-9fee-2e5944336a13,Y
1003343,cbde9be3-d1ea-4e58-81c6-8ad682ffd466,Y
1003343,575ade98-76e3-46f5-8579-9284e9584010,Y
1003343,5b1460aa-f4fc-4284-88df-1b6499abcaa2,Y
1003343,e3e6f43c-5afd-46a8-856c-fdc35f3230f1,Y
1003343,312d8d42-65ef-4134-9fee-2e5944336a13,Y
1019986,cbde9be3-d1ea-4e58-81c6-8ad682ffd466,Y
1019986,575ade98-76e3-46f5-8579-9284e9584010,Y
1019986,5b1460aa-f4fc-4284-88df-1b6499abcaa2,Y
1019986,e3e6f43c-5afd-46a8-856c-fdc35f3230f1,Y
1019986,312d8d42-65ef-4134-9fee-2e5944336a13,Y
1020123,cbde9be3-d1ea-4e58-81c6-8ad682ffd466,Y
1020123,575ade98-76e3-46f5-8579-9284e9584010,N
1020123,5b1460aa-f4fc-4284-88df-1b6499abcaa2,N
1020123,e3e6f43c-5afd-46a8-856c-fdc35f3230f1,N
1020123,312d8d42-65ef-4134-9fee-2e5944336a13,N
1019506,cbde9be3-d1ea-4e58-81c6-8ad682ffd466,Y
1019506,575ade98-76e3-46f5-8579-9284e9584010,Y
1019506,5b1460aa-f4fc-4284-88df-1b6499abcaa2,N
1019506,e3e6f43c-5afd-46a8-856c-fdc35f3230f1,Y
1019506,312d8d42-65ef-4134-9fee-2e5944336a13,N
1019649,cbde9be3-d1ea-4e58-81c6-8ad682ffd466,Y
1019649,575ade98-76e3-46f5-8579-9284e9584010,N
1019649,5b1460aa-f4fc-4284-88df-1b6499abcaa2,N
1019649,e3e6f43c-5afd-46a8-856c-fdc35f3230f1,N
1019649,312d8d42-65ef-4134-9fee-2e5944336a13,Y
1019409,cbde9be3-d1ea-4e58-81c6-8ad682ffd466,Y
1019409,575ade98-76e3-46f5-8579-9284e9584010,N
1019409,5b1460aa-f4fc-4284-88df-1b6499abcaa2,N
1019409,e3e6f43c-5afd-46a8-856c-fdc35f3230f1,N
1019409,312d8d42-65ef-4134-9fee-2e5944336a13,Y
1019103,cbde9be3-d1ea-4e58-81c6-8ad682ffd466,Y
1019103,575ade98-76e3-46f5-8579-9284e9584010,N
1019103,5b1460aa-f4fc-4284-88df-1b6499abcaa2,N
1019103,e3e6f43c-5afd-46a8-856c-fdc35f3230f1,N
1019103,312d8d42-65ef-4134-9fee-2e5944336a13,N
1003863,cbde9be3-d1ea-4e58-81c6-8ad682ffd466,Y
1003863,575ade98-76e3-46f5-8579-9284e9584010,Y
1003863,5b1460aa-f4fc-4284-88df-1b6499abcaa2,Y
1003863,e3e6f43c-5afd-46a8-856c-fdc35f3230f1,Y
1003863,312d8d42-65ef-4134-9fee-2e5944336a13,Y
1012206,cbde9be3-d1ea-4e58-81c6-8ad682ffd466,Y
1012206,575ade98-76e3-46f5-8579-9284e9584010,Y
1012206,5b1460aa-f4fc-4284-88df-1b6499abcaa2,N
1012206,e3e6f43c-5afd-46a8-856c-fdc35f3230f1,N
1012206,312d8d42-65ef-4134-9fee-2e5944336a13,Y
1019850,cbde9be3-d1ea-4e58-81c6-8ad682ffd466,Y
1019850,575ade98-76e3-46f5-8579-9284e9584010,N
1019850,5b1460aa-f4fc-4284-88df-1b6499abcaa2,N
1019850,e3e6f43c-5afd-46a8-856c-fdc35f3230f1,N
1019850,312d8d42-65ef-4134-9fee-2e5944336a13,N
1019851,cbde9be3-d1ea-4e58-81c6-8ad682ffd466,Y
1019851,575ade98-76e3-46f5-8579-9284e9584010,N
1019851,5b1460aa-f4fc-4284-88df-1b6499abcaa2,N
1019851,e3e6f43c-5afd-46a8-856c-fdc35f3230f1,N
1019851,312d8d42-65ef-4134-9fee-2e5944336a13,N
1019198,cbde9be3-d1ea-4e58-81c6-8ad682ffd466,Y
1019198,575ade98-76e3-46f5-8579-9284e9584010,N
1019198,5b1460aa-f4fc-4284-88df-1b6499abcaa2,N
1019198,e3e6f43c-5afd-46a8-856c-fdc35f3230f1,N
1019198,312d8d42-65ef-4134-9fee-2e5944336a13,Y
1002021,cbde9be3-d1ea-4e58-81c6-8ad682ffd466,Y
1002021,575ade98-76e3-46f5-8579-9284e9584010,N
1002021,5b1460aa-f4fc-4284-88df-1b6499abcaa2,N
1002021,e3e6f43c-5afd-46a8-856c-fdc35f3230f1,N
1002021,312d8d42-65ef-4134-9fee-2e5944336a13,Y
1002521,cbde9be3-d1ea-4e58-81c6-8ad682ffd466,Y
1002521,575ade98-76e3-46f5-8579-9284e9584010,N
1002521,5b1460aa-f4fc-4284-88df-1b6499abcaa2,N
1002521,e3e6f43c-5afd-46a8-856c-fdc35f3230f1,Y
1002521,312d8d42-65ef-4134-9fee-2e5944336a13,Y
1019427,cbde9be3-d1ea-4e58-81c6-8ad682ffd466,Y
1019427,575ade98-76e3-46f5-8579-9284e9584010,N
1019427,5b1460aa-f4fc-4284-88df-1b6499abcaa2,Y
1019427,e3e6f43c-5afd-46a8-856c-fdc35f3230f1,Y
1019427,312d8d42-65ef-4134-9fee-2e5944336a13,N
1020051,cbde9be3-d1ea-4e58-81c6-8ad682ffd466,Y
1020051,575ade98-76e3-46f5-8579-9284e9584010,N
1020051,5b1460aa-f4fc-4284-88df-1b6499abcaa2,N
1020051,e3e6f43c-5afd-46a8-856c-fdc35f3230f1,N
1020051,312d8d42-65ef-4134-9fee-2e5944336a13,Y
1019035,cbde9be3-d1ea-4e58-81c6-8ad682ffd466,Y
1019035,575ade98-76e3-46f5-8579-9284e9584010,Y
1019035,5b1460aa-f4fc-4284-88df-1b6499abcaa2,N
1019035,e3e6f43c-5afd-46a8-856c-fdc35f3230f1,Y
1019035,312d8d42-65ef-4134-9fee-2e5944336a13,Y
1021683,cbde9be3-d1ea-4e58-81c6-8ad682ffd466,Y
1021683,575ade98-76e3-46f5-8579-9284e9584010,N
1021683,5b1460aa-f4fc-4284-88df-1b6499abcaa2,N
1021683,e3e6f43c-5afd-46a8-856c-fdc35f3230f1,N
1021683,312d8d42-65ef-4134-9fee-2e5944336a13,Y
1019852,cbde9be3-d1ea-4e58-81c6-8ad682ffd466,Y
1019852,575ade98-76e3-46f5-8579-9284e9584010,Y
1019852,5b1460aa-f4fc-4284-88df-1b6499abcaa2,N
1019852,e3e6f43c-5afd-46a8-856c-fdc35f3230f1,Y
1019852,312d8d42-65ef-4134-9fee-2e5944336a13,Y
1019352,cbde9be3-d1ea-4e58-81c6-8ad682ffd466,Y
1019352,575ade98-76e3-46f5-8579-9284e9584010,N
1019352,5b1460aa-f4fc-4284-88df-1b6499abcaa2,N
1019352,e3e6f43c-5afd-46a8-856c-fdc35f3230f1,N
1019352,312d8d42-65ef-4134-9fee-2e5944336a13,N
1005352,cbde9be3-d1ea-4e58-81c6-8ad682ffd466,Y
1005352,575ade98-76e3-46f5-8579-9284e9584010,Y
1005352,5b1460aa-f4fc-4284-88df-1b6499abcaa2,Y
1005352,e3e6f43c-5afd-46a8-856c-fdc35f3230f1,Y
1005352,312d8d42-65ef-4134-9fee-2e5944336a13,Y
1009803,cbde9be3-d1ea-4e58-81c6-8ad682ffd466,Y
1009803,575ade98-76e3-46f5-8579-9284e9584010,Y
1009803,5b1460aa-f4fc-4284-88df-1b6499abcaa2,Y
1009803,e3e6f43c-5afd-46a8-856c-fdc35f3230f1,Y
1009803,312d8d42-65ef-4134-9fee-2e5944336a13,Y
1019756,cbde9be3-d1ea-4e58-81c6-8ad682ffd466,Y
1019756,575ade98-76e3-46f5-8579-9284e9584010,Y
1019756,5b1460aa-f4fc-4284-88df-1b6499abcaa2,N
1019756,e3e6f43c-5afd-46a8-856c-fdc35f3230f1,Y
1019756,312d8d42-65ef-4134-9fee-2e5944336a13,N
1021291,cbde9be3-d1ea-4e58-81c6-8ad682ffd466,Y
1021291,575ade98-76e3-46f5-8579-9284e9584010,N
1021291,5b1460aa-f4fc-4284-88df-1b6499abcaa2,N
1021291,e3e6f43c-5afd-46a8-856c-fdc35f3230f1,N
1021291,312d8d42-65ef-4134-9fee-2e5944336a13,Y
1021661,cbde9be3-d1ea-4e58-81c6-8ad682ffd466,Y
1021661,575ade98-76e3-46f5-8579-9284e9584010,N
1021661,5b1460aa-f4fc-4284-88df-1b6499abcaa2,N
1021661,e3e6f43c-5afd-46a8-856c-fdc35f3230f1,N
1021661,312d8d42-65ef-4134-9fee-2e5944336a13,N
1012344,cbde9be3-d1ea-4e58-81c6-8ad682ffd466,Y
1012344,575ade98-76e3-46f5-8579-9284e9584010,Y
1012344,5b1460aa-f4fc-4284-88df-1b6499abcaa2,N
1012344,e3e6f43c-5afd-46a8-856c-fdc35f3230f1,Y
1012344,312d8d42-65ef-4134-9fee-2e5944336a13,Y
1019030,cbde9be3-d1ea-4e58-81c6-8ad682ffd466,Y
1019030,575ade98-76e3-46f5-8579-9284e9584010,N
1019030,5b1460aa-f4fc-4284-88df-1b6499abcaa2,N
1019030,e3e6f43c-5afd-46a8-856c-fdc35f3230f1,N
1019030,312d8d42-65ef-4134-9fee-2e5944336a13,Y
1018834,cbde9be3-d1ea-4e58-81c6-8ad682ffd466,Y
1018834,575ade98-76e3-46f5-8579-9284e9584010,Y
1018834,5b1460aa-f4fc-4284-88df-1b6499abcaa2,N
1018834,e3e6f43c-5afd-46a8-856c-fdc35f3230f1,Y
1018834,312d8d42-65ef-4134-9fee-2e5944336a13,N
1021324,cbde9be3-d1ea-4e58-81c6-8ad682ffd466,Y
1021324,575ade98-76e3-46f5-8579-9284e9584010,N
1021324,5b1460aa-f4fc-4284-88df-1b6499abcaa2,N
1021324,e3e6f43c-5afd-46a8-856c-fdc35f3230f1,Y
1021324,312d8d42-65ef-4134-9fee-2e5944336a13,Y
1021325,cbde9be3-d1ea-4e58-81c6-8ad682ffd466,Y
1021325,575ade98-76e3-46f5-8579-9284e9584010,N
1021325,5b1460aa-f4fc-4284-88df-1b6499abcaa2,N
1021325,e3e6f43c-5afd-46a8-856c-fdc35f3230f1,Y
1021325,312d8d42-65ef-4134-9fee-2e5944336a13,Y
1019450,cbde9be3-d1ea-4e58-81c6-8ad682ffd466,Y
1019450,575ade98-76e3-46f5-8579-9284e9584010,Y
1019450,5b1460aa-f4fc-4284-88df-1b6499abcaa2,Y
1019450,e3e6f43c-5afd-46a8-856c-fdc35f3230f1,Y
1019450,312d8d42-65ef-4134-9fee-2e5944336a13,Y
1021647,cbde9be3-d1ea-4e58-81c6-8ad682ffd466,Y
1021647,575ade98-76e3-46f5-8579-9284e9584010,N
1021647,5b1460aa-f4fc-4284-88df-1b6499abcaa2,N
1021647,e3e6f43c-5afd-46a8-856c-fdc35f3230f1,N
1021647,312d8d42-65ef-4134-9fee-2e5944336a13,N
1016810,cbde9be3-d1ea-4e58-81c6-8ad682ffd466,Y
1016810,575ade98-76e3-46f5-8579-9284e9584010,Y
1016810,5b1460aa-f4fc-4284-88df-1b6499abcaa2,N
1016810,e3e6f43c-5afd-46a8-856c-fdc35f3230f1,Y
1016810,312d8d42-65ef-4134-9fee-2e5944336a13,Y
1018113,cbde9be3-d1ea-4e58-81c6-8ad682ffd466,Y
1018113,575ade98-76e3-46f5-8579-9284e9584010,Y
1018113,5b1460aa-f4fc-4284-88df-1b6499abcaa2,N
1018113,e3e6f43c-5afd-46a8-856c-fdc35f3230f1,Y
1018113,312d8d42-65ef-4134-9fee-2e5944336a13,N
1019158,cbde9be3-d1ea-4e58-81c6-8ad682ffd466,Y
1019158,575ade98-76e3-46f5-8579-9284e9584010,N
1019158,5b1460aa-f4fc-4284-88df-1b6499abcaa2,N
1019158,e3e6f43c-5afd-46a8-856c-fdc35f3230f1,N
1019158,312d8d42-65ef-4134-9fee-2e5944336a13,N
1006652,cbde9be3-d1ea-4e58-81c6-8ad682ffd466,Y
1006652,575ade98-76e3-46f5-8579-9284e9584010,N
1006652,5b1460aa-f4fc-4284-88df-1b6499abcaa2,N
1006652,e3e6f43c-5afd-46a8-856c-fdc35f3230f1,N
1006652,312d8d42-65ef-4134-9fee-2e5944336a13,Y
1002768,cbde9be3-d1ea-4e58-81c6-8ad682ffd466,Y
1002768,575ade98-76e3-46f5-8579-9284e9584010,Y
1002768,5b1460aa-f4fc-4284-88df-1b6499abcaa2,N
1002768,e3e6f43c-5afd-46a8-856c-fdc35f3230f1,Y
1002768,312d8d42-65ef-4134-9fee-2e5944336a13,N
1019512,cbde9be3-d1ea-4e58-81c6-8ad682ffd466,Y
1019512,575ade98-76e3-46f5-8579-9284e9584010,N
1019512,5b1460aa-f4fc-4284-88df-1b6499abcaa2,N
1019512,e3e6f43c-5afd-46a8-856c-fdc35f3230f1,Y
1019512,312d8d42-65ef-4134-9fee-2e5944336a13,Y
1010483,cbde9be3-d1ea-4e58-81c6-8ad682ffd466,Y
1010483,575ade98-76e3-46f5-8579-9284e9584010,N
1010483,5b1460aa-f4fc-4284-88df-1b6499abcaa2,N
1010483,e3e6f43c-5afd-46a8-856c-fdc35f3230f1,N
1010483,312d8d42-65ef-4134-9fee-2e5944336a13,N
1016916,cbde9be3-d1ea-4e58-81c6-8ad682ffd466,Y
1016916,575ade98-76e3-46f5-8579-9284e9584010,N
1016916,5b1460aa-f4fc-4284-88df-1b6499abcaa2,N
1016916,e3e6f43c-5afd-46a8-856c-fdc35f3230f1,N
1016916,312d8d42-65ef-4134-9fee-2e5944336a13,Y
1004651,cbde9be3-d1ea-4e58-81c6-8ad682ffd466,Y
1004651,575ade98-76e3-46f5-8579-9284e9584010,Y
1004651,5b1460aa-f4fc-4284-88df-1b6499abcaa2,Y
1004651,e3e6f43c-5afd-46a8-856c-fdc35f3230f1,Y
1004651,312d8d42-65ef-4134-9fee-2e5944336a13,N
1019503,cbde9be3-d1ea-4e58-81c6-8ad682ffd466,Y
1019503,575ade98-76e3-46f5-8579-9284e9584010,N
1019503,5b1460aa-f4fc-4284-88df-1b6499abcaa2,N
1019503,e3e6f43c-5afd-46a8-856c-fdc35f3230f1,N
1019503,312d8d42-65ef-4134-9fee-2e5944336a13,Y
1019808,cbde9be3-d1ea-4e58-81c6-8ad682ffd466,Y
1019808,575ade98-76e3-46f5-8579-9284e9584010,Y
1019808,5b1460aa-f4fc-4284-88df-1b6499abcaa2,Y
1019808,e3e6f43c-5afd-46a8-856c-fdc35f3230f1,Y
1019808,312d8d42-65ef-4134-9fee-2e5944336a13,Y
1019726,cbde9be3-d1ea-4e58-81c6-8ad682ffd466,Y
1019726,575ade98-76e3-46f5-8579-9284e9584010,Y
1019726,5b1460aa-f4fc-4284-88df-1b6499abcaa2,N
1019726,e3e6f43c-5afd-46a8-856c-fdc35f3230f1,N
1019726,312d8d42-65ef-4134-9fee-2e5944336a13,Y
1021470,cbde9be3-d1ea-4e58-81c6-8ad682ffd466,Y
1021470,575ade98-76e3-46f5-8579-9284e9584010,Y
1021470,5b1460aa-f4fc-4284-88df-1b6499abcaa2,N
1021470,e3e6f43c-5afd-46a8-856c-fdc35f3230f1,Y
1021470,312d8d42-65ef-4134-9fee-2e5944336a13,Y
1019346,cbde9be3-d1ea-4e58-81c6-8ad682ffd466,Y
1019346,575ade98-76e3-46f5-8579-9284e9584010,N
1019346,5b1460aa-f4fc-4284-88df-1b6499abcaa2,N
1019346,e3e6f43c-5afd-46a8-856c-fdc35f3230f1,N
1019346,312d8d42-65ef-4134-9fee-2e5944336a13,Y
1019650,cbde9be3-d1ea-4e58-81c6-8ad682ffd466,Y
1019650,575ade98-76e3-46f5-8579-9284e9584010,N
1019650,5b1460aa-f4fc-4284-88df-1b6499abcaa2,N
1019650,e3e6f43c-5afd-46a8-856c-fdc35f3230f1,N
1019650,312d8d42-65ef-4134-9fee-2e5944336a13,Y
1018927,cbde9be3-d1ea-4e58-81c6-8ad682ffd466,Y
1018927,575ade98-76e3-46f5-8579-9284e9584010,Y
1018927,5b1460aa-f4fc-4284-88df-1b6499abcaa2,N
1018927,e3e6f43c-5afd-46a8-856c-fdc35f3230f1,Y
1018927,312d8d42-65ef-4134-9fee-2e5944336a13,N
1021361,cbde9be3-d1ea-4e58-81c6-8ad682ffd466,Y
1021361,575ade98-76e3-46f5-8579-9284e9584010,N
1021361,5b1460aa-f4fc-4284-88df-1b6499abcaa2,N
1021361,e3e6f43c-5afd-46a8-856c-fdc35f3230f1,N
1021361,312d8d42-65ef-4134-9fee-2e5944336a13,Y
1004848,cbde9be3-d1ea-4e58-81c6-8ad682ffd466,Y
1004848,575ade98-76e3-46f5-8579-9284e9584010,N
1004848,5b1460aa-f4fc-4284-88df-1b6499abcaa2,Y
1004848,e3e6f43c-5afd-46a8-856c-fdc35f3230f1,Y
1004848,312d8d42-65ef-4134-9fee-2e5944336a13,Y
1011300,cbde9be3-d1ea-4e58-81c6-8ad682ffd466,Y
1011300,575ade98-76e3-46f5-8579-9284e9584010,Y
1011300,5b1460aa-f4fc-4284-88df-1b6499abcaa2,N
1011300,e3e6f43c-5afd-46a8-856c-fdc35f3230f1,Y
1011300,312d8d42-65ef-4134-9fee-2e5944336a13,Y
1020132,cbde9be3-d1ea-4e58-81c6-8ad682ffd466,Y
1020132,575ade98-76e3-46f5-8579-9284e9584010,Y
1020132,5b1460aa-f4fc-4284-88df-1b6499abcaa2,N
1020132,e3e6f43c-5afd-46a8-856c-fdc35f3230f1,Y
1020132,312d8d42-65ef-4134-9fee-2e5944336a13,Y
1019304,cbde9be3-d1ea-4e58-81c6-8ad682ffd466,Y
1019304,575ade98-76e3-46f5-8579-9284e9584010,Y
1019304,5b1460aa-f4fc-4284-88df-1b6499abcaa2,N
1019304,e3e6f43c-5afd-46a8-856c-fdc35f3230f1,Y
1019304,312d8d42-65ef-4134-9fee-2e5944336a13,Y
1021198,cbde9be3-d1ea-4e58-81c6-8ad682ffd466,Y
1021198,575ade98-76e3-46f5-8579-9284e9584010,Y
1021198,5b1460aa-f4fc-4284-88df-1b6499abcaa2,Y
1021198,e3e6f43c-5afd-46a8-856c-fdc35f3230f1,Y
1021198,312d8d42-65ef-4134-9fee-2e5944336a13,Y
1019167,cbde9be3-d1ea-4e58-81c6-8ad682ffd466,Y
1019167,575ade98-76e3-46f5-8579-9284e9584010,Y
1019167,5b1460aa-f4fc-4284-88df-1b6499abcaa2,N
1019167,e3e6f43c-5afd-46a8-856c-fdc35f3230f1,Y
1019167,312d8d42-65ef-4134-9fee-2e5944336a13,Y
1019678,cbde9be3-d1ea-4e58-81c6-8ad682ffd466,Y
1019678,575ade98-76e3-46f5-8579-9284e9584010,Y
1019678,5b1460aa-f4fc-4284-88df-1b6499abcaa2,N
1019678,e3e6f43c-5afd-46a8-856c-fdc35f3230f1,Y
1019678,312d8d42-65ef-4134-9fee-2e5944336a13,Y
1019679,cbde9be3-d1ea-4e58-81c6-8ad682ffd466,Y
1019679,575ade98-76e3-46f5-8579-9284e9584010,Y
1019679,5b1460aa-f4fc-4284-88df-1b6499abcaa2,N
1019679,e3e6f43c-5afd-46a8-856c-fdc35f3230f1,Y
1019679,312d8d42-65ef-4134-9fee-2e5944336a13,Y
1019631,cbde9be3-d1ea-4e58-81c6-8ad682ffd466,Y
1019631,575ade98-76e3-46f5-8579-9284e9584010,N
1019631,5b1460aa-f4fc-4284-88df-1b6499abcaa2,N
1019631,e3e6f43c-5afd-46a8-856c-fdc35f3230f1,N
1019631,312d8d42-65ef-4134-9fee-2e5944336a13,N
1019207,cbde9be3-d1ea-4e58-81c6-8ad682ffd466,Y
1019207,575ade98-76e3-46f5-8579-9284e9584010,Y
1019207,5b1460aa-f4fc-4284-88df-1b6499abcaa2,N
1019207,e3e6f43c-5afd-46a8-856c-fdc35f3230f1,Y
1019207,312d8d42-65ef-4134-9fee-2e5944336a13,Y
1019995,cbde9be3-d1ea-4e58-81c6-8ad682ffd466,Y
1019995,575ade98-76e3-46f5-8579-9284e9584010,Y
1019995,5b1460aa-f4fc-4284-88df-1b6499abcaa2,N
1019995,e3e6f43c-5afd-46a8-856c-fdc35f3230f1,N
1019995,312d8d42-65ef-4134-9fee-2e5944336a13,Y
1021390,cbde9be3-d1ea-4e58-81c6-8ad682ffd466,Y
1021390,575ade98-76e3-46f5-8579-9284e9584010,N
1021390,5b1460aa-f4fc-4284-88df-1b6499abcaa2,N
1021390,e3e6f43c-5afd-46a8-856c-fdc35f3230f1,N
1021390,312d8d42-65ef-4134-9fee-2e5944336a13,N
1012027,cbde9be3-d1ea-4e58-81c6-8ad682ffd466,Y
1012027,575ade98-76e3-46f5-8579-9284e9584010,Y
1012027,5b1460aa-f4fc-4284-88df-1b6499abcaa2,Y
1012027,e3e6f43c-5afd-46a8-856c-fdc35f3230f1,Y
1012027,312d8d42-65ef-4134-9fee-2e5944336a13,Y
1019538,cbde9be3-d1ea-4e58-81c6-8ad682ffd466,Y
1019538,575ade98-76e3-46f5-8579-9284e9584010,N
1019538,5b1460aa-f4fc-4284-88df-1b6499abcaa2,N
1019538,e3e6f43c-5afd-46a8-856c-fdc35f3230f1,Y
1019538,312d8d42-65ef-4134-9fee-2e5944336a13,N
1018418,cbde9be3-d1ea-4e58-81c6-8ad682ffd466,Y
1018418,575ade98-76e3-46f5-8579-9284e9584010,N
1018418,5b1460aa-f4fc-4284-88df-1b6499abcaa2,N
1018418,e3e6f43c-5afd-46a8-856c-fdc35f3230f1,N
1018418,312d8d42-65ef-4134-9fee-2e5944336a13,N
1018901,cbde9be3-d1ea-4e58-81c6-8ad682ffd466,Y
1018901,575ade98-76e3-46f5-8579-9284e9584010,N
1018901,5b1460aa-f4fc-4284-88df-1b6499abcaa2,N
1018901,e3e6f43c-5afd-46a8-856c-fdc35f3230f1,N
1018901,312d8d42-65ef-4134-9fee-2e5944336a13,N
1020094,cbde9be3-d1ea-4e58-81c6-8ad682ffd466,Y
1020094,575ade98-76e3-46f5-8579-9284e9584010,Y
1020094,5b1460aa-f4fc-4284-88df-1b6499abcaa2,N
1020094,e3e6f43c-5afd-46a8-856c-fdc35f3230f1,Y
1020094,312d8d42-65ef-4134-9fee-2e5944336a13,Y
1019494,cbde9be3-d1ea-4e58-81c6-8ad682ffd466,Y
1019494,575ade98-76e3-46f5-8579-9284e9584010,N
1019494,5b1460aa-f4fc-4284-88df-1b6499abcaa2,N
1019494,e3e6f43c-5afd-46a8-856c-fdc35f3230f1,N
1019494,312d8d42-65ef-4134-9fee-2e5944336a13,Y
1005431,cbde9be3-d1ea-4e58-81c6-8ad682ffd466,Y
1005431,575ade98-76e3-46f5-8579-9284e9584010,Y
1005431,5b1460aa-f4fc-4284-88df-1b6499abcaa2,N
1005431,e3e6f43c-5afd-46a8-856c-fdc35f3230f1,Y
1005431,312d8d42-65ef-4134-9fee-2e5944336a13,N
1018919,cbde9be3-d1ea-4e58-81c6-8ad682ffd466,Y
1018919,575ade98-76e3-46f5-8579-9284e9584010,N
1018919,5b1460aa-f4fc-4284-88df-1b6499abcaa2,N
1018919,e3e6f43c-5afd-46a8-856c-fdc35f3230f1,N
1018919,312d8d42-65ef-4134-9fee-2e5944336a13,N
1000462,cbde9be3-d1ea-4e58-81c6-8ad682ffd466,Y
1000462,575ade98-76e3-46f5-8579-9284e9584010,N
1000462,5b1460aa-f4fc-4284-88df-1b6499abcaa2,N
1000462,e3e6f43c-5afd-46a8-856c-fdc35f3230f1,N
1000462,312d8d42-65ef-4134-9fee-2e5944336a13,Y
1016820,cbde9be3-d1ea-4e58-81c6-8ad682ffd466,Y
1016820,575ade98-76e3-46f5-8579-9284e9584010,N
1016820,5b1460aa-f4fc-4284-88df-1b6499abcaa2,N
1016820,e3e6f43c-5afd-46a8-856c-fdc35f3230f1,N
1016820,312d8d42-65ef-4134-9fee-2e5944336a13,N
1021727,cbde9be3-d1ea-4e58-81c6-8ad682ffd466,Y
1021727,575ade98-76e3-46f5-8579-9284e9584010,N
1021727,5b1460aa-f4fc-4284-88df-1b6499abcaa2,N
1021727,e3e6f43c-5afd-46a8-856c-fdc35f3230f1,N
1021727,312d8d42-65ef-4134-9fee-2e5944336a13,N
1011233,cbde9be3-d1ea-4e58-81c6-8ad682ffd466,Y
1011233,575ade98-76e3-46f5-8579-9284e9584010,Y
1011233,5b1460aa-f4fc-4284-88df-1b6499abcaa2,N
1011233,e3e6f43c-5afd-46a8-856c-fdc35f3230f1,Y
1011233,312d8d42-65ef-4134-9fee-2e5944336a13,N
1018922,cbde9be3-d1ea-4e58-81c6-8ad682ffd466,Y
1018922,575ade98-76e3-46f5-8579-9284e9584010,Y
1018922,5b1460aa-f4fc-4284-88df-1b6499abcaa2,Y
1018922,e3e6f43c-5afd-46a8-856c-fdc35f3230f1,Y
1018922,312d8d42-65ef-4134-9fee-2e5944336a13,N
1011800,cbde9be3-d1ea-4e58-81c6-8ad682ffd466,Y
1011800,575ade98-76e3-46f5-8579-9284e9584010,Y
1011800,5b1460aa-f4fc-4284-88df-1b6499abcaa2,Y
1011800,e3e6f43c-5afd-46a8-856c-fdc35f3230f1,Y
1011800,312d8d42-65ef-4134-9fee-2e5944336a13,Y
1021257,cbde9be3-d1ea-4e58-81c6-8ad682ffd466,Y
1021257,575ade98-76e3-46f5-8579-9284e9584010,Y
1021257,5b1460aa-f4fc-4284-88df-1b6499abcaa2,N
1021257,e3e6f43c-5afd-46a8-856c-fdc35f3230f1,Y
1021257,312d8d42-65ef-4134-9fee-2e5944336a13,Y
1019622,cbde9be3-d1ea-4e58-81c6-8ad682ffd466,Y
1019622,575ade98-76e3-46f5-8579-9284e9584010,N
1019622,5b1460aa-f4fc-4284-88df-1b6499abcaa2,N
1019622,e3e6f43c-5afd-46a8-856c-fdc35f3230f1,N
1019622,312d8d42-65ef-4134-9fee-2e5944336a13,N
1019177,cbde9be3-d1ea-4e58-81c6-8ad682ffd466,Y
1019177,575ade98-76e3-46f5-8579-9284e9584010,N
1019177,5b1460aa-f4fc-4284-88df-1b6499abcaa2,N
1019177,e3e6f43c-5afd-46a8-856c-fdc35f3230f1,N
1019177,312d8d42-65ef-4134-9fee-2e5944336a13,Y
1019175,cbde9be3-d1ea-4e58-81c6-8ad682ffd466,Y
1019175,575ade98-76e3-46f5-8579-9284e9584010,N
1019175,5b1460aa-f4fc-4284-88df-1b6499abcaa2,N
1019175,e3e6f43c-5afd-46a8-856c-fdc35f3230f1,N
1019175,312d8d42-65ef-4134-9fee-2e5944336a13,Y
1019176,cbde9be3-d1ea-4e58-81c6-8ad682ffd466,Y
1019176,575ade98-76e3-46f5-8579-9284e9584010,N
1019176,5b1460aa-f4fc-4284-88df-1b6499abcaa2,N
1019176,e3e6f43c-5afd-46a8-856c-fdc35f3230f1,N
1019176,312d8d42-65ef-4134-9fee-2e5944336a13,N
1019940,cbde9be3-d1ea-4e58-81c6-8ad682ffd466,Y
1019940,575ade98-76e3-46f5-8579-9284e9584010,N
1019940,5b1460aa-f4fc-4284-88df-1b6499abcaa2,N
1019940,e3e6f43c-5afd-46a8-856c-fdc35f3230f1,N
1019940,312d8d42-65ef-4134-9fee-2e5944336a13,Y
1019435,cbde9be3-d1ea-4e58-81c6-8ad682ffd466,Y
1019435,575ade98-76e3-46f5-8579-9284e9584010,N
1019435,5b1460aa-f4fc-4284-88df-1b6499abcaa2,N
1019435,e3e6f43c-5afd-46a8-856c-fdc35f3230f1,N
1019435,312d8d42-65ef-4134-9fee-2e5944336a13,N
1011538,cbde9be3-d1ea-4e58-81c6-8ad682ffd466,Y
1011538,575ade98-76e3-46f5-8579-9284e9584010,N
1011538,5b1460aa-f4fc-4284-88df-1b6499abcaa2,N
1011538,e3e6f43c-5afd-46a8-856c-fdc35f3230f1,N
1011538,312d8d42-65ef-4134-9fee-2e5944336a13,Y
1000481,cbde9be3-d1ea-4e58-81c6-8ad682ffd466,Y
1000481,575ade98-76e3-46f5-8579-9284e9584010,Y
1000481,5b1460aa-f4fc-4284-88df-1b6499abcaa2,N
1000481,e3e6f43c-5afd-46a8-856c-fdc35f3230f1,Y
1000481,312d8d42-65ef-4134-9fee-2e5944336a13,N
1012249,cbde9be3-d1ea-4e58-81c6-8ad682ffd466,Y
1012249,575ade98-76e3-46f5-8579-9284e9584010,N
1012249,5b1460aa-f4fc-4284-88df-1b6499abcaa2,N
1012249,e3e6f43c-5afd-46a8-856c-fdc35f3230f1,N
1012249,312d8d42-65ef-4134-9fee-2e5944336a13,N
1005201,cbde9be3-d1ea-4e58-81c6-8ad682ffd466,Y
1005201,575ade98-76e3-46f5-8579-9284e9584010,Y
1005201,5b1460aa-f4fc-4284-88df-1b6499abcaa2,Y
1005201,e3e6f43c-5afd-46a8-856c-fdc35f3230f1,N
1005201,312d8d42-65ef-4134-9fee-2e5944336a13,N
1012046,cbde9be3-d1ea-4e58-81c6-8ad682ffd466,Y
1012046,575ade98-76e3-46f5-8579-9284e9584010,Y
1012046,5b1460aa-f4fc-4284-88df-1b6499abcaa2,N
1012046,e3e6f43c-5afd-46a8-856c-fdc35f3230f1,Y
1012046,312d8d42-65ef-4134-9fee-2e5944336a13,Y
1021339,cbde9be3-d1ea-4e58-81c6-8ad682ffd466,Y
1021339,575ade98-76e3-46f5-8579-9284e9584010,Y
1021339,5b1460aa-f4fc-4284-88df-1b6499abcaa2,Y
1021339,e3e6f43c-5afd-46a8-856c-fdc35f3230f1,Y
1021339,312d8d42-65ef-4134-9fee-2e5944336a13,Y
1019360,cbde9be3-d1ea-4e58-81c6-8ad682ffd466,Y
1019360,575ade98-76e3-46f5-8579-9284e9584010,N
1019360,5b1460aa-f4fc-4284-88df-1b6499abcaa2,N
1019360,e3e6f43c-5afd-46a8-856c-fdc35f3230f1,N
1019360,312d8d42-65ef-4134-9fee-2e5944336a13,Y
1021197,cbde9be3-d1ea-4e58-81c6-8ad682ffd466,Y
1021197,575ade98-76e3-46f5-8579-9284e9584010,Y
1021197,5b1460aa-f4fc-4284-88df-1b6499abcaa2,N
1021197,e3e6f43c-5afd-46a8-856c-fdc35f3230f1,N
1021197,312d8d42-65ef-4134-9fee-2e5944336a13,N
1018407,cbde9be3-d1ea-4e58-81c6-8ad682ffd466,Y
1018407,575ade98-76e3-46f5-8579-9284e9584010,N
1018407,5b1460aa-f4fc-4284-88df-1b6499abcaa2,N
1018407,e3e6f43c-5afd-46a8-856c-fdc35f3230f1,Y
1018407,312d8d42-65ef-4134-9fee-2e5944336a13,N
1005528,cbde9be3-d1ea-4e58-81c6-8ad682ffd466,Y
1005528,575ade98-76e3-46f5-8579-9284e9584010,Y
1005528,5b1460aa-f4fc-4284-88df-1b6499abcaa2,N
1005528,e3e6f43c-5afd-46a8-856c-fdc35f3230f1,Y
1005528,312d8d42-65ef-4134-9fee-2e5944336a13,Y
1006837,cbde9be3-d1ea-4e58-81c6-8ad682ffd466,Y
1006837,575ade98-76e3-46f5-8579-9284e9584010,Y
1006837,5b1460aa-f4fc-4284-88df-1b6499abcaa2,Y
1006837,e3e6f43c-5afd-46a8-856c-fdc35f3230f1,Y
1006837,312d8d42-65ef-4134-9fee-2e5944336a13,Y
1011119,cbde9be3-d1ea-4e58-81c6-8ad682ffd466,Y
1011119,575ade98-76e3-46f5-8579-9284e9584010,N
1011119,5b1460aa-f4fc-4284-88df-1b6499abcaa2,N
1011119,e3e6f43c-5afd-46a8-856c-fdc35f3230f1,Y
1011119,312d8d42-65ef-4134-9fee-2e5944336a13,Y
1019706,cbde9be3-d1ea-4e58-81c6-8ad682ffd466,Y
1019706,575ade98-76e3-46f5-8579-9284e9584010,Y
1019706,5b1460aa-f4fc-4284-88df-1b6499abcaa2,N
1019706,e3e6f43c-5afd-46a8-856c-fdc35f3230f1,Y
1019706,312d8d42-65ef-4134-9fee-2e5944336a13,N
1021624,cbde9be3-d1ea-4e58-81c6-8ad682ffd466,Y
1021624,575ade98-76e3-46f5-8579-9284e9584010,N
1021624,5b1460aa-f4fc-4284-88df-1b6499abcaa2,N
1021624,e3e6f43c-5afd-46a8-856c-fdc35f3230f1,N
1021624,312d8d42-65ef-4134-9fee-2e5944336a13,N
1019752,cbde9be3-d1ea-4e58-81c6-8ad682ffd466,Y
1019752,575ade98-76e3-46f5-8579-9284e9584010,N
1019752,5b1460aa-f4fc-4284-88df-1b6499abcaa2,N
1019752,e3e6f43c-5afd-46a8-856c-fdc35f3230f1,N
1019752,312d8d42-65ef-4134-9fee-2e5944336a13,N
1019501,cbde9be3-d1ea-4e58-81c6-8ad682ffd466,Y
1019501,575ade98-76e3-46f5-8579-9284e9584010,Y
1019501,5b1460aa-f4fc-4284-88df-1b6499abcaa2,N
1019501,e3e6f43c-5afd-46a8-856c-fdc35f3230f1,Y
1019501,312d8d42-65ef-4134-9fee-2e5944336a13,N
1005256,cbde9be3-d1ea-4e58-81c6-8ad682ffd466,Y
1005256,575ade98-76e3-46f5-8579-9284e9584010,N
1005256,5b1460aa-f4fc-4284-88df-1b6499abcaa2,N
1005256,e3e6f43c-5afd-46a8-856c-fdc35f3230f1,Y
1005256,312d8d42-65ef-4134-9fee-2e5944336a13,Y
1019969,cbde9be3-d1ea-4e58-81c6-8ad682ffd466,Y
1019969,575ade98-76e3-46f5-8579-9284e9584010,N
1019969,5b1460aa-f4fc-4284-88df-1b6499abcaa2,Y
1019969,e3e6f43c-5afd-46a8-856c-fdc35f3230f1,Y
1019969,312d8d42-65ef-4134-9fee-2e5944336a13,Y
1003980,cbde9be3-d1ea-4e58-81c6-8ad682ffd466,Y
1003980,575ade98-76e3-46f5-8579-9284e9584010,Y
1003980,5b1460aa-f4fc-4284-88df-1b6499abcaa2,N
1003980,e3e6f43c-5afd-46a8-856c-fdc35f3230f1,Y
1003980,312d8d42-65ef-4134-9fee-2e5944336a13,Y
1018217,cbde9be3-d1ea-4e58-81c6-8ad682ffd466,Y
1018217,575ade98-76e3-46f5-8579-9284e9584010,Y
1018217,5b1460aa-f4fc-4284-88df-1b6499abcaa2,N
1018217,e3e6f43c-5afd-46a8-856c-fdc35f3230f1,Y
1018217,312d8d42-65ef-4134-9fee-2e5944336a13,Y
1018998,cbde9be3-d1ea-4e58-81c6-8ad682ffd466,Y
1018998,575ade98-76e3-46f5-8579-9284e9584010,Y
1018998,5b1460aa-f4fc-4284-88df-1b6499abcaa2,N
1018998,e3e6f43c-5afd-46a8-856c-fdc35f3230f1,Y
1018998,312d8d42-65ef-4134-9fee-2e5944336a13,N
1005257,cbde9be3-d1ea-4e58-81c6-8ad682ffd466,Y
1005257,575ade98-76e3-46f5-8579-9284e9584010,N
1005257,5b1460aa-f4fc-4284-88df-1b6499abcaa2,N
1005257,e3e6f43c-5afd-46a8-856c-fdc35f3230f1,Y
1005257,312d8d42-65ef-4134-9fee-2e5944336a13,Y
1019111,cbde9be3-d1ea-4e58-81c6-8ad682ffd466,Y
1019111,575ade98-76e3-46f5-8579-9284e9584010,N
1019111,5b1460aa-f4fc-4284-88df-1b6499abcaa2,N
1019111,e3e6f43c-5afd-46a8-856c-fdc35f3230f1,N
1019111,312d8d42-65ef-4134-9fee-2e5944336a13,N
1010286,cbde9be3-d1ea-4e58-81c6-8ad682ffd466,Y
1010286,575ade98-76e3-46f5-8579-9284e9584010,N
1010286,5b1460aa-f4fc-4284-88df-1b6499abcaa2,Y
1010286,e3e6f43c-5afd-46a8-856c-fdc35f3230f1,Y
1010286,312d8d42-65ef-4134-9fee-2e5944336a13,N
1018310,cbde9be3-d1ea-4e58-81c6-8ad682ffd466,Y
1018310,575ade98-76e3-46f5-8579-9284e9584010,Y
1018310,5b1460aa-f4fc-4284-88df-1b6499abcaa2,Y
1018310,e3e6f43c-5afd-46a8-856c-fdc35f3230f1,Y
1018310,312d8d42-65ef-4134-9fee-2e5944336a13,N
1005218,cbde9be3-d1ea-4e58-81c6-8ad682ffd466,Y
1005218,575ade98-76e3-46f5-8579-9284e9584010,Y
1005218,5b1460aa-f4fc-4284-88df-1b6499abcaa2,N
1005218,e3e6f43c-5afd-46a8-856c-fdc35f3230f1,Y
1005218,312d8d42-65ef-4134-9fee-2e5944336a13,Y
1016799,cbde9be3-d1ea-4e58-81c6-8ad682ffd466,Y
1016799,575ade98-76e3-46f5-8579-9284e9584010,Y
1016799,5b1460aa-f4fc-4284-88df-1b6499abcaa2,Y
1016799,e3e6f43c-5afd-46a8-856c-fdc35f3230f1,Y
1016799,312d8d42-65ef-4134-9fee-2e5944336a13,Y
1003238,cbde9be3-d1ea-4e58-81c6-8ad682ffd466,Y
1003238,575ade98-76e3-46f5-8579-9284e9584010,N
1003238,5b1460aa-f4fc-4284-88df-1b6499abcaa2,N
1003238,e3e6f43c-5afd-46a8-856c-fdc35f3230f1,N
1003238,312d8d42-65ef-4134-9fee-2e5944336a13,N
1021358,cbde9be3-d1ea-4e58-81c6-8ad682ffd466,Y
1021358,575ade98-76e3-46f5-8579-9284e9584010,Y
1021358,5b1460aa-f4fc-4284-88df-1b6499abcaa2,N
1021358,e3e6f43c-5afd-46a8-856c-fdc35f3230f1,Y
1021358,312d8d42-65ef-4134-9fee-2e5944336a13,Y
1021713,cbde9be3-d1ea-4e58-81c6-8ad682ffd466,Y
1021713,575ade98-76e3-46f5-8579-9284e9584010,Y
1021713,5b1460aa-f4fc-4284-88df-1b6499abcaa2,N
1021713,e3e6f43c-5afd-46a8-856c-fdc35f3230f1,Y
1021713,312d8d42-65ef-4134-9fee-2e5944336a13,N
1019058,cbde9be3-d1ea-4e58-81c6-8ad682ffd466,Y
1019058,575ade98-76e3-46f5-8579-9284e9584010,Y
1019058,5b1460aa-f4fc-4284-88df-1b6499abcaa2,N
1019058,e3e6f43c-5afd-46a8-856c-fdc35f3230f1,N
1019058,312d8d42-65ef-4134-9fee-2e5944336a13,Y
1019482,cbde9be3-d1ea-4e58-81c6-8ad682ffd466,Y
1019482,575ade98-76e3-46f5-8579-9284e9584010,Y
1019482,5b1460aa-f4fc-4284-88df-1b6499abcaa2,Y
1019482,e3e6f43c-5afd-46a8-856c-fdc35f3230f1,Y
1019482,312d8d42-65ef-4134-9fee-2e5944336a13,N
1019368,cbde9be3-d1ea-4e58-81c6-8ad682ffd466,Y
1019368,575ade98-76e3-46f5-8579-9284e9584010,N
1019368,5b1460aa-f4fc-4284-88df-1b6499abcaa2,N
1019368,e3e6f43c-5afd-46a8-856c-fdc35f3230f1,N
1019368,312d8d42-65ef-4134-9fee-2e5944336a13,N
1012031,cbde9be3-d1ea-4e58-81c6-8ad682ffd466,Y
1012031,575ade98-76e3-46f5-8579-9284e9584010,Y
1012031,5b1460aa-f4fc-4284-88df-1b6499abcaa2,Y
1012031,e3e6f43c-5afd-46a8-856c-fdc35f3230f1,Y
1012031,312d8d42-65ef-4134-9fee-2e5944336a13,Y
1000242,cbde9be3-d1ea-4e58-81c6-8ad682ffd466,Y
1000242,575ade98-76e3-46f5-8579-9284e9584010,N
1000242,5b1460aa-f4fc-4284-88df-1b6499abcaa2,N
1000242,e3e6f43c-5afd-46a8-856c-fdc35f3230f1,Y
1000242,312d8d42-65ef-4134-9fee-2e5944336a13,N
1019022,cbde9be3-d1ea-4e58-81c6-8ad682ffd466,Y
1019022,575ade98-76e3-46f5-8579-9284e9584010,N
1019022,5b1460aa-f4fc-4284-88df-1b6499abcaa2,Y
1019022,e3e6f43c-5afd-46a8-856c-fdc35f3230f1,N
1019022,312d8d42-65ef-4134-9fee-2e5944336a13,Y
1000616,cbde9be3-d1ea-4e58-81c6-8ad682ffd466,Y
1000616,575ade98-76e3-46f5-8579-9284e9584010,N
1000616,5b1460aa-f4fc-4284-88df-1b6499abcaa2,N
1000616,e3e6f43c-5afd-46a8-856c-fdc35f3230f1,Y
1000616,312d8d42-65ef-4134-9fee-2e5944336a13,N
1019185,cbde9be3-d1ea-4e58-81c6-8ad682ffd466,Y
1019185,575ade98-76e3-46f5-8579-9284e9584010,N
1019185,5b1460aa-f4fc-4284-88df-1b6499abcaa2,N
1019185,e3e6f43c-5afd-46a8-856c-fdc35f3230f1,N
1019185,312d8d42-65ef-4134-9fee-2e5944336a13,Y
1019866,cbde9be3-d1ea-4e58-81c6-8ad682ffd466,Y
1019866,575ade98-76e3-46f5-8579-9284e9584010,N
1019866,5b1460aa-f4fc-4284-88df-1b6499abcaa2,N
1019866,e3e6f43c-5afd-46a8-856c-fdc35f3230f1,N
1019866,312d8d42-65ef-4134-9fee-2e5944336a13,N
1019806,cbde9be3-d1ea-4e58-81c6-8ad682ffd466,Y
1019806,575ade98-76e3-46f5-8579-9284e9584010,Y
1019806,5b1460aa-f4fc-4284-88df-1b6499abcaa2,Y
1019806,e3e6f43c-5afd-46a8-856c-fdc35f3230f1,Y
1019806,312d8d42-65ef-4134-9fee-2e5944336a13,Y
1011972,cbde9be3-d1ea-4e58-81c6-8ad682ffd466,Y
1011972,575ade98-76e3-46f5-8579-9284e9584010,Y
1011972,5b1460aa-f4fc-4284-88df-1b6499abcaa2,Y
1011972,e3e6f43c-5afd-46a8-856c-fdc35f3230f1,Y
1011972,312d8d42-65ef-4134-9fee-2e5944336a13,Y
1021341,cbde9be3-d1ea-4e58-81c6-8ad682ffd466,Y
1021341,575ade98-76e3-46f5-8579-9284e9584010,N
1021341,5b1460aa-f4fc-4284-88df-1b6499abcaa2,N
1021341,e3e6f43c-5afd-46a8-856c-fdc35f3230f1,N
1021341,312d8d42-65ef-4134-9fee-2e5944336a13,Y
1019876,cbde9be3-d1ea-4e58-81c6-8ad682ffd466,Y
1019876,575ade98-76e3-46f5-8579-9284e9584010,N
1019876,5b1460aa-f4fc-4284-88df-1b6499abcaa2,N
1019876,e3e6f43c-5afd-46a8-856c-fdc35f3230f1,N
1019876,312d8d42-65ef-4134-9fee-2e5944336a13,N
1019189,cbde9be3-d1ea-4e58-81c6-8ad682ffd466,Y
1019189,575ade98-76e3-46f5-8579-9284e9584010,Y
1019189,5b1460aa-f4fc-4284-88df-1b6499abcaa2,N
1019189,e3e6f43c-5afd-46a8-856c-fdc35f3230f1,N
1019189,312d8d42-65ef-4134-9fee-2e5944336a13,Y
1019924,cbde9be3-d1ea-4e58-81c6-8ad682ffd466,Y
1019924,575ade98-76e3-46f5-8579-9284e9584010,N
1019924,5b1460aa-f4fc-4284-88df-1b6499abcaa2,N
1019924,e3e6f43c-5afd-46a8-856c-fdc35f3230f1,Y
1019924,312d8d42-65ef-4134-9fee-2e5944336a13,N
1019843,cbde9be3-d1ea-4e58-81c6-8ad682ffd466,Y
1019843,575ade98-76e3-46f5-8579-9284e9584010,N
1019843,5b1460aa-f4fc-4284-88df-1b6499abcaa2,N
1019843,e3e6f43c-5afd-46a8-856c-fdc35f3230f1,Y
1019843,312d8d42-65ef-4134-9fee-2e5944336a13,Y
1020190,cbde9be3-d1ea-4e58-81c6-8ad682ffd466,Y
1020190,575ade98-76e3-46f5-8579-9284e9584010,N
1020190,5b1460aa-f4fc-4284-88df-1b6499abcaa2,N
1020190,e3e6f43c-5afd-46a8-856c-fdc35f3230f1,N
1020190,312d8d42-65ef-4134-9fee-2e5944336a13,N
1002929,cbde9be3-d1ea-4e58-81c6-8ad682ffd466,Y
1002929,575ade98-76e3-46f5-8579-9284e9584010,Y
1002929,5b1460aa-f4fc-4284-88df-1b6499abcaa2,Y
1002929,e3e6f43c-5afd-46a8-856c-fdc35f3230f1,Y
1002929,312d8d42-65ef-4134-9fee-2e5944336a13,Y
1019659,cbde9be3-d1ea-4e58-81c6-8ad682ffd466,Y
1019659,575ade98-76e3-46f5-8579-9284e9584010,N
1019659,5b1460aa-f4fc-4284-88df-1b6499abcaa2,N
1019659,e3e6f43c-5afd-46a8-856c-fdc35f3230f1,N
1019659,312d8d42-65ef-4134-9fee-2e5944336a13,N
1018976,cbde9be3-d1ea-4e58-81c6-8ad682ffd466,Y
1018976,575ade98-76e3-46f5-8579-9284e9584010,N
1018976,5b1460aa-f4fc-4284-88df-1b6499abcaa2,N
1018976,e3e6f43c-5afd-46a8-856c-fdc35f3230f1,N
1018976,312d8d42-65ef-4134-9fee-2e5944336a13,Y
1011139,cbde9be3-d1ea-4e58-81c6-8ad682ffd466,Y
1011139,575ade98-76e3-46f5-8579-9284e9584010,N
1011139,5b1460aa-f4fc-4284-88df-1b6499abcaa2,N
1011139,e3e6f43c-5afd-46a8-856c-fdc35f3230f1,N
1011139,312d8d42-65ef-4134-9fee-2e5944336a13,N
1019902,cbde9be3-d1ea-4e58-81c6-8ad682ffd466,Y
1019902,575ade98-76e3-46f5-8579-9284e9584010,N
1019902,5b1460aa-f4fc-4284-88df-1b6499abcaa2,Y
1019902,e3e6f43c-5afd-46a8-856c-fdc35f3230f1,Y
1019902,312d8d42-65ef-4134-9fee-2e5944336a13,N
1001281,cbde9be3-d1ea-4e58-81c6-8ad682ffd466,Y
1001281,575ade98-76e3-46f5-8579-9284e9584010,N
1001281,5b1460aa-f4fc-4284-88df-1b6499abcaa2,N
1001281,e3e6f43c-5afd-46a8-856c-fdc35f3230f1,N
1001281,312d8d42-65ef-4134-9fee-2e5944336a13,N
1005642,cbde9be3-d1ea-4e58-81c6-8ad682ffd466,Y
1005642,575ade98-76e3-46f5-8579-9284e9584010,Y
1005642,5b1460aa-f4fc-4284-88df-1b6499abcaa2,Y
1005642,e3e6f43c-5afd-46a8-856c-fdc35f3230f1,Y
1005642,312d8d42-65ef-4134-9fee-2e5944336a13,Y
1003199,cbde9be3-d1ea-4e58-81c6-8ad682ffd466,Y
1003199,575ade98-76e3-46f5-8579-9284e9584010,N
1003199,5b1460aa-f4fc-4284-88df-1b6499abcaa2,N
1003199,e3e6f43c-5afd-46a8-856c-fdc35f3230f1,N
1003199,312d8d42-65ef-4134-9fee-2e5944336a13,N
1019300,cbde9be3-d1ea-4e58-81c6-8ad682ffd466,Y
1019300,575ade98-76e3-46f5-8579-9284e9584010,N
1019300,5b1460aa-f4fc-4284-88df-1b6499abcaa2,N
1019300,e3e6f43c-5afd-46a8-856c-fdc35f3230f1,N
1019300,312d8d42-65ef-4134-9fee-2e5944336a13,N
1019968,cbde9be3-d1ea-4e58-81c6-8ad682ffd466,Y
1019968,575ade98-76e3-46f5-8579-9284e9584010,N
1019968,5b1460aa-f4fc-4284-88df-1b6499abcaa2,Y
1019968,e3e6f43c-5afd-46a8-856c-fdc35f3230f1,Y
1019968,312d8d42-65ef-4134-9fee-2e5944336a13,N
1020145,cbde9be3-d1ea-4e58-81c6-8ad682ffd466,Y
1020145,575ade98-76e3-46f5-8579-9284e9584010,N
1020145,5b1460aa-f4fc-4284-88df-1b6499abcaa2,N
1020145,e3e6f43c-5afd-46a8-856c-fdc35f3230f1,Y
1020145,312d8d42-65ef-4134-9fee-2e5944336a13,N
1019487,cbde9be3-d1ea-4e58-81c6-8ad682ffd466,Y
1019487,575ade98-76e3-46f5-8579-9284e9584010,N
1019487,5b1460aa-f4fc-4284-88df-1b6499abcaa2,N
1019487,e3e6f43c-5afd-46a8-856c-fdc35f3230f1,N
1019487,312d8d42-65ef-4134-9fee-2e5944336a13,Y
1020134,cbde9be3-d1ea-4e58-81c6-8ad682ffd466,Y
1020134,575ade98-76e3-46f5-8579-9284e9584010,Y
1020134,5b1460aa-f4fc-4284-88df-1b6499abcaa2,Y
1020134,e3e6f43c-5afd-46a8-856c-fdc35f3230f1,Y
1020134,312d8d42-65ef-4134-9fee-2e5944336a13,Y
1019490,cbde9be3-d1ea-4e58-81c6-8ad682ffd466,Y
1019490,575ade98-76e3-46f5-8579-9284e9584010,N
1019490,5b1460aa-f4fc-4284-88df-1b6499abcaa2,N
1019490,e3e6f43c-5afd-46a8-856c-fdc35f3230f1,N
1019490,312d8d42-65ef-4134-9fee-2e5944336a13,N
1020081,cbde9be3-d1ea-4e58-81c6-8ad682ffd466,Y
1020081,575ade98-76e3-46f5-8579-9284e9584010,Y
1020081,5b1460aa-f4fc-4284-88df-1b6499abcaa2,N
1020081,e3e6f43c-5afd-46a8-856c-fdc35f3230f1,N
1020081,312d8d42-65ef-4134-9fee-2e5944336a13,N
1019634,cbde9be3-d1ea-4e58-81c6-8ad682ffd466,Y
1019634,575ade98-76e3-46f5-8579-9284e9584010,Y
1019634,5b1460aa-f4fc-4284-88df-1b6499abcaa2,N
1019634,e3e6f43c-5afd-46a8-856c-fdc35f3230f1,Y
1019634,312d8d42-65ef-4134-9fee-2e5944336a13,Y
1021314,cbde9be3-d1ea-4e58-81c6-8ad682ffd466,Y
1021314,575ade98-76e3-46f5-8579-9284e9584010,Y
1021314,5b1460aa-f4fc-4284-88df-1b6499abcaa2,N
1021314,e3e6f43c-5afd-46a8-856c-fdc35f3230f1,Y
1021314,312d8d42-65ef-4134-9fee-2e5944336a13,N
1018908,cbde9be3-d1ea-4e58-81c6-8ad682ffd466,Y
1018908,575ade98-76e3-46f5-8579-9284e9584010,N
1018908,5b1460aa-f4fc-4284-88df-1b6499abcaa2,N
1018908,e3e6f43c-5afd-46a8-856c-fdc35f3230f1,Y
1018908,312d8d42-65ef-4134-9fee-2e5944336a13,Y
1019858,cbde9be3-d1ea-4e58-81c6-8ad682ffd466,Y
1019858,575ade98-76e3-46f5-8579-9284e9584010,Y
1019858,5b1460aa-f4fc-4284-88df-1b6499abcaa2,N
1019858,e3e6f43c-5afd-46a8-856c-fdc35f3230f1,N
1019858,312d8d42-65ef-4134-9fee-2e5944336a13,Y
1019759,cbde9be3-d1ea-4e58-81c6-8ad682ffd466,Y
1019759,575ade98-76e3-46f5-8579-9284e9584010,Y
1019759,5b1460aa-f4fc-4284-88df-1b6499abcaa2,N
1019759,e3e6f43c-5afd-46a8-856c-fdc35f3230f1,Y
1019759,312d8d42-65ef-4134-9fee-2e5944336a13,N
1021209,cbde9be3-d1ea-4e58-81c6-8ad682ffd466,Y
1021209,575ade98-76e3-46f5-8579-9284e9584010,Y
1021209,5b1460aa-f4fc-4284-88df-1b6499abcaa2,N
1021209,e3e6f43c-5afd-46a8-856c-fdc35f3230f1,N
1021209,312d8d42-65ef-4134-9fee-2e5944336a13,Y
1020199,cbde9be3-d1ea-4e58-81c6-8ad682ffd466,Y
1020199,575ade98-76e3-46f5-8579-9284e9584010,Y
1020199,5b1460aa-f4fc-4284-88df-1b6499abcaa2,N
1020199,e3e6f43c-5afd-46a8-856c-fdc35f3230f1,Y
1020199,312d8d42-65ef-4134-9fee-2e5944336a13,Y
1002905,cbde9be3-d1ea-4e58-81c6-8ad682ffd466,Y
1002905,575ade98-76e3-46f5-8579-9284e9584010,N
1002905,5b1460aa-f4fc-4284-88df-1b6499abcaa2,N
1002905,e3e6f43c-5afd-46a8-856c-fdc35f3230f1,N
1002905,312d8d42-65ef-4134-9fee-2e5944336a13,N
1019816,cbde9be3-d1ea-4e58-81c6-8ad682ffd466,Y
1019816,575ade98-76e3-46f5-8579-9284e9584010,Y
1019816,5b1460aa-f4fc-4284-88df-1b6499abcaa2,N
1019816,e3e6f43c-5afd-46a8-856c-fdc35f3230f1,Y
1019816,312d8d42-65ef-4134-9fee-2e5944336a13,Y
1021357,cbde9be3-d1ea-4e58-81c6-8ad682ffd466,Y
1021357,575ade98-76e3-46f5-8579-9284e9584010,Y
1021357,5b1460aa-f4fc-4284-88df-1b6499abcaa2,N
1021357,e3e6f43c-5afd-46a8-856c-fdc35f3230f1,Y
1021357,312d8d42-65ef-4134-9fee-2e5944336a13,Y
1018093,cbde9be3-d1ea-4e58-81c6-8ad682ffd466,Y
1018093,575ade98-76e3-46f5-8579-9284e9584010,N
1018093,5b1460aa-f4fc-4284-88df-1b6499abcaa2,N
1018093,e3e6f43c-5afd-46a8-856c-fdc35f3230f1,N
1018093,312d8d42-65ef-4134-9fee-2e5944336a13,N
1019464,cbde9be3-d1ea-4e58-81c6-8ad682ffd466,Y
1019464,575ade98-76e3-46f5-8579-9284e9584010,N
1019464,5b1460aa-f4fc-4284-88df-1b6499abcaa2,N
1019464,e3e6f43c-5afd-46a8-856c-fdc35f3230f1,N
1019464,312d8d42-65ef-4134-9fee-2e5944336a13,N
1021458,cbde9be3-d1ea-4e58-81c6-8ad682ffd466,Y
1021458,575ade98-76e3-46f5-8579-9284e9584010,Y
1021458,5b1460aa-f4fc-4284-88df-1b6499abcaa2,Y
1021458,e3e6f43c-5afd-46a8-856c-fdc35f3230f1,Y
1021458,312d8d42-65ef-4134-9fee-2e5944336a13,N
1019137,cbde9be3-d1ea-4e58-81c6-8ad682ffd466,Y
1019137,575ade98-76e3-46f5-8579-9284e9584010,N
1019137,5b1460aa-f4fc-4284-88df-1b6499abcaa2,Y
1019137,e3e6f43c-5afd-46a8-856c-fdc35f3230f1,Y
1019137,312d8d42-65ef-4134-9fee-2e5944336a13,N
1000021,cbde9be3-d1ea-4e58-81c6-8ad682ffd466,Y
1000021,575ade98-76e3-46f5-8579-9284e9584010,N
1000021,5b1460aa-f4fc-4284-88df-1b6499abcaa2,N
1000021,e3e6f43c-5afd-46a8-856c-fdc35f3230f1,N
1000021,312d8d42-65ef-4134-9fee-2e5944336a13,N
1011076,cbde9be3-d1ea-4e58-81c6-8ad682ffd466,Y
1011076,575ade98-76e3-46f5-8579-9284e9584010,Y
1011076,5b1460aa-f4fc-4284-88df-1b6499abcaa2,N
1011076,e3e6f43c-5afd-46a8-856c-fdc35f3230f1,Y
1011076,312d8d42-65ef-4134-9fee-2e5944336a13,Y
1020087,cbde9be3-d1ea-4e58-81c6-8ad682ffd466,Y
1020087,575ade98-76e3-46f5-8579-9284e9584010,N
1020087,5b1460aa-f4fc-4284-88df-1b6499abcaa2,N
1020087,e3e6f43c-5afd-46a8-856c-fdc35f3230f1,N
1020087,312d8d42-65ef-4134-9fee-2e5944336a13,N
1019683,cbde9be3-d1ea-4e58-81c6-8ad682ffd466,Y
1019683,575ade98-76e3-46f5-8579-9284e9584010,N
1019683,5b1460aa-f4fc-4284-88df-1b6499abcaa2,N
1019683,e3e6f43c-5afd-46a8-856c-fdc35f3230f1,N
1019683,312d8d42-65ef-4134-9fee-2e5944336a13,N
1019777,cbde9be3-d1ea-4e58-81c6-8ad682ffd466,Y
1019777,575ade98-76e3-46f5-8579-9284e9584010,Y
1019777,5b1460aa-f4fc-4284-88df-1b6499abcaa2,N
1019777,e3e6f43c-5afd-46a8-856c-fdc35f3230f1,Y
1019777,312d8d42-65ef-4134-9fee-2e5944336a13,Y
1012786,cbde9be3-d1ea-4e58-81c6-8ad682ffd466,Y
1012786,575ade98-76e3-46f5-8579-9284e9584010,N
1012786,5b1460aa-f4fc-4284-88df-1b6499abcaa2,N
1012786,e3e6f43c-5afd-46a8-856c-fdc35f3230f1,N
1012786,312d8d42-65ef-4134-9fee-2e5944336a13,Y
1005633,cbde9be3-d1ea-4e58-81c6-8ad682ffd466,Y
1005633,575ade98-76e3-46f5-8579-9284e9584010,Y
1005633,5b1460aa-f4fc-4284-88df-1b6499abcaa2,N
1005633,e3e6f43c-5afd-46a8-856c-fdc35f3230f1,Y
1005633,312d8d42-65ef-4134-9fee-2e5944336a13,N
1006681,cbde9be3-d1ea-4e58-81c6-8ad682ffd466,Y
1006681,575ade98-76e3-46f5-8579-9284e9584010,Y
1006681,5b1460aa-f4fc-4284-88df-1b6499abcaa2,N
1006681,e3e6f43c-5afd-46a8-856c-fdc35f3230f1,Y
1006681,312d8d42-65ef-4134-9fee-2e5944336a13,N
1009658,cbde9be3-d1ea-4e58-81c6-8ad682ffd466,Y
1009658,575ade98-76e3-46f5-8579-9284e9584010,N
1009658,5b1460aa-f4fc-4284-88df-1b6499abcaa2,N
1009658,e3e6f43c-5afd-46a8-856c-fdc35f3230f1,Y
1009658,312d8d42-65ef-4134-9fee-2e5944336a13,Y
1020034,cbde9be3-d1ea-4e58-81c6-8ad682ffd466,Y
1020034,575ade98-76e3-46f5-8579-9284e9584010,N
1020034,5b1460aa-f4fc-4284-88df-1b6499abcaa2,N
1020034,e3e6f43c-5afd-46a8-856c-fdc35f3230f1,N
1020034,312d8d42-65ef-4134-9fee-2e5944336a13,N
1020035,cbde9be3-d1ea-4e58-81c6-8ad682ffd466,Y
1020035,575ade98-76e3-46f5-8579-9284e9584010,Y
1020035,5b1460aa-f4fc-4284-88df-1b6499abcaa2,N
1020035,e3e6f43c-5afd-46a8-856c-fdc35f3230f1,Y
1020035,312d8d42-65ef-4134-9fee-2e5944336a13,N
1020038,cbde9be3-d1ea-4e58-81c6-8ad682ffd466,Y
1020038,575ade98-76e3-46f5-8579-9284e9584010,Y
1020038,5b1460aa-f4fc-4284-88df-1b6499abcaa2,N
1020038,e3e6f43c-5afd-46a8-856c-fdc35f3230f1,Y
1020038,312d8d42-65ef-4134-9fee-2e5944336a13,N
1012523,cbde9be3-d1ea-4e58-81c6-8ad682ffd466,Y
1012523,575ade98-76e3-46f5-8579-9284e9584010,Y
1012523,5b1460aa-f4fc-4284-88df-1b6499abcaa2,Y
1012523,e3e6f43c-5afd-46a8-856c-fdc35f3230f1,Y
1012523,312d8d42-65ef-4134-9fee-2e5944336a13,Y
1010485,cbde9be3-d1ea-4e58-81c6-8ad682ffd466,Y
1010485,575ade98-76e3-46f5-8579-9284e9584010,N
1010485,5b1460aa-f4fc-4284-88df-1b6499abcaa2,N
1010485,e3e6f43c-5afd-46a8-856c-fdc35f3230f1,N
1010485,312d8d42-65ef-4134-9fee-2e5944336a13,N
1018486,cbde9be3-d1ea-4e58-81c6-8ad682ffd466,Y
1018486,575ade98-76e3-46f5-8579-9284e9584010,Y
1018486,5b1460aa-f4fc-4284-88df-1b6499abcaa2,N
1018486,e3e6f43c-5afd-46a8-856c-fdc35f3230f1,N
1018486,312d8d42-65ef-4134-9fee-2e5944336a13,N
1021454,cbde9be3-d1ea-4e58-81c6-8ad682ffd466,Y
1021454,575ade98-76e3-46f5-8579-9284e9584010,N
1021454,5b1460aa-f4fc-4284-88df-1b6499abcaa2,N
1021454,e3e6f43c-5afd-46a8-856c-fdc35f3230f1,N
1021454,312d8d42-65ef-4134-9fee-2e5944336a13,Y
1019239,cbde9be3-d1ea-4e58-81c6-8ad682ffd466,Y
1019239,575ade98-76e3-46f5-8579-9284e9584010,N
1019239,5b1460aa-f4fc-4284-88df-1b6499abcaa2,N
1019239,e3e6f43c-5afd-46a8-856c-fdc35f3230f1,N
1019239,312d8d42-65ef-4134-9fee-2e5944336a13,N
1019716,cbde9be3-d1ea-4e58-81c6-8ad682ffd466,Y
1019716,575ade98-76e3-46f5-8579-9284e9584010,Y
1019716,5b1460aa-f4fc-4284-88df-1b6499abcaa2,Y
1019716,e3e6f43c-5afd-46a8-856c-fdc35f3230f1,Y
1019716,312d8d42-65ef-4134-9fee-2e5944336a13,Y
1006069,cbde9be3-d1ea-4e58-81c6-8ad682ffd466,Y
1006069,575ade98-76e3-46f5-8579-9284e9584010,N
1006069,5b1460aa-f4fc-4284-88df-1b6499abcaa2,N
1006069,e3e6f43c-5afd-46a8-856c-fdc35f3230f1,N
1006069,312d8d42-65ef-4134-9fee-2e5944336a13,N
1020195,cbde9be3-d1ea-4e58-81c6-8ad682ffd466,Y
1020195,575ade98-76e3-46f5-8579-9284e9584010,Y
1020195,5b1460aa-f4fc-4284-88df-1b6499abcaa2,N
1020195,e3e6f43c-5afd-46a8-856c-fdc35f3230f1,Y
1020195,312d8d42-65ef-4134-9fee-2e5944336a13,Y
1016862,cbde9be3-d1ea-4e58-81c6-8ad682ffd466,Y
1016862,575ade98-76e3-46f5-8579-9284e9584010,N
1016862,5b1460aa-f4fc-4284-88df-1b6499abcaa2,N
1016862,e3e6f43c-5afd-46a8-856c-fdc35f3230f1,Y
1016862,312d8d42-65ef-4134-9fee-2e5944336a13,Y
1021493,cbde9be3-d1ea-4e58-81c6-8ad682ffd466,Y
1021493,575ade98-76e3-46f5-8579-9284e9584010,N
1021493,5b1460aa-f4fc-4284-88df-1b6499abcaa2,Y
1021493,e3e6f43c-5afd-46a8-856c-fdc35f3230f1,Y
1021493,312d8d42-65ef-4134-9fee-2e5944336a13,Y
1018939,cbde9be3-d1ea-4e58-81c6-8ad682ffd466,Y
1018939,575ade98-76e3-46f5-8579-9284e9584010,Y
1018939,5b1460aa-f4fc-4284-88df-1b6499abcaa2,N
1018939,e3e6f43c-5afd-46a8-856c-fdc35f3230f1,Y
1018939,312d8d42-65ef-4134-9fee-2e5944336a13,Y
1010037,cbde9be3-d1ea-4e58-81c6-8ad682ffd466,Y
1010037,575ade98-76e3-46f5-8579-9284e9584010,Y
1010037,5b1460aa-f4fc-4284-88df-1b6499abcaa2,Y
1010037,e3e6f43c-5afd-46a8-856c-fdc35f3230f1,Y
1010037,312d8d42-65ef-4134-9fee-2e5944336a13,Y
1001104,cbde9be3-d1ea-4e58-81c6-8ad682ffd466,Y
1001104,575ade98-76e3-46f5-8579-9284e9584010,N
1001104,5b1460aa-f4fc-4284-88df-1b6499abcaa2,N
1001104,e3e6f43c-5afd-46a8-856c-fdc35f3230f1,Y
1001104,312d8d42-65ef-4134-9fee-2e5944336a13,N
1006547,cbde9be3-d1ea-4e58-81c6-8ad682ffd466,Y
1006547,575ade98-76e3-46f5-8579-9284e9584010,Y
1006547,5b1460aa-f4fc-4284-88df-1b6499abcaa2,N
1006547,e3e6f43c-5afd-46a8-856c-fdc35f3230f1,Y
1006547,312d8d42-65ef-4134-9fee-2e5944336a13,Y
1012314,cbde9be3-d1ea-4e58-81c6-8ad682ffd466,Y
1012314,575ade98-76e3-46f5-8579-9284e9584010,Y
1012314,5b1460aa-f4fc-4284-88df-1b6499abcaa2,N
1012314,e3e6f43c-5afd-46a8-856c-fdc35f3230f1,N
1012314,312d8d42-65ef-4134-9fee-2e5944336a13,Y
1019844,cbde9be3-d1ea-4e58-81c6-8ad682ffd466,Y
1019844,575ade98-76e3-46f5-8579-9284e9584010,Y
1019844,5b1460aa-f4fc-4284-88df-1b6499abcaa2,N
1019844,e3e6f43c-5afd-46a8-856c-fdc35f3230f1,Y
1019844,312d8d42-65ef-4134-9fee-2e5944336a13,Y
1020166,cbde9be3-d1ea-4e58-81c6-8ad682ffd466,Y
1020166,575ade98-76e3-46f5-8579-9284e9584010,Y
1020166,5b1460aa-f4fc-4284-88df-1b6499abcaa2,Y
1020166,e3e6f43c-5afd-46a8-856c-fdc35f3230f1,Y
1020166,312d8d42-65ef-4134-9fee-2e5944336a13,N
1004297,cbde9be3-d1ea-4e58-81c6-8ad682ffd466,Y
1004297,575ade98-76e3-46f5-8579-9284e9584010,Y
1004297,5b1460aa-f4fc-4284-88df-1b6499abcaa2,N
1004297,e3e6f43c-5afd-46a8-856c-fdc35f3230f1,Y
1004297,312d8d42-65ef-4134-9fee-2e5944336a13,N
1020085,cbde9be3-d1ea-4e58-81c6-8ad682ffd466,Y
1020085,575ade98-76e3-46f5-8579-9284e9584010,Y
1020085,5b1460aa-f4fc-4284-88df-1b6499abcaa2,N
1020085,e3e6f43c-5afd-46a8-856c-fdc35f3230f1,Y
1020085,312d8d42-65ef-4134-9fee-2e5944336a13,Y
1021377,cbde9be3-d1ea-4e58-81c6-8ad682ffd466,Y
1021377,575ade98-76e3-46f5-8579-9284e9584010,N
1021377,5b1460aa-f4fc-4284-88df-1b6499abcaa2,N
1021377,e3e6f43c-5afd-46a8-856c-fdc35f3230f1,N
1021377,312d8d42-65ef-4134-9fee-2e5944336a13,N
1011901,cbde9be3-d1ea-4e58-81c6-8ad682ffd466,Y
1011901,575ade98-76e3-46f5-8579-9284e9584010,Y
1011901,5b1460aa-f4fc-4284-88df-1b6499abcaa2,Y
1011901,e3e6f43c-5afd-46a8-856c-fdc35f3230f1,Y
1011901,312d8d42-65ef-4134-9fee-2e5944336a13,Y
1019507,cbde9be3-d1ea-4e58-81c6-8ad682ffd466,Y
1019507,575ade98-76e3-46f5-8579-9284e9584010,N
1019507,5b1460aa-f4fc-4284-88df-1b6499abcaa2,N
1019507,e3e6f43c-5afd-46a8-856c-fdc35f3230f1,N
1019507,312d8d42-65ef-4134-9fee-2e5944336a13,Y
1021430,cbde9be3-d1ea-4e58-81c6-8ad682ffd466,Y
1021430,575ade98-76e3-46f5-8579-9284e9584010,N
1021430,5b1460aa-f4fc-4284-88df-1b6499abcaa2,N
1021430,e3e6f43c-5afd-46a8-856c-fdc35f3230f1,Y
1021430,312d8d42-65ef-4134-9fee-2e5944336a13,Y
1019480,cbde9be3-d1ea-4e58-81c6-8ad682ffd466,Y
1019480,575ade98-76e3-46f5-8579-9284e9584010,Y
1019480,5b1460aa-f4fc-4284-88df-1b6499abcaa2,N
1019480,e3e6f43c-5afd-46a8-856c-fdc35f3230f1,Y
1019480,312d8d42-65ef-4134-9fee-2e5944336a13,Y
1018573,cbde9be3-d1ea-4e58-81c6-8ad682ffd466,Y
1018573,575ade98-76e3-46f5-8579-9284e9584010,N
1018573,5b1460aa-f4fc-4284-88df-1b6499abcaa2,N
1018573,e3e6f43c-5afd-46a8-856c-fdc35f3230f1,Y
1018573,312d8d42-65ef-4134-9fee-2e5944336a13,N
1018314,cbde9be3-d1ea-4e58-81c6-8ad682ffd466,Y
1018314,575ade98-76e3-46f5-8579-9284e9584010,Y
1018314,5b1460aa-f4fc-4284-88df-1b6499abcaa2,N
1018314,e3e6f43c-5afd-46a8-856c-fdc35f3230f1,Y
1018314,312d8d42-65ef-4134-9fee-2e5944336a13,Y
1018317,cbde9be3-d1ea-4e58-81c6-8ad682ffd466,Y
1018317,575ade98-76e3-46f5-8579-9284e9584010,Y
1018317,5b1460aa-f4fc-4284-88df-1b6499abcaa2,N
1018317,e3e6f43c-5afd-46a8-856c-fdc35f3230f1,Y
1018317,312d8d42-65ef-4134-9fee-2e5944336a13,N
1021252,cbde9be3-d1ea-4e58-81c6-8ad682ffd466,Y
1021252,575ade98-76e3-46f5-8579-9284e9584010,N
1021252,5b1460aa-f4fc-4284-88df-1b6499abcaa2,N
1021252,e3e6f43c-5afd-46a8-856c-fdc35f3230f1,N
1021252,312d8d42-65ef-4134-9fee-2e5944336a13,N
1012560,cbde9be3-d1ea-4e58-81c6-8ad682ffd466,Y
1012560,575ade98-76e3-46f5-8579-9284e9584010,N
1012560,5b1460aa-f4fc-4284-88df-1b6499abcaa2,Y
1012560,e3e6f43c-5afd-46a8-856c-fdc35f3230f1,Y
1012560,312d8d42-65ef-4134-9fee-2e5944336a13,Y
1021656,cbde9be3-d1ea-4e58-81c6-8ad682ffd466,Y
1021656,575ade98-76e3-46f5-8579-9284e9584010,N
1021656,5b1460aa-f4fc-4284-88df-1b6499abcaa2,N
1021656,e3e6f43c-5afd-46a8-856c-fdc35f3230f1,N
1021656,312d8d42-65ef-4134-9fee-2e5944336a13,Y
1021467,cbde9be3-d1ea-4e58-81c6-8ad682ffd466,Y
1021467,575ade98-76e3-46f5-8579-9284e9584010,N
1021467,5b1460aa-f4fc-4284-88df-1b6499abcaa2,N
1021467,e3e6f43c-5afd-46a8-856c-fdc35f3230f1,N
1021467,312d8d42-65ef-4134-9fee-2e5944336a13,Y
1020162,cbde9be3-d1ea-4e58-81c6-8ad682ffd466,Y
1020162,575ade98-76e3-46f5-8579-9284e9584010,Y
1020162,5b1460aa-f4fc-4284-88df-1b6499abcaa2,N
1020162,e3e6f43c-5afd-46a8-856c-fdc35f3230f1,Y
1020162,312d8d42-65ef-4134-9fee-2e5944336a13,N
1018926,cbde9be3-d1ea-4e58-81c6-8ad682ffd466,Y
1018926,575ade98-76e3-46f5-8579-9284e9584010,N
1018926,5b1460aa-f4fc-4284-88df-1b6499abcaa2,N
1018926,e3e6f43c-5afd-46a8-856c-fdc35f3230f1,N
1018926,312d8d42-65ef-4134-9fee-2e5944336a13,Y
1005559,cbde9be3-d1ea-4e58-81c6-8ad682ffd466,Y
1005559,575ade98-76e3-46f5-8579-9284e9584010,Y
1005559,5b1460aa-f4fc-4284-88df-1b6499abcaa2,N
1005559,e3e6f43c-5afd-46a8-856c-fdc35f3230f1,N
1005559,312d8d42-65ef-4134-9fee-2e5944336a13,N
1005499,cbde9be3-d1ea-4e58-81c6-8ad682ffd466,Y
1005499,575ade98-76e3-46f5-8579-9284e9584010,N
1005499,5b1460aa-f4fc-4284-88df-1b6499abcaa2,N
1005499,e3e6f43c-5afd-46a8-856c-fdc35f3230f1,N
1005499,312d8d42-65ef-4134-9fee-2e5944336a13,N
1018991,cbde9be3-d1ea-4e58-81c6-8ad682ffd466,Y
1018991,575ade98-76e3-46f5-8579-9284e9584010,Y
1018991,5b1460aa-f4fc-4284-88df-1b6499abcaa2,Y
1018991,e3e6f43c-5afd-46a8-856c-fdc35f3230f1,Y
1018991,312d8d42-65ef-4134-9fee-2e5944336a13,Y
1004717,cbde9be3-d1ea-4e58-81c6-8ad682ffd466,Y
1004717,575ade98-76e3-46f5-8579-9284e9584010,N
1004717,5b1460aa-f4fc-4284-88df-1b6499abcaa2,N
1004717,e3e6f43c-5afd-46a8-856c-fdc35f3230f1,Y
1004717,312d8d42-65ef-4134-9fee-2e5944336a13,Y
1018995,cbde9be3-d1ea-4e58-81c6-8ad682ffd466,Y
1018995,575ade98-76e3-46f5-8579-9284e9584010,Y
1018995,5b1460aa-f4fc-4284-88df-1b6499abcaa2,Y
1018995,e3e6f43c-5afd-46a8-856c-fdc35f3230f1,Y
1018995,312d8d42-65ef-4134-9fee-2e5944336a13,Y
1000585,cbde9be3-d1ea-4e58-81c6-8ad682ffd466,Y
1000585,575ade98-76e3-46f5-8579-9284e9584010,Y
1000585,5b1460aa-f4fc-4284-88df-1b6499abcaa2,N
1000585,e3e6f43c-5afd-46a8-856c-fdc35f3230f1,Y
1000585,312d8d42-65ef-4134-9fee-2e5944336a13,Y
1021307,cbde9be3-d1ea-4e58-81c6-8ad682ffd466,Y
1021307,575ade98-76e3-46f5-8579-9284e9584010,Y
1021307,5b1460aa-f4fc-4284-88df-1b6499abcaa2,N
1021307,e3e6f43c-5afd-46a8-856c-fdc35f3230f1,Y
1021307,312d8d42-65ef-4134-9fee-2e5944336a13,N
1021288,cbde9be3-d1ea-4e58-81c6-8ad682ffd466,Y
1021288,575ade98-76e3-46f5-8579-9284e9584010,Y
1021288,5b1460aa-f4fc-4284-88df-1b6499abcaa2,N
1021288,e3e6f43c-5afd-46a8-856c-fdc35f3230f1,Y
1021288,312d8d42-65ef-4134-9fee-2e5944336a13,Y
1021287,cbde9be3-d1ea-4e58-81c6-8ad682ffd466,Y
1021287,575ade98-76e3-46f5-8579-9284e9584010,Y
1021287,5b1460aa-f4fc-4284-88df-1b6499abcaa2,N
1021287,e3e6f43c-5afd-46a8-856c-fdc35f3230f1,Y
1021287,312d8d42-65ef-4134-9fee-2e5944336a13,Y
1021571,cbde9be3-d1ea-4e58-81c6-8ad682ffd466,Y
1021571,575ade98-76e3-46f5-8579-9284e9584010,N
1021571,5b1460aa-f4fc-4284-88df-1b6499abcaa2,N
1021571,e3e6f43c-5afd-46a8-856c-fdc35f3230f1,N
1021571,312d8d42-65ef-4134-9fee-2e5944336a13,N
1010316,cbde9be3-d1ea-4e58-81c6-8ad682ffd466,Y
1010316,575ade98-76e3-46f5-8579-9284e9584010,N
1010316,5b1460aa-f4fc-4284-88df-1b6499abcaa2,N
1010316,e3e6f43c-5afd-46a8-856c-fdc35f3230f1,N
1010316,312d8d42-65ef-4134-9fee-2e5944336a13,Y
1012725,cbde9be3-d1ea-4e58-81c6-8ad682ffd466,Y
1012725,575ade98-76e3-46f5-8579-9284e9584010,Y
1012725,5b1460aa-f4fc-4284-88df-1b6499abcaa2,Y
1012725,e3e6f43c-5afd-46a8-856c-fdc35f3230f1,Y
1012725,312d8d42-65ef-4134-9fee-2e5944336a13,N
1018924,cbde9be3-d1ea-4e58-81c6-8ad682ffd466,Y
1018924,575ade98-76e3-46f5-8579-9284e9584010,N
1018924,5b1460aa-f4fc-4284-88df-1b6499abcaa2,N
1018924,e3e6f43c-5afd-46a8-856c-fdc35f3230f1,N
1018924,312d8d42-65ef-4134-9fee-2e5944336a13,Y
1018931,cbde9be3-d1ea-4e58-81c6-8ad682ffd466,Y
1018931,575ade98-76e3-46f5-8579-9284e9584010,Y
1018931,5b1460aa-f4fc-4284-88df-1b6499abcaa2,N
1018931,e3e6f43c-5afd-46a8-856c-fdc35f3230f1,Y
1018931,312d8d42-65ef-4134-9fee-2e5944336a13,Y
1019857,cbde9be3-d1ea-4e58-81c6-8ad682ffd466,Y
1019857,575ade98-76e3-46f5-8579-9284e9584010,Y
1019857,5b1460aa-f4fc-4284-88df-1b6499abcaa2,Y
1019857,e3e6f43c-5afd-46a8-856c-fdc35f3230f1,Y
1019857,312d8d42-65ef-4134-9fee-2e5944336a13,N
1018903,cbde9be3-d1ea-4e58-81c6-8ad682ffd466,Y
1018903,575ade98-76e3-46f5-8579-9284e9584010,N
1018903,5b1460aa-f4fc-4284-88df-1b6499abcaa2,N
1018903,e3e6f43c-5afd-46a8-856c-fdc35f3230f1,N
1018903,312d8d42-65ef-4134-9fee-2e5944336a13,N
1019682,cbde9be3-d1ea-4e58-81c6-8ad682ffd466,Y
1019682,575ade98-76e3-46f5-8579-9284e9584010,N
1019682,5b1460aa-f4fc-4284-88df-1b6499abcaa2,N
1019682,e3e6f43c-5afd-46a8-856c-fdc35f3230f1,N
1019682,312d8d42-65ef-4134-9fee-2e5944336a13,N
1011535,cbde9be3-d1ea-4e58-81c6-8ad682ffd466,Y
1011535,575ade98-76e3-46f5-8579-9284e9584010,Y
1011535,5b1460aa-f4fc-4284-88df-1b6499abcaa2,N
1011535,e3e6f43c-5afd-46a8-856c-fdc35f3230f1,Y
1011535,312d8d42-65ef-4134-9fee-2e5944336a13,Y
1020055,cbde9be3-d1ea-4e58-81c6-8ad682ffd466,Y
1020055,575ade98-76e3-46f5-8579-9284e9584010,N
1020055,5b1460aa-f4fc-4284-88df-1b6499abcaa2,N
1020055,e3e6f43c-5afd-46a8-856c-fdc35f3230f1,N
1020055,312d8d42-65ef-4134-9fee-2e5944336a13,N
1003081,cbde9be3-d1ea-4e58-81c6-8ad682ffd466,Y
1003081,575ade98-76e3-46f5-8579-9284e9584010,Y
1003081,5b1460aa-f4fc-4284-88df-1b6499abcaa2,N
1003081,e3e6f43c-5afd-46a8-856c-fdc35f3230f1,Y
1003081,312d8d42-65ef-4134-9fee-2e5944336a13,Y
1020017,cbde9be3-d1ea-4e58-81c6-8ad682ffd466,Y
1020017,575ade98-76e3-46f5-8579-9284e9584010,Y
1020017,5b1460aa-f4fc-4284-88df-1b6499abcaa2,N
1020017,e3e6f43c-5afd-46a8-856c-fdc35f3230f1,N
1020017,312d8d42-65ef-4134-9fee-2e5944336a13,Y
1021715,cbde9be3-d1ea-4e58-81c6-8ad682ffd466,Y
1021715,575ade98-76e3-46f5-8579-9284e9584010,N
1021715,5b1460aa-f4fc-4284-88df-1b6499abcaa2,N
1021715,e3e6f43c-5afd-46a8-856c-fdc35f3230f1,N
1021715,312d8d42-65ef-4134-9fee-2e5944336a13,N
1021642,cbde9be3-d1ea-4e58-81c6-8ad682ffd466,Y
1021642,575ade98-76e3-46f5-8579-9284e9584010,N
1021642,5b1460aa-f4fc-4284-88df-1b6499abcaa2,N
1021642,e3e6f43c-5afd-46a8-856c-fdc35f3230f1,N
1021642,312d8d42-65ef-4134-9fee-2e5944336a13,Y
1018702,cbde9be3-d1ea-4e58-81c6-8ad682ffd466,Y
1018702,575ade98-76e3-46f5-8579-9284e9584010,Y
1018702,5b1460aa-f4fc-4284-88df-1b6499abcaa2,Y
1018702,e3e6f43c-5afd-46a8-856c-fdc35f3230f1,Y
1018702,312d8d42-65ef-4134-9fee-2e5944336a13,N
1019737,cbde9be3-d1ea-4e58-81c6-8ad682ffd466,Y
1019737,575ade98-76e3-46f5-8579-9284e9584010,N
1019737,5b1460aa-f4fc-4284-88df-1b6499abcaa2,N
1019737,e3e6f43c-5afd-46a8-856c-fdc35f3230f1,Y
1019737,312d8d42-65ef-4134-9fee-2e5944336a13,Y
1021634,cbde9be3-d1ea-4e58-81c6-8ad682ffd466,Y
1021634,575ade98-76e3-46f5-8579-9284e9584010,N
1021634,5b1460aa-f4fc-4284-88df-1b6499abcaa2,N
1021634,e3e6f43c-5afd-46a8-856c-fdc35f3230f1,N
1021634,312d8d42-65ef-4134-9fee-2e5944336a13,N
1019908,cbde9be3-d1ea-4e58-81c6-8ad682ffd466,Y
1019908,575ade98-76e3-46f5-8579-9284e9584010,Y
1019908,5b1460aa-f4fc-4284-88df-1b6499abcaa2,Y
1019908,e3e6f43c-5afd-46a8-856c-fdc35f3230f1,Y
1019908,312d8d42-65ef-4134-9fee-2e5944336a13,Y
1019725,cbde9be3-d1ea-4e58-81c6-8ad682ffd466,Y
1019725,575ade98-76e3-46f5-8579-9284e9584010,Y
1019725,5b1460aa-f4fc-4284-88df-1b6499abcaa2,N
1019725,e3e6f43c-5afd-46a8-856c-fdc35f3230f1,Y
1019725,312d8d42-65ef-4134-9fee-2e5944336a13,Y
1012739,cbde9be3-d1ea-4e58-81c6-8ad682ffd466,Y
1012739,575ade98-76e3-46f5-8579-9284e9584010,Y
1012739,5b1460aa-f4fc-4284-88df-1b6499abcaa2,N
1012739,e3e6f43c-5afd-46a8-856c-fdc35f3230f1,Y
1012739,312d8d42-65ef-4134-9fee-2e5944336a13,Y
1012738,cbde9be3-d1ea-4e58-81c6-8ad682ffd466,Y
1012738,575ade98-76e3-46f5-8579-9284e9584010,Y
1012738,5b1460aa-f4fc-4284-88df-1b6499abcaa2,N
1012738,e3e6f43c-5afd-46a8-856c-fdc35f3230f1,Y
1012738,312d8d42-65ef-4134-9fee-2e5944336a13,Y
1019348,cbde9be3-d1ea-4e58-81c6-8ad682ffd466,Y
1019348,575ade98-76e3-46f5-8579-9284e9584010,Y
1019348,5b1460aa-f4fc-4284-88df-1b6499abcaa2,N
1019348,e3e6f43c-5afd-46a8-856c-fdc35f3230f1,Y
1019348,312d8d42-65ef-4134-9fee-2e5944336a13,Y
1012737,cbde9be3-d1ea-4e58-81c6-8ad682ffd466,Y
1012737,575ade98-76e3-46f5-8579-9284e9584010,Y
1012737,5b1460aa-f4fc-4284-88df-1b6499abcaa2,N
1012737,e3e6f43c-5afd-46a8-856c-fdc35f3230f1,Y
1012737,312d8d42-65ef-4134-9fee-2e5944336a13,Y
1021478,cbde9be3-d1ea-4e58-81c6-8ad682ffd466,Y
1021478,575ade98-76e3-46f5-8579-9284e9584010,N
1021478,5b1460aa-f4fc-4284-88df-1b6499abcaa2,Y
1021478,e3e6f43c-5afd-46a8-856c-fdc35f3230f1,Y
1021478,312d8d42-65ef-4134-9fee-2e5944336a13,N
1021601,cbde9be3-d1ea-4e58-81c6-8ad682ffd466,Y
1021601,575ade98-76e3-46f5-8579-9284e9584010,Y
1021601,5b1460aa-f4fc-4284-88df-1b6499abcaa2,N
1021601,e3e6f43c-5afd-46a8-856c-fdc35f3230f1,Y
1021601,312d8d42-65ef-4134-9fee-2e5944336a13,Y
1019227,cbde9be3-d1ea-4e58-81c6-8ad682ffd466,Y
1019227,575ade98-76e3-46f5-8579-9284e9584010,Y
1019227,5b1460aa-f4fc-4284-88df-1b6499abcaa2,N
1019227,e3e6f43c-5afd-46a8-856c-fdc35f3230f1,N
1019227,312d8d42-65ef-4134-9fee-2e5944336a13,N
1019879,cbde9be3-d1ea-4e58-81c6-8ad682ffd466,Y
1019879,575ade98-76e3-46f5-8579-9284e9584010,N
1019879,5b1460aa-f4fc-4284-88df-1b6499abcaa2,N
1019879,e3e6f43c-5afd-46a8-856c-fdc35f3230f1,N
1019879,312d8d42-65ef-4134-9fee-2e5944336a13,N
1021632,cbde9be3-d1ea-4e58-81c6-8ad682ffd466,Y
1021632,575ade98-76e3-46f5-8579-9284e9584010,N
1021632,5b1460aa-f4fc-4284-88df-1b6499abcaa2,N
1021632,e3e6f43c-5afd-46a8-856c-fdc35f3230f1,N
1021632,312d8d42-65ef-4134-9fee-2e5944336a13,N
1020043,cbde9be3-d1ea-4e58-81c6-8ad682ffd466,Y
1020043,575ade98-76e3-46f5-8579-9284e9584010,Y
1020043,5b1460aa-f4fc-4284-88df-1b6499abcaa2,N
1020043,e3e6f43c-5afd-46a8-856c-fdc35f3230f1,N
1020043,312d8d42-65ef-4134-9fee-2e5944336a13,Y
1005939,cbde9be3-d1ea-4e58-81c6-8ad682ffd466,Y
1005939,575ade98-76e3-46f5-8579-9284e9584010,Y
1005939,5b1460aa-f4fc-4284-88df-1b6499abcaa2,Y
1005939,e3e6f43c-5afd-46a8-856c-fdc35f3230f1,Y
1005939,312d8d42-65ef-4134-9fee-2e5944336a13,Y
1005991,cbde9be3-d1ea-4e58-81c6-8ad682ffd466,Y
1005991,575ade98-76e3-46f5-8579-9284e9584010,N
1005991,5b1460aa-f4fc-4284-88df-1b6499abcaa2,N
1005991,e3e6f43c-5afd-46a8-856c-fdc35f3230f1,N
1005991,312d8d42-65ef-4134-9fee-2e5944336a13,Y
1021336,cbde9be3-d1ea-4e58-81c6-8ad682ffd466,Y
1021336,575ade98-76e3-46f5-8579-9284e9584010,Y
1021336,5b1460aa-f4fc-4284-88df-1b6499abcaa2,N
1021336,e3e6f43c-5afd-46a8-856c-fdc35f3230f1,Y
1021336,312d8d42-65ef-4134-9fee-2e5944336a13,N
1021549,cbde9be3-d1ea-4e58-81c6-8ad682ffd466,Y
1021549,575ade98-76e3-46f5-8579-9284e9584010,Y
1021549,5b1460aa-f4fc-4284-88df-1b6499abcaa2,Y
1021549,e3e6f43c-5afd-46a8-856c-fdc35f3230f1,Y
1021549,312d8d42-65ef-4134-9fee-2e5944336a13,Y
1021708,cbde9be3-d1ea-4e58-81c6-8ad682ffd466,Y
1021708,575ade98-76e3-46f5-8579-9284e9584010,N
1021708,5b1460aa-f4fc-4284-88df-1b6499abcaa2,N
1021708,e3e6f43c-5afd-46a8-856c-fdc35f3230f1,N
1021708,312d8d42-65ef-4134-9fee-2e5944336a13,N
1012044,cbde9be3-d1ea-4e58-81c6-8ad682ffd466,Y
1012044,575ade98-76e3-46f5-8579-9284e9584010,N
1012044,5b1460aa-f4fc-4284-88df-1b6499abcaa2,N
1012044,e3e6f43c-5afd-46a8-856c-fdc35f3230f1,N
1012044,312d8d42-65ef-4134-9fee-2e5944336a13,N
1019240,cbde9be3-d1ea-4e58-81c6-8ad682ffd466,Y
1019240,575ade98-76e3-46f5-8579-9284e9584010,Y
1019240,5b1460aa-f4fc-4284-88df-1b6499abcaa2,Y
1019240,e3e6f43c-5afd-46a8-856c-fdc35f3230f1,N
1019240,312d8d42-65ef-4134-9fee-2e5944336a13,Y
1019294,cbde9be3-d1ea-4e58-81c6-8ad682ffd466,Y
1019294,575ade98-76e3-46f5-8579-9284e9584010,N
1019294,5b1460aa-f4fc-4284-88df-1b6499abcaa2,N
1019294,e3e6f43c-5afd-46a8-856c-fdc35f3230f1,Y
1019294,312d8d42-65ef-4134-9fee-2e5944336a13,N
1019883,cbde9be3-d1ea-4e58-81c6-8ad682ffd466,Y
1019883,575ade98-76e3-46f5-8579-9284e9584010,N
1019883,5b1460aa-f4fc-4284-88df-1b6499abcaa2,N
1019883,e3e6f43c-5afd-46a8-856c-fdc35f3230f1,N
1019883,312d8d42-65ef-4134-9fee-2e5944336a13,N
1010614,cbde9be3-d1ea-4e58-81c6-8ad682ffd466,Y
1010614,575ade98-76e3-46f5-8579-9284e9584010,N
1010614,5b1460aa-f4fc-4284-88df-1b6499abcaa2,N
1010614,e3e6f43c-5afd-46a8-856c-fdc35f3230f1,N
1010614,312d8d42-65ef-4134-9fee-2e5944336a13,N
1021279,cbde9be3-d1ea-4e58-81c6-8ad682ffd466,Y
1021279,575ade98-76e3-46f5-8579-9284e9584010,Y
1021279,5b1460aa-f4fc-4284-88df-1b6499abcaa2,Y
1021279,e3e6f43c-5afd-46a8-856c-fdc35f3230f1,Y
1021279,312d8d42-65ef-4134-9fee-2e5944336a13,N
1020066,cbde9be3-d1ea-4e58-81c6-8ad682ffd466,Y
1020066,575ade98-76e3-46f5-8579-9284e9584010,Y
1020066,5b1460aa-f4fc-4284-88df-1b6499abcaa2,Y
1020066,e3e6f43c-5afd-46a8-856c-fdc35f3230f1,Y
1020066,312d8d42-65ef-4134-9fee-2e5944336a13,Y
1021518,cbde9be3-d1ea-4e58-81c6-8ad682ffd466,Y
1021518,575ade98-76e3-46f5-8579-9284e9584010,N
1021518,5b1460aa-f4fc-4284-88df-1b6499abcaa2,N
1021518,e3e6f43c-5afd-46a8-856c-fdc35f3230f1,N
1021518,312d8d42-65ef-4134-9fee-2e5944336a13,N
1021243,cbde9be3-d1ea-4e58-81c6-8ad682ffd466,Y
1021243,575ade98-76e3-46f5-8579-9284e9584010,Y
1021243,5b1460aa-f4fc-4284-88df-1b6499abcaa2,N
1021243,e3e6f43c-5afd-46a8-856c-fdc35f3230f1,Y
1021243,312d8d42-65ef-4134-9fee-2e5944336a13,N
1021434,cbde9be3-d1ea-4e58-81c6-8ad682ffd466,Y
1021434,575ade98-76e3-46f5-8579-9284e9584010,Y
1021434,5b1460aa-f4fc-4284-88df-1b6499abcaa2,N
1021434,e3e6f43c-5afd-46a8-856c-fdc35f3230f1,Y
1021434,312d8d42-65ef-4134-9fee-2e5944336a13,N
1019407,cbde9be3-d1ea-4e58-81c6-8ad682ffd466,Y
1019407,575ade98-76e3-46f5-8579-9284e9584010,N
1019407,5b1460aa-f4fc-4284-88df-1b6499abcaa2,N
1019407,e3e6f43c-5afd-46a8-856c-fdc35f3230f1,N
1019407,312d8d42-65ef-4134-9fee-2e5944336a13,Y
1018875,cbde9be3-d1ea-4e58-81c6-8ad682ffd466,Y
1018875,575ade98-76e3-46f5-8579-9284e9584010,Y
1018875,5b1460aa-f4fc-4284-88df-1b6499abcaa2,N
1018875,e3e6f43c-5afd-46a8-856c-fdc35f3230f1,N
1018875,312d8d42-65ef-4134-9fee-2e5944336a13,Y
1021344,cbde9be3-d1ea-4e58-81c6-8ad682ffd466,Y
1021344,575ade98-76e3-46f5-8579-9284e9584010,N
1021344,5b1460aa-f4fc-4284-88df-1b6499abcaa2,Y
1021344,e3e6f43c-5afd-46a8-856c-fdc35f3230f1,Y
1021344,312d8d42-65ef-4134-9fee-2e5944336a13,Y
1018184,cbde9be3-d1ea-4e58-81c6-8ad682ffd466,Y
1018184,575ade98-76e3-46f5-8579-9284e9584010,Y
1018184,5b1460aa-f4fc-4284-88df-1b6499abcaa2,Y
1018184,e3e6f43c-5afd-46a8-856c-fdc35f3230f1,Y
1018184,312d8d42-65ef-4134-9fee-2e5944336a13,Y
1018550,cbde9be3-d1ea-4e58-81c6-8ad682ffd466,Y
1018550,575ade98-76e3-46f5-8579-9284e9584010,Y
1018550,5b1460aa-f4fc-4284-88df-1b6499abcaa2,N
1018550,e3e6f43c-5afd-46a8-856c-fdc35f3230f1,Y
1018550,312d8d42-65ef-4134-9fee-2e5944336a13,Y
1001059,cbde9be3-d1ea-4e58-81c6-8ad682ffd466,Y
1001059,575ade98-76e3-46f5-8579-9284e9584010,Y
1001059,5b1460aa-f4fc-4284-88df-1b6499abcaa2,Y
1001059,e3e6f43c-5afd-46a8-856c-fdc35f3230f1,N
1001059,312d8d42-65ef-4134-9fee-2e5944336a13,Y
1004865,cbde9be3-d1ea-4e58-81c6-8ad682ffd466,Y
1004865,575ade98-76e3-46f5-8579-9284e9584010,N
1004865,5b1460aa-f4fc-4284-88df-1b6499abcaa2,N
1004865,e3e6f43c-5afd-46a8-856c-fdc35f3230f1,N
1004865,312d8d42-65ef-4134-9fee-2e5944336a13,Y
1009884,cbde9be3-d1ea-4e58-81c6-8ad682ffd466,Y
1009884,575ade98-76e3-46f5-8579-9284e9584010,Y
1009884,5b1460aa-f4fc-4284-88df-1b6499abcaa2,Y
1009884,e3e6f43c-5afd-46a8-856c-fdc35f3230f1,Y
1009884,312d8d42-65ef-4134-9fee-2e5944336a13,Y
1018455,cbde9be3-d1ea-4e58-81c6-8ad682ffd466,Y
1018455,575ade98-76e3-46f5-8579-9284e9584010,Y
1018455,5b1460aa-f4fc-4284-88df-1b6499abcaa2,N
1018455,e3e6f43c-5afd-46a8-856c-fdc35f3230f1,Y
1018455,312d8d42-65ef-4134-9fee-2e5944336a13,N
1019640,cbde9be3-d1ea-4e58-81c6-8ad682ffd466,Y
1019640,575ade98-76e3-46f5-8579-9284e9584010,N
1019640,5b1460aa-f4fc-4284-88df-1b6499abcaa2,Y
1019640,e3e6f43c-5afd-46a8-856c-fdc35f3230f1,Y
1019640,312d8d42-65ef-4134-9fee-2e5944336a13,Y
1003694,cbde9be3-d1ea-4e58-81c6-8ad682ffd466,Y
1003694,575ade98-76e3-46f5-8579-9284e9584010,Y
1003694,5b1460aa-f4fc-4284-88df-1b6499abcaa2,Y
1003694,e3e6f43c-5afd-46a8-856c-fdc35f3230f1,Y
1003694,312d8d42-65ef-4134-9fee-2e5944336a13,Y
1006780,cbde9be3-d1ea-4e58-81c6-8ad682ffd466,Y
1006780,575ade98-76e3-46f5-8579-9284e9584010,N
1006780,5b1460aa-f4fc-4284-88df-1b6499abcaa2,N
1006780,e3e6f43c-5afd-46a8-856c-fdc35f3230f1,Y
1006780,312d8d42-65ef-4134-9fee-2e5944336a13,Y
1010755,cbde9be3-d1ea-4e58-81c6-8ad682ffd466,Y
1010755,575ade98-76e3-46f5-8579-9284e9584010,Y
1010755,5b1460aa-f4fc-4284-88df-1b6499abcaa2,Y
1010755,e3e6f43c-5afd-46a8-856c-fdc35f3230f1,Y
1010755,312d8d42-65ef-4134-9fee-2e5944336a13,Y
1002764,cbde9be3-d1ea-4e58-81c6-8ad682ffd466,Y
1002764,575ade98-76e3-46f5-8579-9284e9584010,Y
1002764,5b1460aa-f4fc-4284-88df-1b6499abcaa2,N
1002764,e3e6f43c-5afd-46a8-856c-fdc35f3230f1,Y
1002764,312d8d42-65ef-4134-9fee-2e5944336a13,N
1018728,cbde9be3-d1ea-4e58-81c6-8ad682ffd466,Y
1018728,575ade98-76e3-46f5-8579-9284e9584010,Y
1018728,5b1460aa-f4fc-4284-88df-1b6499abcaa2,Y
1018728,e3e6f43c-5afd-46a8-856c-fdc35f3230f1,Y
1018728,312d8d42-65ef-4134-9fee-2e5944336a13,Y
1019815,cbde9be3-d1ea-4e58-81c6-8ad682ffd466,Y
1019815,575ade98-76e3-46f5-8579-9284e9584010,Y
1019815,5b1460aa-f4fc-4284-88df-1b6499abcaa2,N
1019815,e3e6f43c-5afd-46a8-856c-fdc35f3230f1,Y
1019815,312d8d42-65ef-4134-9fee-2e5944336a13,Y
1021379,cbde9be3-d1ea-4e58-81c6-8ad682ffd466,Y
1021379,575ade98-76e3-46f5-8579-9284e9584010,Y
1021379,5b1460aa-f4fc-4284-88df-1b6499abcaa2,Y
1021379,e3e6f43c-5afd-46a8-856c-fdc35f3230f1,Y
1021379,312d8d42-65ef-4134-9fee-2e5944336a13,Y
1021554,cbde9be3-d1ea-4e58-81c6-8ad682ffd466,Y
1021554,575ade98-76e3-46f5-8579-9284e9584010,N
1021554,5b1460aa-f4fc-4284-88df-1b6499abcaa2,N
1021554,e3e6f43c-5afd-46a8-856c-fdc35f3230f1,N
1021554,312d8d42-65ef-4134-9fee-2e5944336a13,N
1019008,cbde9be3-d1ea-4e58-81c6-8ad682ffd466,Y
1019008,575ade98-76e3-46f5-8579-9284e9584010,Y
1019008,5b1460aa-f4fc-4284-88df-1b6499abcaa2,N
1019008,e3e6f43c-5afd-46a8-856c-fdc35f3230f1,Y
1019008,312d8d42-65ef-4134-9fee-2e5944336a13,Y
1019345,cbde9be3-d1ea-4e58-81c6-8ad682ffd466,Y
1019345,575ade98-76e3-46f5-8579-9284e9584010,N
1019345,5b1460aa-f4fc-4284-88df-1b6499abcaa2,N
1019345,e3e6f43c-5afd-46a8-856c-fdc35f3230f1,N
1019345,312d8d42-65ef-4134-9fee-2e5944336a13,Y
1020054,cbde9be3-d1ea-4e58-81c6-8ad682ffd466,Y
1020054,575ade98-76e3-46f5-8579-9284e9584010,Y
1020054,5b1460aa-f4fc-4284-88df-1b6499abcaa2,N
1020054,e3e6f43c-5afd-46a8-856c-fdc35f3230f1,N
1020054,312d8d42-65ef-4134-9fee-2e5944336a13,N
1019127,cbde9be3-d1ea-4e58-81c6-8ad682ffd466,Y
1019127,575ade98-76e3-46f5-8579-9284e9584010,Y
1019127,5b1460aa-f4fc-4284-88df-1b6499abcaa2,Y
1019127,e3e6f43c-5afd-46a8-856c-fdc35f3230f1,Y
1019127,312d8d42-65ef-4134-9fee-2e5944336a13,Y
1019828,cbde9be3-d1ea-4e58-81c6-8ad682ffd466,Y
1019828,575ade98-76e3-46f5-8579-9284e9584010,Y
1019828,5b1460aa-f4fc-4284-88df-1b6499abcaa2,Y
1019828,e3e6f43c-5afd-46a8-856c-fdc35f3230f1,Y
1019828,312d8d42-65ef-4134-9fee-2e5944336a13,Y
1021566,cbde9be3-d1ea-4e58-81c6-8ad682ffd466,Y
1021566,575ade98-76e3-46f5-8579-9284e9584010,N
1021566,5b1460aa-f4fc-4284-88df-1b6499abcaa2,N
1021566,e3e6f43c-5afd-46a8-856c-fdc35f3230f1,N
1021566,312d8d42-65ef-4134-9fee-2e5944336a13,Y
1019488,cbde9be3-d1ea-4e58-81c6-8ad682ffd466,Y
1019488,575ade98-76e3-46f5-8579-9284e9584010,N
1019488,5b1460aa-f4fc-4284-88df-1b6499abcaa2,N
1019488,e3e6f43c-5afd-46a8-856c-fdc35f3230f1,N
1019488,312d8d42-65ef-4134-9fee-2e5944336a13,N
1018829,cbde9be3-d1ea-4e58-81c6-8ad682ffd466,Y
1018829,575ade98-76e3-46f5-8579-9284e9584010,Y
1018829,5b1460aa-f4fc-4284-88df-1b6499abcaa2,N
1018829,e3e6f43c-5afd-46a8-856c-fdc35f3230f1,Y
1018829,312d8d42-65ef-4134-9fee-2e5944336a13,Y
1019223,cbde9be3-d1ea-4e58-81c6-8ad682ffd466,Y
1019223,575ade98-76e3-46f5-8579-9284e9584010,Y
1019223,5b1460aa-f4fc-4284-88df-1b6499abcaa2,Y
1019223,e3e6f43c-5afd-46a8-856c-fdc35f3230f1,N
1019223,312d8d42-65ef-4134-9fee-2e5944336a13,Y
1019971,cbde9be3-d1ea-4e58-81c6-8ad682ffd466,Y
1019971,575ade98-76e3-46f5-8579-9284e9584010,N
1019971,5b1460aa-f4fc-4284-88df-1b6499abcaa2,N
1019971,e3e6f43c-5afd-46a8-856c-fdc35f3230f1,N
1019971,312d8d42-65ef-4134-9fee-2e5944336a13,Y
1019353,cbde9be3-d1ea-4e58-81c6-8ad682ffd466,Y
1019353,575ade98-76e3-46f5-8579-9284e9584010,N
1019353,5b1460aa-f4fc-4284-88df-1b6499abcaa2,N
1019353,e3e6f43c-5afd-46a8-856c-fdc35f3230f1,N
1019353,312d8d42-65ef-4134-9fee-2e5944336a13,N
1001839,cbde9be3-d1ea-4e58-81c6-8ad682ffd466,Y
1001839,575ade98-76e3-46f5-8579-9284e9584010,N
1001839,5b1460aa-f4fc-4284-88df-1b6499abcaa2,N
1001839,e3e6f43c-5afd-46a8-856c-fdc35f3230f1,N
1001839,312d8d42-65ef-4134-9fee-2e5944336a13,N
1006250,cbde9be3-d1ea-4e58-81c6-8ad682ffd466,Y
1006250,575ade98-76e3-46f5-8579-9284e9584010,Y
1006250,5b1460aa-f4fc-4284-88df-1b6499abcaa2,Y
1006250,e3e6f43c-5afd-46a8-856c-fdc35f3230f1,Y
1006250,312d8d42-65ef-4134-9fee-2e5944336a13,Y
1019200,cbde9be3-d1ea-4e58-81c6-8ad682ffd466,Y
1019200,575ade98-76e3-46f5-8579-9284e9584010,N
1019200,5b1460aa-f4fc-4284-88df-1b6499abcaa2,N
1019200,e3e6f43c-5afd-46a8-856c-fdc35f3230f1,N
1019200,312d8d42-65ef-4134-9fee-2e5944336a13,N
1021412,cbde9be3-d1ea-4e58-81c6-8ad682ffd466,Y
1021412,575ade98-76e3-46f5-8579-9284e9584010,Y
1021412,5b1460aa-f4fc-4284-88df-1b6499abcaa2,N
1021412,e3e6f43c-5afd-46a8-856c-fdc35f3230f1,Y
1021412,312d8d42-65ef-4134-9fee-2e5944336a13,Y
1021413,cbde9be3-d1ea-4e58-81c6-8ad682ffd466,Y
1021413,575ade98-76e3-46f5-8579-9284e9584010,Y
1021413,5b1460aa-f4fc-4284-88df-1b6499abcaa2,N
1021413,e3e6f43c-5afd-46a8-856c-fdc35f3230f1,Y
1021413,312d8d42-65ef-4134-9fee-2e5944336a13,Y
1001271,cbde9be3-d1ea-4e58-81c6-8ad682ffd466,Y
1001271,575ade98-76e3-46f5-8579-9284e9584010,Y
1001271,5b1460aa-f4fc-4284-88df-1b6499abcaa2,Y
1001271,e3e6f43c-5afd-46a8-856c-fdc35f3230f1,Y
1001271,312d8d42-65ef-4134-9fee-2e5944336a13,Y
1021356,cbde9be3-d1ea-4e58-81c6-8ad682ffd466,Y
1021356,575ade98-76e3-46f5-8579-9284e9584010,Y
1021356,5b1460aa-f4fc-4284-88df-1b6499abcaa2,N
1021356,e3e6f43c-5afd-46a8-856c-fdc35f3230f1,Y
1021356,312d8d42-65ef-4134-9fee-2e5944336a13,Y
1020130,cbde9be3-d1ea-4e58-81c6-8ad682ffd466,Y
1020130,575ade98-76e3-46f5-8579-9284e9584010,Y
1020130,5b1460aa-f4fc-4284-88df-1b6499abcaa2,N
1020130,e3e6f43c-5afd-46a8-856c-fdc35f3230f1,Y
1020130,312d8d42-65ef-4134-9fee-2e5944336a13,Y
1020131,cbde9be3-d1ea-4e58-81c6-8ad682ffd466,Y
1020131,575ade98-76e3-46f5-8579-9284e9584010,Y
1020131,5b1460aa-f4fc-4284-88df-1b6499abcaa2,N
1020131,e3e6f43c-5afd-46a8-856c-fdc35f3230f1,Y
1020131,312d8d42-65ef-4134-9fee-2e5944336a13,Y
1020146,cbde9be3-d1ea-4e58-81c6-8ad682ffd466,Y
1020146,575ade98-76e3-46f5-8579-9284e9584010,Y
1020146,5b1460aa-f4fc-4284-88df-1b6499abcaa2,Y
1020146,e3e6f43c-5afd-46a8-856c-fdc35f3230f1,Y
1020146,312d8d42-65ef-4134-9fee-2e5944336a13,Y
1009659,cbde9be3-d1ea-4e58-81c6-8ad682ffd466,Y
1009659,575ade98-76e3-46f5-8579-9284e9584010,N
1009659,5b1460aa-f4fc-4284-88df-1b6499abcaa2,N
1009659,e3e6f43c-5afd-46a8-856c-fdc35f3230f1,Y
1009659,312d8d42-65ef-4134-9fee-2e5944336a13,Y
1010865,cbde9be3-d1ea-4e58-81c6-8ad682ffd466,Y
1010865,575ade98-76e3-46f5-8579-9284e9584010,N
1010865,5b1460aa-f4fc-4284-88df-1b6499abcaa2,N
1010865,e3e6f43c-5afd-46a8-856c-fdc35f3230f1,N
1010865,312d8d42-65ef-4134-9fee-2e5944336a13,N
1021667,cbde9be3-d1ea-4e58-81c6-8ad682ffd466,Y
1021667,575ade98-76e3-46f5-8579-9284e9584010,N
1021667,5b1460aa-f4fc-4284-88df-1b6499abcaa2,N
1021667,e3e6f43c-5afd-46a8-856c-fdc35f3230f1,N
1021667,312d8d42-65ef-4134-9fee-2e5944336a13,N
1019646,cbde9be3-d1ea-4e58-81c6-8ad682ffd466,Y
1019646,575ade98-76e3-46f5-8579-9284e9584010,Y
1019646,5b1460aa-f4fc-4284-88df-1b6499abcaa2,N
1019646,e3e6f43c-5afd-46a8-856c-fdc35f3230f1,Y
1019646,312d8d42-65ef-4134-9fee-2e5944336a13,Y
1018655,cbde9be3-d1ea-4e58-81c6-8ad682ffd466,Y
1018655,575ade98-76e3-46f5-8579-9284e9584010,Y
1018655,5b1460aa-f4fc-4284-88df-1b6499abcaa2,N
1018655,e3e6f43c-5afd-46a8-856c-fdc35f3230f1,Y
1018655,312d8d42-65ef-4134-9fee-2e5944336a13,Y
1019343,cbde9be3-d1ea-4e58-81c6-8ad682ffd466,Y
1019343,575ade98-76e3-46f5-8579-9284e9584010,Y
1019343,5b1460aa-f4fc-4284-88df-1b6499abcaa2,N
1019343,e3e6f43c-5afd-46a8-856c-fdc35f3230f1,Y
1019343,312d8d42-65ef-4134-9fee-2e5944336a13,Y
1021685,cbde9be3-d1ea-4e58-81c6-8ad682ffd466,Y
1021685,575ade98-76e3-46f5-8579-9284e9584010,N
1021685,5b1460aa-f4fc-4284-88df-1b6499abcaa2,N
1021685,e3e6f43c-5afd-46a8-856c-fdc35f3230f1,Y
1021685,312d8d42-65ef-4134-9fee-2e5944336a13,Y
1001034,cbde9be3-d1ea-4e58-81c6-8ad682ffd466,Y
1001034,575ade98-76e3-46f5-8579-9284e9584010,Y
1001034,5b1460aa-f4fc-4284-88df-1b6499abcaa2,N
1001034,e3e6f43c-5afd-46a8-856c-fdc35f3230f1,Y
1001034,312d8d42-65ef-4134-9fee-2e5944336a13,Y
1019317,cbde9be3-d1ea-4e58-81c6-8ad682ffd466,Y
1019317,575ade98-76e3-46f5-8579-9284e9584010,Y
1019317,5b1460aa-f4fc-4284-88df-1b6499abcaa2,N
1019317,e3e6f43c-5afd-46a8-856c-fdc35f3230f1,Y
1019317,312d8d42-65ef-4134-9fee-2e5944336a13,Y
1021608,cbde9be3-d1ea-4e58-81c6-8ad682ffd466,Y
1021608,575ade98-76e3-46f5-8579-9284e9584010,N
1021608,5b1460aa-f4fc-4284-88df-1b6499abcaa2,N
1021608,e3e6f43c-5afd-46a8-856c-fdc35f3230f1,N
1021608,312d8d42-65ef-4134-9fee-2e5944336a13,N
1018807,cbde9be3-d1ea-4e58-81c6-8ad682ffd466,Y
1018807,575ade98-76e3-46f5-8579-9284e9584010,Y
1018807,5b1460aa-f4fc-4284-88df-1b6499abcaa2,Y
1018807,e3e6f43c-5afd-46a8-856c-fdc35f3230f1,N
1018807,312d8d42-65ef-4134-9fee-2e5944336a13,Y
1020114,cbde9be3-d1ea-4e58-81c6-8ad682ffd466,Y
1020114,575ade98-76e3-46f5-8579-9284e9584010,Y
1020114,5b1460aa-f4fc-4284-88df-1b6499abcaa2,N
1020114,e3e6f43c-5afd-46a8-856c-fdc35f3230f1,N
1020114,312d8d42-65ef-4134-9fee-2e5944336a13,Y
1018920,cbde9be3-d1ea-4e58-81c6-8ad682ffd466,Y
1018920,575ade98-76e3-46f5-8579-9284e9584010,N
1018920,5b1460aa-f4fc-4284-88df-1b6499abcaa2,N
1018920,e3e6f43c-5afd-46a8-856c-fdc35f3230f1,N
1018920,312d8d42-65ef-4134-9fee-2e5944336a13,Y
1008468,cbde9be3-d1ea-4e58-81c6-8ad682ffd466,Y
1008468,575ade98-76e3-46f5-8579-9284e9584010,Y
1008468,5b1460aa-f4fc-4284-88df-1b6499abcaa2,Y
1008468,e3e6f43c-5afd-46a8-856c-fdc35f3230f1,Y
1008468,312d8d42-65ef-4134-9fee-2e5944336a13,Y
1019202,cbde9be3-d1ea-4e58-81c6-8ad682ffd466,Y
1019202,575ade98-76e3-46f5-8579-9284e9584010,Y
1019202,5b1460aa-f4fc-4284-88df-1b6499abcaa2,Y
1019202,e3e6f43c-5afd-46a8-856c-fdc35f3230f1,Y
1019202,312d8d42-65ef-4134-9fee-2e5944336a13,N
1020198,cbde9be3-d1ea-4e58-81c6-8ad682ffd466,Y
1020198,575ade98-76e3-46f5-8579-9284e9584010,Y
1020198,5b1460aa-f4fc-4284-88df-1b6499abcaa2,N
1020198,e3e6f43c-5afd-46a8-856c-fdc35f3230f1,Y
1020198,312d8d42-65ef-4134-9fee-2e5944336a13,Y
1008360,cbde9be3-d1ea-4e58-81c6-8ad682ffd466,Y
1008360,575ade98-76e3-46f5-8579-9284e9584010,N
1008360,5b1460aa-f4fc-4284-88df-1b6499abcaa2,N
1008360,e3e6f43c-5afd-46a8-856c-fdc35f3230f1,N
1008360,312d8d42-65ef-4134-9fee-2e5944336a13,N
1019416,cbde9be3-d1ea-4e58-81c6-8ad682ffd466,Y
1019416,575ade98-76e3-46f5-8579-9284e9584010,N
1019416,5b1460aa-f4fc-4284-88df-1b6499abcaa2,N
1019416,e3e6f43c-5afd-46a8-856c-fdc35f3230f1,N
1019416,312d8d42-65ef-4134-9fee-2e5944336a13,N
1019019,cbde9be3-d1ea-4e58-81c6-8ad682ffd466,Y
1019019,575ade98-76e3-46f5-8579-9284e9584010,N
1019019,5b1460aa-f4fc-4284-88df-1b6499abcaa2,Y
1019019,e3e6f43c-5afd-46a8-856c-fdc35f3230f1,N
1019019,312d8d42-65ef-4134-9fee-2e5944336a13,Y
1019023,cbde9be3-d1ea-4e58-81c6-8ad682ffd466,Y
1019023,575ade98-76e3-46f5-8579-9284e9584010,N
1019023,5b1460aa-f4fc-4284-88df-1b6499abcaa2,Y
1019023,e3e6f43c-5afd-46a8-856c-fdc35f3230f1,N
1019023,312d8d42-65ef-4134-9fee-2e5944336a13,Y
1019025,cbde9be3-d1ea-4e58-81c6-8ad682ffd466,Y
1019025,575ade98-76e3-46f5-8579-9284e9584010,N
1019025,5b1460aa-f4fc-4284-88df-1b6499abcaa2,Y
1019025,e3e6f43c-5afd-46a8-856c-fdc35f3230f1,N
1019025,312d8d42-65ef-4134-9fee-2e5944336a13,Y
1021699,cbde9be3-d1ea-4e58-81c6-8ad682ffd466,Y
1021699,575ade98-76e3-46f5-8579-9284e9584010,N
1021699,5b1460aa-f4fc-4284-88df-1b6499abcaa2,N
1021699,e3e6f43c-5afd-46a8-856c-fdc35f3230f1,N
1021699,312d8d42-65ef-4134-9fee-2e5944336a13,N
1021215,cbde9be3-d1ea-4e58-81c6-8ad682ffd466,Y
1021215,575ade98-76e3-46f5-8579-9284e9584010,N
1021215,5b1460aa-f4fc-4284-88df-1b6499abcaa2,N
1021215,e3e6f43c-5afd-46a8-856c-fdc35f3230f1,N
1021215,312d8d42-65ef-4134-9fee-2e5944336a13,N
1020023,cbde9be3-d1ea-4e58-81c6-8ad682ffd466,Y
1020023,575ade98-76e3-46f5-8579-9284e9584010,N
1020023,5b1460aa-f4fc-4284-88df-1b6499abcaa2,Y
1020023,e3e6f43c-5afd-46a8-856c-fdc35f3230f1,Y
1020023,312d8d42-65ef-4134-9fee-2e5944336a13,Y
1021384,cbde9be3-d1ea-4e58-81c6-8ad682ffd466,Y
1021384,575ade98-76e3-46f5-8579-9284e9584010,N
1021384,5b1460aa-f4fc-4284-88df-1b6499abcaa2,Y
1021384,e3e6f43c-5afd-46a8-856c-fdc35f3230f1,Y
1021384,312d8d42-65ef-4134-9fee-2e5944336a13,N
1004212,cbde9be3-d1ea-4e58-81c6-8ad682ffd466,Y
1004212,575ade98-76e3-46f5-8579-9284e9584010,N
1004212,5b1460aa-f4fc-4284-88df-1b6499abcaa2,N
1004212,e3e6f43c-5afd-46a8-856c-fdc35f3230f1,N
1004212,312d8d42-65ef-4134-9fee-2e5944336a13,N
1021335,cbde9be3-d1ea-4e58-81c6-8ad682ffd466,Y
1021335,575ade98-76e3-46f5-8579-9284e9584010,Y
1021335,5b1460aa-f4fc-4284-88df-1b6499abcaa2,N
1021335,e3e6f43c-5afd-46a8-856c-fdc35f3230f1,Y
1021335,312d8d42-65ef-4134-9fee-2e5944336a13,Y
1012777,cbde9be3-d1ea-4e58-81c6-8ad682ffd466,Y
1012777,575ade98-76e3-46f5-8579-9284e9584010,N
1012777,5b1460aa-f4fc-4284-88df-1b6499abcaa2,N
1012777,e3e6f43c-5afd-46a8-856c-fdc35f3230f1,Y
1012777,312d8d42-65ef-4134-9fee-2e5944336a13,N
1008946,cbde9be3-d1ea-4e58-81c6-8ad682ffd466,Y
1008946,575ade98-76e3-46f5-8579-9284e9584010,Y
1008946,5b1460aa-f4fc-4284-88df-1b6499abcaa2,Y
1008946,e3e6f43c-5afd-46a8-856c-fdc35f3230f1,Y
1008946,312d8d42-65ef-4134-9fee-2e5944336a13,Y
1021721,cbde9be3-d1ea-4e58-81c6-8ad682ffd466,Y
1021721,575ade98-76e3-46f5-8579-9284e9584010,Y
1021721,5b1460aa-f4fc-4284-88df-1b6499abcaa2,Y
1021721,e3e6f43c-5afd-46a8-856c-fdc35f3230f1,Y
1021721,312d8d42-65ef-4134-9fee-2e5944336a13,N
1021722,cbde9be3-d1ea-4e58-81c6-8ad682ffd466,Y
1021722,575ade98-76e3-46f5-8579-9284e9584010,Y
1021722,5b1460aa-f4fc-4284-88df-1b6499abcaa2,Y
1021722,e3e6f43c-5afd-46a8-856c-fdc35f3230f1,Y
1021722,312d8d42-65ef-4134-9fee-2e5944336a13,N
1021599,cbde9be3-d1ea-4e58-81c6-8ad682ffd466,Y
1021599,575ade98-76e3-46f5-8579-9284e9584010,N
1021599,5b1460aa-f4fc-4284-88df-1b6499abcaa2,N
1021599,e3e6f43c-5afd-46a8-856c-fdc35f3230f1,N
1021599,312d8d42-65ef-4134-9fee-2e5944336a13,N
1021200,cbde9be3-d1ea-4e58-81c6-8ad682ffd466,Y
1021200,575ade98-76e3-46f5-8579-9284e9584010,Y
1021200,5b1460aa-f4fc-4284-88df-1b6499abcaa2,Y
1021200,e3e6f43c-5afd-46a8-856c-fdc35f3230f1,Y
1021200,312d8d42-65ef-4134-9fee-2e5944336a13,Y
1019723,cbde9be3-d1ea-4e58-81c6-8ad682ffd466,Y
1019723,575ade98-76e3-46f5-8579-9284e9584010,N
1019723,5b1460aa-f4fc-4284-88df-1b6499abcaa2,N
1019723,e3e6f43c-5afd-46a8-856c-fdc35f3230f1,N
1019723,312d8d42-65ef-4134-9fee-2e5944336a13,N
1021648,cbde9be3-d1ea-4e58-81c6-8ad682ffd466,Y
1021648,575ade98-76e3-46f5-8579-9284e9584010,N
1021648,5b1460aa-f4fc-4284-88df-1b6499abcaa2,N
1021648,e3e6f43c-5afd-46a8-856c-fdc35f3230f1,N
1021648,312d8d42-65ef-4134-9fee-2e5944336a13,N
1019102,cbde9be3-d1ea-4e58-81c6-8ad682ffd466,Y
1019102,575ade98-76e3-46f5-8579-9284e9584010,N
1019102,5b1460aa-f4fc-4284-88df-1b6499abcaa2,Y
1019102,e3e6f43c-5afd-46a8-856c-fdc35f3230f1,Y
1019102,312d8d42-65ef-4134-9fee-2e5944336a13,Y
1005248,cbde9be3-d1ea-4e58-81c6-8ad682ffd466,Y
1005248,575ade98-76e3-46f5-8579-9284e9584010,N
1005248,5b1460aa-f4fc-4284-88df-1b6499abcaa2,N
1005248,e3e6f43c-5afd-46a8-856c-fdc35f3230f1,Y
1005248,312d8d42-65ef-4134-9fee-2e5944336a13,Y
1018687,cbde9be3-d1ea-4e58-81c6-8ad682ffd466,Y
1018687,575ade98-76e3-46f5-8579-9284e9584010,N
1018687,5b1460aa-f4fc-4284-88df-1b6499abcaa2,N
1018687,e3e6f43c-5afd-46a8-856c-fdc35f3230f1,N
1018687,312d8d42-65ef-4134-9fee-2e5944336a13,Y
1011995,cbde9be3-d1ea-4e58-81c6-8ad682ffd466,Y
1011995,575ade98-76e3-46f5-8579-9284e9584010,N
1011995,5b1460aa-f4fc-4284-88df-1b6499abcaa2,N
1011995,e3e6f43c-5afd-46a8-856c-fdc35f3230f1,N
1011995,312d8d42-65ef-4134-9fee-2e5944336a13,Y
1021491,cbde9be3-d1ea-4e58-81c6-8ad682ffd466,Y
1021491,575ade98-76e3-46f5-8579-9284e9584010,N
1021491,5b1460aa-f4fc-4284-88df-1b6499abcaa2,N
1021491,e3e6f43c-5afd-46a8-856c-fdc35f3230f1,Y
1021491,312d8d42-65ef-4134-9fee-2e5944336a13,Y
1021398,cbde9be3-d1ea-4e58-81c6-8ad682ffd466,Y
1021398,575ade98-76e3-46f5-8579-9284e9584010,N
1021398,5b1460aa-f4fc-4284-88df-1b6499abcaa2,N
1021398,e3e6f43c-5afd-46a8-856c-fdc35f3230f1,N
1021398,312d8d42-65ef-4134-9fee-2e5944336a13,N
1019755,cbde9be3-d1ea-4e58-81c6-8ad682ffd466,Y
1019755,575ade98-76e3-46f5-8579-9284e9584010,Y
1019755,5b1460aa-f4fc-4284-88df-1b6499abcaa2,N
1019755,e3e6f43c-5afd-46a8-856c-fdc35f3230f1,Y
1019755,312d8d42-65ef-4134-9fee-2e5944336a13,Y
1019761,cbde9be3-d1ea-4e58-81c6-8ad682ffd466,Y
1019761,575ade98-76e3-46f5-8579-9284e9584010,Y
1019761,5b1460aa-f4fc-4284-88df-1b6499abcaa2,Y
1019761,e3e6f43c-5afd-46a8-856c-fdc35f3230f1,Y
1019761,312d8d42-65ef-4134-9fee-2e5944336a13,Y
1006927,cbde9be3-d1ea-4e58-81c6-8ad682ffd466,Y
1006927,575ade98-76e3-46f5-8579-9284e9584010,N
1006927,5b1460aa-f4fc-4284-88df-1b6499abcaa2,N
1006927,e3e6f43c-5afd-46a8-856c-fdc35f3230f1,N
1006927,312d8d42-65ef-4134-9fee-2e5944336a13,Y
1019939,cbde9be3-d1ea-4e58-81c6-8ad682ffd466,Y
1019939,575ade98-76e3-46f5-8579-9284e9584010,N
1019939,5b1460aa-f4fc-4284-88df-1b6499abcaa2,N
1019939,e3e6f43c-5afd-46a8-856c-fdc35f3230f1,Y
1019939,312d8d42-65ef-4134-9fee-2e5944336a13,Y
1021417,cbde9be3-d1ea-4e58-81c6-8ad682ffd466,Y
1021417,575ade98-76e3-46f5-8579-9284e9584010,N
1021417,5b1460aa-f4fc-4284-88df-1b6499abcaa2,N
1021417,e3e6f43c-5afd-46a8-856c-fdc35f3230f1,N
1021417,312d8d42-65ef-4134-9fee-2e5944336a13,N
1019674,cbde9be3-d1ea-4e58-81c6-8ad682ffd466,Y
1019674,575ade98-76e3-46f5-8579-9284e9584010,N
1019674,5b1460aa-f4fc-4284-88df-1b6499abcaa2,N
1019674,e3e6f43c-5afd-46a8-856c-fdc35f3230f1,N
1019674,312d8d42-65ef-4134-9fee-2e5944336a13,N
1019910,cbde9be3-d1ea-4e58-81c6-8ad682ffd466,Y
1019910,575ade98-76e3-46f5-8579-9284e9584010,Y
1019910,5b1460aa-f4fc-4284-88df-1b6499abcaa2,Y
1019910,e3e6f43c-5afd-46a8-856c-fdc35f3230f1,Y
1019910,312d8d42-65ef-4134-9fee-2e5944336a13,Y
1018944,cbde9be3-d1ea-4e58-81c6-8ad682ffd466,Y
1018944,575ade98-76e3-46f5-8579-9284e9584010,N
1018944,5b1460aa-f4fc-4284-88df-1b6499abcaa2,Y
1018944,e3e6f43c-5afd-46a8-856c-fdc35f3230f1,Y
1018944,312d8d42-65ef-4134-9fee-2e5944336a13,Y
1021735,cbde9be3-d1ea-4e58-81c6-8ad682ffd466,Y
1021735,575ade98-76e3-46f5-8579-9284e9584010,Y
1021735,5b1460aa-f4fc-4284-88df-1b6499abcaa2,Y
1021735,e3e6f43c-5afd-46a8-856c-fdc35f3230f1,N
1021735,312d8d42-65ef-4134-9fee-2e5944336a13,Y
1019068,cbde9be3-d1ea-4e58-81c6-8ad682ffd466,Y
1019068,575ade98-76e3-46f5-8579-9284e9584010,N
1019068,5b1460aa-f4fc-4284-88df-1b6499abcaa2,Y
1019068,e3e6f43c-5afd-46a8-856c-fdc35f3230f1,N
1019068,312d8d42-65ef-4134-9fee-2e5944336a13,Y
1021389,cbde9be3-d1ea-4e58-81c6-8ad682ffd466,Y
1021389,575ade98-76e3-46f5-8579-9284e9584010,Y
1021389,5b1460aa-f4fc-4284-88df-1b6499abcaa2,N
1021389,e3e6f43c-5afd-46a8-856c-fdc35f3230f1,N
1021389,312d8d42-65ef-4134-9fee-2e5944336a13,Y
1021718,cbde9be3-d1ea-4e58-81c6-8ad682ffd466,Y
1021718,575ade98-76e3-46f5-8579-9284e9584010,N
1021718,5b1460aa-f4fc-4284-88df-1b6499abcaa2,N
1021718,e3e6f43c-5afd-46a8-856c-fdc35f3230f1,N
1021718,312d8d42-65ef-4134-9fee-2e5944336a13,N
1020175,cbde9be3-d1ea-4e58-81c6-8ad682ffd466,Y
1020175,575ade98-76e3-46f5-8579-9284e9584010,Y
1020175,5b1460aa-f4fc-4284-88df-1b6499abcaa2,N
1020175,e3e6f43c-5afd-46a8-856c-fdc35f3230f1,Y
1020175,312d8d42-65ef-4134-9fee-2e5944336a13,N
1019685,cbde9be3-d1ea-4e58-81c6-8ad682ffd466,Y
1019685,575ade98-76e3-46f5-8579-9284e9584010,N
1019685,5b1460aa-f4fc-4284-88df-1b6499abcaa2,N
1019685,e3e6f43c-5afd-46a8-856c-fdc35f3230f1,N
1019685,312d8d42-65ef-4134-9fee-2e5944336a13,N
1018466,cbde9be3-d1ea-4e58-81c6-8ad682ffd466,Y
1018466,575ade98-76e3-46f5-8579-9284e9584010,N
1018466,5b1460aa-f4fc-4284-88df-1b6499abcaa2,N
1018466,e3e6f43c-5afd-46a8-856c-fdc35f3230f1,N
1018466,312d8d42-65ef-4134-9fee-2e5944336a13,Y
1019454,cbde9be3-d1ea-4e58-81c6-8ad682ffd466,Y
1019454,575ade98-76e3-46f5-8579-9284e9584010,N
1019454,5b1460aa-f4fc-4284-88df-1b6499abcaa2,N
1019454,e3e6f43c-5afd-46a8-856c-fdc35f3230f1,N
1019454,312d8d42-65ef-4134-9fee-2e5944336a13,N
1020072,cbde9be3-d1ea-4e58-81c6-8ad682ffd466,Y
1020072,575ade98-76e3-46f5-8579-9284e9584010,Y
1020072,5b1460aa-f4fc-4284-88df-1b6499abcaa2,N
1020072,e3e6f43c-5afd-46a8-856c-fdc35f3230f1,Y
1020072,312d8d42-65ef-4134-9fee-2e5944336a13,N
1021688,cbde9be3-d1ea-4e58-81c6-8ad682ffd466,Y
1021688,575ade98-76e3-46f5-8579-9284e9584010,N
1021688,5b1460aa-f4fc-4284-88df-1b6499abcaa2,N
1021688,e3e6f43c-5afd-46a8-856c-fdc35f3230f1,N
1021688,312d8d42-65ef-4134-9fee-2e5944336a13,N
1019854,cbde9be3-d1ea-4e58-81c6-8ad682ffd466,Y
1019854,575ade98-76e3-46f5-8579-9284e9584010,N
1019854,5b1460aa-f4fc-4284-88df-1b6499abcaa2,N
1019854,e3e6f43c-5afd-46a8-856c-fdc35f3230f1,N
1019854,312d8d42-65ef-4134-9fee-2e5944336a13,N
1021746,cbde9be3-d1ea-4e58-81c6-8ad682ffd466,Y
1021746,575ade98-76e3-46f5-8579-9284e9584010,N
1021746,5b1460aa-f4fc-4284-88df-1b6499abcaa2,N
1021746,e3e6f43c-5afd-46a8-856c-fdc35f3230f1,N
1021746,312d8d42-65ef-4134-9fee-2e5944336a13,N
1019822,cbde9be3-d1ea-4e58-81c6-8ad682ffd466,Y
1019822,575ade98-76e3-46f5-8579-9284e9584010,N
1019822,5b1460aa-f4fc-4284-88df-1b6499abcaa2,N
1019822,e3e6f43c-5afd-46a8-856c-fdc35f3230f1,Y
1019822,312d8d42-65ef-4134-9fee-2e5944336a13,N
1018626,cbde9be3-d1ea-4e58-81c6-8ad682ffd466,Y
1018626,575ade98-76e3-46f5-8579-9284e9584010,Y
1018626,5b1460aa-f4fc-4284-88df-1b6499abcaa2,Y
1018626,e3e6f43c-5afd-46a8-856c-fdc35f3230f1,Y
1018626,312d8d42-65ef-4134-9fee-2e5944336a13,Y
1018627,cbde9be3-d1ea-4e58-81c6-8ad682ffd466,Y
1018627,575ade98-76e3-46f5-8579-9284e9584010,Y
1018627,5b1460aa-f4fc-4284-88df-1b6499abcaa2,Y
1018627,e3e6f43c-5afd-46a8-856c-fdc35f3230f1,Y
1018627,312d8d42-65ef-4134-9fee-2e5944336a13,Y
1012060,cbde9be3-d1ea-4e58-81c6-8ad682ffd466,Y
1012060,575ade98-76e3-46f5-8579-9284e9584010,N
1012060,5b1460aa-f4fc-4284-88df-1b6499abcaa2,N
1012060,e3e6f43c-5afd-46a8-856c-fdc35f3230f1,N
1012060,312d8d42-65ef-4134-9fee-2e5944336a13,N
1010839,cbde9be3-d1ea-4e58-81c6-8ad682ffd466,Y
1010839,575ade98-76e3-46f5-8579-9284e9584010,Y
1010839,5b1460aa-f4fc-4284-88df-1b6499abcaa2,Y
1010839,e3e6f43c-5afd-46a8-856c-fdc35f3230f1,Y
1010839,312d8d42-65ef-4134-9fee-2e5944336a13,Y
1019128,cbde9be3-d1ea-4e58-81c6-8ad682ffd466,Y
1019128,575ade98-76e3-46f5-8579-9284e9584010,N
1019128,5b1460aa-f4fc-4284-88df-1b6499abcaa2,N
1019128,e3e6f43c-5afd-46a8-856c-fdc35f3230f1,N
1019128,312d8d42-65ef-4134-9fee-2e5944336a13,N
1001260,cbde9be3-d1ea-4e58-81c6-8ad682ffd466,Y
1001260,575ade98-76e3-46f5-8579-9284e9584010,N
1001260,5b1460aa-f4fc-4284-88df-1b6499abcaa2,N
1001260,e3e6f43c-5afd-46a8-856c-fdc35f3230f1,N
1001260,312d8d42-65ef-4134-9fee-2e5944336a13,N
1020126,cbde9be3-d1ea-4e58-81c6-8ad682ffd466,Y
1020126,575ade98-76e3-46f5-8579-9284e9584010,Y
1020126,5b1460aa-f4fc-4284-88df-1b6499abcaa2,Y
1020126,e3e6f43c-5afd-46a8-856c-fdc35f3230f1,Y
1020126,312d8d42-65ef-4134-9fee-2e5944336a13,Y
1002060,cbde9be3-d1ea-4e58-81c6-8ad682ffd466,Y
1002060,575ade98-76e3-46f5-8579-9284e9584010,N
1002060,5b1460aa-f4fc-4284-88df-1b6499abcaa2,Y
1002060,e3e6f43c-5afd-46a8-856c-fdc35f3230f1,Y
1002060,312d8d42-65ef-4134-9fee-2e5944336a13,Y
1020177,cbde9be3-d1ea-4e58-81c6-8ad682ffd466,Y
1020177,575ade98-76e3-46f5-8579-9284e9584010,N
1020177,5b1460aa-f4fc-4284-88df-1b6499abcaa2,N
1020177,e3e6f43c-5afd-46a8-856c-fdc35f3230f1,Y
1020177,312d8d42-65ef-4134-9fee-2e5944336a13,Y
1021494,cbde9be3-d1ea-4e58-81c6-8ad682ffd466,Y
1021494,575ade98-76e3-46f5-8579-9284e9584010,N
1021494,5b1460aa-f4fc-4284-88df-1b6499abcaa2,Y
1021494,e3e6f43c-5afd-46a8-856c-fdc35f3230f1,Y
1021494,312d8d42-65ef-4134-9fee-2e5944336a13,Y
1007245,cbde9be3-d1ea-4e58-81c6-8ad682ffd466,Y
1007245,575ade98-76e3-46f5-8579-9284e9584010,Y
1007245,5b1460aa-f4fc-4284-88df-1b6499abcaa2,N
1007245,e3e6f43c-5afd-46a8-856c-fdc35f3230f1,Y
1007245,312d8d42-65ef-4134-9fee-2e5944336a13,Y
1010408,cbde9be3-d1ea-4e58-81c6-8ad682ffd466,Y
1010408,575ade98-76e3-46f5-8579-9284e9584010,Y
1010408,5b1460aa-f4fc-4284-88df-1b6499abcaa2,N
1010408,e3e6f43c-5afd-46a8-856c-fdc35f3230f1,N
1010408,312d8d42-65ef-4134-9fee-2e5944336a13,N
1021731,cbde9be3-d1ea-4e58-81c6-8ad682ffd466,Y
1021731,575ade98-76e3-46f5-8579-9284e9584010,N
1021731,5b1460aa-f4fc-4284-88df-1b6499abcaa2,N
1021731,e3e6f43c-5afd-46a8-856c-fdc35f3230f1,N
1021731,312d8d42-65ef-4134-9fee-2e5944336a13,Y
1020165,cbde9be3-d1ea-4e58-81c6-8ad682ffd466,Y
1020165,575ade98-76e3-46f5-8579-9284e9584010,Y
1020165,5b1460aa-f4fc-4284-88df-1b6499abcaa2,Y
1020165,e3e6f43c-5afd-46a8-856c-fdc35f3230f1,Y
1020165,312d8d42-65ef-4134-9fee-2e5944336a13,Y
1021380,cbde9be3-d1ea-4e58-81c6-8ad682ffd466,Y
1021380,575ade98-76e3-46f5-8579-9284e9584010,N
1021380,5b1460aa-f4fc-4284-88df-1b6499abcaa2,N
1021380,e3e6f43c-5afd-46a8-856c-fdc35f3230f1,N
1021380,312d8d42-65ef-4134-9fee-2e5944336a13,N
1010638,cbde9be3-d1ea-4e58-81c6-8ad682ffd466,Y
1010638,575ade98-76e3-46f5-8579-9284e9584010,N
1010638,5b1460aa-f4fc-4284-88df-1b6499abcaa2,N
1010638,e3e6f43c-5afd-46a8-856c-fdc35f3230f1,N
1010638,312d8d42-65ef-4134-9fee-2e5944336a13,N
1016803,cbde9be3-d1ea-4e58-81c6-8ad682ffd466,Y
1016803,575ade98-76e3-46f5-8579-9284e9584010,Y
1016803,5b1460aa-f4fc-4284-88df-1b6499abcaa2,N
1016803,e3e6f43c-5afd-46a8-856c-fdc35f3230f1,Y
1016803,312d8d42-65ef-4134-9fee-2e5944336a13,Y
1021641,cbde9be3-d1ea-4e58-81c6-8ad682ffd466,Y
1021641,575ade98-76e3-46f5-8579-9284e9584010,N
1021641,5b1460aa-f4fc-4284-88df-1b6499abcaa2,N
1021641,e3e6f43c-5afd-46a8-856c-fdc35f3230f1,Y
1021641,312d8d42-65ef-4134-9fee-2e5944336a13,Y
1018921,cbde9be3-d1ea-4e58-81c6-8ad682ffd466,Y
1018921,575ade98-76e3-46f5-8579-9284e9584010,N
1018921,5b1460aa-f4fc-4284-88df-1b6499abcaa2,Y
1018921,e3e6f43c-5afd-46a8-856c-fdc35f3230f1,Y
1018921,312d8d42-65ef-4134-9fee-2e5944336a13,Y
1020005,cbde9be3-d1ea-4e58-81c6-8ad682ffd466,Y
1020005,575ade98-76e3-46f5-8579-9284e9584010,N
1020005,5b1460aa-f4fc-4284-88df-1b6499abcaa2,N
1020005,e3e6f43c-5afd-46a8-856c-fdc35f3230f1,N
1020005,312d8d42-65ef-4134-9fee-2e5944336a13,Y
1021572,cbde9be3-d1ea-4e58-81c6-8ad682ffd466,Y
1021572,575ade98-76e3-46f5-8579-9284e9584010,Y
1021572,5b1460aa-f4fc-4284-88df-1b6499abcaa2,N
1021572,e3e6f43c-5afd-46a8-856c-fdc35f3230f1,Y
1021572,312d8d42-65ef-4134-9fee-2e5944336a13,Y
1019328,cbde9be3-d1ea-4e58-81c6-8ad682ffd466,Y
1019328,575ade98-76e3-46f5-8579-9284e9584010,Y
1019328,5b1460aa-f4fc-4284-88df-1b6499abcaa2,N
1019328,e3e6f43c-5afd-46a8-856c-fdc35f3230f1,Y
1019328,312d8d42-65ef-4134-9fee-2e5944336a13,N
1019885,cbde9be3-d1ea-4e58-81c6-8ad682ffd466,Y
1019885,575ade98-76e3-46f5-8579-9284e9584010,N
1019885,5b1460aa-f4fc-4284-88df-1b6499abcaa2,N
1019885,e3e6f43c-5afd-46a8-856c-fdc35f3230f1,N
1019885,312d8d42-65ef-4134-9fee-2e5944336a13,N
1012268,cbde9be3-d1ea-4e58-81c6-8ad682ffd466,Y
1012268,575ade98-76e3-46f5-8579-9284e9584010,N
1012268,5b1460aa-f4fc-4284-88df-1b6499abcaa2,N
1012268,e3e6f43c-5afd-46a8-856c-fdc35f3230f1,N
1012268,312d8d42-65ef-4134-9fee-2e5944336a13,Y
1019344,cbde9be3-d1ea-4e58-81c6-8ad682ffd466,Y
1019344,575ade98-76e3-46f5-8579-9284e9584010,N
1019344,5b1460aa-f4fc-4284-88df-1b6499abcaa2,N
1019344,e3e6f43c-5afd-46a8-856c-fdc35f3230f1,N
1019344,312d8d42-65ef-4134-9fee-2e5944336a13,Y
1019478,cbde9be3-d1ea-4e58-81c6-8ad682ffd466,Y
1019478,575ade98-76e3-46f5-8579-9284e9584010,N
1019478,5b1460aa-f4fc-4284-88df-1b6499abcaa2,N
1019478,e3e6f43c-5afd-46a8-856c-fdc35f3230f1,N
1019478,312d8d42-65ef-4134-9fee-2e5944336a13,Y
1019616,cbde9be3-d1ea-4e58-81c6-8ad682ffd466,Y
1019616,575ade98-76e3-46f5-8579-9284e9584010,N
1019616,5b1460aa-f4fc-4284-88df-1b6499abcaa2,Y
1019616,e3e6f43c-5afd-46a8-856c-fdc35f3230f1,Y
1019616,312d8d42-65ef-4134-9fee-2e5944336a13,N
1019615,cbde9be3-d1ea-4e58-81c6-8ad682ffd466,Y
1019615,575ade98-76e3-46f5-8579-9284e9584010,N
1019615,5b1460aa-f4fc-4284-88df-1b6499abcaa2,Y
1019615,e3e6f43c-5afd-46a8-856c-fdc35f3230f1,Y
1019615,312d8d42-65ef-4134-9fee-2e5944336a13,N
1019884,cbde9be3-d1ea-4e58-81c6-8ad682ffd466,Y
1019884,575ade98-76e3-46f5-8579-9284e9584010,N
1019884,5b1460aa-f4fc-4284-88df-1b6499abcaa2,N
1019884,e3e6f43c-5afd-46a8-856c-fdc35f3230f1,N
1019884,312d8d42-65ef-4134-9fee-2e5944336a13,N
1020019,cbde9be3-d1ea-4e58-81c6-8ad682ffd466,Y
1020019,575ade98-76e3-46f5-8579-9284e9584010,Y
1020019,5b1460aa-f4fc-4284-88df-1b6499abcaa2,Y
1020019,e3e6f43c-5afd-46a8-856c-fdc35f3230f1,N
1020019,312d8d42-65ef-4134-9fee-2e5944336a13,Y
1008213,cbde9be3-d1ea-4e58-81c6-8ad682ffd466,Y
1008213,575ade98-76e3-46f5-8579-9284e9584010,N
1008213,5b1460aa-f4fc-4284-88df-1b6499abcaa2,Y
1008213,e3e6f43c-5afd-46a8-856c-fdc35f3230f1,Y
1008213,312d8d42-65ef-4134-9fee-2e5944336a13,N
1021455,cbde9be3-d1ea-4e58-81c6-8ad682ffd466,Y
1021455,575ade98-76e3-46f5-8579-9284e9584010,Y
1021455,5b1460aa-f4fc-4284-88df-1b6499abcaa2,Y
1021455,e3e6f43c-5afd-46a8-856c-fdc35f3230f1,Y
1021455,312d8d42-65ef-4134-9fee-2e5944336a13,Y
1004602,cbde9be3-d1ea-4e58-81c6-8ad682ffd466,Y
1004602,575ade98-76e3-46f5-8579-9284e9584010,N
1004602,5b1460aa-f4fc-4284-88df-1b6499abcaa2,Y
1004602,e3e6f43c-5afd-46a8-856c-fdc35f3230f1,Y
1004602,312d8d42-65ef-4134-9fee-2e5944336a13,Y
1011146,cbde9be3-d1ea-4e58-81c6-8ad682ffd466,Y
1011146,575ade98-76e3-46f5-8579-9284e9584010,N
1011146,5b1460aa-f4fc-4284-88df-1b6499abcaa2,N
1011146,e3e6f43c-5afd-46a8-856c-fdc35f3230f1,N
1011146,312d8d42-65ef-4134-9fee-2e5944336a13,N
1005259,cbde9be3-d1ea-4e58-81c6-8ad682ffd466,Y
1005259,575ade98-76e3-46f5-8579-9284e9584010,N
1005259,5b1460aa-f4fc-4284-88df-1b6499abcaa2,N
1005259,e3e6f43c-5afd-46a8-856c-fdc35f3230f1,Y
1005259,312d8d42-65ef-4134-9fee-2e5944336a13,Y
1021485,cbde9be3-d1ea-4e58-81c6-8ad682ffd466,Y
1021485,575ade98-76e3-46f5-8579-9284e9584010,N
1021485,5b1460aa-f4fc-4284-88df-1b6499abcaa2,N
1021485,e3e6f43c-5afd-46a8-856c-fdc35f3230f1,N
1021485,312d8d42-65ef-4134-9fee-2e5944336a13,Y
1021462,cbde9be3-d1ea-4e58-81c6-8ad682ffd466,Y
1021462,575ade98-76e3-46f5-8579-9284e9584010,N
1021462,5b1460aa-f4fc-4284-88df-1b6499abcaa2,N
1021462,e3e6f43c-5afd-46a8-856c-fdc35f3230f1,N
1021462,312d8d42-65ef-4134-9fee-2e5944336a13,N
1019027,cbde9be3-d1ea-4e58-81c6-8ad682ffd466,Y
1019027,575ade98-76e3-46f5-8579-9284e9584010,N
1019027,5b1460aa-f4fc-4284-88df-1b6499abcaa2,N
1019027,e3e6f43c-5afd-46a8-856c-fdc35f3230f1,N
1019027,312d8d42-65ef-4134-9fee-2e5944336a13,Y
1018986,cbde9be3-d1ea-4e58-81c6-8ad682ffd466,Y
1018986,575ade98-76e3-46f5-8579-9284e9584010,Y
1018986,5b1460aa-f4fc-4284-88df-1b6499abcaa2,N
1018986,e3e6f43c-5afd-46a8-856c-fdc35f3230f1,Y
1018986,312d8d42-65ef-4134-9fee-2e5944336a13,Y
1020037,cbde9be3-d1ea-4e58-81c6-8ad682ffd466,Y
1020037,575ade98-76e3-46f5-8579-9284e9584010,Y
1020037,5b1460aa-f4fc-4284-88df-1b6499abcaa2,N
1020037,e3e6f43c-5afd-46a8-856c-fdc35f3230f1,Y
1020037,312d8d42-65ef-4134-9fee-2e5944336a13,Y
1018474,cbde9be3-d1ea-4e58-81c6-8ad682ffd466,Y
1018474,575ade98-76e3-46f5-8579-9284e9584010,Y
1018474,5b1460aa-f4fc-4284-88df-1b6499abcaa2,Y
1018474,e3e6f43c-5afd-46a8-856c-fdc35f3230f1,Y
1018474,312d8d42-65ef-4134-9fee-2e5944336a13,Y
1018477,cbde9be3-d1ea-4e58-81c6-8ad682ffd466,Y
1018477,575ade98-76e3-46f5-8579-9284e9584010,Y
1018477,5b1460aa-f4fc-4284-88df-1b6499abcaa2,Y
1018477,e3e6f43c-5afd-46a8-856c-fdc35f3230f1,Y
1018477,312d8d42-65ef-4134-9fee-2e5944336a13,Y
1018478,cbde9be3-d1ea-4e58-81c6-8ad682ffd466,Y
1018478,575ade98-76e3-46f5-8579-9284e9584010,Y
1018478,5b1460aa-f4fc-4284-88df-1b6499abcaa2,Y
1018478,e3e6f43c-5afd-46a8-856c-fdc35f3230f1,Y
1018478,312d8d42-65ef-4134-9fee-2e5944336a13,Y
1018482,cbde9be3-d1ea-4e58-81c6-8ad682ffd466,Y
1018482,575ade98-76e3-46f5-8579-9284e9584010,Y
1018482,5b1460aa-f4fc-4284-88df-1b6499abcaa2,Y
1018482,e3e6f43c-5afd-46a8-856c-fdc35f3230f1,Y
1018482,312d8d42-65ef-4134-9fee-2e5944336a13,Y
1018483,cbde9be3-d1ea-4e58-81c6-8ad682ffd466,Y
1018483,575ade98-76e3-46f5-8579-9284e9584010,Y
1018483,5b1460aa-f4fc-4284-88df-1b6499abcaa2,Y
1018483,e3e6f43c-5afd-46a8-856c-fdc35f3230f1,Y
1018483,312d8d42-65ef-4134-9fee-2e5944336a13,Y
1007797,cbde9be3-d1ea-4e58-81c6-8ad682ffd466,Y
1007797,575ade98-76e3-46f5-8579-9284e9584010,N
1007797,5b1460aa-f4fc-4284-88df-1b6499abcaa2,N
1007797,e3e6f43c-5afd-46a8-856c-fdc35f3230f1,N
1007797,312d8d42-65ef-4134-9fee-2e5944336a13,Y
1018963,cbde9be3-d1ea-4e58-81c6-8ad682ffd466,Y
1018963,575ade98-76e3-46f5-8579-9284e9584010,N
1018963,5b1460aa-f4fc-4284-88df-1b6499abcaa2,N
1018963,e3e6f43c-5afd-46a8-856c-fdc35f3230f1,N
1018963,312d8d42-65ef-4134-9fee-2e5944336a13,N
1019807,cbde9be3-d1ea-4e58-81c6-8ad682ffd466,Y
1019807,575ade98-76e3-46f5-8579-9284e9584010,Y
1019807,5b1460aa-f4fc-4284-88df-1b6499abcaa2,Y
1019807,e3e6f43c-5afd-46a8-856c-fdc35f3230f1,Y
1019807,312d8d42-65ef-4134-9fee-2e5944336a13,Y
1021263,cbde9be3-d1ea-4e58-81c6-8ad682ffd466,Y
1021263,575ade98-76e3-46f5-8579-9284e9584010,Y
1021263,5b1460aa-f4fc-4284-88df-1b6499abcaa2,N
1021263,e3e6f43c-5afd-46a8-856c-fdc35f3230f1,Y
1021263,312d8d42-65ef-4134-9fee-2e5944336a13,Y
1021501,cbde9be3-d1ea-4e58-81c6-8ad682ffd466,Y
1021501,575ade98-76e3-46f5-8579-9284e9584010,N
1021501,5b1460aa-f4fc-4284-88df-1b6499abcaa2,N
1021501,e3e6f43c-5afd-46a8-856c-fdc35f3230f1,Y
1021501,312d8d42-65ef-4134-9fee-2e5944336a13,N
1019149,cbde9be3-d1ea-4e58-81c6-8ad682ffd466,Y
1019149,575ade98-76e3-46f5-8579-9284e9584010,N
1019149,5b1460aa-f4fc-4284-88df-1b6499abcaa2,N
1019149,e3e6f43c-5afd-46a8-856c-fdc35f3230f1,N
1019149,312d8d42-65ef-4134-9fee-2e5944336a13,N
1019793,cbde9be3-d1ea-4e58-81c6-8ad682ffd466,Y
1019793,575ade98-76e3-46f5-8579-9284e9584010,N
1019793,5b1460aa-f4fc-4284-88df-1b6499abcaa2,N
1019793,e3e6f43c-5afd-46a8-856c-fdc35f3230f1,N
1019793,312d8d42-65ef-4134-9fee-2e5944336a13,Y
1020086,cbde9be3-d1ea-4e58-81c6-8ad682ffd466,Y
1020086,575ade98-76e3-46f5-8579-9284e9584010,N
1020086,5b1460aa-f4fc-4284-88df-1b6499abcaa2,N
1020086,e3e6f43c-5afd-46a8-856c-fdc35f3230f1,N
1020086,312d8d42-65ef-4134-9fee-2e5944336a13,N
1018215,cbde9be3-d1ea-4e58-81c6-8ad682ffd466,Y
1018215,575ade98-76e3-46f5-8579-9284e9584010,Y
1018215,5b1460aa-f4fc-4284-88df-1b6499abcaa2,N
1018215,e3e6f43c-5afd-46a8-856c-fdc35f3230f1,Y
1018215,312d8d42-65ef-4134-9fee-2e5944336a13,N
1021617,cbde9be3-d1ea-4e58-81c6-8ad682ffd466,Y
1021617,575ade98-76e3-46f5-8579-9284e9584010,Y
1021617,5b1460aa-f4fc-4284-88df-1b6499abcaa2,N
1021617,e3e6f43c-5afd-46a8-856c-fdc35f3230f1,Y
1021617,312d8d42-65ef-4134-9fee-2e5944336a13,Y
1019868,cbde9be3-d1ea-4e58-81c6-8ad682ffd466,Y
1019868,575ade98-76e3-46f5-8579-9284e9584010,N
1019868,5b1460aa-f4fc-4284-88df-1b6499abcaa2,N
1019868,e3e6f43c-5afd-46a8-856c-fdc35f3230f1,N
1019868,312d8d42-65ef-4134-9fee-2e5944336a13,N
1021266,cbde9be3-d1ea-4e58-81c6-8ad682ffd466,Y
1021266,575ade98-76e3-46f5-8579-9284e9584010,Y
1021266,5b1460aa-f4fc-4284-88df-1b6499abcaa2,Y
1021266,e3e6f43c-5afd-46a8-856c-fdc35f3230f1,Y
1021266,312d8d42-65ef-4134-9fee-2e5944336a13,Y
1011596,cbde9be3-d1ea-4e58-81c6-8ad682ffd466,Y
1011596,575ade98-76e3-46f5-8579-9284e9584010,Y
1011596,5b1460aa-f4fc-4284-88df-1b6499abcaa2,Y
1011596,e3e6f43c-5afd-46a8-856c-fdc35f3230f1,Y
1011596,312d8d42-65ef-4134-9fee-2e5944336a13,Y
1003402,cbde9be3-d1ea-4e58-81c6-8ad682ffd466,Y
1003402,575ade98-76e3-46f5-8579-9284e9584010,Y
1003402,5b1460aa-f4fc-4284-88df-1b6499abcaa2,N
1003402,e3e6f43c-5afd-46a8-856c-fdc35f3230f1,Y
1003402,312d8d42-65ef-4134-9fee-2e5944336a13,Y
1021618,cbde9be3-d1ea-4e58-81c6-8ad682ffd466,Y
1021618,575ade98-76e3-46f5-8579-9284e9584010,N
1021618,5b1460aa-f4fc-4284-88df-1b6499abcaa2,N
1021618,e3e6f43c-5afd-46a8-856c-fdc35f3230f1,N
1021618,312d8d42-65ef-4134-9fee-2e5944336a13,Y
1019477,cbde9be3-d1ea-4e58-81c6-8ad682ffd466,Y
1019477,575ade98-76e3-46f5-8579-9284e9584010,N
1019477,5b1460aa-f4fc-4284-88df-1b6499abcaa2,N
1019477,e3e6f43c-5afd-46a8-856c-fdc35f3230f1,Y
1019477,312d8d42-65ef-4134-9fee-2e5944336a13,Y
1010145,cbde9be3-d1ea-4e58-81c6-8ad682ffd466,Y
1010145,575ade98-76e3-46f5-8579-9284e9584010,Y
1010145,5b1460aa-f4fc-4284-88df-1b6499abcaa2,N
1010145,e3e6f43c-5afd-46a8-856c-fdc35f3230f1,Y
1010145,312d8d42-65ef-4134-9fee-2e5944336a13,Y
1005260,cbde9be3-d1ea-4e58-81c6-8ad682ffd466,Y
1005260,575ade98-76e3-46f5-8579-9284e9584010,N
1005260,5b1460aa-f4fc-4284-88df-1b6499abcaa2,N
1005260,e3e6f43c-5afd-46a8-856c-fdc35f3230f1,Y
1005260,312d8d42-65ef-4134-9fee-2e5944336a13,Y
1019122,cbde9be3-d1ea-4e58-81c6-8ad682ffd466,Y
1019122,575ade98-76e3-46f5-8579-9284e9584010,Y
1019122,5b1460aa-f4fc-4284-88df-1b6499abcaa2,N
1019122,e3e6f43c-5afd-46a8-856c-fdc35f3230f1,Y
1019122,312d8d42-65ef-4134-9fee-2e5944336a13,Y
1019315,cbde9be3-d1ea-4e58-81c6-8ad682ffd466,Y
1019315,575ade98-76e3-46f5-8579-9284e9584010,Y
1019315,5b1460aa-f4fc-4284-88df-1b6499abcaa2,Y
1019315,e3e6f43c-5afd-46a8-856c-fdc35f3230f1,Y
1019315,312d8d42-65ef-4134-9fee-2e5944336a13,Y
1021579,cbde9be3-d1ea-4e58-81c6-8ad682ffd466,Y
1021579,575ade98-76e3-46f5-8579-9284e9584010,Y
1021579,5b1460aa-f4fc-4284-88df-1b6499abcaa2,N
1021579,e3e6f43c-5afd-46a8-856c-fdc35f3230f1,Y
1021579,312d8d42-65ef-4134-9fee-2e5944336a13,Y
1011310,cbde9be3-d1ea-4e58-81c6-8ad682ffd466,Y
1011310,575ade98-76e3-46f5-8579-9284e9584010,N
1011310,5b1460aa-f4fc-4284-88df-1b6499abcaa2,N
1011310,e3e6f43c-5afd-46a8-856c-fdc35f3230f1,Y
1011310,312d8d42-65ef-4134-9fee-2e5944336a13,Y
1019204,cbde9be3-d1ea-4e58-81c6-8ad682ffd466,Y
1019204,575ade98-76e3-46f5-8579-9284e9584010,N
1019204,5b1460aa-f4fc-4284-88df-1b6499abcaa2,N
1019204,e3e6f43c-5afd-46a8-856c-fdc35f3230f1,N
1019204,312d8d42-65ef-4134-9fee-2e5944336a13,N
1020093,cbde9be3-d1ea-4e58-81c6-8ad682ffd466,Y
1020093,575ade98-76e3-46f5-8579-9284e9584010,N
1020093,5b1460aa-f4fc-4284-88df-1b6499abcaa2,N
1020093,e3e6f43c-5afd-46a8-856c-fdc35f3230f1,N
1020093,312d8d42-65ef-4134-9fee-2e5944336a13,N
1019500,cbde9be3-d1ea-4e58-81c6-8ad682ffd466,Y
1019500,575ade98-76e3-46f5-8579-9284e9584010,N
1019500,5b1460aa-f4fc-4284-88df-1b6499abcaa2,N
1019500,e3e6f43c-5afd-46a8-856c-fdc35f3230f1,Y
1019500,312d8d42-65ef-4134-9fee-2e5944336a13,Y
1001766,cbde9be3-d1ea-4e58-81c6-8ad682ffd466,Y
1001766,575ade98-76e3-46f5-8579-9284e9584010,Y
1001766,5b1460aa-f4fc-4284-88df-1b6499abcaa2,Y
1001766,e3e6f43c-5afd-46a8-856c-fdc35f3230f1,Y
1001766,312d8d42-65ef-4134-9fee-2e5944336a13,N
1020024,cbde9be3-d1ea-4e58-81c6-8ad682ffd466,Y
1020024,575ade98-76e3-46f5-8579-9284e9584010,Y
1020024,5b1460aa-f4fc-4284-88df-1b6499abcaa2,N
1020024,e3e6f43c-5afd-46a8-856c-fdc35f3230f1,Y
1020024,312d8d42-65ef-4134-9fee-2e5944336a13,Y
1021277,cbde9be3-d1ea-4e58-81c6-8ad682ffd466,Y
1021277,575ade98-76e3-46f5-8579-9284e9584010,Y
1021277,5b1460aa-f4fc-4284-88df-1b6499abcaa2,Y
1021277,e3e6f43c-5afd-46a8-856c-fdc35f3230f1,Y
1021277,312d8d42-65ef-4134-9fee-2e5944336a13,Y
1003610,cbde9be3-d1ea-4e58-81c6-8ad682ffd466,Y
1003610,575ade98-76e3-46f5-8579-9284e9584010,Y
1003610,5b1460aa-f4fc-4284-88df-1b6499abcaa2,N
1003610,e3e6f43c-5afd-46a8-856c-fdc35f3230f1,Y
1003610,312d8d42-65ef-4134-9fee-2e5944336a13,Y
1019410,cbde9be3-d1ea-4e58-81c6-8ad682ffd466,Y
1019410,575ade98-76e3-46f5-8579-9284e9584010,N
1019410,5b1460aa-f4fc-4284-88df-1b6499abcaa2,N
1019410,e3e6f43c-5afd-46a8-856c-fdc35f3230f1,N
1019410,312d8d42-65ef-4134-9fee-2e5944336a13,Y
1019411,cbde9be3-d1ea-4e58-81c6-8ad682ffd466,Y
1019411,575ade98-76e3-46f5-8579-9284e9584010,N
1019411,5b1460aa-f4fc-4284-88df-1b6499abcaa2,N
1019411,e3e6f43c-5afd-46a8-856c-fdc35f3230f1,N
1019411,312d8d42-65ef-4134-9fee-2e5944336a13,Y
1004750,cbde9be3-d1ea-4e58-81c6-8ad682ffd466,Y
1004750,575ade98-76e3-46f5-8579-9284e9584010,Y
1004750,5b1460aa-f4fc-4284-88df-1b6499abcaa2,Y
1004750,e3e6f43c-5afd-46a8-856c-fdc35f3230f1,Y
1004750,312d8d42-65ef-4134-9fee-2e5944336a13,Y
1004751,cbde9be3-d1ea-4e58-81c6-8ad682ffd466,Y
1004751,575ade98-76e3-46f5-8579-9284e9584010,Y
1004751,5b1460aa-f4fc-4284-88df-1b6499abcaa2,Y
1004751,e3e6f43c-5afd-46a8-856c-fdc35f3230f1,Y
1004751,312d8d42-65ef-4134-9fee-2e5944336a13,Y
1000712,cbde9be3-d1ea-4e58-81c6-8ad682ffd466,Y
1000712,575ade98-76e3-46f5-8579-9284e9584010,N
1000712,5b1460aa-f4fc-4284-88df-1b6499abcaa2,N
1000712,e3e6f43c-5afd-46a8-856c-fdc35f3230f1,N
1000712,312d8d42-65ef-4134-9fee-2e5944336a13,N
1019235,cbde9be3-d1ea-4e58-81c6-8ad682ffd466,Y
1019235,575ade98-76e3-46f5-8579-9284e9584010,Y
1019235,5b1460aa-f4fc-4284-88df-1b6499abcaa2,Y
1019235,e3e6f43c-5afd-46a8-856c-fdc35f3230f1,N
1019235,312d8d42-65ef-4134-9fee-2e5944336a13,Y
1021615,cbde9be3-d1ea-4e58-81c6-8ad682ffd466,Y
1021615,575ade98-76e3-46f5-8579-9284e9584010,N
1021615,5b1460aa-f4fc-4284-88df-1b6499abcaa2,N
1021615,e3e6f43c-5afd-46a8-856c-fdc35f3230f1,N
1021615,312d8d42-65ef-4134-9fee-2e5944336a13,N
1009020,cbde9be3-d1ea-4e58-81c6-8ad682ffd466,Y
1009020,575ade98-76e3-46f5-8579-9284e9584010,N
1009020,5b1460aa-f4fc-4284-88df-1b6499abcaa2,N
1009020,e3e6f43c-5afd-46a8-856c-fdc35f3230f1,N
1009020,312d8d42-65ef-4134-9fee-2e5944336a13,N
1019493,cbde9be3-d1ea-4e58-81c6-8ad682ffd466,Y
1019493,575ade98-76e3-46f5-8579-9284e9584010,N
1019493,5b1460aa-f4fc-4284-88df-1b6499abcaa2,N
1019493,e3e6f43c-5afd-46a8-856c-fdc35f3230f1,N
1019493,312d8d42-65ef-4134-9fee-2e5944336a13,Y
1002843,cbde9be3-d1ea-4e58-81c6-8ad682ffd466,Y
1002843,575ade98-76e3-46f5-8579-9284e9584010,N
1002843,5b1460aa-f4fc-4284-88df-1b6499abcaa2,N
1002843,e3e6f43c-5afd-46a8-856c-fdc35f3230f1,N
1002843,312d8d42-65ef-4134-9fee-2e5944336a13,Y
1018549,cbde9be3-d1ea-4e58-81c6-8ad682ffd466,Y
1018549,575ade98-76e3-46f5-8579-9284e9584010,Y
1018549,5b1460aa-f4fc-4284-88df-1b6499abcaa2,N
1018549,e3e6f43c-5afd-46a8-856c-fdc35f3230f1,Y
1018549,312d8d42-65ef-4134-9fee-2e5944336a13,Y
1021272,cbde9be3-d1ea-4e58-81c6-8ad682ffd466,Y
1021272,575ade98-76e3-46f5-8579-9284e9584010,N
1021272,5b1460aa-f4fc-4284-88df-1b6499abcaa2,N
1021272,e3e6f43c-5afd-46a8-856c-fdc35f3230f1,N
1021272,312d8d42-65ef-4134-9fee-2e5944336a13,Y
1019930,cbde9be3-d1ea-4e58-81c6-8ad682ffd466,Y
1019930,575ade98-76e3-46f5-8579-9284e9584010,N
1019930,5b1460aa-f4fc-4284-88df-1b6499abcaa2,N
1019930,e3e6f43c-5afd-46a8-856c-fdc35f3230f1,N
1019930,312d8d42-65ef-4134-9fee-2e5944336a13,N
1019142,cbde9be3-d1ea-4e58-81c6-8ad682ffd466,Y
1019142,575ade98-76e3-46f5-8579-9284e9584010,Y
1019142,5b1460aa-f4fc-4284-88df-1b6499abcaa2,Y
1019142,e3e6f43c-5afd-46a8-856c-fdc35f3230f1,Y
1019142,312d8d42-65ef-4134-9fee-2e5944336a13,Y
1019145,cbde9be3-d1ea-4e58-81c6-8ad682ffd466,Y
1019145,575ade98-76e3-46f5-8579-9284e9584010,Y
1019145,5b1460aa-f4fc-4284-88df-1b6499abcaa2,N
1019145,e3e6f43c-5afd-46a8-856c-fdc35f3230f1,Y
1019145,312d8d42-65ef-4134-9fee-2e5944336a13,Y
1005060,cbde9be3-d1ea-4e58-81c6-8ad682ffd466,Y
1005060,575ade98-76e3-46f5-8579-9284e9584010,N
1005060,5b1460aa-f4fc-4284-88df-1b6499abcaa2,N
1005060,e3e6f43c-5afd-46a8-856c-fdc35f3230f1,N
1005060,312d8d42-65ef-4134-9fee-2e5944336a13,N
1021312,cbde9be3-d1ea-4e58-81c6-8ad682ffd466,Y
1021312,575ade98-76e3-46f5-8579-9284e9584010,Y
1021312,5b1460aa-f4fc-4284-88df-1b6499abcaa2,N
1021312,e3e6f43c-5afd-46a8-856c-fdc35f3230f1,Y
1021312,312d8d42-65ef-4134-9fee-2e5944336a13,N
1021302,cbde9be3-d1ea-4e58-81c6-8ad682ffd466,Y
1021302,575ade98-76e3-46f5-8579-9284e9584010,Y
1021302,5b1460aa-f4fc-4284-88df-1b6499abcaa2,N
1021302,e3e6f43c-5afd-46a8-856c-fdc35f3230f1,Y
1021302,312d8d42-65ef-4134-9fee-2e5944336a13,N
1019419,cbde9be3-d1ea-4e58-81c6-8ad682ffd466,Y
1019419,575ade98-76e3-46f5-8579-9284e9584010,N
1019419,5b1460aa-f4fc-4284-88df-1b6499abcaa2,N
1019419,e3e6f43c-5afd-46a8-856c-fdc35f3230f1,N
1019419,312d8d42-65ef-4134-9fee-2e5944336a13,Y
1019312,cbde9be3-d1ea-4e58-81c6-8ad682ffd466,Y
1019312,575ade98-76e3-46f5-8579-9284e9584010,N
1019312,5b1460aa-f4fc-4284-88df-1b6499abcaa2,N
1019312,e3e6f43c-5afd-46a8-856c-fdc35f3230f1,N
1019312,312d8d42-65ef-4134-9fee-2e5944336a13,Y
1004073,cbde9be3-d1ea-4e58-81c6-8ad682ffd466,Y
1004073,575ade98-76e3-46f5-8579-9284e9584010,Y
1004073,5b1460aa-f4fc-4284-88df-1b6499abcaa2,Y
1004073,e3e6f43c-5afd-46a8-856c-fdc35f3230f1,Y
1004073,312d8d42-65ef-4134-9fee-2e5944336a13,Y
1019418,cbde9be3-d1ea-4e58-81c6-8ad682ffd466,Y
1019418,575ade98-76e3-46f5-8579-9284e9584010,N
1019418,5b1460aa-f4fc-4284-88df-1b6499abcaa2,N
1019418,e3e6f43c-5afd-46a8-856c-fdc35f3230f1,N
1019418,312d8d42-65ef-4134-9fee-2e5944336a13,N
1018284,cbde9be3-d1ea-4e58-81c6-8ad682ffd466,Y
1018284,575ade98-76e3-46f5-8579-9284e9584010,Y
1018284,5b1460aa-f4fc-4284-88df-1b6499abcaa2,N
1018284,e3e6f43c-5afd-46a8-856c-fdc35f3230f1,N
1018284,312d8d42-65ef-4134-9fee-2e5944336a13,Y
1021409,cbde9be3-d1ea-4e58-81c6-8ad682ffd466,Y
1021409,575ade98-76e3-46f5-8579-9284e9584010,Y
1021409,5b1460aa-f4fc-4284-88df-1b6499abcaa2,N
1021409,e3e6f43c-5afd-46a8-856c-fdc35f3230f1,N
1021409,312d8d42-65ef-4134-9fee-2e5944336a13,N
1000194,cbde9be3-d1ea-4e58-81c6-8ad682ffd466,Y
1000194,575ade98-76e3-46f5-8579-9284e9584010,N
1000194,5b1460aa-f4fc-4284-88df-1b6499abcaa2,N
1000194,e3e6f43c-5afd-46a8-856c-fdc35f3230f1,N
1000194,312d8d42-65ef-4134-9fee-2e5944336a13,N
1019259,cbde9be3-d1ea-4e58-81c6-8ad682ffd466,Y
1019259,575ade98-76e3-46f5-8579-9284e9584010,Y
1019259,5b1460aa-f4fc-4284-88df-1b6499abcaa2,N
1019259,e3e6f43c-5afd-46a8-856c-fdc35f3230f1,Y
1019259,312d8d42-65ef-4134-9fee-2e5944336a13,Y
1019927,cbde9be3-d1ea-4e58-81c6-8ad682ffd466,Y
1019927,575ade98-76e3-46f5-8579-9284e9584010,Y
1019927,5b1460aa-f4fc-4284-88df-1b6499abcaa2,Y
1019927,e3e6f43c-5afd-46a8-856c-fdc35f3230f1,Y
1019927,312d8d42-65ef-4134-9fee-2e5944336a13,Y
1019635,cbde9be3-d1ea-4e58-81c6-8ad682ffd466,Y
1019635,575ade98-76e3-46f5-8579-9284e9584010,Y
1019635,5b1460aa-f4fc-4284-88df-1b6499abcaa2,N
1019635,e3e6f43c-5afd-46a8-856c-fdc35f3230f1,Y
1019635,312d8d42-65ef-4134-9fee-2e5944336a13,N
1019070,cbde9be3-d1ea-4e58-81c6-8ad682ffd466,Y
1019070,575ade98-76e3-46f5-8579-9284e9584010,N
1019070,5b1460aa-f4fc-4284-88df-1b6499abcaa2,N
1019070,e3e6f43c-5afd-46a8-856c-fdc35f3230f1,N
1019070,312d8d42-65ef-4134-9fee-2e5944336a13,N
1019899,cbde9be3-d1ea-4e58-81c6-8ad682ffd466,Y
1019899,575ade98-76e3-46f5-8579-9284e9584010,N
1019899,5b1460aa-f4fc-4284-88df-1b6499abcaa2,N
1019899,e3e6f43c-5afd-46a8-856c-fdc35f3230f1,N
1019899,312d8d42-65ef-4134-9fee-2e5944336a13,N
1020173,cbde9be3-d1ea-4e58-81c6-8ad682ffd466,Y
1020173,575ade98-76e3-46f5-8579-9284e9584010,N
1020173,5b1460aa-f4fc-4284-88df-1b6499abcaa2,N
1020173,e3e6f43c-5afd-46a8-856c-fdc35f3230f1,N
1020173,312d8d42-65ef-4134-9fee-2e5944336a13,Y
1019033,cbde9be3-d1ea-4e58-81c6-8ad682ffd466,Y
1019033,575ade98-76e3-46f5-8579-9284e9584010,N
1019033,5b1460aa-f4fc-4284-88df-1b6499abcaa2,N
1019033,e3e6f43c-5afd-46a8-856c-fdc35f3230f1,N
1019033,312d8d42-65ef-4134-9fee-2e5944336a13,Y
1012576,cbde9be3-d1ea-4e58-81c6-8ad682ffd466,Y
1012576,575ade98-76e3-46f5-8579-9284e9584010,Y
1012576,5b1460aa-f4fc-4284-88df-1b6499abcaa2,N
1012576,e3e6f43c-5afd-46a8-856c-fdc35f3230f1,Y
1012576,312d8d42-65ef-4134-9fee-2e5944336a13,Y
1021623,cbde9be3-d1ea-4e58-81c6-8ad682ffd466,Y
1021623,575ade98-76e3-46f5-8579-9284e9584010,N
1021623,5b1460aa-f4fc-4284-88df-1b6499abcaa2,N
1021623,e3e6f43c-5afd-46a8-856c-fdc35f3230f1,Y
1021623,312d8d42-65ef-4134-9fee-2e5944336a13,Y
1021606,cbde9be3-d1ea-4e58-81c6-8ad682ffd466,Y
1021606,575ade98-76e3-46f5-8579-9284e9584010,Y
1021606,5b1460aa-f4fc-4284-88df-1b6499abcaa2,N
1021606,e3e6f43c-5afd-46a8-856c-fdc35f3230f1,Y
1021606,312d8d42-65ef-4134-9fee-2e5944336a13,Y
1019048,cbde9be3-d1ea-4e58-81c6-8ad682ffd466,Y
1019048,575ade98-76e3-46f5-8579-9284e9584010,N
1019048,5b1460aa-f4fc-4284-88df-1b6499abcaa2,N
1019048,e3e6f43c-5afd-46a8-856c-fdc35f3230f1,N
1019048,312d8d42-65ef-4134-9fee-2e5944336a13,N
1011286,cbde9be3-d1ea-4e58-81c6-8ad682ffd466,Y
1011286,575ade98-76e3-46f5-8579-9284e9584010,N
1011286,5b1460aa-f4fc-4284-88df-1b6499abcaa2,N
1011286,e3e6f43c-5afd-46a8-856c-fdc35f3230f1,N
1011286,312d8d42-65ef-4134-9fee-2e5944336a13,N
1019747,cbde9be3-d1ea-4e58-81c6-8ad682ffd466,Y
1019747,575ade98-76e3-46f5-8579-9284e9584010,N
1019747,5b1460aa-f4fc-4284-88df-1b6499abcaa2,N
1019747,e3e6f43c-5afd-46a8-856c-fdc35f3230f1,Y
1019747,312d8d42-65ef-4134-9fee-2e5944336a13,N
1003969,cbde9be3-d1ea-4e58-81c6-8ad682ffd466,Y
1003969,575ade98-76e3-46f5-8579-9284e9584010,Y
1003969,5b1460aa-f4fc-4284-88df-1b6499abcaa2,Y
1003969,e3e6f43c-5afd-46a8-856c-fdc35f3230f1,Y
1003969,312d8d42-65ef-4134-9fee-2e5944336a13,Y
1003970,cbde9be3-d1ea-4e58-81c6-8ad682ffd466,Y
1003970,575ade98-76e3-46f5-8579-9284e9584010,Y
1003970,5b1460aa-f4fc-4284-88df-1b6499abcaa2,Y
1003970,e3e6f43c-5afd-46a8-856c-fdc35f3230f1,Y
1003970,312d8d42-65ef-4134-9fee-2e5944336a13,Y
1003971,cbde9be3-d1ea-4e58-81c6-8ad682ffd466,Y
1003971,575ade98-76e3-46f5-8579-9284e9584010,Y
1003971,5b1460aa-f4fc-4284-88df-1b6499abcaa2,Y
1003971,e3e6f43c-5afd-46a8-856c-fdc35f3230f1,Y
1003971,312d8d42-65ef-4134-9fee-2e5944336a13,Y
1018637,cbde9be3-d1ea-4e58-81c6-8ad682ffd466,Y
1018637,575ade98-76e3-46f5-8579-9284e9584010,Y
1018637,5b1460aa-f4fc-4284-88df-1b6499abcaa2,Y
1018637,e3e6f43c-5afd-46a8-856c-fdc35f3230f1,Y
1018637,312d8d42-65ef-4134-9fee-2e5944336a13,Y
1011778,cbde9be3-d1ea-4e58-81c6-8ad682ffd466,Y
1011778,575ade98-76e3-46f5-8579-9284e9584010,N
1011778,5b1460aa-f4fc-4284-88df-1b6499abcaa2,N
1011778,e3e6f43c-5afd-46a8-856c-fdc35f3230f1,N
1011778,312d8d42-65ef-4134-9fee-2e5944336a13,N
1019479,cbde9be3-d1ea-4e58-81c6-8ad682ffd466,Y
1019479,575ade98-76e3-46f5-8579-9284e9584010,N
1019479,5b1460aa-f4fc-4284-88df-1b6499abcaa2,N
1019479,e3e6f43c-5afd-46a8-856c-fdc35f3230f1,Y
1019479,312d8d42-65ef-4134-9fee-2e5944336a13,Y
1018349,cbde9be3-d1ea-4e58-81c6-8ad682ffd466,Y
1018349,575ade98-76e3-46f5-8579-9284e9584010,Y
1018349,5b1460aa-f4fc-4284-88df-1b6499abcaa2,N
1018349,e3e6f43c-5afd-46a8-856c-fdc35f3230f1,Y
1018349,312d8d42-65ef-4134-9fee-2e5944336a13,Y
1019973,cbde9be3-d1ea-4e58-81c6-8ad682ffd466,Y
1019973,575ade98-76e3-46f5-8579-9284e9584010,N
1019973,5b1460aa-f4fc-4284-88df-1b6499abcaa2,N
1019973,e3e6f43c-5afd-46a8-856c-fdc35f3230f1,N
1019973,312d8d42-65ef-4134-9fee-2e5944336a13,Y
1010821,cbde9be3-d1ea-4e58-81c6-8ad682ffd466,Y
1010821,575ade98-76e3-46f5-8579-9284e9584010,Y
1010821,5b1460aa-f4fc-4284-88df-1b6499abcaa2,N
1010821,e3e6f43c-5afd-46a8-856c-fdc35f3230f1,N
1010821,312d8d42-65ef-4134-9fee-2e5944336a13,Y
1019194,cbde9be3-d1ea-4e58-81c6-8ad682ffd466,Y
1019194,575ade98-76e3-46f5-8579-9284e9584010,Y
1019194,5b1460aa-f4fc-4284-88df-1b6499abcaa2,N
1019194,e3e6f43c-5afd-46a8-856c-fdc35f3230f1,N
1019194,312d8d42-65ef-4134-9fee-2e5944336a13,Y
1019791,cbde9be3-d1ea-4e58-81c6-8ad682ffd466,Y
1019791,575ade98-76e3-46f5-8579-9284e9584010,N
1019791,5b1460aa-f4fc-4284-88df-1b6499abcaa2,Y
1019791,e3e6f43c-5afd-46a8-856c-fdc35f3230f1,Y
1019791,312d8d42-65ef-4134-9fee-2e5944336a13,N
1021535,cbde9be3-d1ea-4e58-81c6-8ad682ffd466,Y
1021535,575ade98-76e3-46f5-8579-9284e9584010,Y
1021535,5b1460aa-f4fc-4284-88df-1b6499abcaa2,N
1021535,e3e6f43c-5afd-46a8-856c-fdc35f3230f1,N
1021535,312d8d42-65ef-4134-9fee-2e5944336a13,Y
1021218,cbde9be3-d1ea-4e58-81c6-8ad682ffd466,Y
1021218,575ade98-76e3-46f5-8579-9284e9584010,Y
1021218,5b1460aa-f4fc-4284-88df-1b6499abcaa2,N
1021218,e3e6f43c-5afd-46a8-856c-fdc35f3230f1,N
1021218,312d8d42-65ef-4134-9fee-2e5944336a13,Y
1005261,cbde9be3-d1ea-4e58-81c6-8ad682ffd466,Y
1005261,575ade98-76e3-46f5-8579-9284e9584010,N
1005261,5b1460aa-f4fc-4284-88df-1b6499abcaa2,N
1005261,e3e6f43c-5afd-46a8-856c-fdc35f3230f1,Y
1005261,312d8d42-65ef-4134-9fee-2e5944336a13,Y
1019119,cbde9be3-d1ea-4e58-81c6-8ad682ffd466,Y
1019119,575ade98-76e3-46f5-8579-9284e9584010,N
1019119,5b1460aa-f4fc-4284-88df-1b6499abcaa2,N
1019119,e3e6f43c-5afd-46a8-856c-fdc35f3230f1,N
1019119,312d8d42-65ef-4134-9fee-2e5944336a13,Y
1021451,cbde9be3-d1ea-4e58-81c6-8ad682ffd466,Y
1021451,575ade98-76e3-46f5-8579-9284e9584010,Y
1021451,5b1460aa-f4fc-4284-88df-1b6499abcaa2,N
1021451,e3e6f43c-5afd-46a8-856c-fdc35f3230f1,N
1021451,312d8d42-65ef-4134-9fee-2e5944336a13,N
1003915,cbde9be3-d1ea-4e58-81c6-8ad682ffd466,Y
1003915,575ade98-76e3-46f5-8579-9284e9584010,Y
1003915,5b1460aa-f4fc-4284-88df-1b6499abcaa2,N
1003915,e3e6f43c-5afd-46a8-856c-fdc35f3230f1,Y
1003915,312d8d42-65ef-4134-9fee-2e5944336a13,Y
1019620,cbde9be3-d1ea-4e58-81c6-8ad682ffd466,Y
1019620,575ade98-76e3-46f5-8579-9284e9584010,N
1019620,5b1460aa-f4fc-4284-88df-1b6499abcaa2,N
1019620,e3e6f43c-5afd-46a8-856c-fdc35f3230f1,N
1019620,312d8d42-65ef-4134-9fee-2e5944336a13,Y
1021646,cbde9be3-d1ea-4e58-81c6-8ad682ffd466,Y
1021646,575ade98-76e3-46f5-8579-9284e9584010,Y
1021646,5b1460aa-f4fc-4284-88df-1b6499abcaa2,Y
1021646,e3e6f43c-5afd-46a8-856c-fdc35f3230f1,Y
1021646,312d8d42-65ef-4134-9fee-2e5944336a13,Y
1021503,cbde9be3-d1ea-4e58-81c6-8ad682ffd466,Y
1021503,575ade98-76e3-46f5-8579-9284e9584010,N
1021503,5b1460aa-f4fc-4284-88df-1b6499abcaa2,N
1021503,e3e6f43c-5afd-46a8-856c-fdc35f3230f1,N
1021503,312d8d42-65ef-4134-9fee-2e5944336a13,N
1018975,cbde9be3-d1ea-4e58-81c6-8ad682ffd466,Y
1018975,575ade98-76e3-46f5-8579-9284e9584010,N
1018975,5b1460aa-f4fc-4284-88df-1b6499abcaa2,N
1018975,e3e6f43c-5afd-46a8-856c-fdc35f3230f1,Y
1018975,312d8d42-65ef-4134-9fee-2e5944336a13,Y
1019715,cbde9be3-d1ea-4e58-81c6-8ad682ffd466,Y
1019715,575ade98-76e3-46f5-8579-9284e9584010,N
1019715,5b1460aa-f4fc-4284-88df-1b6499abcaa2,N
1019715,e3e6f43c-5afd-46a8-856c-fdc35f3230f1,N
1019715,312d8d42-65ef-4134-9fee-2e5944336a13,N
1019825,cbde9be3-d1ea-4e58-81c6-8ad682ffd466,Y
1019825,575ade98-76e3-46f5-8579-9284e9584010,N
1019825,5b1460aa-f4fc-4284-88df-1b6499abcaa2,N
1019825,e3e6f43c-5afd-46a8-856c-fdc35f3230f1,N
1019825,312d8d42-65ef-4134-9fee-2e5944336a13,N
1019734,cbde9be3-d1ea-4e58-81c6-8ad682ffd466,Y
1019734,575ade98-76e3-46f5-8579-9284e9584010,N
1019734,5b1460aa-f4fc-4284-88df-1b6499abcaa2,N
1019734,e3e6f43c-5afd-46a8-856c-fdc35f3230f1,N
1019734,312d8d42-65ef-4134-9fee-2e5944336a13,N
1002062,cbde9be3-d1ea-4e58-81c6-8ad682ffd466,Y
1002062,575ade98-76e3-46f5-8579-9284e9584010,N
1002062,5b1460aa-f4fc-4284-88df-1b6499abcaa2,N
1002062,e3e6f43c-5afd-46a8-856c-fdc35f3230f1,Y
1002062,312d8d42-65ef-4134-9fee-2e5944336a13,Y
1005214,cbde9be3-d1ea-4e58-81c6-8ad682ffd466,Y
1005214,575ade98-76e3-46f5-8579-9284e9584010,N
1005214,5b1460aa-f4fc-4284-88df-1b6499abcaa2,N
1005214,e3e6f43c-5afd-46a8-856c-fdc35f3230f1,N
1005214,312d8d42-65ef-4134-9fee-2e5944336a13,Y
1021613,cbde9be3-d1ea-4e58-81c6-8ad682ffd466,Y
1021613,575ade98-76e3-46f5-8579-9284e9584010,Y
1021613,5b1460aa-f4fc-4284-88df-1b6499abcaa2,N
1021613,e3e6f43c-5afd-46a8-856c-fdc35f3230f1,Y
1021613,312d8d42-65ef-4134-9fee-2e5944336a13,Y
1019211,cbde9be3-d1ea-4e58-81c6-8ad682ffd466,Y
1019211,575ade98-76e3-46f5-8579-9284e9584010,N
1019211,5b1460aa-f4fc-4284-88df-1b6499abcaa2,N
1019211,e3e6f43c-5afd-46a8-856c-fdc35f3230f1,N
1019211,312d8d42-65ef-4134-9fee-2e5944336a13,Y
1021546,cbde9be3-d1ea-4e58-81c6-8ad682ffd466,Y
1021546,575ade98-76e3-46f5-8579-9284e9584010,N
1021546,5b1460aa-f4fc-4284-88df-1b6499abcaa2,N
1021546,e3e6f43c-5afd-46a8-856c-fdc35f3230f1,N
1021546,312d8d42-65ef-4134-9fee-2e5944336a13,N
1004988,cbde9be3-d1ea-4e58-81c6-8ad682ffd466,Y
1004988,575ade98-76e3-46f5-8579-9284e9584010,Y
1004988,5b1460aa-f4fc-4284-88df-1b6499abcaa2,N
1004988,e3e6f43c-5afd-46a8-856c-fdc35f3230f1,Y
1004988,312d8d42-65ef-4134-9fee-2e5944336a13,Y
1004990,cbde9be3-d1ea-4e58-81c6-8ad682ffd466,Y
1004990,575ade98-76e3-46f5-8579-9284e9584010,N
1004990,5b1460aa-f4fc-4284-88df-1b6499abcaa2,N
1004990,e3e6f43c-5afd-46a8-856c-fdc35f3230f1,N
1004990,312d8d42-65ef-4134-9fee-2e5944336a13,Y
1021724,cbde9be3-d1ea-4e58-81c6-8ad682ffd466,Y
1021724,575ade98-76e3-46f5-8579-9284e9584010,N
1021724,5b1460aa-f4fc-4284-88df-1b6499abcaa2,N
1021724,e3e6f43c-5afd-46a8-856c-fdc35f3230f1,N
1021724,312d8d42-65ef-4134-9fee-2e5944336a13,Y
1002485,cbde9be3-d1ea-4e58-81c6-8ad682ffd466,Y
1002485,575ade98-76e3-46f5-8579-9284e9584010,Y
1002485,5b1460aa-f4fc-4284-88df-1b6499abcaa2,N
1002485,e3e6f43c-5afd-46a8-856c-fdc35f3230f1,Y
1002485,312d8d42-65ef-4134-9fee-2e5944336a13,Y
1019428,cbde9be3-d1ea-4e58-81c6-8ad682ffd466,Y
1019428,575ade98-76e3-46f5-8579-9284e9584010,N
1019428,5b1460aa-f4fc-4284-88df-1b6499abcaa2,N
1019428,e3e6f43c-5afd-46a8-856c-fdc35f3230f1,N
1019428,312d8d42-65ef-4134-9fee-2e5944336a13,N
1005262,cbde9be3-d1ea-4e58-81c6-8ad682ffd466,Y
1005262,575ade98-76e3-46f5-8579-9284e9584010,N
1005262,5b1460aa-f4fc-4284-88df-1b6499abcaa2,N
1005262,e3e6f43c-5afd-46a8-856c-fdc35f3230f1,Y
1005262,312d8d42-65ef-4134-9fee-2e5944336a13,Y
1021468,cbde9be3-d1ea-4e58-81c6-8ad682ffd466,Y
1021468,575ade98-76e3-46f5-8579-9284e9584010,Y
1021468,5b1460aa-f4fc-4284-88df-1b6499abcaa2,N
1021468,e3e6f43c-5afd-46a8-856c-fdc35f3230f1,Y
1021468,312d8d42-65ef-4134-9fee-2e5944336a13,Y
1009080,cbde9be3-d1ea-4e58-81c6-8ad682ffd466,Y
1009080,575ade98-76e3-46f5-8579-9284e9584010,Y
1009080,5b1460aa-f4fc-4284-88df-1b6499abcaa2,N
1009080,e3e6f43c-5afd-46a8-856c-fdc35f3230f1,Y
1009080,312d8d42-65ef-4134-9fee-2e5944336a13,N
1018449,cbde9be3-d1ea-4e58-81c6-8ad682ffd466,Y
1018449,575ade98-76e3-46f5-8579-9284e9584010,Y
1018449,5b1460aa-f4fc-4284-88df-1b6499abcaa2,Y
1018449,e3e6f43c-5afd-46a8-856c-fdc35f3230f1,N
1018449,312d8d42-65ef-4134-9fee-2e5944336a13,Y
1019913,cbde9be3-d1ea-4e58-81c6-8ad682ffd466,Y
1019913,575ade98-76e3-46f5-8579-9284e9584010,N
1019913,5b1460aa-f4fc-4284-88df-1b6499abcaa2,N
1019913,e3e6f43c-5afd-46a8-856c-fdc35f3230f1,N
1019913,312d8d42-65ef-4134-9fee-2e5944336a13,Y
1020185,cbde9be3-d1ea-4e58-81c6-8ad682ffd466,Y
1020185,575ade98-76e3-46f5-8579-9284e9584010,Y
1020185,5b1460aa-f4fc-4284-88df-1b6499abcaa2,N
1020185,e3e6f43c-5afd-46a8-856c-fdc35f3230f1,N
1020185,312d8d42-65ef-4134-9fee-2e5944336a13,N
1021645,cbde9be3-d1ea-4e58-81c6-8ad682ffd466,Y
1021645,575ade98-76e3-46f5-8579-9284e9584010,Y
1021645,5b1460aa-f4fc-4284-88df-1b6499abcaa2,Y
1021645,e3e6f43c-5afd-46a8-856c-fdc35f3230f1,Y
1021645,312d8d42-65ef-4134-9fee-2e5944336a13,Y
1018625,cbde9be3-d1ea-4e58-81c6-8ad682ffd466,Y
1018625,575ade98-76e3-46f5-8579-9284e9584010,Y
1018625,5b1460aa-f4fc-4284-88df-1b6499abcaa2,Y
1018625,e3e6f43c-5afd-46a8-856c-fdc35f3230f1,Y
1018625,312d8d42-65ef-4134-9fee-2e5944336a13,Y
1018315,cbde9be3-d1ea-4e58-81c6-8ad682ffd466,Y
1018315,575ade98-76e3-46f5-8579-9284e9584010,N
1018315,5b1460aa-f4fc-4284-88df-1b6499abcaa2,N
1018315,e3e6f43c-5afd-46a8-856c-fdc35f3230f1,N
1018315,312d8d42-65ef-4134-9fee-2e5944336a13,Y
1011160,cbde9be3-d1ea-4e58-81c6-8ad682ffd466,Y
1011160,575ade98-76e3-46f5-8579-9284e9584010,Y
1011160,5b1460aa-f4fc-4284-88df-1b6499abcaa2,N
1011160,e3e6f43c-5afd-46a8-856c-fdc35f3230f1,Y
1011160,312d8d42-65ef-4134-9fee-2e5944336a13,N
1007261,cbde9be3-d1ea-4e58-81c6-8ad682ffd466,Y
1007261,575ade98-76e3-46f5-8579-9284e9584010,Y
1007261,5b1460aa-f4fc-4284-88df-1b6499abcaa2,N
1007261,e3e6f43c-5afd-46a8-856c-fdc35f3230f1,Y
1007261,312d8d42-65ef-4134-9fee-2e5944336a13,Y
1008303,cbde9be3-d1ea-4e58-81c6-8ad682ffd466,Y
1008303,575ade98-76e3-46f5-8579-9284e9584010,Y
1008303,5b1460aa-f4fc-4284-88df-1b6499abcaa2,Y
1008303,e3e6f43c-5afd-46a8-856c-fdc35f3230f1,Y
1008303,312d8d42-65ef-4134-9fee-2e5944336a13,Y
1012203,cbde9be3-d1ea-4e58-81c6-8ad682ffd466,Y
1012203,575ade98-76e3-46f5-8579-9284e9584010,Y
1012203,5b1460aa-f4fc-4284-88df-1b6499abcaa2,N
1012203,e3e6f43c-5afd-46a8-856c-fdc35f3230f1,N
1012203,312d8d42-65ef-4134-9fee-2e5944336a13,Y
1021577,cbde9be3-d1ea-4e58-81c6-8ad682ffd466,Y
1021577,575ade98-76e3-46f5-8579-9284e9584010,Y
1021577,5b1460aa-f4fc-4284-88df-1b6499abcaa2,Y
1021577,e3e6f43c-5afd-46a8-856c-fdc35f3230f1,Y
1021577,312d8d42-65ef-4134-9fee-2e5944336a13,Y
1007250,cbde9be3-d1ea-4e58-81c6-8ad682ffd466,Y
1007250,575ade98-76e3-46f5-8579-9284e9584010,Y
1007250,5b1460aa-f4fc-4284-88df-1b6499abcaa2,N
1007250,e3e6f43c-5afd-46a8-856c-fdc35f3230f1,N
1007250,312d8d42-65ef-4134-9fee-2e5944336a13,Y
1021558,cbde9be3-d1ea-4e58-81c6-8ad682ffd466,Y
1021558,575ade98-76e3-46f5-8579-9284e9584010,N
1021558,5b1460aa-f4fc-4284-88df-1b6499abcaa2,N
1021558,e3e6f43c-5afd-46a8-856c-fdc35f3230f1,N
1021558,312d8d42-65ef-4134-9fee-2e5944336a13,N
1021707,cbde9be3-d1ea-4e58-81c6-8ad682ffd466,Y
1021707,575ade98-76e3-46f5-8579-9284e9584010,Y
1021707,5b1460aa-f4fc-4284-88df-1b6499abcaa2,N
1021707,e3e6f43c-5afd-46a8-856c-fdc35f3230f1,Y
1021707,312d8d42-65ef-4134-9fee-2e5944336a13,N
1012037,cbde9be3-d1ea-4e58-81c6-8ad682ffd466,Y
1012037,575ade98-76e3-46f5-8579-9284e9584010,Y
1012037,5b1460aa-f4fc-4284-88df-1b6499abcaa2,N
1012037,e3e6f43c-5afd-46a8-856c-fdc35f3230f1,N
1012037,312d8d42-65ef-4134-9fee-2e5944336a13,N
1019627,cbde9be3-d1ea-4e58-81c6-8ad682ffd466,Y
1019627,575ade98-76e3-46f5-8579-9284e9584010,Y
1019627,5b1460aa-f4fc-4284-88df-1b6499abcaa2,N
1019627,e3e6f43c-5afd-46a8-856c-fdc35f3230f1,Y
1019627,312d8d42-65ef-4134-9fee-2e5944336a13,N
1020088,cbde9be3-d1ea-4e58-81c6-8ad682ffd466,Y
1020088,575ade98-76e3-46f5-8579-9284e9584010,Y
1020088,5b1460aa-f4fc-4284-88df-1b6499abcaa2,N
1020088,e3e6f43c-5afd-46a8-856c-fdc35f3230f1,Y
1020088,312d8d42-65ef-4134-9fee-2e5944336a13,N
1019515,cbde9be3-d1ea-4e58-81c6-8ad682ffd466,Y
1019515,575ade98-76e3-46f5-8579-9284e9584010,Y
1019515,5b1460aa-f4fc-4284-88df-1b6499abcaa2,Y
1019515,e3e6f43c-5afd-46a8-856c-fdc35f3230f1,Y
1019515,312d8d42-65ef-4134-9fee-2e5944336a13,N
1019445,cbde9be3-d1ea-4e58-81c6-8ad682ffd466,Y
1019445,575ade98-76e3-46f5-8579-9284e9584010,Y
1019445,5b1460aa-f4fc-4284-88df-1b6499abcaa2,N
1019445,e3e6f43c-5afd-46a8-856c-fdc35f3230f1,Y
1019445,312d8d42-65ef-4134-9fee-2e5944336a13,Y
1018167,cbde9be3-d1ea-4e58-81c6-8ad682ffd466,Y
1018167,575ade98-76e3-46f5-8579-9284e9584010,N
1018167,5b1460aa-f4fc-4284-88df-1b6499abcaa2,N
1018167,e3e6f43c-5afd-46a8-856c-fdc35f3230f1,N
1018167,312d8d42-65ef-4134-9fee-2e5944336a13,Y
1018172,cbde9be3-d1ea-4e58-81c6-8ad682ffd466,Y
1018172,575ade98-76e3-46f5-8579-9284e9584010,N
1018172,5b1460aa-f4fc-4284-88df-1b6499abcaa2,N
1018172,e3e6f43c-5afd-46a8-856c-fdc35f3230f1,N
1018172,312d8d42-65ef-4134-9fee-2e5944336a13,Y
1019237,cbde9be3-d1ea-4e58-81c6-8ad682ffd466,Y
1019237,575ade98-76e3-46f5-8579-9284e9584010,N
1019237,5b1460aa-f4fc-4284-88df-1b6499abcaa2,N
1019237,e3e6f43c-5afd-46a8-856c-fdc35f3230f1,N
1019237,312d8d42-65ef-4134-9fee-2e5944336a13,N
1021693,cbde9be3-d1ea-4e58-81c6-8ad682ffd466,Y
1021693,575ade98-76e3-46f5-8579-9284e9584010,N
1021693,5b1460aa-f4fc-4284-88df-1b6499abcaa2,N
1021693,e3e6f43c-5afd-46a8-856c-fdc35f3230f1,Y
1021693,312d8d42-65ef-4134-9fee-2e5944336a13,N
1021664,cbde9be3-d1ea-4e58-81c6-8ad682ffd466,Y
1021664,575ade98-76e3-46f5-8579-9284e9584010,Y
1021664,5b1460aa-f4fc-4284-88df-1b6499abcaa2,Y
1021664,e3e6f43c-5afd-46a8-856c-fdc35f3230f1,Y
1021664,312d8d42-65ef-4134-9fee-2e5944336a13,Y
1021233,cbde9be3-d1ea-4e58-81c6-8ad682ffd466,Y
1021233,575ade98-76e3-46f5-8579-9284e9584010,N
1021233,5b1460aa-f4fc-4284-88df-1b6499abcaa2,N
1021233,e3e6f43c-5afd-46a8-856c-fdc35f3230f1,N
1021233,312d8d42-65ef-4134-9fee-2e5944336a13,Y
1018773,cbde9be3-d1ea-4e58-81c6-8ad682ffd466,Y
1018773,575ade98-76e3-46f5-8579-9284e9584010,N
1018773,5b1460aa-f4fc-4284-88df-1b6499abcaa2,N
1018773,e3e6f43c-5afd-46a8-856c-fdc35f3230f1,N
1018773,312d8d42-65ef-4134-9fee-2e5944336a13,Y
1019610,cbde9be3-d1ea-4e58-81c6-8ad682ffd466,Y
1019610,575ade98-76e3-46f5-8579-9284e9584010,N
1019610,5b1460aa-f4fc-4284-88df-1b6499abcaa2,N
1019610,e3e6f43c-5afd-46a8-856c-fdc35f3230f1,N
1019610,312d8d42-65ef-4134-9fee-2e5944336a13,N
1019442,cbde9be3-d1ea-4e58-81c6-8ad682ffd466,Y
1019442,575ade98-76e3-46f5-8579-9284e9584010,Y
1019442,5b1460aa-f4fc-4284-88df-1b6499abcaa2,N
1019442,e3e6f43c-5afd-46a8-856c-fdc35f3230f1,Y
1019442,312d8d42-65ef-4134-9fee-2e5944336a13,Y
1019395,cbde9be3-d1ea-4e58-81c6-8ad682ffd466,Y
1019395,575ade98-76e3-46f5-8579-9284e9584010,N
1019395,5b1460aa-f4fc-4284-88df-1b6499abcaa2,N
1019395,e3e6f43c-5afd-46a8-856c-fdc35f3230f1,N
1019395,312d8d42-65ef-4134-9fee-2e5944336a13,N
1021700,cbde9be3-d1ea-4e58-81c6-8ad682ffd466,Y
1021700,575ade98-76e3-46f5-8579-9284e9584010,N
1021700,5b1460aa-f4fc-4284-88df-1b6499abcaa2,N
1021700,e3e6f43c-5afd-46a8-856c-fdc35f3230f1,Y
1021700,312d8d42-65ef-4134-9fee-2e5944336a13,Y
1010838,cbde9be3-d1ea-4e58-81c6-8ad682ffd466,Y
1010838,575ade98-76e3-46f5-8579-9284e9584010,N
1010838,5b1460aa-f4fc-4284-88df-1b6499abcaa2,N
1010838,e3e6f43c-5afd-46a8-856c-fdc35f3230f1,N
1010838,312d8d42-65ef-4134-9fee-2e5944336a13,N
1019455,cbde9be3-d1ea-4e58-81c6-8ad682ffd466,Y
1019455,575ade98-76e3-46f5-8579-9284e9584010,Y
1019455,5b1460aa-f4fc-4284-88df-1b6499abcaa2,N
1019455,e3e6f43c-5afd-46a8-856c-fdc35f3230f1,Y
1019455,312d8d42-65ef-4134-9fee-2e5944336a13,Y
1021429,cbde9be3-d1ea-4e58-81c6-8ad682ffd466,Y
1021429,575ade98-76e3-46f5-8579-9284e9584010,N
1021429,5b1460aa-f4fc-4284-88df-1b6499abcaa2,N
1021429,e3e6f43c-5afd-46a8-856c-fdc35f3230f1,Y
1021429,312d8d42-65ef-4134-9fee-2e5944336a13,Y
1001280,cbde9be3-d1ea-4e58-81c6-8ad682ffd466,Y
1001280,575ade98-76e3-46f5-8579-9284e9584010,Y
1001280,5b1460aa-f4fc-4284-88df-1b6499abcaa2,Y
1001280,e3e6f43c-5afd-46a8-856c-fdc35f3230f1,Y
1001280,312d8d42-65ef-4134-9fee-2e5944336a13,Y
1019976,cbde9be3-d1ea-4e58-81c6-8ad682ffd466,Y
1019976,575ade98-76e3-46f5-8579-9284e9584010,Y
1019976,5b1460aa-f4fc-4284-88df-1b6499abcaa2,N
1019976,e3e6f43c-5afd-46a8-856c-fdc35f3230f1,Y
1019976,312d8d42-65ef-4134-9fee-2e5944336a13,Y
1020103,cbde9be3-d1ea-4e58-81c6-8ad682ffd466,Y
1020103,575ade98-76e3-46f5-8579-9284e9584010,N
1020103,5b1460aa-f4fc-4284-88df-1b6499abcaa2,N
1020103,e3e6f43c-5afd-46a8-856c-fdc35f3230f1,N
1020103,312d8d42-65ef-4134-9fee-2e5944336a13,N
1018988,cbde9be3-d1ea-4e58-81c6-8ad682ffd466,Y
1018988,575ade98-76e3-46f5-8579-9284e9584010,Y
1018988,5b1460aa-f4fc-4284-88df-1b6499abcaa2,N
1018988,e3e6f43c-5afd-46a8-856c-fdc35f3230f1,N
1018988,312d8d42-65ef-4134-9fee-2e5944336a13,Y
1019319,cbde9be3-d1ea-4e58-81c6-8ad682ffd466,Y
1019319,575ade98-76e3-46f5-8579-9284e9584010,Y
1019319,5b1460aa-f4fc-4284-88df-1b6499abcaa2,N
1019319,e3e6f43c-5afd-46a8-856c-fdc35f3230f1,Y
1019319,312d8d42-65ef-4134-9fee-2e5944336a13,Y
1012179,cbde9be3-d1ea-4e58-81c6-8ad682ffd466,Y
1012179,575ade98-76e3-46f5-8579-9284e9584010,N
1012179,5b1460aa-f4fc-4284-88df-1b6499abcaa2,Y
1012179,e3e6f43c-5afd-46a8-856c-fdc35f3230f1,Y
1012179,312d8d42-65ef-4134-9fee-2e5944336a13,Y
1020004,cbde9be3-d1ea-4e58-81c6-8ad682ffd466,Y
1020004,575ade98-76e3-46f5-8579-9284e9584010,N
1020004,5b1460aa-f4fc-4284-88df-1b6499abcaa2,N
1020004,e3e6f43c-5afd-46a8-856c-fdc35f3230f1,Y
1020004,312d8d42-65ef-4134-9fee-2e5944336a13,Y
1021397,cbde9be3-d1ea-4e58-81c6-8ad682ffd466,Y
1021397,575ade98-76e3-46f5-8579-9284e9584010,Y
1021397,5b1460aa-f4fc-4284-88df-1b6499abcaa2,Y
1021397,e3e6f43c-5afd-46a8-856c-fdc35f3230f1,Y
1021397,312d8d42-65ef-4134-9fee-2e5944336a13,Y
1018771,cbde9be3-d1ea-4e58-81c6-8ad682ffd466,Y
1018771,575ade98-76e3-46f5-8579-9284e9584010,Y
1018771,5b1460aa-f4fc-4284-88df-1b6499abcaa2,N
1018771,e3e6f43c-5afd-46a8-856c-fdc35f3230f1,Y
1018771,312d8d42-65ef-4134-9fee-2e5944336a13,Y
1021219,cbde9be3-d1ea-4e58-81c6-8ad682ffd466,Y
1021219,575ade98-76e3-46f5-8579-9284e9584010,Y
1021219,5b1460aa-f4fc-4284-88df-1b6499abcaa2,N
1021219,e3e6f43c-5afd-46a8-856c-fdc35f3230f1,Y
1021219,312d8d42-65ef-4134-9fee-2e5944336a13,Y
1011044,cbde9be3-d1ea-4e58-81c6-8ad682ffd466,Y
1011044,575ade98-76e3-46f5-8579-9284e9584010,Y
1011044,5b1460aa-f4fc-4284-88df-1b6499abcaa2,N
1011044,e3e6f43c-5afd-46a8-856c-fdc35f3230f1,N
1011044,312d8d42-65ef-4134-9fee-2e5944336a13,Y
1016822,cbde9be3-d1ea-4e58-81c6-8ad682ffd466,Y
1016822,575ade98-76e3-46f5-8579-9284e9584010,N
1016822,5b1460aa-f4fc-4284-88df-1b6499abcaa2,N
1016822,e3e6f43c-5afd-46a8-856c-fdc35f3230f1,N
1016822,312d8d42-65ef-4134-9fee-2e5944336a13,N
1018601,cbde9be3-d1ea-4e58-81c6-8ad682ffd466,Y
1018601,575ade98-76e3-46f5-8579-9284e9584010,N
1018601,5b1460aa-f4fc-4284-88df-1b6499abcaa2,N
1018601,e3e6f43c-5afd-46a8-856c-fdc35f3230f1,Y
1018601,312d8d42-65ef-4134-9fee-2e5944336a13,N
1011811,cbde9be3-d1ea-4e58-81c6-8ad682ffd466,Y
1011811,575ade98-76e3-46f5-8579-9284e9584010,Y
1011811,5b1460aa-f4fc-4284-88df-1b6499abcaa2,N
1011811,e3e6f43c-5afd-46a8-856c-fdc35f3230f1,Y
1011811,312d8d42-65ef-4134-9fee-2e5944336a13,Y
1010560,cbde9be3-d1ea-4e58-81c6-8ad682ffd466,Y
1010560,575ade98-76e3-46f5-8579-9284e9584010,Y
1010560,5b1460aa-f4fc-4284-88df-1b6499abcaa2,N
1010560,e3e6f43c-5afd-46a8-856c-fdc35f3230f1,Y
1010560,312d8d42-65ef-4134-9fee-2e5944336a13,N
1003169,cbde9be3-d1ea-4e58-81c6-8ad682ffd466,Y
1003169,575ade98-76e3-46f5-8579-9284e9584010,Y
1003169,5b1460aa-f4fc-4284-88df-1b6499abcaa2,Y
1003169,e3e6f43c-5afd-46a8-856c-fdc35f3230f1,N
1003169,312d8d42-65ef-4134-9fee-2e5944336a13,Y
1018814,cbde9be3-d1ea-4e58-81c6-8ad682ffd466,Y
1018814,575ade98-76e3-46f5-8579-9284e9584010,N
1018814,5b1460aa-f4fc-4284-88df-1b6499abcaa2,N
1018814,e3e6f43c-5afd-46a8-856c-fdc35f3230f1,N
1018814,312d8d42-65ef-4134-9fee-2e5944336a13,N
1019869,cbde9be3-d1ea-4e58-81c6-8ad682ffd466,Y
1019869,575ade98-76e3-46f5-8579-9284e9584010,N
1019869,5b1460aa-f4fc-4284-88df-1b6499abcaa2,N
1019869,e3e6f43c-5afd-46a8-856c-fdc35f3230f1,Y
1019869,312d8d42-65ef-4134-9fee-2e5944336a13,N
1020163,cbde9be3-d1ea-4e58-81c6-8ad682ffd466,Y
1020163,575ade98-76e3-46f5-8579-9284e9584010,Y
1020163,5b1460aa-f4fc-4284-88df-1b6499abcaa2,N
1020163,e3e6f43c-5afd-46a8-856c-fdc35f3230f1,Y
1020163,312d8d42-65ef-4134-9fee-2e5944336a13,N
1010014,cbde9be3-d1ea-4e58-81c6-8ad682ffd466,Y
1010014,575ade98-76e3-46f5-8579-9284e9584010,N
1010014,5b1460aa-f4fc-4284-88df-1b6499abcaa2,N
1010014,e3e6f43c-5afd-46a8-856c-fdc35f3230f1,N
1010014,312d8d42-65ef-4134-9fee-2e5944336a13,N
1021675,cbde9be3-d1ea-4e58-81c6-8ad682ffd466,Y
1021675,575ade98-76e3-46f5-8579-9284e9584010,Y
1021675,5b1460aa-f4fc-4284-88df-1b6499abcaa2,Y
1021675,e3e6f43c-5afd-46a8-856c-fdc35f3230f1,Y
1021675,312d8d42-65ef-4134-9fee-2e5944336a13,Y
1020022,cbde9be3-d1ea-4e58-81c6-8ad682ffd466,Y
1020022,575ade98-76e3-46f5-8579-9284e9584010,Y
1020022,5b1460aa-f4fc-4284-88df-1b6499abcaa2,Y
1020022,e3e6f43c-5afd-46a8-856c-fdc35f3230f1,N
1020022,312d8d42-65ef-4134-9fee-2e5944336a13,Y
1019926,cbde9be3-d1ea-4e58-81c6-8ad682ffd466,Y
1019926,575ade98-76e3-46f5-8579-9284e9584010,N
1019926,5b1460aa-f4fc-4284-88df-1b6499abcaa2,Y
1019926,e3e6f43c-5afd-46a8-856c-fdc35f3230f1,Y
1019926,312d8d42-65ef-4134-9fee-2e5944336a13,Y
1020159,cbde9be3-d1ea-4e58-81c6-8ad682ffd466,Y
1020159,575ade98-76e3-46f5-8579-9284e9584010,Y
1020159,5b1460aa-f4fc-4284-88df-1b6499abcaa2,Y
1020159,e3e6f43c-5afd-46a8-856c-fdc35f3230f1,Y
1020159,312d8d42-65ef-4134-9fee-2e5944336a13,Y
1003836,cbde9be3-d1ea-4e58-81c6-8ad682ffd466,Y
1003836,575ade98-76e3-46f5-8579-9284e9584010,N
1003836,5b1460aa-f4fc-4284-88df-1b6499abcaa2,N
1003836,e3e6f43c-5afd-46a8-856c-fdc35f3230f1,N
1003836,312d8d42-65ef-4134-9fee-2e5944336a13,N
1019829,cbde9be3-d1ea-4e58-81c6-8ad682ffd466,Y
1019829,575ade98-76e3-46f5-8579-9284e9584010,Y
1019829,5b1460aa-f4fc-4284-88df-1b6499abcaa2,N
1019829,e3e6f43c-5afd-46a8-856c-fdc35f3230f1,Y
1019829,312d8d42-65ef-4134-9fee-2e5944336a13,Y
1019671,cbde9be3-d1ea-4e58-81c6-8ad682ffd466,Y
1019671,575ade98-76e3-46f5-8579-9284e9584010,N
1019671,5b1460aa-f4fc-4284-88df-1b6499abcaa2,Y
1019671,e3e6f43c-5afd-46a8-856c-fdc35f3230f1,N
1019671,312d8d42-65ef-4134-9fee-2e5944336a13,N
1020039,cbde9be3-d1ea-4e58-81c6-8ad682ffd466,Y
1020039,575ade98-76e3-46f5-8579-9284e9584010,Y
1020039,5b1460aa-f4fc-4284-88df-1b6499abcaa2,N
1020039,e3e6f43c-5afd-46a8-856c-fdc35f3230f1,Y
1020039,312d8d42-65ef-4134-9fee-2e5944336a13,Y
1020040,cbde9be3-d1ea-4e58-81c6-8ad682ffd466,Y
1020040,575ade98-76e3-46f5-8579-9284e9584010,Y
1020040,5b1460aa-f4fc-4284-88df-1b6499abcaa2,N
1020040,e3e6f43c-5afd-46a8-856c-fdc35f3230f1,Y
1020040,312d8d42-65ef-4134-9fee-2e5944336a13,Y
1011934,cbde9be3-d1ea-4e58-81c6-8ad682ffd466,Y
1011934,575ade98-76e3-46f5-8579-9284e9584010,Y
1011934,5b1460aa-f4fc-4284-88df-1b6499abcaa2,N
1011934,e3e6f43c-5afd-46a8-856c-fdc35f3230f1,Y
1011934,312d8d42-65ef-4134-9fee-2e5944336a13,Y
1011935,cbde9be3-d1ea-4e58-81c6-8ad682ffd466,Y
1011935,575ade98-76e3-46f5-8579-9284e9584010,Y
1011935,5b1460aa-f4fc-4284-88df-1b6499abcaa2,N
1011935,e3e6f43c-5afd-46a8-856c-fdc35f3230f1,Y
1011935,312d8d42-65ef-4134-9fee-2e5944336a13,Y
1019803,cbde9be3-d1ea-4e58-81c6-8ad682ffd466,Y
1019803,575ade98-76e3-46f5-8579-9284e9584010,N
1019803,5b1460aa-f4fc-4284-88df-1b6499abcaa2,N
1019803,e3e6f43c-5afd-46a8-856c-fdc35f3230f1,N
1019803,312d8d42-65ef-4134-9fee-2e5944336a13,Y
1020067,cbde9be3-d1ea-4e58-81c6-8ad682ffd466,Y
1020067,575ade98-76e3-46f5-8579-9284e9584010,Y
1020067,5b1460aa-f4fc-4284-88df-1b6499abcaa2,Y
1020067,e3e6f43c-5afd-46a8-856c-fdc35f3230f1,Y
1020067,312d8d42-65ef-4134-9fee-2e5944336a13,Y
1021697,cbde9be3-d1ea-4e58-81c6-8ad682ffd466,Y
1021697,575ade98-76e3-46f5-8579-9284e9584010,N
1021697,5b1460aa-f4fc-4284-88df-1b6499abcaa2,N
1021697,e3e6f43c-5afd-46a8-856c-fdc35f3230f1,N
1021697,312d8d42-65ef-4134-9fee-2e5944336a13,N
1019385,cbde9be3-d1ea-4e58-81c6-8ad682ffd466,Y
1019385,575ade98-76e3-46f5-8579-9284e9584010,N
1019385,5b1460aa-f4fc-4284-88df-1b6499abcaa2,N
1019385,e3e6f43c-5afd-46a8-856c-fdc35f3230f1,N
1019385,312d8d42-65ef-4134-9fee-2e5944336a13,N
1018138,cbde9be3-d1ea-4e58-81c6-8ad682ffd466,Y
1018138,575ade98-76e3-46f5-8579-9284e9584010,Y
1018138,5b1460aa-f4fc-4284-88df-1b6499abcaa2,Y
1018138,e3e6f43c-5afd-46a8-856c-fdc35f3230f1,Y
1018138,312d8d42-65ef-4134-9fee-2e5944336a13,Y
1021214,cbde9be3-d1ea-4e58-81c6-8ad682ffd466,Y
1021214,575ade98-76e3-46f5-8579-9284e9584010,N
1021214,5b1460aa-f4fc-4284-88df-1b6499abcaa2,N
1021214,e3e6f43c-5afd-46a8-856c-fdc35f3230f1,N
1021214,312d8d42-65ef-4134-9fee-2e5944336a13,Y
1019599,cbde9be3-d1ea-4e58-81c6-8ad682ffd466,Y
1019599,575ade98-76e3-46f5-8579-9284e9584010,N
1019599,5b1460aa-f4fc-4284-88df-1b6499abcaa2,N
1019599,e3e6f43c-5afd-46a8-856c-fdc35f3230f1,N
1019599,312d8d42-65ef-4134-9fee-2e5944336a13,N
1002526,cbde9be3-d1ea-4e58-81c6-8ad682ffd466,Y
1002526,575ade98-76e3-46f5-8579-9284e9584010,N
1002526,5b1460aa-f4fc-4284-88df-1b6499abcaa2,N
1002526,e3e6f43c-5afd-46a8-856c-fdc35f3230f1,N
1002526,312d8d42-65ef-4134-9fee-2e5944336a13,N
1019915,cbde9be3-d1ea-4e58-81c6-8ad682ffd466,Y
1019915,575ade98-76e3-46f5-8579-9284e9584010,Y
1019915,5b1460aa-f4fc-4284-88df-1b6499abcaa2,Y
1019915,e3e6f43c-5afd-46a8-856c-fdc35f3230f1,Y
1019915,312d8d42-65ef-4134-9fee-2e5944336a13,N
1021573,cbde9be3-d1ea-4e58-81c6-8ad682ffd466,Y
1021573,575ade98-76e3-46f5-8579-9284e9584010,Y
1021573,5b1460aa-f4fc-4284-88df-1b6499abcaa2,N
1021573,e3e6f43c-5afd-46a8-856c-fdc35f3230f1,Y
1021573,312d8d42-65ef-4134-9fee-2e5944336a13,Y
1019511,cbde9be3-d1ea-4e58-81c6-8ad682ffd466,Y
1019511,575ade98-76e3-46f5-8579-9284e9584010,N
1019511,5b1460aa-f4fc-4284-88df-1b6499abcaa2,N
1019511,e3e6f43c-5afd-46a8-856c-fdc35f3230f1,N
1019511,312d8d42-65ef-4134-9fee-2e5944336a13,N
1010997,cbde9be3-d1ea-4e58-81c6-8ad682ffd466,Y
1010997,575ade98-76e3-46f5-8579-9284e9584010,N
1010997,5b1460aa-f4fc-4284-88df-1b6499abcaa2,N
1010997,e3e6f43c-5afd-46a8-856c-fdc35f3230f1,N
1010997,312d8d42-65ef-4134-9fee-2e5944336a13,Y
1010445,cbde9be3-d1ea-4e58-81c6-8ad682ffd466,Y
1010445,575ade98-76e3-46f5-8579-9284e9584010,Y
1010445,5b1460aa-f4fc-4284-88df-1b6499abcaa2,Y
1010445,e3e6f43c-5afd-46a8-856c-fdc35f3230f1,Y
1010445,312d8d42-65ef-4134-9fee-2e5944336a13,N
1021553,cbde9be3-d1ea-4e58-81c6-8ad682ffd466,Y
1021553,575ade98-76e3-46f5-8579-9284e9584010,Y
1021553,5b1460aa-f4fc-4284-88df-1b6499abcaa2,Y
1021553,e3e6f43c-5afd-46a8-856c-fdc35f3230f1,Y
1021553,312d8d42-65ef-4134-9fee-2e5944336a13,Y
1019091,cbde9be3-d1ea-4e58-81c6-8ad682ffd466,Y
1019091,575ade98-76e3-46f5-8579-9284e9584010,N
1019091,5b1460aa-f4fc-4284-88df-1b6499abcaa2,N
1019091,e3e6f43c-5afd-46a8-856c-fdc35f3230f1,Y
1019091,312d8d42-65ef-4134-9fee-2e5944336a13,Y
1018098,cbde9be3-d1ea-4e58-81c6-8ad682ffd466,Y
1018098,575ade98-76e3-46f5-8579-9284e9584010,N
1018098,5b1460aa-f4fc-4284-88df-1b6499abcaa2,N
1018098,e3e6f43c-5afd-46a8-856c-fdc35f3230f1,N
1018098,312d8d42-65ef-4134-9fee-2e5944336a13,Y
1021563,cbde9be3-d1ea-4e58-81c6-8ad682ffd466,Y
1021563,575ade98-76e3-46f5-8579-9284e9584010,Y
1021563,5b1460aa-f4fc-4284-88df-1b6499abcaa2,N
1021563,e3e6f43c-5afd-46a8-856c-fdc35f3230f1,Y
1021563,312d8d42-65ef-4134-9fee-2e5944336a13,Y
1021589,cbde9be3-d1ea-4e58-81c6-8ad682ffd466,Y
1021589,575ade98-76e3-46f5-8579-9284e9584010,Y
1021589,5b1460aa-f4fc-4284-88df-1b6499abcaa2,N
1021589,e3e6f43c-5afd-46a8-856c-fdc35f3230f1,Y
1021589,312d8d42-65ef-4134-9fee-2e5944336a13,Y
1002063,cbde9be3-d1ea-4e58-81c6-8ad682ffd466,Y
1002063,575ade98-76e3-46f5-8579-9284e9584010,Y
1002063,5b1460aa-f4fc-4284-88df-1b6499abcaa2,Y
1002063,e3e6f43c-5afd-46a8-856c-fdc35f3230f1,Y
1002063,312d8d42-65ef-4134-9fee-2e5944336a13,Y
1019979,cbde9be3-d1ea-4e58-81c6-8ad682ffd466,Y
1019979,575ade98-76e3-46f5-8579-9284e9584010,Y
1019979,5b1460aa-f4fc-4284-88df-1b6499abcaa2,Y
1019979,e3e6f43c-5afd-46a8-856c-fdc35f3230f1,Y
1019979,312d8d42-65ef-4134-9fee-2e5944336a13,N
1021326,cbde9be3-d1ea-4e58-81c6-8ad682ffd466,Y
1021326,575ade98-76e3-46f5-8579-9284e9584010,N
1021326,5b1460aa-f4fc-4284-88df-1b6499abcaa2,N
1021326,e3e6f43c-5afd-46a8-856c-fdc35f3230f1,N
1021326,312d8d42-65ef-4134-9fee-2e5944336a13,Y
1005560,cbde9be3-d1ea-4e58-81c6-8ad682ffd466,Y
1005560,575ade98-76e3-46f5-8579-9284e9584010,N
1005560,5b1460aa-f4fc-4284-88df-1b6499abcaa2,N
1005560,e3e6f43c-5afd-46a8-856c-fdc35f3230f1,Y
1005560,312d8d42-65ef-4134-9fee-2e5944336a13,Y
1019305,cbde9be3-d1ea-4e58-81c6-8ad682ffd466,Y
1019305,575ade98-76e3-46f5-8579-9284e9584010,Y
1019305,5b1460aa-f4fc-4284-88df-1b6499abcaa2,N
1019305,e3e6f43c-5afd-46a8-856c-fdc35f3230f1,Y
1019305,312d8d42-65ef-4134-9fee-2e5944336a13,Y
1018952,cbde9be3-d1ea-4e58-81c6-8ad682ffd466,Y
1018952,575ade98-76e3-46f5-8579-9284e9584010,N
1018952,5b1460aa-f4fc-4284-88df-1b6499abcaa2,N
1018952,e3e6f43c-5afd-46a8-856c-fdc35f3230f1,N
1018952,312d8d42-65ef-4134-9fee-2e5944336a13,Y
1021568,cbde9be3-d1ea-4e58-81c6-8ad682ffd466,Y
1021568,575ade98-76e3-46f5-8579-9284e9584010,Y
1021568,5b1460aa-f4fc-4284-88df-1b6499abcaa2,N
1021568,e3e6f43c-5afd-46a8-856c-fdc35f3230f1,Y
1021568,312d8d42-65ef-4134-9fee-2e5944336a13,Y
1019173,cbde9be3-d1ea-4e58-81c6-8ad682ffd466,Y
1019173,575ade98-76e3-46f5-8579-9284e9584010,Y
1019173,5b1460aa-f4fc-4284-88df-1b6499abcaa2,N
1019173,e3e6f43c-5afd-46a8-856c-fdc35f3230f1,Y
1019173,312d8d42-65ef-4134-9fee-2e5944336a13,N
1019784,cbde9be3-d1ea-4e58-81c6-8ad682ffd466,Y
1019784,575ade98-76e3-46f5-8579-9284e9584010,N
1019784,5b1460aa-f4fc-4284-88df-1b6499abcaa2,N
1019784,e3e6f43c-5afd-46a8-856c-fdc35f3230f1,N
1019784,312d8d42-65ef-4134-9fee-2e5944336a13,Y
1019452,cbde9be3-d1ea-4e58-81c6-8ad682ffd466,Y
1019452,575ade98-76e3-46f5-8579-9284e9584010,N
1019452,5b1460aa-f4fc-4284-88df-1b6499abcaa2,N
1019452,e3e6f43c-5afd-46a8-856c-fdc35f3230f1,N
1019452,312d8d42-65ef-4134-9fee-2e5944336a13,Y
1019782,cbde9be3-d1ea-4e58-81c6-8ad682ffd466,Y
1019782,575ade98-76e3-46f5-8579-9284e9584010,N
1019782,5b1460aa-f4fc-4284-88df-1b6499abcaa2,N
1019782,e3e6f43c-5afd-46a8-856c-fdc35f3230f1,N
1019782,312d8d42-65ef-4134-9fee-2e5944336a13,Y
1021394,cbde9be3-d1ea-4e58-81c6-8ad682ffd466,Y
1021394,575ade98-76e3-46f5-8579-9284e9584010,Y
1021394,5b1460aa-f4fc-4284-88df-1b6499abcaa2,N
1021394,e3e6f43c-5afd-46a8-856c-fdc35f3230f1,Y
1021394,312d8d42-65ef-4134-9fee-2e5944336a13,Y
1003588,cbde9be3-d1ea-4e58-81c6-8ad682ffd466,Y
1003588,575ade98-76e3-46f5-8579-9284e9584010,N
1003588,5b1460aa-f4fc-4284-88df-1b6499abcaa2,N
1003588,e3e6f43c-5afd-46a8-856c-fdc35f3230f1,Y
1003588,312d8d42-65ef-4134-9fee-2e5944336a13,Y
1021670,cbde9be3-d1ea-4e58-81c6-8ad682ffd466,Y
1021670,575ade98-76e3-46f5-8579-9284e9584010,N
1021670,5b1460aa-f4fc-4284-88df-1b6499abcaa2,N
1021670,e3e6f43c-5afd-46a8-856c-fdc35f3230f1,N
1021670,312d8d42-65ef-4134-9fee-2e5944336a13,N
1018312,cbde9be3-d1ea-4e58-81c6-8ad682ffd466,Y
1018312,575ade98-76e3-46f5-8579-9284e9584010,Y
1018312,5b1460aa-f4fc-4284-88df-1b6499abcaa2,N
1018312,e3e6f43c-5afd-46a8-856c-fdc35f3230f1,Y
1018312,312d8d42-65ef-4134-9fee-2e5944336a13,Y
1021466,cbde9be3-d1ea-4e58-81c6-8ad682ffd466,Y
1021466,575ade98-76e3-46f5-8579-9284e9584010,Y
1021466,5b1460aa-f4fc-4284-88df-1b6499abcaa2,N
1021466,e3e6f43c-5afd-46a8-856c-fdc35f3230f1,Y
1021466,312d8d42-65ef-4134-9fee-2e5944336a13,Y
1019628,cbde9be3-d1ea-4e58-81c6-8ad682ffd466,Y
1019628,575ade98-76e3-46f5-8579-9284e9584010,N
1019628,5b1460aa-f4fc-4284-88df-1b6499abcaa2,N
1019628,e3e6f43c-5afd-46a8-856c-fdc35f3230f1,N
1019628,312d8d42-65ef-4134-9fee-2e5944336a13,N
1020176,cbde9be3-d1ea-4e58-81c6-8ad682ffd466,Y
1020176,575ade98-76e3-46f5-8579-9284e9584010,N
1020176,5b1460aa-f4fc-4284-88df-1b6499abcaa2,N
1020176,e3e6f43c-5afd-46a8-856c-fdc35f3230f1,N
1020176,312d8d42-65ef-4134-9fee-2e5944336a13,N
1019675,cbde9be3-d1ea-4e58-81c6-8ad682ffd466,Y
1019675,575ade98-76e3-46f5-8579-9284e9584010,Y
1019675,5b1460aa-f4fc-4284-88df-1b6499abcaa2,N
1019675,e3e6f43c-5afd-46a8-856c-fdc35f3230f1,Y
1019675,312d8d42-65ef-4134-9fee-2e5944336a13,Y
1007810,cbde9be3-d1ea-4e58-81c6-8ad682ffd466,Y
1007810,575ade98-76e3-46f5-8579-9284e9584010,N
1007810,5b1460aa-f4fc-4284-88df-1b6499abcaa2,N
1007810,e3e6f43c-5afd-46a8-856c-fdc35f3230f1,N
1007810,312d8d42-65ef-4134-9fee-2e5944336a13,N
1012278,cbde9be3-d1ea-4e58-81c6-8ad682ffd466,Y
1012278,575ade98-76e3-46f5-8579-9284e9584010,N
1012278,5b1460aa-f4fc-4284-88df-1b6499abcaa2,N
1012278,e3e6f43c-5afd-46a8-856c-fdc35f3230f1,N
1012278,312d8d42-65ef-4134-9fee-2e5944336a13,Y
1021483,cbde9be3-d1ea-4e58-81c6-8ad682ffd466,Y
1021483,575ade98-76e3-46f5-8579-9284e9584010,N
1021483,5b1460aa-f4fc-4284-88df-1b6499abcaa2,N
1021483,e3e6f43c-5afd-46a8-856c-fdc35f3230f1,N
1021483,312d8d42-65ef-4134-9fee-2e5944336a13,N
1012766,cbde9be3-d1ea-4e58-81c6-8ad682ffd466,Y
1012766,575ade98-76e3-46f5-8579-9284e9584010,Y
1012766,5b1460aa-f4fc-4284-88df-1b6499abcaa2,N
1012766,e3e6f43c-5afd-46a8-856c-fdc35f3230f1,Y
1012766,312d8d42-65ef-4134-9fee-2e5944336a13,N
1018211,cbde9be3-d1ea-4e58-81c6-8ad682ffd466,Y
1018211,575ade98-76e3-46f5-8579-9284e9584010,Y
1018211,5b1460aa-f4fc-4284-88df-1b6499abcaa2,N
1018211,e3e6f43c-5afd-46a8-856c-fdc35f3230f1,N
1018211,312d8d42-65ef-4134-9fee-2e5944336a13,Y
1021526,cbde9be3-d1ea-4e58-81c6-8ad682ffd466,Y
1021526,575ade98-76e3-46f5-8579-9284e9584010,N
1021526,5b1460aa-f4fc-4284-88df-1b6499abcaa2,N
1021526,e3e6f43c-5afd-46a8-856c-fdc35f3230f1,N
1021526,312d8d42-65ef-4134-9fee-2e5944336a13,N
1012100,cbde9be3-d1ea-4e58-81c6-8ad682ffd466,Y
1012100,575ade98-76e3-46f5-8579-9284e9584010,Y
1012100,5b1460aa-f4fc-4284-88df-1b6499abcaa2,Y
1012100,e3e6f43c-5afd-46a8-856c-fdc35f3230f1,Y
1012100,312d8d42-65ef-4134-9fee-2e5944336a13,Y
1018918,cbde9be3-d1ea-4e58-81c6-8ad682ffd466,Y
1018918,575ade98-76e3-46f5-8579-9284e9584010,Y
1018918,5b1460aa-f4fc-4284-88df-1b6499abcaa2,N
1018918,e3e6f43c-5afd-46a8-856c-fdc35f3230f1,Y
1018918,312d8d42-65ef-4134-9fee-2e5944336a13,N
1021333,cbde9be3-d1ea-4e58-81c6-8ad682ffd466,Y
1021333,575ade98-76e3-46f5-8579-9284e9584010,N
1021333,5b1460aa-f4fc-4284-88df-1b6499abcaa2,N
1021333,e3e6f43c-5afd-46a8-856c-fdc35f3230f1,Y
1021333,312d8d42-65ef-4134-9fee-2e5944336a13,Y
1021334,cbde9be3-d1ea-4e58-81c6-8ad682ffd466,Y
1021334,575ade98-76e3-46f5-8579-9284e9584010,N
1021334,5b1460aa-f4fc-4284-88df-1b6499abcaa2,N
1021334,e3e6f43c-5afd-46a8-856c-fdc35f3230f1,Y
1021334,312d8d42-65ef-4134-9fee-2e5944336a13,Y
1010057,cbde9be3-d1ea-4e58-81c6-8ad682ffd466,Y
1010057,575ade98-76e3-46f5-8579-9284e9584010,N
1010057,5b1460aa-f4fc-4284-88df-1b6499abcaa2,N
1010057,e3e6f43c-5afd-46a8-856c-fdc35f3230f1,N
1010057,312d8d42-65ef-4134-9fee-2e5944336a13,N
1019526,cbde9be3-d1ea-4e58-81c6-8ad682ffd466,Y
1019526,575ade98-76e3-46f5-8579-9284e9584010,N
1019526,5b1460aa-f4fc-4284-88df-1b6499abcaa2,N
1019526,e3e6f43c-5afd-46a8-856c-fdc35f3230f1,N
1019526,312d8d42-65ef-4134-9fee-2e5944336a13,Y
1018451,cbde9be3-d1ea-4e58-81c6-8ad682ffd466,Y
1018451,575ade98-76e3-46f5-8579-9284e9584010,N
1018451,5b1460aa-f4fc-4284-88df-1b6499abcaa2,N
1018451,e3e6f43c-5afd-46a8-856c-fdc35f3230f1,N
1018451,312d8d42-65ef-4134-9fee-2e5944336a13,N
1012116,cbde9be3-d1ea-4e58-81c6-8ad682ffd466,Y
1012116,575ade98-76e3-46f5-8579-9284e9584010,N
1012116,5b1460aa-f4fc-4284-88df-1b6499abcaa2,N
1012116,e3e6f43c-5afd-46a8-856c-fdc35f3230f1,N
1012116,312d8d42-65ef-4134-9fee-2e5944336a13,N
1019545,cbde9be3-d1ea-4e58-81c6-8ad682ffd466,Y
1019545,575ade98-76e3-46f5-8579-9284e9584010,Y
1019545,5b1460aa-f4fc-4284-88df-1b6499abcaa2,Y
1019545,e3e6f43c-5afd-46a8-856c-fdc35f3230f1,Y
1019545,312d8d42-65ef-4134-9fee-2e5944336a13,Y
1019036,cbde9be3-d1ea-4e58-81c6-8ad682ffd466,Y
1019036,575ade98-76e3-46f5-8579-9284e9584010,Y
1019036,5b1460aa-f4fc-4284-88df-1b6499abcaa2,N
1019036,e3e6f43c-5afd-46a8-856c-fdc35f3230f1,Y
1019036,312d8d42-65ef-4134-9fee-2e5944336a13,N
1019112,cbde9be3-d1ea-4e58-81c6-8ad682ffd466,Y
1019112,575ade98-76e3-46f5-8579-9284e9584010,N
1019112,5b1460aa-f4fc-4284-88df-1b6499abcaa2,N
1019112,e3e6f43c-5afd-46a8-856c-fdc35f3230f1,N
1019112,312d8d42-65ef-4134-9fee-2e5944336a13,N
1007271,cbde9be3-d1ea-4e58-81c6-8ad682ffd466,Y
1007271,575ade98-76e3-46f5-8579-9284e9584010,Y
1007271,5b1460aa-f4fc-4284-88df-1b6499abcaa2,Y
1007271,e3e6f43c-5afd-46a8-856c-fdc35f3230f1,Y
1007271,312d8d42-65ef-4134-9fee-2e5944336a13,N
1020186,cbde9be3-d1ea-4e58-81c6-8ad682ffd466,Y
1020186,575ade98-76e3-46f5-8579-9284e9584010,Y
1020186,5b1460aa-f4fc-4284-88df-1b6499abcaa2,N
1020186,e3e6f43c-5afd-46a8-856c-fdc35f3230f1,N
1020186,312d8d42-65ef-4134-9fee-2e5944336a13,Y
1021432,cbde9be3-d1ea-4e58-81c6-8ad682ffd466,Y
1021432,575ade98-76e3-46f5-8579-9284e9584010,N
1021432,5b1460aa-f4fc-4284-88df-1b6499abcaa2,N
1021432,e3e6f43c-5afd-46a8-856c-fdc35f3230f1,N
1021432,312d8d42-65ef-4134-9fee-2e5944336a13,N
1009707,cbde9be3-d1ea-4e58-81c6-8ad682ffd466,Y
1009707,575ade98-76e3-46f5-8579-9284e9584010,Y
1009707,5b1460aa-f4fc-4284-88df-1b6499abcaa2,Y
1009707,e3e6f43c-5afd-46a8-856c-fdc35f3230f1,Y
1009707,312d8d42-65ef-4134-9fee-2e5944336a13,Y
1008173,cbde9be3-d1ea-4e58-81c6-8ad682ffd466,Y
1008173,575ade98-76e3-46f5-8579-9284e9584010,N
1008173,5b1460aa-f4fc-4284-88df-1b6499abcaa2,N
1008173,e3e6f43c-5afd-46a8-856c-fdc35f3230f1,N
1008173,312d8d42-65ef-4134-9fee-2e5944336a13,Y
1020149,cbde9be3-d1ea-4e58-81c6-8ad682ffd466,Y
1020149,575ade98-76e3-46f5-8579-9284e9584010,Y
1020149,5b1460aa-f4fc-4284-88df-1b6499abcaa2,N
1020149,e3e6f43c-5afd-46a8-856c-fdc35f3230f1,Y
1020149,312d8d42-65ef-4134-9fee-2e5944336a13,Y
1019481,cbde9be3-d1ea-4e58-81c6-8ad682ffd466,Y
1019481,575ade98-76e3-46f5-8579-9284e9584010,Y
1019481,5b1460aa-f4fc-4284-88df-1b6499abcaa2,N
1019481,e3e6f43c-5afd-46a8-856c-fdc35f3230f1,N
1019481,312d8d42-65ef-4134-9fee-2e5944336a13,Y
1021643,cbde9be3-d1ea-4e58-81c6-8ad682ffd466,Y
1021643,575ade98-76e3-46f5-8579-9284e9584010,Y
1021643,5b1460aa-f4fc-4284-88df-1b6499abcaa2,Y
1021643,e3e6f43c-5afd-46a8-856c-fdc35f3230f1,N
1021643,312d8d42-65ef-4134-9fee-2e5944336a13,Y
1021644,cbde9be3-d1ea-4e58-81c6-8ad682ffd466,Y
1021644,575ade98-76e3-46f5-8579-9284e9584010,Y
1021644,5b1460aa-f4fc-4284-88df-1b6499abcaa2,Y
1021644,e3e6f43c-5afd-46a8-856c-fdc35f3230f1,N
1021644,312d8d42-65ef-4134-9fee-2e5944336a13,Y
1002765,cbde9be3-d1ea-4e58-81c6-8ad682ffd466,Y
1002765,575ade98-76e3-46f5-8579-9284e9584010,Y
1002765,5b1460aa-f4fc-4284-88df-1b6499abcaa2,N
1002765,e3e6f43c-5afd-46a8-856c-fdc35f3230f1,Y
1002765,312d8d42-65ef-4134-9fee-2e5944336a13,N
1019981,cbde9be3-d1ea-4e58-81c6-8ad682ffd466,Y
1019981,575ade98-76e3-46f5-8579-9284e9584010,N
1019981,5b1460aa-f4fc-4284-88df-1b6499abcaa2,N
1019981,e3e6f43c-5afd-46a8-856c-fdc35f3230f1,N
1019981,312d8d42-65ef-4134-9fee-2e5944336a13,N
1021313,cbde9be3-d1ea-4e58-81c6-8ad682ffd466,Y
1021313,575ade98-76e3-46f5-8579-9284e9584010,Y
1021313,5b1460aa-f4fc-4284-88df-1b6499abcaa2,N
1021313,e3e6f43c-5afd-46a8-856c-fdc35f3230f1,Y
1021313,312d8d42-65ef-4134-9fee-2e5944336a13,N
1018923,cbde9be3-d1ea-4e58-81c6-8ad682ffd466,Y
1018923,575ade98-76e3-46f5-8579-9284e9584010,N
1018923,5b1460aa-f4fc-4284-88df-1b6499abcaa2,N
1018923,e3e6f43c-5afd-46a8-856c-fdc35f3230f1,N
1018923,312d8d42-65ef-4134-9fee-2e5944336a13,Y
1019015,cbde9be3-d1ea-4e58-81c6-8ad682ffd466,Y
1019015,575ade98-76e3-46f5-8579-9284e9584010,Y
1019015,5b1460aa-f4fc-4284-88df-1b6499abcaa2,N
1019015,e3e6f43c-5afd-46a8-856c-fdc35f3230f1,N
1019015,312d8d42-65ef-4134-9fee-2e5944336a13,N
1020036,cbde9be3-d1ea-4e58-81c6-8ad682ffd466,Y
1020036,575ade98-76e3-46f5-8579-9284e9584010,N
1020036,5b1460aa-f4fc-4284-88df-1b6499abcaa2,Y
1020036,e3e6f43c-5afd-46a8-856c-fdc35f3230f1,Y
1020036,312d8d42-65ef-4134-9fee-2e5944336a13,Y
1018476,cbde9be3-d1ea-4e58-81c6-8ad682ffd466,Y
1018476,575ade98-76e3-46f5-8579-9284e9584010,Y
1018476,5b1460aa-f4fc-4284-88df-1b6499abcaa2,N
1018476,e3e6f43c-5afd-46a8-856c-fdc35f3230f1,Y
1018476,312d8d42-65ef-4134-9fee-2e5944336a13,Y
1020073,cbde9be3-d1ea-4e58-81c6-8ad682ffd466,Y
1020073,575ade98-76e3-46f5-8579-9284e9584010,N
1020073,5b1460aa-f4fc-4284-88df-1b6499abcaa2,N
1020073,e3e6f43c-5afd-46a8-856c-fdc35f3230f1,N
1020073,312d8d42-65ef-4134-9fee-2e5944336a13,N
1011738,cbde9be3-d1ea-4e58-81c6-8ad682ffd466,Y
1011738,575ade98-76e3-46f5-8579-9284e9584010,Y
1011738,5b1460aa-f4fc-4284-88df-1b6499abcaa2,N
1011738,e3e6f43c-5afd-46a8-856c-fdc35f3230f1,Y
1011738,312d8d42-65ef-4134-9fee-2e5944336a13,Y
1019138,cbde9be3-d1ea-4e58-81c6-8ad682ffd466,Y
1019138,575ade98-76e3-46f5-8579-9284e9584010,N
1019138,5b1460aa-f4fc-4284-88df-1b6499abcaa2,N
1019138,e3e6f43c-5afd-46a8-856c-fdc35f3230f1,N
1019138,312d8d42-65ef-4134-9fee-2e5944336a13,Y
1003982,cbde9be3-d1ea-4e58-81c6-8ad682ffd466,Y
1003982,575ade98-76e3-46f5-8579-9284e9584010,Y
1003982,5b1460aa-f4fc-4284-88df-1b6499abcaa2,N
1003982,e3e6f43c-5afd-46a8-856c-fdc35f3230f1,N
1003982,312d8d42-65ef-4134-9fee-2e5944336a13,Y
1020147,cbde9be3-d1ea-4e58-81c6-8ad682ffd466,Y
1020147,575ade98-76e3-46f5-8579-9284e9584010,Y
1020147,5b1460aa-f4fc-4284-88df-1b6499abcaa2,Y
1020147,e3e6f43c-5afd-46a8-856c-fdc35f3230f1,Y
1020147,312d8d42-65ef-4134-9fee-2e5944336a13,Y
1019075,cbde9be3-d1ea-4e58-81c6-8ad682ffd466,Y
1019075,575ade98-76e3-46f5-8579-9284e9584010,N
1019075,5b1460aa-f4fc-4284-88df-1b6499abcaa2,Y
1019075,e3e6f43c-5afd-46a8-856c-fdc35f3230f1,N
1019075,312d8d42-65ef-4134-9fee-2e5944336a13,Y
1021694,cbde9be3-d1ea-4e58-81c6-8ad682ffd466,Y
1021694,575ade98-76e3-46f5-8579-9284e9584010,Y
1021694,5b1460aa-f4fc-4284-88df-1b6499abcaa2,Y
1021694,e3e6f43c-5afd-46a8-856c-fdc35f3230f1,Y
1021694,312d8d42-65ef-4134-9fee-2e5944336a13,Y
1018994,cbde9be3-d1ea-4e58-81c6-8ad682ffd466,Y
1018994,575ade98-76e3-46f5-8579-9284e9584010,Y
1018994,5b1460aa-f4fc-4284-88df-1b6499abcaa2,Y
1018994,e3e6f43c-5afd-46a8-856c-fdc35f3230f1,Y
1018994,312d8d42-65ef-4134-9fee-2e5944336a13,Y
1010998,cbde9be3-d1ea-4e58-81c6-8ad682ffd466,Y
1010998,575ade98-76e3-46f5-8579-9284e9584010,Y
1010998,5b1460aa-f4fc-4284-88df-1b6499abcaa2,Y
1010998,e3e6f43c-5afd-46a8-856c-fdc35f3230f1,Y
1010998,312d8d42-65ef-4134-9fee-2e5944336a13,N
1000710,cbde9be3-d1ea-4e58-81c6-8ad682ffd466,Y
1000710,575ade98-76e3-46f5-8579-9284e9584010,Y
1000710,5b1460aa-f4fc-4284-88df-1b6499abcaa2,N
1000710,e3e6f43c-5afd-46a8-856c-fdc35f3230f1,N
1000710,312d8d42-65ef-4134-9fee-2e5944336a13,Y
1021616,cbde9be3-d1ea-4e58-81c6-8ad682ffd466,Y
1021616,575ade98-76e3-46f5-8579-9284e9584010,Y
1021616,5b1460aa-f4fc-4284-88df-1b6499abcaa2,N
1021616,e3e6f43c-5afd-46a8-856c-fdc35f3230f1,N
1021616,312d8d42-65ef-4134-9fee-2e5944336a13,Y
1018279,cbde9be3-d1ea-4e58-81c6-8ad682ffd466,Y
1018279,575ade98-76e3-46f5-8579-9284e9584010,Y
1018279,5b1460aa-f4fc-4284-88df-1b6499abcaa2,N
1018279,e3e6f43c-5afd-46a8-856c-fdc35f3230f1,Y
1018279,312d8d42-65ef-4134-9fee-2e5944336a13,Y
1021235,cbde9be3-d1ea-4e58-81c6-8ad682ffd466,Y
1021235,575ade98-76e3-46f5-8579-9284e9584010,N
1021235,5b1460aa-f4fc-4284-88df-1b6499abcaa2,N
1021235,e3e6f43c-5afd-46a8-856c-fdc35f3230f1,N
1021235,312d8d42-65ef-4134-9fee-2e5944336a13,N
1021204,cbde9be3-d1ea-4e58-81c6-8ad682ffd466,Y
1021204,575ade98-76e3-46f5-8579-9284e9584010,N
1021204,5b1460aa-f4fc-4284-88df-1b6499abcaa2,N
1021204,e3e6f43c-5afd-46a8-856c-fdc35f3230f1,N
1021204,312d8d42-65ef-4134-9fee-2e5944336a13,N
1020049,cbde9be3-d1ea-4e58-81c6-8ad682ffd466,Y
1020049,575ade98-76e3-46f5-8579-9284e9584010,N
1020049,5b1460aa-f4fc-4284-88df-1b6499abcaa2,N
1020049,e3e6f43c-5afd-46a8-856c-fdc35f3230f1,Y
1020049,312d8d42-65ef-4134-9fee-2e5944336a13,N
1019047,cbde9be3-d1ea-4e58-81c6-8ad682ffd466,Y
1019047,575ade98-76e3-46f5-8579-9284e9584010,N
1019047,5b1460aa-f4fc-4284-88df-1b6499abcaa2,N
1019047,e3e6f43c-5afd-46a8-856c-fdc35f3230f1,N
1019047,312d8d42-65ef-4134-9fee-2e5944336a13,N
1019933,cbde9be3-d1ea-4e58-81c6-8ad682ffd466,Y
1019933,575ade98-76e3-46f5-8579-9284e9584010,Y
1019933,5b1460aa-f4fc-4284-88df-1b6499abcaa2,N
1019933,e3e6f43c-5afd-46a8-856c-fdc35f3230f1,N
1019933,312d8d42-65ef-4134-9fee-2e5944336a13,N
1021203,cbde9be3-d1ea-4e58-81c6-8ad682ffd466,Y
1021203,575ade98-76e3-46f5-8579-9284e9584010,N
1021203,5b1460aa-f4fc-4284-88df-1b6499abcaa2,N
1021203,e3e6f43c-5afd-46a8-856c-fdc35f3230f1,N
1021203,312d8d42-65ef-4134-9fee-2e5944336a13,N
1019596,cbde9be3-d1ea-4e58-81c6-8ad682ffd466,Y
1019596,575ade98-76e3-46f5-8579-9284e9584010,Y
1019596,5b1460aa-f4fc-4284-88df-1b6499abcaa2,Y
1019596,e3e6f43c-5afd-46a8-856c-fdc35f3230f1,Y
1019596,312d8d42-65ef-4134-9fee-2e5944336a13,Y
1018959,cbde9be3-d1ea-4e58-81c6-8ad682ffd466,Y
1018959,575ade98-76e3-46f5-8579-9284e9584010,N
1018959,5b1460aa-f4fc-4284-88df-1b6499abcaa2,N
1018959,e3e6f43c-5afd-46a8-856c-fdc35f3230f1,Y
1018959,312d8d42-65ef-4134-9fee-2e5944336a13,Y
1021254,cbde9be3-d1ea-4e58-81c6-8ad682ffd466,Y
1021254,575ade98-76e3-46f5-8579-9284e9584010,N
1021254,5b1460aa-f4fc-4284-88df-1b6499abcaa2,N
1021254,e3e6f43c-5afd-46a8-856c-fdc35f3230f1,N
1021254,312d8d42-65ef-4134-9fee-2e5944336a13,Y
1019181,cbde9be3-d1ea-4e58-81c6-8ad682ffd466,Y
1019181,575ade98-76e3-46f5-8579-9284e9584010,N
1019181,5b1460aa-f4fc-4284-88df-1b6499abcaa2,N
1019181,e3e6f43c-5afd-46a8-856c-fdc35f3230f1,N
1019181,312d8d42-65ef-4134-9fee-2e5944336a13,N
1019303,cbde9be3-d1ea-4e58-81c6-8ad682ffd466,Y
1019303,575ade98-76e3-46f5-8579-9284e9584010,N
1019303,5b1460aa-f4fc-4284-88df-1b6499abcaa2,N
1019303,e3e6f43c-5afd-46a8-856c-fdc35f3230f1,N
1019303,312d8d42-65ef-4134-9fee-2e5944336a13,N
1019544,cbde9be3-d1ea-4e58-81c6-8ad682ffd466,Y
1019544,575ade98-76e3-46f5-8579-9284e9584010,N
1019544,5b1460aa-f4fc-4284-88df-1b6499abcaa2,N
1019544,e3e6f43c-5afd-46a8-856c-fdc35f3230f1,N
1019544,312d8d42-65ef-4134-9fee-2e5944336a13,N
1019775,cbde9be3-d1ea-4e58-81c6-8ad682ffd466,Y
1019775,575ade98-76e3-46f5-8579-9284e9584010,N
1019775,5b1460aa-f4fc-4284-88df-1b6499abcaa2,N
1019775,e3e6f43c-5afd-46a8-856c-fdc35f3230f1,Y
1019775,312d8d42-65ef-4134-9fee-2e5944336a13,N
1019931,cbde9be3-d1ea-4e58-81c6-8ad682ffd466,Y
1019931,575ade98-76e3-46f5-8579-9284e9584010,N
1019931,5b1460aa-f4fc-4284-88df-1b6499abcaa2,N
1019931,e3e6f43c-5afd-46a8-856c-fdc35f3230f1,N
1019931,312d8d42-65ef-4134-9fee-2e5944336a13,N
1019948,cbde9be3-d1ea-4e58-81c6-8ad682ffd466,Y
1019948,575ade98-76e3-46f5-8579-9284e9584010,N
1019948,5b1460aa-f4fc-4284-88df-1b6499abcaa2,N
1019948,e3e6f43c-5afd-46a8-856c-fdc35f3230f1,N
1019948,312d8d42-65ef-4134-9fee-2e5944336a13,Y
1019166,cbde9be3-d1ea-4e58-81c6-8ad682ffd466,Y
1019166,575ade98-76e3-46f5-8579-9284e9584010,N
1019166,5b1460aa-f4fc-4284-88df-1b6499abcaa2,Y
1019166,e3e6f43c-5afd-46a8-856c-fdc35f3230f1,N
1019166,312d8d42-65ef-4134-9fee-2e5944336a13,Y
1019626,cbde9be3-d1ea-4e58-81c6-8ad682ffd466,Y
1019626,575ade98-76e3-46f5-8579-9284e9584010,Y
1019626,5b1460aa-f4fc-4284-88df-1b6499abcaa2,N
1019626,e3e6f43c-5afd-46a8-856c-fdc35f3230f1,N
1019626,312d8d42-65ef-4134-9fee-2e5944336a13,N
1019751,cbde9be3-d1ea-4e58-81c6-8ad682ffd466,Y
1019751,575ade98-76e3-46f5-8579-9284e9584010,N
1019751,5b1460aa-f4fc-4284-88df-1b6499abcaa2,N
1019751,e3e6f43c-5afd-46a8-856c-fdc35f3230f1,N
1019751,312d8d42-65ef-4134-9fee-2e5944336a13,N
1021304,cbde9be3-d1ea-4e58-81c6-8ad682ffd466,Y
1021304,575ade98-76e3-46f5-8579-9284e9584010,Y
1021304,5b1460aa-f4fc-4284-88df-1b6499abcaa2,N
1021304,e3e6f43c-5afd-46a8-856c-fdc35f3230f1,Y
1021304,312d8d42-65ef-4134-9fee-2e5944336a13,N
1019697,cbde9be3-d1ea-4e58-81c6-8ad682ffd466,Y
1019697,575ade98-76e3-46f5-8579-9284e9584010,N
1019697,5b1460aa-f4fc-4284-88df-1b6499abcaa2,N
1019697,e3e6f43c-5afd-46a8-856c-fdc35f3230f1,N
1019697,312d8d42-65ef-4134-9fee-2e5944336a13,Y
1019700,cbde9be3-d1ea-4e58-81c6-8ad682ffd466,Y
1019700,575ade98-76e3-46f5-8579-9284e9584010,N
1019700,5b1460aa-f4fc-4284-88df-1b6499abcaa2,N
1019700,e3e6f43c-5afd-46a8-856c-fdc35f3230f1,N
1019700,312d8d42-65ef-4134-9fee-2e5944336a13,Y
1019699,cbde9be3-d1ea-4e58-81c6-8ad682ffd466,Y
1019699,575ade98-76e3-46f5-8579-9284e9584010,N
1019699,5b1460aa-f4fc-4284-88df-1b6499abcaa2,N
1019699,e3e6f43c-5afd-46a8-856c-fdc35f3230f1,N
1019699,312d8d42-65ef-4134-9fee-2e5944336a13,Y
1019698,cbde9be3-d1ea-4e58-81c6-8ad682ffd466,Y
1019698,575ade98-76e3-46f5-8579-9284e9584010,N
1019698,5b1460aa-f4fc-4284-88df-1b6499abcaa2,N
1019698,e3e6f43c-5afd-46a8-856c-fdc35f3230f1,N
1019698,312d8d42-65ef-4134-9fee-2e5944336a13,Y
1019696,cbde9be3-d1ea-4e58-81c6-8ad682ffd466,Y
1019696,575ade98-76e3-46f5-8579-9284e9584010,N
1019696,5b1460aa-f4fc-4284-88df-1b6499abcaa2,N
1019696,e3e6f43c-5afd-46a8-856c-fdc35f3230f1,N
1019696,312d8d42-65ef-4134-9fee-2e5944336a13,Y
1021276,cbde9be3-d1ea-4e58-81c6-8ad682ffd466,Y
1021276,575ade98-76e3-46f5-8579-9284e9584010,N
1021276,5b1460aa-f4fc-4284-88df-1b6499abcaa2,N
1021276,e3e6f43c-5afd-46a8-856c-fdc35f3230f1,N
1021276,312d8d42-65ef-4134-9fee-2e5944336a13,N
1021619,cbde9be3-d1ea-4e58-81c6-8ad682ffd466,Y
1021619,575ade98-76e3-46f5-8579-9284e9584010,N
1021619,5b1460aa-f4fc-4284-88df-1b6499abcaa2,N
1021619,e3e6f43c-5afd-46a8-856c-fdc35f3230f1,N
1021619,312d8d42-65ef-4134-9fee-2e5944336a13,Y
1012357,cbde9be3-d1ea-4e58-81c6-8ad682ffd466,Y
1012357,575ade98-76e3-46f5-8579-9284e9584010,N
1012357,5b1460aa-f4fc-4284-88df-1b6499abcaa2,N
1012357,e3e6f43c-5afd-46a8-856c-fdc35f3230f1,N
1012357,312d8d42-65ef-4134-9fee-2e5944336a13,N
1019001,cbde9be3-d1ea-4e58-81c6-8ad682ffd466,Y
1019001,575ade98-76e3-46f5-8579-9284e9584010,Y
1019001,5b1460aa-f4fc-4284-88df-1b6499abcaa2,N
1019001,e3e6f43c-5afd-46a8-856c-fdc35f3230f1,Y
1019001,312d8d42-65ef-4134-9fee-2e5944336a13,N
1021659,cbde9be3-d1ea-4e58-81c6-8ad682ffd466,Y
1021659,575ade98-76e3-46f5-8579-9284e9584010,Y
1021659,5b1460aa-f4fc-4284-88df-1b6499abcaa2,N
1021659,e3e6f43c-5afd-46a8-856c-fdc35f3230f1,Y
1021659,312d8d42-65ef-4134-9fee-2e5944336a13,Y
1019504,cbde9be3-d1ea-4e58-81c6-8ad682ffd466,Y
1019504,575ade98-76e3-46f5-8579-9284e9584010,N
1019504,5b1460aa-f4fc-4284-88df-1b6499abcaa2,N
1019504,e3e6f43c-5afd-46a8-856c-fdc35f3230f1,N
1019504,312d8d42-65ef-4134-9fee-2e5944336a13,N
1019966,cbde9be3-d1ea-4e58-81c6-8ad682ffd466,Y
1019966,575ade98-76e3-46f5-8579-9284e9584010,N
1019966,5b1460aa-f4fc-4284-88df-1b6499abcaa2,N
1019966,e3e6f43c-5afd-46a8-856c-fdc35f3230f1,N
1019966,312d8d42-65ef-4134-9fee-2e5944336a13,Y
1018422,cbde9be3-d1ea-4e58-81c6-8ad682ffd466,Y
1018422,575ade98-76e3-46f5-8579-9284e9584010,N
1018422,5b1460aa-f4fc-4284-88df-1b6499abcaa2,N
1018422,e3e6f43c-5afd-46a8-856c-fdc35f3230f1,Y
1018422,312d8d42-65ef-4134-9fee-2e5944336a13,N
1021702,cbde9be3-d1ea-4e58-81c6-8ad682ffd466,Y
1021702,575ade98-76e3-46f5-8579-9284e9584010,N
1021702,5b1460aa-f4fc-4284-88df-1b6499abcaa2,N
1021702,e3e6f43c-5afd-46a8-856c-fdc35f3230f1,N
1021702,312d8d42-65ef-4134-9fee-2e5944336a13,N
1016917,cbde9be3-d1ea-4e58-81c6-8ad682ffd466,Y
1016917,575ade98-76e3-46f5-8579-9284e9584010,N
1016917,5b1460aa-f4fc-4284-88df-1b6499abcaa2,N
1016917,e3e6f43c-5afd-46a8-856c-fdc35f3230f1,N
1016917,312d8d42-65ef-4134-9fee-2e5944336a13,N
1019928,cbde9be3-d1ea-4e58-81c6-8ad682ffd466,Y
1019928,575ade98-76e3-46f5-8579-9284e9584010,N
1019928,5b1460aa-f4fc-4284-88df-1b6499abcaa2,N
1019928,e3e6f43c-5afd-46a8-856c-fdc35f3230f1,N
1019928,312d8d42-65ef-4134-9fee-2e5944336a13,Y
1011497,cbde9be3-d1ea-4e58-81c6-8ad682ffd466,Y
1011497,575ade98-76e3-46f5-8579-9284e9584010,N
1011497,5b1460aa-f4fc-4284-88df-1b6499abcaa2,N
1011497,e3e6f43c-5afd-46a8-856c-fdc35f3230f1,N
1011497,312d8d42-65ef-4134-9fee-2e5944336a13,N
1019517,cbde9be3-d1ea-4e58-81c6-8ad682ffd466,Y
1019517,575ade98-76e3-46f5-8579-9284e9584010,Y
1019517,5b1460aa-f4fc-4284-88df-1b6499abcaa2,N
1019517,e3e6f43c-5afd-46a8-856c-fdc35f3230f1,Y
1019517,312d8d42-65ef-4134-9fee-2e5944336a13,N
1002101,cbde9be3-d1ea-4e58-81c6-8ad682ffd466,Y
1002101,575ade98-76e3-46f5-8579-9284e9584010,Y
1002101,5b1460aa-f4fc-4284-88df-1b6499abcaa2,Y
1002101,e3e6f43c-5afd-46a8-856c-fdc35f3230f1,Y
1002101,312d8d42-65ef-4134-9fee-2e5944336a13,Y
1019739,cbde9be3-d1ea-4e58-81c6-8ad682ffd466,Y
1019739,575ade98-76e3-46f5-8579-9284e9584010,N
1019739,5b1460aa-f4fc-4284-88df-1b6499abcaa2,N
1019739,e3e6f43c-5afd-46a8-856c-fdc35f3230f1,N
1019739,312d8d42-65ef-4134-9fee-2e5944336a13,N
1019826,cbde9be3-d1ea-4e58-81c6-8ad682ffd466,Y
1019826,575ade98-76e3-46f5-8579-9284e9584010,Y
1019826,5b1460aa-f4fc-4284-88df-1b6499abcaa2,Y
1019826,e3e6f43c-5afd-46a8-856c-fdc35f3230f1,Y
1019826,312d8d42-65ef-4134-9fee-2e5944336a13,Y
1019975,cbde9be3-d1ea-4e58-81c6-8ad682ffd466,Y
1019975,575ade98-76e3-46f5-8579-9284e9584010,N
1019975,5b1460aa-f4fc-4284-88df-1b6499abcaa2,N
1019975,e3e6f43c-5afd-46a8-856c-fdc35f3230f1,N
1019975,312d8d42-65ef-4134-9fee-2e5944336a13,Y
1018628,cbde9be3-d1ea-4e58-81c6-8ad682ffd466,Y
1018628,575ade98-76e3-46f5-8579-9284e9584010,Y
1018628,5b1460aa-f4fc-4284-88df-1b6499abcaa2,Y
1018628,e3e6f43c-5afd-46a8-856c-fdc35f3230f1,Y
1018628,312d8d42-65ef-4134-9fee-2e5944336a13,Y
1018624,cbde9be3-d1ea-4e58-81c6-8ad682ffd466,Y
1018624,575ade98-76e3-46f5-8579-9284e9584010,Y
1018624,5b1460aa-f4fc-4284-88df-1b6499abcaa2,Y
1018624,e3e6f43c-5afd-46a8-856c-fdc35f3230f1,Y
1018624,312d8d42-65ef-4134-9fee-2e5944336a13,Y
1021499,cbde9be3-d1ea-4e58-81c6-8ad682ffd466,Y
1021499,575ade98-76e3-46f5-8579-9284e9584010,N
1021499,5b1460aa-f4fc-4284-88df-1b6499abcaa2,N
1021499,e3e6f43c-5afd-46a8-856c-fdc35f3230f1,N
1021499,312d8d42-65ef-4134-9fee-2e5944336a13,Y
1000278,cbde9be3-d1ea-4e58-81c6-8ad682ffd466,Y
1000278,575ade98-76e3-46f5-8579-9284e9584010,N
1000278,5b1460aa-f4fc-4284-88df-1b6499abcaa2,N
1000278,e3e6f43c-5afd-46a8-856c-fdc35f3230f1,N
1000278,312d8d42-65ef-4134-9fee-2e5944336a13,N
1020015,cbde9be3-d1ea-4e58-81c6-8ad682ffd466,Y
1020015,575ade98-76e3-46f5-8579-9284e9584010,N
1020015,5b1460aa-f4fc-4284-88df-1b6499abcaa2,N
1020015,e3e6f43c-5afd-46a8-856c-fdc35f3230f1,N
1020015,312d8d42-65ef-4134-9fee-2e5944336a13,Y
1010798,cbde9be3-d1ea-4e58-81c6-8ad682ffd466,Y
1010798,575ade98-76e3-46f5-8579-9284e9584010,N
1010798,5b1460aa-f4fc-4284-88df-1b6499abcaa2,Y
1010798,e3e6f43c-5afd-46a8-856c-fdc35f3230f1,Y
1010798,312d8d42-65ef-4134-9fee-2e5944336a13,Y
1012799,cbde9be3-d1ea-4e58-81c6-8ad682ffd466,Y
1012799,575ade98-76e3-46f5-8579-9284e9584010,N
1012799,5b1460aa-f4fc-4284-88df-1b6499abcaa2,N
1012799,e3e6f43c-5afd-46a8-856c-fdc35f3230f1,N
1012799,312d8d42-65ef-4134-9fee-2e5944336a13,N
1021586,cbde9be3-d1ea-4e58-81c6-8ad682ffd466,Y
1021586,575ade98-76e3-46f5-8579-9284e9584010,N
1021586,5b1460aa-f4fc-4284-88df-1b6499abcaa2,N
1021586,e3e6f43c-5afd-46a8-856c-fdc35f3230f1,N
1021586,312d8d42-65ef-4134-9fee-2e5944336a13,Y
1008826,cbde9be3-d1ea-4e58-81c6-8ad682ffd466,Y
1008826,575ade98-76e3-46f5-8579-9284e9584010,Y
1008826,5b1460aa-f4fc-4284-88df-1b6499abcaa2,Y
1008826,e3e6f43c-5afd-46a8-856c-fdc35f3230f1,Y
1008826,312d8d42-65ef-4134-9fee-2e5944336a13,Y
1008827,cbde9be3-d1ea-4e58-81c6-8ad682ffd466,Y
1008827,575ade98-76e3-46f5-8579-9284e9584010,Y
1008827,5b1460aa-f4fc-4284-88df-1b6499abcaa2,Y
1008827,e3e6f43c-5afd-46a8-856c-fdc35f3230f1,Y
1008827,312d8d42-65ef-4134-9fee-2e5944336a13,Y
1019228,cbde9be3-d1ea-4e58-81c6-8ad682ffd466,Y
1019228,575ade98-76e3-46f5-8579-9284e9584010,N
1019228,5b1460aa-f4fc-4284-88df-1b6499abcaa2,N
1019228,e3e6f43c-5afd-46a8-856c-fdc35f3230f1,N
1019228,312d8d42-65ef-4134-9fee-2e5944336a13,N
1017961,cbde9be3-d1ea-4e58-81c6-8ad682ffd466,Y
1017961,575ade98-76e3-46f5-8579-9284e9584010,Y
1017961,5b1460aa-f4fc-4284-88df-1b6499abcaa2,N
1017961,e3e6f43c-5afd-46a8-856c-fdc35f3230f1,N
1017961,312d8d42-65ef-4134-9fee-2e5944336a13,Y
1009802,cbde9be3-d1ea-4e58-81c6-8ad682ffd466,Y
1009802,575ade98-76e3-46f5-8579-9284e9584010,N
1009802,5b1460aa-f4fc-4284-88df-1b6499abcaa2,N
1009802,e3e6f43c-5afd-46a8-856c-fdc35f3230f1,Y
1009802,312d8d42-65ef-4134-9fee-2e5944336a13,Y
1021562,cbde9be3-d1ea-4e58-81c6-8ad682ffd466,Y
1021562,575ade98-76e3-46f5-8579-9284e9584010,Y
1021562,5b1460aa-f4fc-4284-88df-1b6499abcaa2,Y
1021562,e3e6f43c-5afd-46a8-856c-fdc35f3230f1,Y
1021562,312d8d42-65ef-4134-9fee-2e5944336a13,Y
1021744,cbde9be3-d1ea-4e58-81c6-8ad682ffd466,Y
1021744,575ade98-76e3-46f5-8579-9284e9584010,N
1021744,5b1460aa-f4fc-4284-88df-1b6499abcaa2,N
1021744,e3e6f43c-5afd-46a8-856c-fdc35f3230f1,N
1021744,312d8d42-65ef-4134-9fee-2e5944336a13,N
1021447,cbde9be3-d1ea-4e58-81c6-8ad682ffd466,Y
1021447,575ade98-76e3-46f5-8579-9284e9584010,N
1021447,5b1460aa-f4fc-4284-88df-1b6499abcaa2,N
1021447,e3e6f43c-5afd-46a8-856c-fdc35f3230f1,N
1021447,312d8d42-65ef-4134-9fee-2e5944336a13,N
1019963,cbde9be3-d1ea-4e58-81c6-8ad682ffd466,Y
1019963,575ade98-76e3-46f5-8579-9284e9584010,N
1019963,5b1460aa-f4fc-4284-88df-1b6499abcaa2,N
1019963,e3e6f43c-5afd-46a8-856c-fdc35f3230f1,N
1019963,312d8d42-65ef-4134-9fee-2e5944336a13,N
1021490,cbde9be3-d1ea-4e58-81c6-8ad682ffd466,Y
1021490,575ade98-76e3-46f5-8579-9284e9584010,Y
1021490,5b1460aa-f4fc-4284-88df-1b6499abcaa2,Y
1021490,e3e6f43c-5afd-46a8-856c-fdc35f3230f1,Y
1021490,312d8d42-65ef-4134-9fee-2e5944336a13,Y
1019393,cbde9be3-d1ea-4e58-81c6-8ad682ffd466,Y
1019393,575ade98-76e3-46f5-8579-9284e9584010,N
1019393,5b1460aa-f4fc-4284-88df-1b6499abcaa2,N
1019393,e3e6f43c-5afd-46a8-856c-fdc35f3230f1,N
1019393,312d8d42-65ef-4134-9fee-2e5944336a13,N
1019213,cbde9be3-d1ea-4e58-81c6-8ad682ffd466,Y
1019213,575ade98-76e3-46f5-8579-9284e9584010,N
1019213,5b1460aa-f4fc-4284-88df-1b6499abcaa2,N
1019213,e3e6f43c-5afd-46a8-856c-fdc35f3230f1,Y
1019213,312d8d42-65ef-4134-9fee-2e5944336a13,Y
1006324,cbde9be3-d1ea-4e58-81c6-8ad682ffd466,Y
1006324,575ade98-76e3-46f5-8579-9284e9584010,Y
1006324,5b1460aa-f4fc-4284-88df-1b6499abcaa2,N
1006324,e3e6f43c-5afd-46a8-856c-fdc35f3230f1,Y
1006324,312d8d42-65ef-4134-9fee-2e5944336a13,Y
1021745,cbde9be3-d1ea-4e58-81c6-8ad682ffd466,Y
1021745,575ade98-76e3-46f5-8579-9284e9584010,N
1021745,5b1460aa-f4fc-4284-88df-1b6499abcaa2,N
1021745,e3e6f43c-5afd-46a8-856c-fdc35f3230f1,N
1021745,312d8d42-65ef-4134-9fee-2e5944336a13,Y
1019638,cbde9be3-d1ea-4e58-81c6-8ad682ffd466,Y
1019638,575ade98-76e3-46f5-8579-9284e9584010,N
1019638,5b1460aa-f4fc-4284-88df-1b6499abcaa2,N
1019638,e3e6f43c-5afd-46a8-856c-fdc35f3230f1,N
1019638,312d8d42-65ef-4134-9fee-2e5944336a13,N
1021343,cbde9be3-d1ea-4e58-81c6-8ad682ffd466,Y
1021343,575ade98-76e3-46f5-8579-9284e9584010,N
1021343,5b1460aa-f4fc-4284-88df-1b6499abcaa2,N
1021343,e3e6f43c-5afd-46a8-856c-fdc35f3230f1,N
1021343,312d8d42-65ef-4134-9fee-2e5944336a13,Y
1018933,cbde9be3-d1ea-4e58-81c6-8ad682ffd466,Y
1018933,575ade98-76e3-46f5-8579-9284e9584010,N
1018933,5b1460aa-f4fc-4284-88df-1b6499abcaa2,N
1018933,e3e6f43c-5afd-46a8-856c-fdc35f3230f1,N
1018933,312d8d42-65ef-4134-9fee-2e5944336a13,Y
1020002,cbde9be3-d1ea-4e58-81c6-8ad682ffd466,Y
1020002,575ade98-76e3-46f5-8579-9284e9584010,Y
1020002,5b1460aa-f4fc-4284-88df-1b6499abcaa2,Y
1020002,e3e6f43c-5afd-46a8-856c-fdc35f3230f1,Y
1020002,312d8d42-65ef-4134-9fee-2e5944336a13,Y
1019632,cbde9be3-d1ea-4e58-81c6-8ad682ffd466,Y
1019632,575ade98-76e3-46f5-8579-9284e9584010,Y
1019632,5b1460aa-f4fc-4284-88df-1b6499abcaa2,N
1019632,e3e6f43c-5afd-46a8-856c-fdc35f3230f1,Y
1019632,312d8d42-65ef-4134-9fee-2e5944336a13,N
1018397,cbde9be3-d1ea-4e58-81c6-8ad682ffd466,Y
1018397,575ade98-76e3-46f5-8579-9284e9584010,Y
1018397,5b1460aa-f4fc-4284-88df-1b6499abcaa2,N
1018397,e3e6f43c-5afd-46a8-856c-fdc35f3230f1,Y
1018397,312d8d42-65ef-4134-9fee-2e5944336a13,Y
1021576,cbde9be3-d1ea-4e58-81c6-8ad682ffd466,Y
1021576,575ade98-76e3-46f5-8579-9284e9584010,Y
1021576,5b1460aa-f4fc-4284-88df-1b6499abcaa2,Y
1021576,e3e6f43c-5afd-46a8-856c-fdc35f3230f1,Y
1021576,312d8d42-65ef-4134-9fee-2e5944336a13,Y
1018283,cbde9be3-d1ea-4e58-81c6-8ad682ffd466,Y
1018283,575ade98-76e3-46f5-8579-9284e9584010,N
1018283,5b1460aa-f4fc-4284-88df-1b6499abcaa2,N
1018283,e3e6f43c-5afd-46a8-856c-fdc35f3230f1,N
1018283,312d8d42-65ef-4134-9fee-2e5944336a13,N
1019349,cbde9be3-d1ea-4e58-81c6-8ad682ffd466,Y
1019349,575ade98-76e3-46f5-8579-9284e9584010,Y
1019349,5b1460aa-f4fc-4284-88df-1b6499abcaa2,Y
1019349,e3e6f43c-5afd-46a8-856c-fdc35f3230f1,Y
1019349,312d8d42-65ef-4134-9fee-2e5944336a13,Y
1012573,cbde9be3-d1ea-4e58-81c6-8ad682ffd466,Y
1012573,575ade98-76e3-46f5-8579-9284e9584010,Y
1012573,5b1460aa-f4fc-4284-88df-1b6499abcaa2,Y
1012573,e3e6f43c-5afd-46a8-856c-fdc35f3230f1,Y
1012573,312d8d42-65ef-4134-9fee-2e5944336a13,Y
1005493,cbde9be3-d1ea-4e58-81c6-8ad682ffd466,Y
1005493,575ade98-76e3-46f5-8579-9284e9584010,N
1005493,5b1460aa-f4fc-4284-88df-1b6499abcaa2,N
1005493,e3e6f43c-5afd-46a8-856c-fdc35f3230f1,N
1005493,312d8d42-65ef-4134-9fee-2e5944336a13,N
1006169,cbde9be3-d1ea-4e58-81c6-8ad682ffd466,Y
1006169,575ade98-76e3-46f5-8579-9284e9584010,Y
1006169,5b1460aa-f4fc-4284-88df-1b6499abcaa2,N
1006169,e3e6f43c-5afd-46a8-856c-fdc35f3230f1,Y
1006169,312d8d42-65ef-4134-9fee-2e5944336a13,N
1018968,cbde9be3-d1ea-4e58-81c6-8ad682ffd466,Y
1018968,575ade98-76e3-46f5-8579-9284e9584010,Y
1018968,5b1460aa-f4fc-4284-88df-1b6499abcaa2,N
1018968,e3e6f43c-5afd-46a8-856c-fdc35f3230f1,Y
1018968,312d8d42-65ef-4134-9fee-2e5944336a13,Y
1019215,cbde9be3-d1ea-4e58-81c6-8ad682ffd466,Y
1019215,575ade98-76e3-46f5-8579-9284e9584010,N
1019215,5b1460aa-f4fc-4284-88df-1b6499abcaa2,N
1019215,e3e6f43c-5afd-46a8-856c-fdc35f3230f1,N
1019215,312d8d42-65ef-4134-9fee-2e5944336a13,N
1019925,cbde9be3-d1ea-4e58-81c6-8ad682ffd466,Y
1019925,575ade98-76e3-46f5-8579-9284e9584010,N
1019925,5b1460aa-f4fc-4284-88df-1b6499abcaa2,N
1019925,e3e6f43c-5afd-46a8-856c-fdc35f3230f1,N
1019925,312d8d42-65ef-4134-9fee-2e5944336a13,Y
1010158,cbde9be3-d1ea-4e58-81c6-8ad682ffd466,Y
1010158,575ade98-76e3-46f5-8579-9284e9584010,Y
1010158,5b1460aa-f4fc-4284-88df-1b6499abcaa2,Y
1010158,e3e6f43c-5afd-46a8-856c-fdc35f3230f1,N
1010158,312d8d42-65ef-4134-9fee-2e5944336a13,Y
1019540,cbde9be3-d1ea-4e58-81c6-8ad682ffd466,Y
1019540,575ade98-76e3-46f5-8579-9284e9584010,N
1019540,5b1460aa-f4fc-4284-88df-1b6499abcaa2,Y
1019540,e3e6f43c-5afd-46a8-856c-fdc35f3230f1,Y
1019540,312d8d42-65ef-4134-9fee-2e5944336a13,Y
1018634,cbde9be3-d1ea-4e58-81c6-8ad682ffd466,Y
1018634,575ade98-76e3-46f5-8579-9284e9584010,Y
1018634,5b1460aa-f4fc-4284-88df-1b6499abcaa2,N
1018634,e3e6f43c-5afd-46a8-856c-fdc35f3230f1,Y
1018634,312d8d42-65ef-4134-9fee-2e5944336a13,Y
1021305,cbde9be3-d1ea-4e58-81c6-8ad682ffd466,Y
1021305,575ade98-76e3-46f5-8579-9284e9584010,Y
1021305,5b1460aa-f4fc-4284-88df-1b6499abcaa2,N
1021305,e3e6f43c-5afd-46a8-856c-fdc35f3230f1,Y
1021305,312d8d42-65ef-4134-9fee-2e5944336a13,N
1019764,cbde9be3-d1ea-4e58-81c6-8ad682ffd466,Y
1019764,575ade98-76e3-46f5-8579-9284e9584010,Y
1019764,5b1460aa-f4fc-4284-88df-1b6499abcaa2,N
1019764,e3e6f43c-5afd-46a8-856c-fdc35f3230f1,Y
1019764,312d8d42-65ef-4134-9fee-2e5944336a13,Y
1021726,cbde9be3-d1ea-4e58-81c6-8ad682ffd466,Y
1021726,575ade98-76e3-46f5-8579-9284e9584010,N
1021726,5b1460aa-f4fc-4284-88df-1b6499abcaa2,N
1021726,e3e6f43c-5afd-46a8-856c-fdc35f3230f1,N
1021726,312d8d42-65ef-4134-9fee-2e5944336a13,Y
1001886,cbde9be3-d1ea-4e58-81c6-8ad682ffd466,Y
1001886,575ade98-76e3-46f5-8579-9284e9584010,N
1001886,5b1460aa-f4fc-4284-88df-1b6499abcaa2,N
1001886,e3e6f43c-5afd-46a8-856c-fdc35f3230f1,N
1001886,312d8d42-65ef-4134-9fee-2e5944336a13,N
1019105,cbde9be3-d1ea-4e58-81c6-8ad682ffd466,Y
1019105,575ade98-76e3-46f5-8579-9284e9584010,Y
1019105,5b1460aa-f4fc-4284-88df-1b6499abcaa2,N
1019105,e3e6f43c-5afd-46a8-856c-fdc35f3230f1,Y
1019105,312d8d42-65ef-4134-9fee-2e5944336a13,Y
1019448,cbde9be3-d1ea-4e58-81c6-8ad682ffd466,Y
1019448,575ade98-76e3-46f5-8579-9284e9584010,Y
1019448,5b1460aa-f4fc-4284-88df-1b6499abcaa2,N
1019448,e3e6f43c-5afd-46a8-856c-fdc35f3230f1,Y
1019448,312d8d42-65ef-4134-9fee-2e5944336a13,N
1019342,cbde9be3-d1ea-4e58-81c6-8ad682ffd466,Y
1019342,575ade98-76e3-46f5-8579-9284e9584010,N
1019342,5b1460aa-f4fc-4284-88df-1b6499abcaa2,N
1019342,e3e6f43c-5afd-46a8-856c-fdc35f3230f1,N
1019342,312d8d42-65ef-4134-9fee-2e5944336a13,Y
1018852,cbde9be3-d1ea-4e58-81c6-8ad682ffd466,Y
1018852,575ade98-76e3-46f5-8579-9284e9584010,Y
1018852,5b1460aa-f4fc-4284-88df-1b6499abcaa2,N
1018852,e3e6f43c-5afd-46a8-856c-fdc35f3230f1,Y
1018852,312d8d42-65ef-4134-9fee-2e5944336a13,N
1019498,cbde9be3-d1ea-4e58-81c6-8ad682ffd466,Y
1019498,575ade98-76e3-46f5-8579-9284e9584010,N
1019498,5b1460aa-f4fc-4284-88df-1b6499abcaa2,N
1019498,e3e6f43c-5afd-46a8-856c-fdc35f3230f1,N
1019498,312d8d42-65ef-4134-9fee-2e5944336a13,N
1005631,cbde9be3-d1ea-4e58-81c6-8ad682ffd466,Y
1005631,575ade98-76e3-46f5-8579-9284e9584010,N
1005631,5b1460aa-f4fc-4284-88df-1b6499abcaa2,N
1005631,e3e6f43c-5afd-46a8-856c-fdc35f3230f1,N
1005631,312d8d42-65ef-4134-9fee-2e5944336a13,N
1001999,cbde9be3-d1ea-4e58-81c6-8ad682ffd466,Y
1001999,575ade98-76e3-46f5-8579-9284e9584010,Y
1001999,5b1460aa-f4fc-4284-88df-1b6499abcaa2,Y
1001999,e3e6f43c-5afd-46a8-856c-fdc35f3230f1,Y
1001999,312d8d42-65ef-4134-9fee-2e5944336a13,Y
1018535,cbde9be3-d1ea-4e58-81c6-8ad682ffd466,Y
1018535,575ade98-76e3-46f5-8579-9284e9584010,N
1018535,5b1460aa-f4fc-4284-88df-1b6499abcaa2,N
1018535,e3e6f43c-5afd-46a8-856c-fdc35f3230f1,N
1018535,312d8d42-65ef-4134-9fee-2e5944336a13,Y
1019692,cbde9be3-d1ea-4e58-81c6-8ad682ffd466,Y
1019692,575ade98-76e3-46f5-8579-9284e9584010,N
1019692,5b1460aa-f4fc-4284-88df-1b6499abcaa2,N
1019692,e3e6f43c-5afd-46a8-856c-fdc35f3230f1,N
1019692,312d8d42-65ef-4134-9fee-2e5944336a13,N
1012325,cbde9be3-d1ea-4e58-81c6-8ad682ffd466,Y
1012325,575ade98-76e3-46f5-8579-9284e9584010,Y
1012325,5b1460aa-f4fc-4284-88df-1b6499abcaa2,N
1012325,e3e6f43c-5afd-46a8-856c-fdc35f3230f1,Y
1012325,312d8d42-65ef-4134-9fee-2e5944336a13,Y
1018597,cbde9be3-d1ea-4e58-81c6-8ad682ffd466,Y
1018597,575ade98-76e3-46f5-8579-9284e9584010,N
1018597,5b1460aa-f4fc-4284-88df-1b6499abcaa2,N
1018597,e3e6f43c-5afd-46a8-856c-fdc35f3230f1,N
1018597,312d8d42-65ef-4134-9fee-2e5944336a13,Y
1018598,cbde9be3-d1ea-4e58-81c6-8ad682ffd466,Y
1018598,575ade98-76e3-46f5-8579-9284e9584010,N
1018598,5b1460aa-f4fc-4284-88df-1b6499abcaa2,N
1018598,e3e6f43c-5afd-46a8-856c-fdc35f3230f1,N
1018598,312d8d42-65ef-4134-9fee-2e5944336a13,Y
1019078,cbde9be3-d1ea-4e58-81c6-8ad682ffd466,Y
1019078,575ade98-76e3-46f5-8579-9284e9584010,Y
1019078,5b1460aa-f4fc-4284-88df-1b6499abcaa2,N
1019078,e3e6f43c-5afd-46a8-856c-fdc35f3230f1,N
1019078,312d8d42-65ef-4134-9fee-2e5944336a13,Y
1019080,cbde9be3-d1ea-4e58-81c6-8ad682ffd466,Y
1019080,575ade98-76e3-46f5-8579-9284e9584010,N
1019080,5b1460aa-f4fc-4284-88df-1b6499abcaa2,N
1019080,e3e6f43c-5afd-46a8-856c-fdc35f3230f1,N
1019080,312d8d42-65ef-4134-9fee-2e5944336a13,Y
1019182,cbde9be3-d1ea-4e58-81c6-8ad682ffd466,Y
1019182,575ade98-76e3-46f5-8579-9284e9584010,N
1019182,5b1460aa-f4fc-4284-88df-1b6499abcaa2,N
1019182,e3e6f43c-5afd-46a8-856c-fdc35f3230f1,N
1019182,312d8d42-65ef-4134-9fee-2e5944336a13,Y
1019952,cbde9be3-d1ea-4e58-81c6-8ad682ffd466,Y
1019952,575ade98-76e3-46f5-8579-9284e9584010,N
1019952,5b1460aa-f4fc-4284-88df-1b6499abcaa2,N
1019952,e3e6f43c-5afd-46a8-856c-fdc35f3230f1,N
1019952,312d8d42-65ef-4134-9fee-2e5944336a13,N
1020048,cbde9be3-d1ea-4e58-81c6-8ad682ffd466,Y
1020048,575ade98-76e3-46f5-8579-9284e9584010,Y
1020048,5b1460aa-f4fc-4284-88df-1b6499abcaa2,Y
1020048,e3e6f43c-5afd-46a8-856c-fdc35f3230f1,Y
1020048,312d8d42-65ef-4134-9fee-2e5944336a13,Y
1012247,cbde9be3-d1ea-4e58-81c6-8ad682ffd466,Y
1012247,575ade98-76e3-46f5-8579-9284e9584010,Y
1012247,5b1460aa-f4fc-4284-88df-1b6499abcaa2,N
1012247,e3e6f43c-5afd-46a8-856c-fdc35f3230f1,Y
1012247,312d8d42-65ef-4134-9fee-2e5944336a13,Y
1019513,cbde9be3-d1ea-4e58-81c6-8ad682ffd466,Y
1019513,575ade98-76e3-46f5-8579-9284e9584010,N
1019513,5b1460aa-f4fc-4284-88df-1b6499abcaa2,N
1019513,e3e6f43c-5afd-46a8-856c-fdc35f3230f1,N
1019513,312d8d42-65ef-4134-9fee-2e5944336a13,N
1012297,cbde9be3-d1ea-4e58-81c6-8ad682ffd466,Y
1012297,575ade98-76e3-46f5-8579-9284e9584010,N
1012297,5b1460aa-f4fc-4284-88df-1b6499abcaa2,N
1012297,e3e6f43c-5afd-46a8-856c-fdc35f3230f1,N
1012297,312d8d42-65ef-4134-9fee-2e5944336a13,Y
1018155,cbde9be3-d1ea-4e58-81c6-8ad682ffd466,Y
1018155,575ade98-76e3-46f5-8579-9284e9584010,N
1018155,5b1460aa-f4fc-4284-88df-1b6499abcaa2,N
1018155,e3e6f43c-5afd-46a8-856c-fdc35f3230f1,N
1018155,312d8d42-65ef-4134-9fee-2e5944336a13,N
1019645,cbde9be3-d1ea-4e58-81c6-8ad682ffd466,Y
1019645,575ade98-76e3-46f5-8579-9284e9584010,N
1019645,5b1460aa-f4fc-4284-88df-1b6499abcaa2,N
1019645,e3e6f43c-5afd-46a8-856c-fdc35f3230f1,N
1019645,312d8d42-65ef-4134-9fee-2e5944336a13,N
1019156,cbde9be3-d1ea-4e58-81c6-8ad682ffd466,Y
1019156,575ade98-76e3-46f5-8579-9284e9584010,N
1019156,5b1460aa-f4fc-4284-88df-1b6499abcaa2,N
1019156,e3e6f43c-5afd-46a8-856c-fdc35f3230f1,Y
1019156,312d8d42-65ef-4134-9fee-2e5944336a13,Y
1006342,cbde9be3-d1ea-4e58-81c6-8ad682ffd466,Y
1006342,575ade98-76e3-46f5-8579-9284e9584010,Y
1006342,5b1460aa-f4fc-4284-88df-1b6499abcaa2,N
1006342,e3e6f43c-5afd-46a8-856c-fdc35f3230f1,Y
1006342,312d8d42-65ef-4134-9fee-2e5944336a13,N
1021297,cbde9be3-d1ea-4e58-81c6-8ad682ffd466,Y
1021297,575ade98-76e3-46f5-8579-9284e9584010,N
1021297,5b1460aa-f4fc-4284-88df-1b6499abcaa2,N
1021297,e3e6f43c-5afd-46a8-856c-fdc35f3230f1,N
1021297,312d8d42-65ef-4134-9fee-2e5944336a13,N
1018214,cbde9be3-d1ea-4e58-81c6-8ad682ffd466,Y
1018214,575ade98-76e3-46f5-8579-9284e9584010,N
1018214,5b1460aa-f4fc-4284-88df-1b6499abcaa2,N
1018214,e3e6f43c-5afd-46a8-856c-fdc35f3230f1,N
1018214,312d8d42-65ef-4134-9fee-2e5944336a13,Y
1021487,cbde9be3-d1ea-4e58-81c6-8ad682ffd466,Y
1021487,575ade98-76e3-46f5-8579-9284e9584010,N
1021487,5b1460aa-f4fc-4284-88df-1b6499abcaa2,N
1021487,e3e6f43c-5afd-46a8-856c-fdc35f3230f1,N
1021487,312d8d42-65ef-4134-9fee-2e5944336a13,Y
1021251,cbde9be3-d1ea-4e58-81c6-8ad682ffd466,Y
1021251,575ade98-76e3-46f5-8579-9284e9584010,N
1021251,5b1460aa-f4fc-4284-88df-1b6499abcaa2,N
1021251,e3e6f43c-5afd-46a8-856c-fdc35f3230f1,N
1021251,312d8d42-65ef-4134-9fee-2e5944336a13,Y
1018504,cbde9be3-d1ea-4e58-81c6-8ad682ffd466,Y
1018504,575ade98-76e3-46f5-8579-9284e9584010,Y
1018504,5b1460aa-f4fc-4284-88df-1b6499abcaa2,Y
1018504,e3e6f43c-5afd-46a8-856c-fdc35f3230f1,Y
1018504,312d8d42-65ef-4134-9fee-2e5944336a13,N
1001925,cbde9be3-d1ea-4e58-81c6-8ad682ffd466,Y
1001925,575ade98-76e3-46f5-8579-9284e9584010,N
1001925,5b1460aa-f4fc-4284-88df-1b6499abcaa2,N
1001925,e3e6f43c-5afd-46a8-856c-fdc35f3230f1,N
1001925,312d8d42-65ef-4134-9fee-2e5944336a13,Y
1010394,cbde9be3-d1ea-4e58-81c6-8ad682ffd466,Y
1010394,575ade98-76e3-46f5-8579-9284e9584010,Y
1010394,5b1460aa-f4fc-4284-88df-1b6499abcaa2,Y
1010394,e3e6f43c-5afd-46a8-856c-fdc35f3230f1,Y
1010394,312d8d42-65ef-4134-9fee-2e5944336a13,Y
1019155,cbde9be3-d1ea-4e58-81c6-8ad682ffd466,Y
1019155,575ade98-76e3-46f5-8579-9284e9584010,Y
1019155,5b1460aa-f4fc-4284-88df-1b6499abcaa2,N
1019155,e3e6f43c-5afd-46a8-856c-fdc35f3230f1,N
1019155,312d8d42-65ef-4134-9fee-2e5944336a13,Y
1021537,cbde9be3-d1ea-4e58-81c6-8ad682ffd466,Y
1021537,575ade98-76e3-46f5-8579-9284e9584010,N
1021537,5b1460aa-f4fc-4284-88df-1b6499abcaa2,N
1021537,e3e6f43c-5afd-46a8-856c-fdc35f3230f1,Y
1021537,312d8d42-65ef-4134-9fee-2e5944336a13,Y
1005268,cbde9be3-d1ea-4e58-81c6-8ad682ffd466,Y
1005268,575ade98-76e3-46f5-8579-9284e9584010,N
1005268,5b1460aa-f4fc-4284-88df-1b6499abcaa2,N
1005268,e3e6f43c-5afd-46a8-856c-fdc35f3230f1,Y
1005268,312d8d42-65ef-4134-9fee-2e5944336a13,Y
1004574,cbde9be3-d1ea-4e58-81c6-8ad682ffd466,Y
1004574,575ade98-76e3-46f5-8579-9284e9584010,N
1004574,5b1460aa-f4fc-4284-88df-1b6499abcaa2,N
1004574,e3e6f43c-5afd-46a8-856c-fdc35f3230f1,Y
1004574,312d8d42-65ef-4134-9fee-2e5944336a13,Y
1005263,cbde9be3-d1ea-4e58-81c6-8ad682ffd466,Y
1005263,575ade98-76e3-46f5-8579-9284e9584010,N
1005263,5b1460aa-f4fc-4284-88df-1b6499abcaa2,N
1005263,e3e6f43c-5afd-46a8-856c-fdc35f3230f1,Y
1005263,312d8d42-65ef-4134-9fee-2e5944336a13,Y
1005269,cbde9be3-d1ea-4e58-81c6-8ad682ffd466,Y
1005269,575ade98-76e3-46f5-8579-9284e9584010,N
1005269,5b1460aa-f4fc-4284-88df-1b6499abcaa2,N
1005269,e3e6f43c-5afd-46a8-856c-fdc35f3230f1,Y
1005269,312d8d42-65ef-4134-9fee-2e5944336a13,Y
1005264,cbde9be3-d1ea-4e58-81c6-8ad682ffd466,Y
1005264,575ade98-76e3-46f5-8579-9284e9584010,N
1005264,5b1460aa-f4fc-4284-88df-1b6499abcaa2,N
1005264,e3e6f43c-5afd-46a8-856c-fdc35f3230f1,Y
1005264,312d8d42-65ef-4134-9fee-2e5944336a13,Y
1005266,cbde9be3-d1ea-4e58-81c6-8ad682ffd466,Y
1005266,575ade98-76e3-46f5-8579-9284e9584010,N
1005266,5b1460aa-f4fc-4284-88df-1b6499abcaa2,N
1005266,e3e6f43c-5afd-46a8-856c-fdc35f3230f1,Y
1005266,312d8d42-65ef-4134-9fee-2e5944336a13,Y
1019489,cbde9be3-d1ea-4e58-81c6-8ad682ffd466,Y
1019489,575ade98-76e3-46f5-8579-9284e9584010,N
1019489,5b1460aa-f4fc-4284-88df-1b6499abcaa2,N
1019489,e3e6f43c-5afd-46a8-856c-fdc35f3230f1,N
1019489,312d8d42-65ef-4134-9fee-2e5944336a13,N
1021340,cbde9be3-d1ea-4e58-81c6-8ad682ffd466,Y
1021340,575ade98-76e3-46f5-8579-9284e9584010,Y
1021340,5b1460aa-f4fc-4284-88df-1b6499abcaa2,Y
1021340,e3e6f43c-5afd-46a8-856c-fdc35f3230f1,Y
1021340,312d8d42-65ef-4134-9fee-2e5944336a13,Y
1020197,cbde9be3-d1ea-4e58-81c6-8ad682ffd466,Y
1020197,575ade98-76e3-46f5-8579-9284e9584010,Y
1020197,5b1460aa-f4fc-4284-88df-1b6499abcaa2,N
1020197,e3e6f43c-5afd-46a8-856c-fdc35f3230f1,Y
1020197,312d8d42-65ef-4134-9fee-2e5944336a13,Y
1018219,cbde9be3-d1ea-4e58-81c6-8ad682ffd466,Y
1018219,575ade98-76e3-46f5-8579-9284e9584010,Y
1018219,5b1460aa-f4fc-4284-88df-1b6499abcaa2,Y
1018219,e3e6f43c-5afd-46a8-856c-fdc35f3230f1,Y
1018219,312d8d42-65ef-4134-9fee-2e5944336a13,Y
1021366,cbde9be3-d1ea-4e58-81c6-8ad682ffd466,Y
1021366,575ade98-76e3-46f5-8579-9284e9584010,N
1021366,5b1460aa-f4fc-4284-88df-1b6499abcaa2,N
1021366,e3e6f43c-5afd-46a8-856c-fdc35f3230f1,N
1021366,312d8d42-65ef-4134-9fee-2e5944336a13,N
1018552,cbde9be3-d1ea-4e58-81c6-8ad682ffd466,Y
1018552,575ade98-76e3-46f5-8579-9284e9584010,Y
1018552,5b1460aa-f4fc-4284-88df-1b6499abcaa2,N
1018552,e3e6f43c-5afd-46a8-856c-fdc35f3230f1,Y
1018552,312d8d42-65ef-4134-9fee-2e5944336a13,Y
1020021,cbde9be3-d1ea-4e58-81c6-8ad682ffd466,Y
1020021,575ade98-76e3-46f5-8579-9284e9584010,Y
1020021,5b1460aa-f4fc-4284-88df-1b6499abcaa2,N
1020021,e3e6f43c-5afd-46a8-856c-fdc35f3230f1,Y
1020021,312d8d42-65ef-4134-9fee-2e5944336a13,Y
1019394,cbde9be3-d1ea-4e58-81c6-8ad682ffd466,Y
1019394,575ade98-76e3-46f5-8579-9284e9584010,Y
1019394,5b1460aa-f4fc-4284-88df-1b6499abcaa2,N
1019394,e3e6f43c-5afd-46a8-856c-fdc35f3230f1,Y
1019394,312d8d42-65ef-4134-9fee-2e5944336a13,N
1018319,cbde9be3-d1ea-4e58-81c6-8ad682ffd466,Y
1018319,575ade98-76e3-46f5-8579-9284e9584010,N
1018319,5b1460aa-f4fc-4284-88df-1b6499abcaa2,N
1018319,e3e6f43c-5afd-46a8-856c-fdc35f3230f1,N
1018319,312d8d42-65ef-4134-9fee-2e5944336a13,N
1001962,cbde9be3-d1ea-4e58-81c6-8ad682ffd466,Y
1001962,575ade98-76e3-46f5-8579-9284e9584010,Y
1001962,5b1460aa-f4fc-4284-88df-1b6499abcaa2,N
1001962,e3e6f43c-5afd-46a8-856c-fdc35f3230f1,Y
1001962,312d8d42-65ef-4134-9fee-2e5944336a13,N
1011229,cbde9be3-d1ea-4e58-81c6-8ad682ffd466,Y
1011229,575ade98-76e3-46f5-8579-9284e9584010,N
1011229,5b1460aa-f4fc-4284-88df-1b6499abcaa2,N
1011229,e3e6f43c-5afd-46a8-856c-fdc35f3230f1,N
1011229,312d8d42-65ef-4134-9fee-2e5944336a13,Y
1019613,cbde9be3-d1ea-4e58-81c6-8ad682ffd466,Y
1019613,575ade98-76e3-46f5-8579-9284e9584010,Y
1019613,5b1460aa-f4fc-4284-88df-1b6499abcaa2,N
1019613,e3e6f43c-5afd-46a8-856c-fdc35f3230f1,N
1019613,312d8d42-65ef-4134-9fee-2e5944336a13,N
1004499,cbde9be3-d1ea-4e58-81c6-8ad682ffd466,Y
1004499,575ade98-76e3-46f5-8579-9284e9584010,Y
1004499,5b1460aa-f4fc-4284-88df-1b6499abcaa2,Y
1004499,e3e6f43c-5afd-46a8-856c-fdc35f3230f1,N
1004499,312d8d42-65ef-4134-9fee-2e5944336a13,Y
1019016,cbde9be3-d1ea-4e58-81c6-8ad682ffd466,Y
1019016,575ade98-76e3-46f5-8579-9284e9584010,N
1019016,5b1460aa-f4fc-4284-88df-1b6499abcaa2,N
1019016,e3e6f43c-5afd-46a8-856c-fdc35f3230f1,N
1019016,312d8d42-65ef-4134-9fee-2e5944336a13,N
1021559,cbde9be3-d1ea-4e58-81c6-8ad682ffd466,Y
1021559,575ade98-76e3-46f5-8579-9284e9584010,Y
1021559,5b1460aa-f4fc-4284-88df-1b6499abcaa2,N
1021559,e3e6f43c-5afd-46a8-856c-fdc35f3230f1,Y
1021559,312d8d42-65ef-4134-9fee-2e5944336a13,N
1012485,cbde9be3-d1ea-4e58-81c6-8ad682ffd466,Y
1012485,575ade98-76e3-46f5-8579-9284e9584010,N
1012485,5b1460aa-f4fc-4284-88df-1b6499abcaa2,N
1012485,e3e6f43c-5afd-46a8-856c-fdc35f3230f1,Y
1012485,312d8d42-65ef-4134-9fee-2e5944336a13,Y
1020047,cbde9be3-d1ea-4e58-81c6-8ad682ffd466,Y
1020047,575ade98-76e3-46f5-8579-9284e9584010,Y
1020047,5b1460aa-f4fc-4284-88df-1b6499abcaa2,Y
1020047,e3e6f43c-5afd-46a8-856c-fdc35f3230f1,Y
1020047,312d8d42-65ef-4134-9fee-2e5944336a13,Y
1019124,cbde9be3-d1ea-4e58-81c6-8ad682ffd466,Y
1019124,575ade98-76e3-46f5-8579-9284e9584010,N
1019124,5b1460aa-f4fc-4284-88df-1b6499abcaa2,N
1019124,e3e6f43c-5afd-46a8-856c-fdc35f3230f1,Y
1019124,312d8d42-65ef-4134-9fee-2e5944336a13,N
1021709,cbde9be3-d1ea-4e58-81c6-8ad682ffd466,Y
1021709,575ade98-76e3-46f5-8579-9284e9584010,Y
1021709,5b1460aa-f4fc-4284-88df-1b6499abcaa2,N
1021709,e3e6f43c-5afd-46a8-856c-fdc35f3230f1,Y
1021709,312d8d42-65ef-4134-9fee-2e5944336a13,Y
1021452,cbde9be3-d1ea-4e58-81c6-8ad682ffd466,Y
1021452,575ade98-76e3-46f5-8579-9284e9584010,N
1021452,5b1460aa-f4fc-4284-88df-1b6499abcaa2,N
1021452,e3e6f43c-5afd-46a8-856c-fdc35f3230f1,N
1021452,312d8d42-65ef-4134-9fee-2e5944336a13,Y
1006093,cbde9be3-d1ea-4e58-81c6-8ad682ffd466,Y
1006093,575ade98-76e3-46f5-8579-9284e9584010,Y
1006093,5b1460aa-f4fc-4284-88df-1b6499abcaa2,N
1006093,e3e6f43c-5afd-46a8-856c-fdc35f3230f1,Y
1006093,312d8d42-65ef-4134-9fee-2e5944336a13,N
1000384,cbde9be3-d1ea-4e58-81c6-8ad682ffd466,Y
1000384,575ade98-76e3-46f5-8579-9284e9584010,Y
1000384,5b1460aa-f4fc-4284-88df-1b6499abcaa2,N
1000384,e3e6f43c-5afd-46a8-856c-fdc35f3230f1,Y
1000384,312d8d42-65ef-4134-9fee-2e5944336a13,N
1019864,cbde9be3-d1ea-4e58-81c6-8ad682ffd466,Y
1019864,575ade98-76e3-46f5-8579-9284e9584010,Y
1019864,5b1460aa-f4fc-4284-88df-1b6499abcaa2,N
1019864,e3e6f43c-5afd-46a8-856c-fdc35f3230f1,Y
1019864,312d8d42-65ef-4134-9fee-2e5944336a13,Y
1012212,cbde9be3-d1ea-4e58-81c6-8ad682ffd466,Y
1012212,575ade98-76e3-46f5-8579-9284e9584010,N
1012212,5b1460aa-f4fc-4284-88df-1b6499abcaa2,N
1012212,e3e6f43c-5afd-46a8-856c-fdc35f3230f1,N
1012212,312d8d42-65ef-4134-9fee-2e5944336a13,Y
1019641,cbde9be3-d1ea-4e58-81c6-8ad682ffd466,Y
1019641,575ade98-76e3-46f5-8579-9284e9584010,Y
1019641,5b1460aa-f4fc-4284-88df-1b6499abcaa2,Y
1019641,e3e6f43c-5afd-46a8-856c-fdc35f3230f1,Y
1019641,312d8d42-65ef-4134-9fee-2e5944336a13,Y
1019114,cbde9be3-d1ea-4e58-81c6-8ad682ffd466,Y
1019114,575ade98-76e3-46f5-8579-9284e9584010,Y
1019114,5b1460aa-f4fc-4284-88df-1b6499abcaa2,N
1019114,e3e6f43c-5afd-46a8-856c-fdc35f3230f1,Y
1019114,312d8d42-65ef-4134-9fee-2e5944336a13,Y
1002890,cbde9be3-d1ea-4e58-81c6-8ad682ffd466,Y
1002890,575ade98-76e3-46f5-8579-9284e9584010,Y
1002890,5b1460aa-f4fc-4284-88df-1b6499abcaa2,N
1002890,e3e6f43c-5afd-46a8-856c-fdc35f3230f1,N
1002890,312d8d42-65ef-4134-9fee-2e5944336a13,Y
1002280,cbde9be3-d1ea-4e58-81c6-8ad682ffd466,Y
1002280,575ade98-76e3-46f5-8579-9284e9584010,N
1002280,5b1460aa-f4fc-4284-88df-1b6499abcaa2,N
1002280,e3e6f43c-5afd-46a8-856c-fdc35f3230f1,Y
1002280,312d8d42-65ef-4134-9fee-2e5944336a13,N
1019067,cbde9be3-d1ea-4e58-81c6-8ad682ffd466,Y
1019067,575ade98-76e3-46f5-8579-9284e9584010,N
1019067,5b1460aa-f4fc-4284-88df-1b6499abcaa2,N
1019067,e3e6f43c-5afd-46a8-856c-fdc35f3230f1,N
1019067,312d8d42-65ef-4134-9fee-2e5944336a13,Y
1021569,cbde9be3-d1ea-4e58-81c6-8ad682ffd466,Y
1021569,575ade98-76e3-46f5-8579-9284e9584010,N
1021569,5b1460aa-f4fc-4284-88df-1b6499abcaa2,N
1021569,e3e6f43c-5afd-46a8-856c-fdc35f3230f1,Y
1021569,312d8d42-65ef-4134-9fee-2e5944336a13,N
1018650,cbde9be3-d1ea-4e58-81c6-8ad682ffd466,Y
1018650,575ade98-76e3-46f5-8579-9284e9584010,N
1018650,5b1460aa-f4fc-4284-88df-1b6499abcaa2,N
1018650,e3e6f43c-5afd-46a8-856c-fdc35f3230f1,N
1018650,312d8d42-65ef-4134-9fee-2e5944336a13,Y
1011203,cbde9be3-d1ea-4e58-81c6-8ad682ffd466,Y
1011203,575ade98-76e3-46f5-8579-9284e9584010,Y
1011203,5b1460aa-f4fc-4284-88df-1b6499abcaa2,N
1011203,e3e6f43c-5afd-46a8-856c-fdc35f3230f1,Y
1011203,312d8d42-65ef-4134-9fee-2e5944336a13,Y
1019424,cbde9be3-d1ea-4e58-81c6-8ad682ffd466,Y
1019424,575ade98-76e3-46f5-8579-9284e9584010,Y
1019424,5b1460aa-f4fc-4284-88df-1b6499abcaa2,Y
1019424,e3e6f43c-5afd-46a8-856c-fdc35f3230f1,N
1019424,312d8d42-65ef-4134-9fee-2e5944336a13,N
1019657,cbde9be3-d1ea-4e58-81c6-8ad682ffd466,Y
1019657,575ade98-76e3-46f5-8579-9284e9584010,N
1019657,5b1460aa-f4fc-4284-88df-1b6499abcaa2,N
1019657,e3e6f43c-5afd-46a8-856c-fdc35f3230f1,Y
1019657,312d8d42-65ef-4134-9fee-2e5944336a13,N
1019877,cbde9be3-d1ea-4e58-81c6-8ad682ffd466,Y
1019877,575ade98-76e3-46f5-8579-9284e9584010,N
1019877,5b1460aa-f4fc-4284-88df-1b6499abcaa2,N
1019877,e3e6f43c-5afd-46a8-856c-fdc35f3230f1,N
1019877,312d8d42-65ef-4134-9fee-2e5944336a13,N
1002177,cbde9be3-d1ea-4e58-81c6-8ad682ffd466,Y
1002177,575ade98-76e3-46f5-8579-9284e9584010,Y
1002177,5b1460aa-f4fc-4284-88df-1b6499abcaa2,N
1002177,e3e6f43c-5afd-46a8-856c-fdc35f3230f1,Y
1002177,312d8d42-65ef-4134-9fee-2e5944336a13,N
1016908,cbde9be3-d1ea-4e58-81c6-8ad682ffd466,Y
1016908,575ade98-76e3-46f5-8579-9284e9584010,Y
1016908,5b1460aa-f4fc-4284-88df-1b6499abcaa2,Y
1016908,e3e6f43c-5afd-46a8-856c-fdc35f3230f1,Y
1016908,312d8d42-65ef-4134-9fee-2e5944336a13,Y
1019911,cbde9be3-d1ea-4e58-81c6-8ad682ffd466,Y
1019911,575ade98-76e3-46f5-8579-9284e9584010,Y
1019911,5b1460aa-f4fc-4284-88df-1b6499abcaa2,Y
1019911,e3e6f43c-5afd-46a8-856c-fdc35f3230f1,Y
1019911,312d8d42-65ef-4134-9fee-2e5944336a13,Y
1012204,cbde9be3-d1ea-4e58-81c6-8ad682ffd466,Y
1012204,575ade98-76e3-46f5-8579-9284e9584010,N
1012204,5b1460aa-f4fc-4284-88df-1b6499abcaa2,N
1012204,e3e6f43c-5afd-46a8-856c-fdc35f3230f1,N
1012204,312d8d42-65ef-4134-9fee-2e5944336a13,N
1010319,cbde9be3-d1ea-4e58-81c6-8ad682ffd466,Y
1010319,575ade98-76e3-46f5-8579-9284e9584010,N
1010319,5b1460aa-f4fc-4284-88df-1b6499abcaa2,N
1010319,e3e6f43c-5afd-46a8-856c-fdc35f3230f1,N
1010319,312d8d42-65ef-4134-9fee-2e5944336a13,N
1019509,cbde9be3-d1ea-4e58-81c6-8ad682ffd466,Y
1019509,575ade98-76e3-46f5-8579-9284e9584010,N
1019509,5b1460aa-f4fc-4284-88df-1b6499abcaa2,N
1019509,e3e6f43c-5afd-46a8-856c-fdc35f3230f1,N
1019509,312d8d42-65ef-4134-9fee-2e5944336a13,N
1021367,cbde9be3-d1ea-4e58-81c6-8ad682ffd466,Y
1021367,575ade98-76e3-46f5-8579-9284e9584010,Y
1021367,5b1460aa-f4fc-4284-88df-1b6499abcaa2,N
1021367,e3e6f43c-5afd-46a8-856c-fdc35f3230f1,N
1021367,312d8d42-65ef-4134-9fee-2e5944336a13,Y
1019364,cbde9be3-d1ea-4e58-81c6-8ad682ffd466,Y
1019364,575ade98-76e3-46f5-8579-9284e9584010,N
1019364,5b1460aa-f4fc-4284-88df-1b6499abcaa2,N
1019364,e3e6f43c-5afd-46a8-856c-fdc35f3230f1,Y
1019364,312d8d42-65ef-4134-9fee-2e5944336a13,Y
1019444,cbde9be3-d1ea-4e58-81c6-8ad682ffd466,Y
1019444,575ade98-76e3-46f5-8579-9284e9584010,N
1019444,5b1460aa-f4fc-4284-88df-1b6499abcaa2,Y
1019444,e3e6f43c-5afd-46a8-856c-fdc35f3230f1,N
1019444,312d8d42-65ef-4134-9fee-2e5944336a13,Y
1021274,cbde9be3-d1ea-4e58-81c6-8ad682ffd466,Y
1021274,575ade98-76e3-46f5-8579-9284e9584010,Y
1021274,5b1460aa-f4fc-4284-88df-1b6499abcaa2,N
1021274,e3e6f43c-5afd-46a8-856c-fdc35f3230f1,Y
1021274,312d8d42-65ef-4134-9fee-2e5944336a13,Y
1019797,cbde9be3-d1ea-4e58-81c6-8ad682ffd466,Y
1019797,575ade98-76e3-46f5-8579-9284e9584010,Y
1019797,5b1460aa-f4fc-4284-88df-1b6499abcaa2,Y
1019797,e3e6f43c-5afd-46a8-856c-fdc35f3230f1,Y
1019797,312d8d42-65ef-4134-9fee-2e5944336a13,Y
1021246,cbde9be3-d1ea-4e58-81c6-8ad682ffd466,Y
1021246,575ade98-76e3-46f5-8579-9284e9584010,Y
1021246,5b1460aa-f4fc-4284-88df-1b6499abcaa2,N
1021246,e3e6f43c-5afd-46a8-856c-fdc35f3230f1,Y
1021246,312d8d42-65ef-4134-9fee-2e5944336a13,Y
1002816,cbde9be3-d1ea-4e58-81c6-8ad682ffd466,Y
1002816,575ade98-76e3-46f5-8579-9284e9584010,Y
1002816,5b1460aa-f4fc-4284-88df-1b6499abcaa2,Y
1002816,e3e6f43c-5afd-46a8-856c-fdc35f3230f1,Y
1002816,312d8d42-65ef-4134-9fee-2e5944336a13,Y
1020070,cbde9be3-d1ea-4e58-81c6-8ad682ffd466,Y
1020070,575ade98-76e3-46f5-8579-9284e9584010,N
1020070,5b1460aa-f4fc-4284-88df-1b6499abcaa2,N
1020070,e3e6f43c-5afd-46a8-856c-fdc35f3230f1,N
1020070,312d8d42-65ef-4134-9fee-2e5944336a13,N
1001661,cbde9be3-d1ea-4e58-81c6-8ad682ffd466,Y
1001661,575ade98-76e3-46f5-8579-9284e9584010,Y
1001661,5b1460aa-f4fc-4284-88df-1b6499abcaa2,Y
1001661,e3e6f43c-5afd-46a8-856c-fdc35f3230f1,Y
1001661,312d8d42-65ef-4134-9fee-2e5944336a13,Y
1021217,cbde9be3-d1ea-4e58-81c6-8ad682ffd466,Y
1021217,575ade98-76e3-46f5-8579-9284e9584010,Y
1021217,5b1460aa-f4fc-4284-88df-1b6499abcaa2,Y
1021217,e3e6f43c-5afd-46a8-856c-fdc35f3230f1,Y
1021217,312d8d42-65ef-4134-9fee-2e5944336a13,Y
1004515,cbde9be3-d1ea-4e58-81c6-8ad682ffd466,Y
1004515,575ade98-76e3-46f5-8579-9284e9584010,Y
1004515,5b1460aa-f4fc-4284-88df-1b6499abcaa2,N
1004515,e3e6f43c-5afd-46a8-856c-fdc35f3230f1,Y
1004515,312d8d42-65ef-4134-9fee-2e5944336a13,Y
1005280,cbde9be3-d1ea-4e58-81c6-8ad682ffd466,Y
1005280,575ade98-76e3-46f5-8579-9284e9584010,Y
1005280,5b1460aa-f4fc-4284-88df-1b6499abcaa2,Y
1005280,e3e6f43c-5afd-46a8-856c-fdc35f3230f1,Y
1005280,312d8d42-65ef-4134-9fee-2e5944336a13,Y
1020020,cbde9be3-d1ea-4e58-81c6-8ad682ffd466,Y
1020020,575ade98-76e3-46f5-8579-9284e9584010,Y
1020020,5b1460aa-f4fc-4284-88df-1b6499abcaa2,Y
1020020,e3e6f43c-5afd-46a8-856c-fdc35f3230f1,N
1020020,312d8d42-65ef-4134-9fee-2e5944336a13,Y
1021258,cbde9be3-d1ea-4e58-81c6-8ad682ffd466,Y
1021258,575ade98-76e3-46f5-8579-9284e9584010,N
1021258,5b1460aa-f4fc-4284-88df-1b6499abcaa2,N
1021258,e3e6f43c-5afd-46a8-856c-fdc35f3230f1,N
1021258,312d8d42-65ef-4134-9fee-2e5944336a13,Y
1020010,cbde9be3-d1ea-4e58-81c6-8ad682ffd466,Y
1020010,575ade98-76e3-46f5-8579-9284e9584010,N
1020010,5b1460aa-f4fc-4284-88df-1b6499abcaa2,N
1020010,e3e6f43c-5afd-46a8-856c-fdc35f3230f1,N
1020010,312d8d42-65ef-4134-9fee-2e5944336a13,N
1021488,cbde9be3-d1ea-4e58-81c6-8ad682ffd466,Y
1021488,575ade98-76e3-46f5-8579-9284e9584010,N
1021488,5b1460aa-f4fc-4284-88df-1b6499abcaa2,N
1021488,e3e6f43c-5afd-46a8-856c-fdc35f3230f1,N
1021488,312d8d42-65ef-4134-9fee-2e5944336a13,N
1019955,cbde9be3-d1ea-4e58-81c6-8ad682ffd466,Y
1019955,575ade98-76e3-46f5-8579-9284e9584010,Y
1019955,5b1460aa-f4fc-4284-88df-1b6499abcaa2,Y
1019955,e3e6f43c-5afd-46a8-856c-fdc35f3230f1,Y
1019955,312d8d42-65ef-4134-9fee-2e5944336a13,N
1019392,cbde9be3-d1ea-4e58-81c6-8ad682ffd466,Y
1019392,575ade98-76e3-46f5-8579-9284e9584010,N
1019392,5b1460aa-f4fc-4284-88df-1b6499abcaa2,N
1019392,e3e6f43c-5afd-46a8-856c-fdc35f3230f1,N
1019392,312d8d42-65ef-4134-9fee-2e5944336a13,Y
1020157,cbde9be3-d1ea-4e58-81c6-8ad682ffd466,Y
1020157,575ade98-76e3-46f5-8579-9284e9584010,N
1020157,5b1460aa-f4fc-4284-88df-1b6499abcaa2,Y
1020157,e3e6f43c-5afd-46a8-856c-fdc35f3230f1,Y
1020157,312d8d42-65ef-4134-9fee-2e5944336a13,Y
1020156,cbde9be3-d1ea-4e58-81c6-8ad682ffd466,Y
1020156,575ade98-76e3-46f5-8579-9284e9584010,N
1020156,5b1460aa-f4fc-4284-88df-1b6499abcaa2,Y
1020156,e3e6f43c-5afd-46a8-856c-fdc35f3230f1,Y
1020156,312d8d42-65ef-4134-9fee-2e5944336a13,Y
1019221,cbde9be3-d1ea-4e58-81c6-8ad682ffd466,Y
1019221,575ade98-76e3-46f5-8579-9284e9584010,N
1019221,5b1460aa-f4fc-4284-88df-1b6499abcaa2,N
1019221,e3e6f43c-5afd-46a8-856c-fdc35f3230f1,N
1019221,312d8d42-65ef-4134-9fee-2e5944336a13,Y
1021495,cbde9be3-d1ea-4e58-81c6-8ad682ffd466,Y
1021495,575ade98-76e3-46f5-8579-9284e9584010,N
1021495,5b1460aa-f4fc-4284-88df-1b6499abcaa2,Y
1021495,e3e6f43c-5afd-46a8-856c-fdc35f3230f1,Y
1021495,312d8d42-65ef-4134-9fee-2e5944336a13,Y
1021497,cbde9be3-d1ea-4e58-81c6-8ad682ffd466,Y
1021497,575ade98-76e3-46f5-8579-9284e9584010,N
1021497,5b1460aa-f4fc-4284-88df-1b6499abcaa2,Y
1021497,e3e6f43c-5afd-46a8-856c-fdc35f3230f1,Y
1021497,312d8d42-65ef-4134-9fee-2e5944336a13,Y
1021498,cbde9be3-d1ea-4e58-81c6-8ad682ffd466,Y
1021498,575ade98-76e3-46f5-8579-9284e9584010,N
1021498,5b1460aa-f4fc-4284-88df-1b6499abcaa2,Y
1021498,e3e6f43c-5afd-46a8-856c-fdc35f3230f1,Y
1021498,312d8d42-65ef-4134-9fee-2e5944336a13,Y
1021496,cbde9be3-d1ea-4e58-81c6-8ad682ffd466,Y
1021496,575ade98-76e3-46f5-8579-9284e9584010,N
1021496,5b1460aa-f4fc-4284-88df-1b6499abcaa2,Y
1021496,e3e6f43c-5afd-46a8-856c-fdc35f3230f1,Y
1021496,312d8d42-65ef-4134-9fee-2e5944336a13,Y
1019878,cbde9be3-d1ea-4e58-81c6-8ad682ffd466,Y
1019878,575ade98-76e3-46f5-8579-9284e9584010,N
1019878,5b1460aa-f4fc-4284-88df-1b6499abcaa2,N
1019878,e3e6f43c-5afd-46a8-856c-fdc35f3230f1,N
1019878,312d8d42-65ef-4134-9fee-2e5944336a13,N
1019069,cbde9be3-d1ea-4e58-81c6-8ad682ffd466,Y
1019069,575ade98-76e3-46f5-8579-9284e9584010,N
1019069,5b1460aa-f4fc-4284-88df-1b6499abcaa2,N
1019069,e3e6f43c-5afd-46a8-856c-fdc35f3230f1,N
1019069,312d8d42-65ef-4134-9fee-2e5944336a13,Y
1018274,cbde9be3-d1ea-4e58-81c6-8ad682ffd466,Y
1018274,575ade98-76e3-46f5-8579-9284e9584010,Y
1018274,5b1460aa-f4fc-4284-88df-1b6499abcaa2,N
1018274,e3e6f43c-5afd-46a8-856c-fdc35f3230f1,N
1018274,312d8d42-65ef-4134-9fee-2e5944336a13,Y
1019652,cbde9be3-d1ea-4e58-81c6-8ad682ffd466,Y
1019652,575ade98-76e3-46f5-8579-9284e9584010,N
1019652,5b1460aa-f4fc-4284-88df-1b6499abcaa2,N
1019652,e3e6f43c-5afd-46a8-856c-fdc35f3230f1,N
1019652,312d8d42-65ef-4134-9fee-2e5944336a13,Y
1021720,cbde9be3-d1ea-4e58-81c6-8ad682ffd466,Y
1021720,575ade98-76e3-46f5-8579-9284e9584010,N
1021720,5b1460aa-f4fc-4284-88df-1b6499abcaa2,N
1021720,e3e6f43c-5afd-46a8-856c-fdc35f3230f1,N
1021720,312d8d42-65ef-4134-9fee-2e5944336a13,Y
1019337,cbde9be3-d1ea-4e58-81c6-8ad682ffd466,Y
1019337,575ade98-76e3-46f5-8579-9284e9584010,N
1019337,5b1460aa-f4fc-4284-88df-1b6499abcaa2,N
1019337,e3e6f43c-5afd-46a8-856c-fdc35f3230f1,Y
1019337,312d8d42-65ef-4134-9fee-2e5944336a13,Y
1020187,cbde9be3-d1ea-4e58-81c6-8ad682ffd466,Y
1020187,575ade98-76e3-46f5-8579-9284e9584010,Y
1020187,5b1460aa-f4fc-4284-88df-1b6499abcaa2,N
1020187,e3e6f43c-5afd-46a8-856c-fdc35f3230f1,N
1020187,312d8d42-65ef-4134-9fee-2e5944336a13,Y
1019433,cbde9be3-d1ea-4e58-81c6-8ad682ffd466,Y
1019433,575ade98-76e3-46f5-8579-9284e9584010,Y
1019433,5b1460aa-f4fc-4284-88df-1b6499abcaa2,N
1019433,e3e6f43c-5afd-46a8-856c-fdc35f3230f1,Y
1019433,312d8d42-65ef-4134-9fee-2e5944336a13,Y
1019369,cbde9be3-d1ea-4e58-81c6-8ad682ffd466,Y
1019369,575ade98-76e3-46f5-8579-9284e9584010,N
1019369,5b1460aa-f4fc-4284-88df-1b6499abcaa2,N
1019369,e3e6f43c-5afd-46a8-856c-fdc35f3230f1,N
1019369,312d8d42-65ef-4134-9fee-2e5944336a13,Y
1011274,cbde9be3-d1ea-4e58-81c6-8ad682ffd466,Y
1011274,575ade98-76e3-46f5-8579-9284e9584010,Y
1011274,5b1460aa-f4fc-4284-88df-1b6499abcaa2,N
1011274,e3e6f43c-5afd-46a8-856c-fdc35f3230f1,Y
1011274,312d8d42-65ef-4134-9fee-2e5944336a13,N
1021231,cbde9be3-d1ea-4e58-81c6-8ad682ffd466,Y
1021231,575ade98-76e3-46f5-8579-9284e9584010,N
1021231,5b1460aa-f4fc-4284-88df-1b6499abcaa2,N
1021231,e3e6f43c-5afd-46a8-856c-fdc35f3230f1,N
1021231,312d8d42-65ef-4134-9fee-2e5944336a13,N
1019229,cbde9be3-d1ea-4e58-81c6-8ad682ffd466,Y
1019229,575ade98-76e3-46f5-8579-9284e9584010,N
1019229,5b1460aa-f4fc-4284-88df-1b6499abcaa2,N
1019229,e3e6f43c-5afd-46a8-856c-fdc35f3230f1,N
1019229,312d8d42-65ef-4134-9fee-2e5944336a13,N
1019848,cbde9be3-d1ea-4e58-81c6-8ad682ffd466,Y
1019848,575ade98-76e3-46f5-8579-9284e9584010,N
1019848,5b1460aa-f4fc-4284-88df-1b6499abcaa2,N
1019848,e3e6f43c-5afd-46a8-856c-fdc35f3230f1,N
1019848,312d8d42-65ef-4134-9fee-2e5944336a13,Y
1019653,cbde9be3-d1ea-4e58-81c6-8ad682ffd466,Y
1019653,575ade98-76e3-46f5-8579-9284e9584010,Y
1019653,5b1460aa-f4fc-4284-88df-1b6499abcaa2,N
1019653,e3e6f43c-5afd-46a8-856c-fdc35f3230f1,Y
1019653,312d8d42-65ef-4134-9fee-2e5944336a13,Y
1019449,cbde9be3-d1ea-4e58-81c6-8ad682ffd466,Y
1019449,575ade98-76e3-46f5-8579-9284e9584010,N
1019449,5b1460aa-f4fc-4284-88df-1b6499abcaa2,N
1019449,e3e6f43c-5afd-46a8-856c-fdc35f3230f1,N
1019449,312d8d42-65ef-4134-9fee-2e5944336a13,Y
1018925,cbde9be3-d1ea-4e58-81c6-8ad682ffd466,Y
1018925,575ade98-76e3-46f5-8579-9284e9584010,N
1018925,5b1460aa-f4fc-4284-88df-1b6499abcaa2,N
1018925,e3e6f43c-5afd-46a8-856c-fdc35f3230f1,N
1018925,312d8d42-65ef-4134-9fee-2e5944336a13,N
1019463,cbde9be3-d1ea-4e58-81c6-8ad682ffd466,Y
1019463,575ade98-76e3-46f5-8579-9284e9584010,Y
1019463,5b1460aa-f4fc-4284-88df-1b6499abcaa2,Y
1019463,e3e6f43c-5afd-46a8-856c-fdc35f3230f1,Y
1019463,312d8d42-65ef-4134-9fee-2e5944336a13,Y
1008231,cbde9be3-d1ea-4e58-81c6-8ad682ffd466,Y
1008231,575ade98-76e3-46f5-8579-9284e9584010,Y
1008231,5b1460aa-f4fc-4284-88df-1b6499abcaa2,N
1008231,e3e6f43c-5afd-46a8-856c-fdc35f3230f1,Y
1008231,312d8d42-65ef-4134-9fee-2e5944336a13,N
1019845,cbde9be3-d1ea-4e58-81c6-8ad682ffd466,Y
1019845,575ade98-76e3-46f5-8579-9284e9584010,N
1019845,5b1460aa-f4fc-4284-88df-1b6499abcaa2,N
1019845,e3e6f43c-5afd-46a8-856c-fdc35f3230f1,N
1019845,312d8d42-65ef-4134-9fee-2e5944336a13,Y
1020158,cbde9be3-d1ea-4e58-81c6-8ad682ffd466,Y
1020158,575ade98-76e3-46f5-8579-9284e9584010,Y
1020158,5b1460aa-f4fc-4284-88df-1b6499abcaa2,N
1020158,e3e6f43c-5afd-46a8-856c-fdc35f3230f1,Y
1020158,312d8d42-65ef-4134-9fee-2e5944336a13,N
1009027,cbde9be3-d1ea-4e58-81c6-8ad682ffd466,Y
1009027,575ade98-76e3-46f5-8579-9284e9584010,N
1009027,5b1460aa-f4fc-4284-88df-1b6499abcaa2,N
1009027,e3e6f43c-5afd-46a8-856c-fdc35f3230f1,N
1009027,312d8d42-65ef-4134-9fee-2e5944336a13,Y
1019098,cbde9be3-d1ea-4e58-81c6-8ad682ffd466,Y
1019098,575ade98-76e3-46f5-8579-9284e9584010,Y
1019098,5b1460aa-f4fc-4284-88df-1b6499abcaa2,N
1019098,e3e6f43c-5afd-46a8-856c-fdc35f3230f1,N
1019098,312d8d42-65ef-4134-9fee-2e5944336a13,Y
1020138,cbde9be3-d1ea-4e58-81c6-8ad682ffd466,Y
1020138,575ade98-76e3-46f5-8579-9284e9584010,Y
1020138,5b1460aa-f4fc-4284-88df-1b6499abcaa2,N
1020138,e3e6f43c-5afd-46a8-856c-fdc35f3230f1,Y
1020138,312d8d42-65ef-4134-9fee-2e5944336a13,N
1020168,cbde9be3-d1ea-4e58-81c6-8ad682ffd466,Y
1020168,575ade98-76e3-46f5-8579-9284e9584010,Y
1020168,5b1460aa-f4fc-4284-88df-1b6499abcaa2,N
1020168,e3e6f43c-5afd-46a8-856c-fdc35f3230f1,Y
1020168,312d8d42-65ef-4134-9fee-2e5944336a13,Y
1019038,cbde9be3-d1ea-4e58-81c6-8ad682ffd466,Y
1019038,575ade98-76e3-46f5-8579-9284e9584010,Y
1019038,5b1460aa-f4fc-4284-88df-1b6499abcaa2,Y
1019038,e3e6f43c-5afd-46a8-856c-fdc35f3230f1,Y
1019038,312d8d42-65ef-4134-9fee-2e5944336a13,Y
1005140,cbde9be3-d1ea-4e58-81c6-8ad682ffd466,Y
1005140,575ade98-76e3-46f5-8579-9284e9584010,N
1005140,5b1460aa-f4fc-4284-88df-1b6499abcaa2,N
1005140,e3e6f43c-5afd-46a8-856c-fdc35f3230f1,N
1005140,312d8d42-65ef-4134-9fee-2e5944336a13,N
1021317,cbde9be3-d1ea-4e58-81c6-8ad682ffd466,Y
1021317,575ade98-76e3-46f5-8579-9284e9584010,Y
1021317,5b1460aa-f4fc-4284-88df-1b6499abcaa2,N
1021317,e3e6f43c-5afd-46a8-856c-fdc35f3230f1,Y
1021317,312d8d42-65ef-4134-9fee-2e5944336a13,Y
1021386,cbde9be3-d1ea-4e58-81c6-8ad682ffd466,Y
1021386,575ade98-76e3-46f5-8579-9284e9584010,N
1021386,5b1460aa-f4fc-4284-88df-1b6499abcaa2,Y
1021386,e3e6f43c-5afd-46a8-856c-fdc35f3230f1,Y
1021386,312d8d42-65ef-4134-9fee-2e5944336a13,Y
1021385,cbde9be3-d1ea-4e58-81c6-8ad682ffd466,Y
1021385,575ade98-76e3-46f5-8579-9284e9584010,N
1021385,5b1460aa-f4fc-4284-88df-1b6499abcaa2,Y
1021385,e3e6f43c-5afd-46a8-856c-fdc35f3230f1,Y
1021385,312d8d42-65ef-4134-9fee-2e5944336a13,Y
1011337,cbde9be3-d1ea-4e58-81c6-8ad682ffd466,Y
1011337,575ade98-76e3-46f5-8579-9284e9584010,N
1011337,5b1460aa-f4fc-4284-88df-1b6499abcaa2,N
1011337,e3e6f43c-5afd-46a8-856c-fdc35f3230f1,N
1011337,312d8d42-65ef-4134-9fee-2e5944336a13,Y
1021328,cbde9be3-d1ea-4e58-81c6-8ad682ffd466,Y
1021328,575ade98-76e3-46f5-8579-9284e9584010,N
1021328,5b1460aa-f4fc-4284-88df-1b6499abcaa2,N
1021328,e3e6f43c-5afd-46a8-856c-fdc35f3230f1,N
1021328,312d8d42-65ef-4134-9fee-2e5944336a13,Y
1019912,cbde9be3-d1ea-4e58-81c6-8ad682ffd466,Y
1019912,575ade98-76e3-46f5-8579-9284e9584010,Y
1019912,5b1460aa-f4fc-4284-88df-1b6499abcaa2,Y
1019912,e3e6f43c-5afd-46a8-856c-fdc35f3230f1,Y
1019912,312d8d42-65ef-4134-9fee-2e5944336a13,Y
1007309,cbde9be3-d1ea-4e58-81c6-8ad682ffd466,Y
1007309,575ade98-76e3-46f5-8579-9284e9584010,Y
1007309,5b1460aa-f4fc-4284-88df-1b6499abcaa2,N
1007309,e3e6f43c-5afd-46a8-856c-fdc35f3230f1,Y
1007309,312d8d42-65ef-4134-9fee-2e5944336a13,N
1017915,cbde9be3-d1ea-4e58-81c6-8ad682ffd466,Y
1017915,575ade98-76e3-46f5-8579-9284e9584010,N
1017915,5b1460aa-f4fc-4284-88df-1b6499abcaa2,N
1017915,e3e6f43c-5afd-46a8-856c-fdc35f3230f1,N
1017915,312d8d42-65ef-4134-9fee-2e5944336a13,Y
1019708,cbde9be3-d1ea-4e58-81c6-8ad682ffd466,Y
1019708,575ade98-76e3-46f5-8579-9284e9584010,N
1019708,5b1460aa-f4fc-4284-88df-1b6499abcaa2,N
1019708,e3e6f43c-5afd-46a8-856c-fdc35f3230f1,N
1019708,312d8d42-65ef-4134-9fee-2e5944336a13,Y
1018508,cbde9be3-d1ea-4e58-81c6-8ad682ffd466,Y
1018508,575ade98-76e3-46f5-8579-9284e9584010,N
1018508,5b1460aa-f4fc-4284-88df-1b6499abcaa2,N
1018508,e3e6f43c-5afd-46a8-856c-fdc35f3230f1,N
1018508,312d8d42-65ef-4134-9fee-2e5944336a13,N
1007259,cbde9be3-d1ea-4e58-81c6-8ad682ffd466,Y
1007259,575ade98-76e3-46f5-8579-9284e9584010,Y
1007259,5b1460aa-f4fc-4284-88df-1b6499abcaa2,N
1007259,e3e6f43c-5afd-46a8-856c-fdc35f3230f1,Y
1007259,312d8d42-65ef-4134-9fee-2e5944336a13,N
1002366,cbde9be3-d1ea-4e58-81c6-8ad682ffd466,Y
1002366,575ade98-76e3-46f5-8579-9284e9584010,N
1002366,5b1460aa-f4fc-4284-88df-1b6499abcaa2,N
1002366,e3e6f43c-5afd-46a8-856c-fdc35f3230f1,N
1002366,312d8d42-65ef-4134-9fee-2e5944336a13,Y
1019508,cbde9be3-d1ea-4e58-81c6-8ad682ffd466,Y
1019508,575ade98-76e3-46f5-8579-9284e9584010,N
1019508,5b1460aa-f4fc-4284-88df-1b6499abcaa2,N
1019508,e3e6f43c-5afd-46a8-856c-fdc35f3230f1,N
1019508,312d8d42-65ef-4134-9fee-2e5944336a13,Y
1019247,cbde9be3-d1ea-4e58-81c6-8ad682ffd466,Y
1019247,575ade98-76e3-46f5-8579-9284e9584010,N
1019247,5b1460aa-f4fc-4284-88df-1b6499abcaa2,N
1019247,e3e6f43c-5afd-46a8-856c-fdc35f3230f1,N
1019247,312d8d42-65ef-4134-9fee-2e5944336a13,N
1019245,cbde9be3-d1ea-4e58-81c6-8ad682ffd466,Y
1019245,575ade98-76e3-46f5-8579-9284e9584010,N
1019245,5b1460aa-f4fc-4284-88df-1b6499abcaa2,N
1019245,e3e6f43c-5afd-46a8-856c-fdc35f3230f1,N
1019245,312d8d42-65ef-4134-9fee-2e5944336a13,N
1019246,cbde9be3-d1ea-4e58-81c6-8ad682ffd466,Y
1019246,575ade98-76e3-46f5-8579-9284e9584010,N
1019246,5b1460aa-f4fc-4284-88df-1b6499abcaa2,N
1019246,e3e6f43c-5afd-46a8-856c-fdc35f3230f1,N
1019246,312d8d42-65ef-4134-9fee-2e5944336a13,N
1019250,cbde9be3-d1ea-4e58-81c6-8ad682ffd466,Y
1019250,575ade98-76e3-46f5-8579-9284e9584010,N
1019250,5b1460aa-f4fc-4284-88df-1b6499abcaa2,N
1019250,e3e6f43c-5afd-46a8-856c-fdc35f3230f1,N
1019250,312d8d42-65ef-4134-9fee-2e5944336a13,N
1019242,cbde9be3-d1ea-4e58-81c6-8ad682ffd466,Y
1019242,575ade98-76e3-46f5-8579-9284e9584010,N
1019242,5b1460aa-f4fc-4284-88df-1b6499abcaa2,N
1019242,e3e6f43c-5afd-46a8-856c-fdc35f3230f1,N
1019242,312d8d42-65ef-4134-9fee-2e5944336a13,N
1019244,cbde9be3-d1ea-4e58-81c6-8ad682ffd466,Y
1019244,575ade98-76e3-46f5-8579-9284e9584010,N
1019244,5b1460aa-f4fc-4284-88df-1b6499abcaa2,N
1019244,e3e6f43c-5afd-46a8-856c-fdc35f3230f1,N
1019244,312d8d42-65ef-4134-9fee-2e5944336a13,N
1019327,cbde9be3-d1ea-4e58-81c6-8ad682ffd466,Y
1019327,575ade98-76e3-46f5-8579-9284e9584010,Y
1019327,5b1460aa-f4fc-4284-88df-1b6499abcaa2,N
1019327,e3e6f43c-5afd-46a8-856c-fdc35f3230f1,Y
1019327,312d8d42-65ef-4134-9fee-2e5944336a13,Y
1016909,cbde9be3-d1ea-4e58-81c6-8ad682ffd466,Y
1016909,575ade98-76e3-46f5-8579-9284e9584010,Y
1016909,5b1460aa-f4fc-4284-88df-1b6499abcaa2,N
1016909,e3e6f43c-5afd-46a8-856c-fdc35f3230f1,N
1016909,312d8d42-65ef-4134-9fee-2e5944336a13,Y
1021545,cbde9be3-d1ea-4e58-81c6-8ad682ffd466,Y
1021545,575ade98-76e3-46f5-8579-9284e9584010,N
1021545,5b1460aa-f4fc-4284-88df-1b6499abcaa2,N
1021545,e3e6f43c-5afd-46a8-856c-fdc35f3230f1,N
1021545,312d8d42-65ef-4134-9fee-2e5944336a13,Y
1019863,cbde9be3-d1ea-4e58-81c6-8ad682ffd466,Y
1019863,575ade98-76e3-46f5-8579-9284e9584010,N
1019863,5b1460aa-f4fc-4284-88df-1b6499abcaa2,N
1019863,e3e6f43c-5afd-46a8-856c-fdc35f3230f1,N
1019863,312d8d42-65ef-4134-9fee-2e5944336a13,Y
1019792,cbde9be3-d1ea-4e58-81c6-8ad682ffd466,Y
1019792,575ade98-76e3-46f5-8579-9284e9584010,Y
1019792,5b1460aa-f4fc-4284-88df-1b6499abcaa2,N
1019792,e3e6f43c-5afd-46a8-856c-fdc35f3230f1,Y
1019792,312d8d42-65ef-4134-9fee-2e5944336a13,Y
