market_id,reference_id,status
1018261,3232b375-3959-4e3a-9dd0-2c2d98cb1776,https://www.caledoniafarmersmarket.com
1018261,268a80c2-c4ce-4768-b89a-d5083ad5a450,https://www.facebook.com/Danville.VT.Farmers.Market/
1018261,87b4577e-e26a-47a6-8a32-b6bd1a56c06b,
1018261,a2af1d35-6709-4551-a3a6-a161bfd74966,
1018261,f07ddbf1-8408-450e-bacb-174c1716fc81,
1009994,3232b375-3959-4e3a-9dd0-2c2d98cb1776,
1009994,268a80c2-c4ce-4768-b89a-d5083ad5a450,https://www.facebook.com/ScottsbluffFarmersMarket
1009994,87b4577e-e26a-47a6-8a32-b6bd1a56c06b,
1009994,a2af1d35-6709-4551-a3a6-a161bfd74966,
1009994,f07ddbf1-8408-450e-bacb-174c1716fc81,
1000709,3232b375-3959-4e3a-9dd0-2c2d98cb1776,http://www.highlandsnj.com
1000709,268a80c2-c4ce-4768-b89a-d5083ad5a450,https://www.facebook.com/pages/Highlands-Business-Partnership-Highlands-NJ/165486543524770
1000709,87b4577e-e26a-47a6-8a32-b6bd1a56c06b,
1000709,a2af1d35-6709-4551-a3a6-a161bfd74966,
1000709,f07ddbf1-8408-450e-bacb-174c1716fc81,visithighlandsnj - Instagram
1019956,3232b375-3959-4e3a-9dd0-2c2d98cb1776,
1019956,268a80c2-c4ce-4768-b89a-d5083ad5a450,https://www.facebook.com/29palmsfarmersmarket/
1019956,87b4577e-e26a-47a6-8a32-b6bd1a56c06b,
1019956,a2af1d35-6709-4551-a3a6-a161bfd74966,
1019956,f07ddbf1-8408-450e-bacb-174c1716fc81,IG @29palmsfarmersmarket
1009959,3232b375-3959-4e3a-9dd0-2c2d98cb1776,http://www.metroparks.org
1009959,268a80c2-c4ce-4768-b89a-d5083ad5a450,https://www.facebook.com/2ndStreetMarket/
1009959,87b4577e-e26a-47a6-8a32-b6bd1a56c06b,
1009959,a2af1d35-6709-4551-a3a6-a161bfd74966,
1009959,f07ddbf1-8408-450e-bacb-174c1716fc81,
1004950,3232b375-3959-4e3a-9dd0-2c2d98cb1776,http://www.3frenchhensmarket.blogspot.com
1004950,268a80c2-c4ce-4768-b89a-d5083ad5a450,https://www.facebook.com/pages/3-French-Hens-French-Country-Market/422352511143508
1004950,87b4577e-e26a-47a6-8a32-b6bd1a56c06b,
1004950,a2af1d35-6709-4551-a3a6-a161bfd74966,
1004950,f07ddbf1-8408-450e-bacb-174c1716fc81,
1019938,3232b375-3959-4e3a-9dd0-2c2d98cb1776,http://www.3rddayfarm.com
1019938,268a80c2-c4ce-4768-b89a-d5083ad5a450,facebook/ 3rd Day Farm
1019938,87b4577e-e26a-47a6-8a32-b6bd1a56c06b,
1019938,a2af1d35-6709-4551-a3a6-a161bfd74966,
1019938,f07ddbf1-8408-450e-bacb-174c1716fc81,
1021607,3232b375-3959-4e3a-9dd0-2c2d98cb1776,
1021607,268a80c2-c4ce-4768-b89a-d5083ad5a450,
1021607,87b4577e-e26a-47a6-8a32-b6bd1a56c06b,
1021607,a2af1d35-6709-4551-a3a6-a161bfd74966,
1021607,f07ddbf1-8408-450e-bacb-174c1716fc81,
1018965,3232b375-3959-4e3a-9dd0-2c2d98cb1776,https://experimentalstation.org/market
1018965,268a80c2-c4ce-4768-b89a-d5083ad5a450,61market
1018965,87b4577e-e26a-47a6-8a32-b6bd1a56c06b,61market
1018965,a2af1d35-6709-4551-a3a6-a161bfd74966,
1018965,f07ddbf1-8408-450e-bacb-174c1716fc81,Instagram: 
1009004,3232b375-3959-4e3a-9dd0-2c2d98cb1776,
1009004,268a80c2-c4ce-4768-b89a-d5083ad5a450,
1009004,87b4577e-e26a-47a6-8a32-b6bd1a56c06b,
1009004,a2af1d35-6709-4551-a3a6-a161bfd74966,
1009004,f07ddbf1-8408-450e-bacb-174c1716fc81,
1019473,3232b375-3959-4e3a-9dd0-2c2d98cb1776,http://www.aberdeensundaymarket.org
1019473,268a80c2-c4ce-4768-b89a-d5083ad5a450,Facebook.com/AberdeenSundayMarket
1019473,87b4577e-e26a-47a6-8a32-b6bd1a56c06b,
1019473,a2af1d35-6709-4551-a3a6-a161bfd74966,
1019473,f07ddbf1-8408-450e-bacb-174c1716fc81,
1010487,3232b375-3959-4e3a-9dd0-2c2d98cb1776,http://www.abingdonfarmersmarket.com
1010487,268a80c2-c4ce-4768-b89a-d5083ad5a450,https://www.facebook.com/abingdonfarmersmarket
1010487,87b4577e-e26a-47a6-8a32-b6bd1a56c06b,
1010487,a2af1d35-6709-4551-a3a6-a161bfd74966,
1010487,f07ddbf1-8408-450e-bacb-174c1716fc81,
1019695,3232b375-3959-4e3a-9dd0-2c2d98cb1776,https://www.townofabitasprings.com/farmers-market
1019695,268a80c2-c4ce-4768-b89a-d5083ad5a450,https://www.facebook.com/abitasprings.farmersmarket/
1019695,87b4577e-e26a-47a6-8a32-b6bd1a56c06b,
1019695,a2af1d35-6709-4551-a3a6-a161bfd74966,
1019695,f07ddbf1-8408-450e-bacb-174c1716fc81,https://www.instagram.com/abitasprings.farmersmarket/
1021442,3232b375-3959-4e3a-9dd0-2c2d98cb1776,
1021442,268a80c2-c4ce-4768-b89a-d5083ad5a450,facebook.com/acohfarmersmarket
1021442,87b4577e-e26a-47a6-8a32-b6bd1a56c06b,
1021442,a2af1d35-6709-4551-a3a6-a161bfd74966,
1021442,f07ddbf1-8408-450e-bacb-174c1716fc81,instagram.com/acohfarmersmarket
1019676,3232b375-3959-4e3a-9dd0-2c2d98cb1776,
1019676,268a80c2-c4ce-4768-b89a-d5083ad5a450,www.facebook.com/AdamsCountyFarmersMarket
1019676,87b4577e-e26a-47a6-8a32-b6bd1a56c06b,@ACFarmFresh
1019676,a2af1d35-6709-4551-a3a6-a161bfd74966,
1019676,f07ddbf1-8408-450e-bacb-174c1716fc81,
1019351,3232b375-3959-4e3a-9dd0-2c2d98cb1776,http://www.acfarmersmarkets.org
1019351,268a80c2-c4ce-4768-b89a-d5083ad5a450,www.facebook.com/AdamsCountyFarmersMarket
1019351,87b4577e-e26a-47a6-8a32-b6bd1a56c06b,https://twitter.com/ACFarmFresh
1019351,a2af1d35-6709-4551-a3a6-a161bfd74966,
1019351,f07ddbf1-8408-450e-bacb-174c1716fc81,www.instagram.com/adamscountyfarmersmarket
1019847,3232b375-3959-4e3a-9dd0-2c2d98cb1776,
1019847,268a80c2-c4ce-4768-b89a-d5083ad5a450,https://www.facebook.com/FarmersAtAdamsRicciParkEast/
1019847,87b4577e-e26a-47a6-8a32-b6bd1a56c06b,@adamsriccifm
1019847,a2af1d35-6709-4551-a3a6-a161bfd74966,n/a
1019847,f07ddbf1-8408-450e-bacb-174c1716fc81,https://www.instagram.com/adamsriccifarmersmarket/
1008961,3232b375-3959-4e3a-9dd0-2c2d98cb1776,http://www.adaptationsaloha.com
1008961,268a80c2-c4ce-4768-b89a-d5083ad5a450,https://www.facebook.com/adaptationsaloha
1008961,87b4577e-e26a-47a6-8a32-b6bd1a56c06b,https://twitter.com/MaureenDatta
1008961,a2af1d35-6709-4551-a3a6-a161bfd74966,
1008961,f07ddbf1-8408-450e-bacb-174c1716fc81,http://instagram.com/adaptationskona
1019203,3232b375-3959-4e3a-9dd0-2c2d98cb1776,http://AGFarmersMarket.com
1019203,268a80c2-c4ce-4768-b89a-d5083ad5a450,http://www.facebook.com/AGFarmersMarket
1019203,87b4577e-e26a-47a6-8a32-b6bd1a56c06b,http://twitter.com/AGFarmMarket
1019203,a2af1d35-6709-4551-a3a6-a161bfd74966,
1019203,f07ddbf1-8408-450e-bacb-174c1716fc81,http://www.instagram.com/agfarmersmarket
1012233,3232b375-3959-4e3a-9dd0-2c2d98cb1776,http://www.agricenter.org/farmersmarket/
1012233,268a80c2-c4ce-4768-b89a-d5083ad5a450,https://www.facebook.com/farmersmarketmemphis/
1012233,87b4577e-e26a-47a6-8a32-b6bd1a56c06b,https://twitter.com/Agricenter_Intl
1012233,a2af1d35-6709-4551-a3a6-a161bfd74966,https://www.youtube.com/channel/UCGksUsmHEJonFv5cwivsjZA
1012233,f07ddbf1-8408-450e-bacb-174c1716fc81,https://www.instagram.com/agricenterinternational/
1005258,3232b375-3959-4e3a-9dd0-2c2d98cb1776,http://www.honolulu.gov/parks/programs/pom
1005258,268a80c2-c4ce-4768-b89a-d5083ad5a450,
1005258,87b4577e-e26a-47a6-8a32-b6bd1a56c06b,
1005258,a2af1d35-6709-4551-a3a6-a161bfd74966,
1005258,f07ddbf1-8408-450e-bacb-174c1716fc81,
1008054,3232b375-3959-4e3a-9dd0-2c2d98cb1776,
1008054,268a80c2-c4ce-4768-b89a-d5083ad5a450,https://www.facebook.com/airportfarmersandfleamarket
1008054,87b4577e-e26a-47a6-8a32-b6bd1a56c06b,
1008054,a2af1d35-6709-4551-a3a6-a161bfd74966,
1008054,f07ddbf1-8408-450e-bacb-174c1716fc81,
1008612,3232b375-3959-4e3a-9dd0-2c2d98cb1776,http://www.441market.com
1008612,268a80c2-c4ce-4768-b89a-d5083ad5a450,https://www.facebook.com/441acfmarket
1008612,87b4577e-e26a-47a6-8a32-b6bd1a56c06b,
1008612,a2af1d35-6709-4551-a3a6-a161bfd74966,
1008612,f07ddbf1-8408-450e-bacb-174c1716fc81,http://pinterest.com/441market
1018304,3232b375-3959-4e3a-9dd0-2c2d98cb1776,
1018304,268a80c2-c4ce-4768-b89a-d5083ad5a450,https://www.facebook.com/AlamoHeightsFarmersMarket/
1018304,87b4577e-e26a-47a6-8a32-b6bd1a56c06b,https://twitter.com/AlamoHeightsFM
1018304,a2af1d35-6709-4551-a3a6-a161bfd74966,
1018304,f07ddbf1-8408-450e-bacb-174c1716fc81,https://www.instagram.com/alamoheightsfm/?hl=en
1004070,3232b375-3959-4e3a-9dd0-2c2d98cb1776,http://www.alamosafarmersmarket.org
1004070,268a80c2-c4ce-4768-b89a-d5083ad5a450,https://www.facebook.com/pages/Alamosa-Farmers-Market/104375596315429?fref=ts
1004070,87b4577e-e26a-47a6-8a32-b6bd1a56c06b,
1004070,a2af1d35-6709-4551-a3a6-a161bfd74966,
1004070,f07ddbf1-8408-450e-bacb-174c1716fc81,
1021689,3232b375-3959-4e3a-9dd0-2c2d98cb1776,
1021689,268a80c2-c4ce-4768-b89a-d5083ad5a450,https://www.facebook.com/Albany.OR.Farmers.Market
1021689,87b4577e-e26a-47a6-8a32-b6bd1a56c06b,
1021689,a2af1d35-6709-4551-a3a6-a161bfd74966,
1021689,f07ddbf1-8408-450e-bacb-174c1716fc81,https://www.instagram.com/albanyorfarmersmarket/
1019371,3232b375-3959-4e3a-9dd0-2c2d98cb1776,
1019371,268a80c2-c4ce-4768-b89a-d5083ad5a450,https://www.facebook.com/Albany-IN-Farmers-Market-405175829889200/?modal=admin_todo_tour
1019371,87b4577e-e26a-47a6-8a32-b6bd1a56c06b,
1019371,a2af1d35-6709-4551-a3a6-a161bfd74966,
1019371,f07ddbf1-8408-450e-bacb-174c1716fc81,
1021578,3232b375-3959-4e3a-9dd0-2c2d98cb1776,
1021578,268a80c2-c4ce-4768-b89a-d5083ad5a450,https://www.facebook.com/MainStreetAlbany
1021578,87b4577e-e26a-47a6-8a32-b6bd1a56c06b,
1021578,a2af1d35-6709-4551-a3a6-a161bfd74966,
1021578,f07ddbf1-8408-450e-bacb-174c1716fc81,
1000519,3232b375-3959-4e3a-9dd0-2c2d98cb1776,http://www.visitalexbay.org
1000519,268a80c2-c4ce-4768-b89a-d5083ad5a450,https://www.facebook.com/pages/Alexandria-Bay-Chamber-of-Commerce/82504121853
1000519,87b4577e-e26a-47a6-8a32-b6bd1a56c06b,
1000519,a2af1d35-6709-4551-a3a6-a161bfd74966,
1000519,f07ddbf1-8408-450e-bacb-174c1716fc81,
1019113,3232b375-3959-4e3a-9dd0-2c2d98cb1776,
1019113,268a80c2-c4ce-4768-b89a-d5083ad5a450,"Alexandria, MN Farmers Market"
1019113,87b4577e-e26a-47a6-8a32-b6bd1a56c06b,
1019113,a2af1d35-6709-4551-a3a6-a161bfd74966,
1019113,f07ddbf1-8408-450e-bacb-174c1716fc81,
1021464,3232b375-3959-4e3a-9dd0-2c2d98cb1776,https://www.louisiana-central.com/alexandria-farmers-market
1021464,268a80c2-c4ce-4768-b89a-d5083ad5a450,https://www.facebook.com/AlexandriaFarmersMarket
1021464,87b4577e-e26a-47a6-8a32-b6bd1a56c06b,
1021464,a2af1d35-6709-4551-a3a6-a161bfd74966,
1021464,f07ddbf1-8408-450e-bacb-174c1716fc81,https://www.instagram.com/alexandriafarmersmarket/
1021597,3232b375-3959-4e3a-9dd0-2c2d98cb1776,https://visitalgomawi.com/market/
1021597,268a80c2-c4ce-4768-b89a-d5083ad5a450,https://www.facebook.com/AlgomaSundayFarmersMarket
1021597,87b4577e-e26a-47a6-8a32-b6bd1a56c06b,
1021597,a2af1d35-6709-4551-a3a6-a161bfd74966,
1021597,f07ddbf1-8408-450e-bacb-174c1716fc81,
1019831,3232b375-3959-4e3a-9dd0-2c2d98cb1776,http://www.acfarmersmarket.com
1019831,268a80c2-c4ce-4768-b89a-d5083ad5a450,Allen County Farmers' Market
1019831,87b4577e-e26a-47a6-8a32-b6bd1a56c06b,
1019831,a2af1d35-6709-4551-a3a6-a161bfd74966,
1019831,f07ddbf1-8408-450e-bacb-174c1716fc81,
1019832,3232b375-3959-4e3a-9dd0-2c2d98cb1776,http://www.acfarmersmarket.com
1019832,268a80c2-c4ce-4768-b89a-d5083ad5a450,Allen County Farmers' Market
1019832,87b4577e-e26a-47a6-8a32-b6bd1a56c06b,
1019832,a2af1d35-6709-4551-a3a6-a161bfd74966,
1019832,f07ddbf1-8408-450e-bacb-174c1716fc81,
1012389,3232b375-3959-4e3a-9dd0-2c2d98cb1776,http://www.alohacommunityfarmersmarket.org
1012389,268a80c2-c4ce-4768-b89a-d5083ad5a450,https://www.facebook.com/Aloha-Community-Farmers-Market-913645008655691/
1012389,87b4577e-e26a-47a6-8a32-b6bd1a56c06b,@AlohaFarmMarket
1012389,a2af1d35-6709-4551-a3a6-a161bfd74966,
1012389,f07ddbf1-8408-450e-bacb-174c1716fc81,Instagram: Aloha Community Farmers' Market
1020150,3232b375-3959-4e3a-9dd0-2c2d98cb1776,http://svsaturdaymarket.org/
1020150,268a80c2-c4ce-4768-b89a-d5083ad5a450,https://www.facebook.com/ModocCFM/
1020150,87b4577e-e26a-47a6-8a32-b6bd1a56c06b,
1020150,a2af1d35-6709-4551-a3a6-a161bfd74966,
1020150,f07ddbf1-8408-450e-bacb-174c1716fc81,
1021309,3232b375-3959-4e3a-9dd0-2c2d98cb1776,http://www.farmtocitymarkets.com
1021309,268a80c2-c4ce-4768-b89a-d5083ad5a450,https://www.facebook.com/FarmToCity
1021309,87b4577e-e26a-47a6-8a32-b6bd1a56c06b,
1021309,a2af1d35-6709-4551-a3a6-a161bfd74966,
1021309,f07ddbf1-8408-450e-bacb-174c1716fc81,
1011171,3232b375-3959-4e3a-9dd0-2c2d98cb1776,http://www.amesmainsteetfarmersmarket.com
1011171,268a80c2-c4ce-4768-b89a-d5083ad5a450,Ames Main Street Farmers' Market
1011171,87b4577e-e26a-47a6-8a32-b6bd1a56c06b,
1011171,a2af1d35-6709-4551-a3a6-a161bfd74966,
1011171,f07ddbf1-8408-450e-bacb-174c1716fc81,
1003563,3232b375-3959-4e3a-9dd0-2c2d98cb1776,
1003563,268a80c2-c4ce-4768-b89a-d5083ad5a450,https://www.facebook.com/amicalolafarmersmarket/
1003563,87b4577e-e26a-47a6-8a32-b6bd1a56c06b,
1003563,a2af1d35-6709-4551-a3a6-a161bfd74966,
1003563,f07ddbf1-8408-450e-bacb-174c1716fc81,
1019438,3232b375-3959-4e3a-9dd0-2c2d98cb1776,https://amquistation.org/farmers-market/
1019438,268a80c2-c4ce-4768-b89a-d5083ad5a450,
1019438,87b4577e-e26a-47a6-8a32-b6bd1a56c06b,
1019438,a2af1d35-6709-4551-a3a6-a161bfd74966,
1019438,f07ddbf1-8408-450e-bacb-174c1716fc81,
1012157,3232b375-3959-4e3a-9dd0-2c2d98cb1776,
1012157,268a80c2-c4ce-4768-b89a-d5083ad5a450,https://www.facebook.com/groups/478915098830452/
1012157,87b4577e-e26a-47a6-8a32-b6bd1a56c06b,
1012157,a2af1d35-6709-4551-a3a6-a161bfd74966,
1012157,f07ddbf1-8408-450e-bacb-174c1716fc81,
1005944,3232b375-3959-4e3a-9dd0-2c2d98cb1776,http://www.anacortesfarmersmarket.org
1005944,268a80c2-c4ce-4768-b89a-d5083ad5a450,https://www.facebook.com/AnacortesFarmersMarket
1005944,87b4577e-e26a-47a6-8a32-b6bd1a56c06b,
1005944,a2af1d35-6709-4551-a3a6-a161bfd74966,
1005944,f07ddbf1-8408-450e-bacb-174c1716fc81,
1019647,3232b375-3959-4e3a-9dd0-2c2d98cb1776,https://www.andersoncountysc.org/parks/
1019647,268a80c2-c4ce-4768-b89a-d5083ad5a450,www.facebook.com/andersoncountyfarmersmarket
1019647,87b4577e-e26a-47a6-8a32-b6bd1a56c06b,
1019647,a2af1d35-6709-4551-a3a6-a161bfd74966,
1019647,f07ddbf1-8408-450e-bacb-174c1716fc81,
1020084,3232b375-3959-4e3a-9dd0-2c2d98cb1776,
1020084,268a80c2-c4ce-4768-b89a-d5083ad5a450,AndersonCoFarmersMarket
1020084,87b4577e-e26a-47a6-8a32-b6bd1a56c06b,
1020084,a2af1d35-6709-4551-a3a6-a161bfd74966,
1020084,f07ddbf1-8408-450e-bacb-174c1716fc81,
1003516,3232b375-3959-4e3a-9dd0-2c2d98cb1776,http://www.andersonvillemarket.org
1003516,268a80c2-c4ce-4768-b89a-d5083ad5a450,https://www.facebook.com/andersonville?ref=bookmarks
1003516,87b4577e-e26a-47a6-8a32-b6bd1a56c06b,
1003516,a2af1d35-6709-4551-a3a6-a161bfd74966,
1003516,f07ddbf1-8408-450e-bacb-174c1716fc81,
1020060,3232b375-3959-4e3a-9dd0-2c2d98cb1776,http://andoverfarmersmarket.com/
1020060,268a80c2-c4ce-4768-b89a-d5083ad5a450,https://www.facebook.com/andoverfarmersmarket/?view_public_for=153480551390115
1020060,87b4577e-e26a-47a6-8a32-b6bd1a56c06b,
1020060,a2af1d35-6709-4551-a3a6-a161bfd74966,
1020060,f07ddbf1-8408-450e-bacb-174c1716fc81,https://www.instagram.com/andovermafarmersmarket/
1019484,3232b375-3959-4e3a-9dd0-2c2d98cb1776,https://www.fairfaxcounty.gov/parks/farmersmarkets/annandale
1019484,268a80c2-c4ce-4768-b89a-d5083ad5a450,https://www.facebook.com/events/557660981411692/
1019484,87b4577e-e26a-47a6-8a32-b6bd1a56c06b,
1019484,a2af1d35-6709-4551-a3a6-a161bfd74966,
1019484,f07ddbf1-8408-450e-bacb-174c1716fc81,@fairfaxfarmmarkets
1019096,3232b375-3959-4e3a-9dd0-2c2d98cb1776,
1019096,268a80c2-c4ce-4768-b89a-d5083ad5a450,Annandale Farmers Market
1019096,87b4577e-e26a-47a6-8a32-b6bd1a56c06b,
1019096,a2af1d35-6709-4551-a3a6-a161bfd74966,
1019096,f07ddbf1-8408-450e-bacb-174c1716fc81,
1018934,3232b375-3959-4e3a-9dd0-2c2d98cb1776,http://www.antigomarket.com
1018934,268a80c2-c4ce-4768-b89a-d5083ad5a450,"Antigo Farmers Market, Inc"
1018934,87b4577e-e26a-47a6-8a32-b6bd1a56c06b,
1018934,a2af1d35-6709-4551-a3a6-a161bfd74966,
1018934,f07ddbf1-8408-450e-bacb-174c1716fc81,
1019350,3232b375-3959-4e3a-9dd0-2c2d98cb1776,https://www.antioch.il.gov/?s=Farmers+Market
1019350,268a80c2-c4ce-4768-b89a-d5083ad5a450,https://www.facebook.com/VillageOfAntioch/
1019350,87b4577e-e26a-47a6-8a32-b6bd1a56c06b,
1019350,a2af1d35-6709-4551-a3a6-a161bfd74966,
1019350,f07ddbf1-8408-450e-bacb-174c1716fc81,
1000431,3232b375-3959-4e3a-9dd0-2c2d98cb1776,http://www.appletondowntown.org
1000431,268a80c2-c4ce-4768-b89a-d5083ad5a450,www.facebook.com/downtownappletonfarmmarket
1000431,87b4577e-e26a-47a6-8a32-b6bd1a56c06b,
1000431,a2af1d35-6709-4551-a3a6-a161bfd74966,
1000431,f07ddbf1-8408-450e-bacb-174c1716fc81,
1021359,3232b375-3959-4e3a-9dd0-2c2d98cb1776,https://aquidneckcommunitytable.org/
1021359,268a80c2-c4ce-4768-b89a-d5083ad5a450,https://www.facebook.com/Aquidneck-Growers-Market-145175198849594
1021359,87b4577e-e26a-47a6-8a32-b6bd1a56c06b,
1021359,a2af1d35-6709-4551-a3a6-a161bfd74966,
1021359,f07ddbf1-8408-450e-bacb-174c1716fc81,@aquidneckgrowers
1021733,3232b375-3959-4e3a-9dd0-2c2d98cb1776,https://aquidneckcommunitytable.org/
1021733,268a80c2-c4ce-4768-b89a-d5083ad5a450,https://www.facebook.com/Aquidneck-Growers-Market-145175198849594
1021733,87b4577e-e26a-47a6-8a32-b6bd1a56c06b,
1021733,a2af1d35-6709-4551-a3a6-a161bfd74966,
1021733,f07ddbf1-8408-450e-bacb-174c1716fc81,@aquidneckgrowers
1021732,3232b375-3959-4e3a-9dd0-2c2d98cb1776,https://aquidneckcommunitytable.org/
1021732,268a80c2-c4ce-4768-b89a-d5083ad5a450,https://www.facebook.com/Aquidneck-Growers-Market-145175198849594
1021732,87b4577e-e26a-47a6-8a32-b6bd1a56c06b,
1021732,a2af1d35-6709-4551-a3a6-a161bfd74966,
1021732,f07ddbf1-8408-450e-bacb-174c1716fc81,@aquidneckgrowers
1019662,3232b375-3959-4e3a-9dd0-2c2d98cb1776,https://www.arlington-vermont.com/farmers-market
1019662,268a80c2-c4ce-4768-b89a-d5083ad5a450,https://www.facebook.com/Market05250
1019662,87b4577e-e26a-47a6-8a32-b6bd1a56c06b,
1019662,a2af1d35-6709-4551-a3a6-a161bfd74966,
1019662,f07ddbf1-8408-450e-bacb-174c1716fc81,
1019904,3232b375-3959-4e3a-9dd0-2c2d98cb1776,https://guide.farmfreshri.org/food/farmersmarkets_details.php?market=17
1019904,268a80c2-c4ce-4768-b89a-d5083ad5a450,https://www.facebook.com/farmfreshri/
1019904,87b4577e-e26a-47a6-8a32-b6bd1a56c06b,
1019904,a2af1d35-6709-4551-a3a6-a161bfd74966,
1019904,f07ddbf1-8408-450e-bacb-174c1716fc81,
1019222,3232b375-3959-4e3a-9dd0-2c2d98cb1776,https://www.arnoldmo.org/government/departments/parks-recreation/arnold-farmers-market/
1019222,268a80c2-c4ce-4768-b89a-d5083ad5a450,https://www.facebook.com/arnoldfarmersmarket/?ref=settings
1019222,87b4577e-e26a-47a6-8a32-b6bd1a56c06b,ArnoldFarmMarket
1019222,a2af1d35-6709-4551-a3a6-a161bfd74966,
1019222,f07ddbf1-8408-450e-bacb-174c1716fc81,
1019495,3232b375-3959-4e3a-9dd0-2c2d98cb1776,
1019495,268a80c2-c4ce-4768-b89a-d5083ad5a450,
1019495,87b4577e-e26a-47a6-8a32-b6bd1a56c06b,
1019495,a2af1d35-6709-4551-a3a6-a161bfd74966,
1019495,f07ddbf1-8408-450e-bacb-174c1716fc81,
1020068,3232b375-3959-4e3a-9dd0-2c2d98cb1776,
1020068,268a80c2-c4ce-4768-b89a-d5083ad5a450,
1020068,87b4577e-e26a-47a6-8a32-b6bd1a56c06b,
1020068,a2af1d35-6709-4551-a3a6-a161bfd74966,
1020068,f07ddbf1-8408-450e-bacb-174c1716fc81,
1009810,3232b375-3959-4e3a-9dd0-2c2d98cb1776,http://www.ashlandfarmersmarket.org/
1009810,268a80c2-c4ce-4768-b89a-d5083ad5a450,https://www.facebook.com/AshlandMAFarmersMarket
1009810,87b4577e-e26a-47a6-8a32-b6bd1a56c06b,
1009810,a2af1d35-6709-4551-a3a6-a161bfd74966,
1009810,f07ddbf1-8408-450e-bacb-174c1716fc81,
1021627,3232b375-3959-4e3a-9dd0-2c2d98cb1776,http://www.astoriasundaymarket.com
1021627,268a80c2-c4ce-4768-b89a-d5083ad5a450,https://www.facebook.com/astoriasundaymarket
1021627,87b4577e-e26a-47a6-8a32-b6bd1a56c06b,
1021627,a2af1d35-6709-4551-a3a6-a161bfd74966,
1021627,f07ddbf1-8408-450e-bacb-174c1716fc81,https://www.instagram.com/astoriasundaymarket/?hl=en
1001245,3232b375-3959-4e3a-9dd0-2c2d98cb1776,http://www.asuregionalfarmersmarket.org
1001245,268a80c2-c4ce-4768-b89a-d5083ad5a450,https://www.facebook.com/asuregionalfarmersmarket
1001245,87b4577e-e26a-47a6-8a32-b6bd1a56c06b,https://twitter.com/asufarmersmarket
1001245,a2af1d35-6709-4551-a3a6-a161bfd74966,
1001245,f07ddbf1-8408-450e-bacb-174c1716fc81,
1002984,3232b375-3959-4e3a-9dd0-2c2d98cb1776,https://atchisonkansas.com/business-directory/atchison-farmers-market
1002984,268a80c2-c4ce-4768-b89a-d5083ad5a450,https://www.facebook.com/AtchisonFarmersMarket/
1002984,87b4577e-e26a-47a6-8a32-b6bd1a56c06b,
1002984,a2af1d35-6709-4551-a3a6-a161bfd74966,
1002984,f07ddbf1-8408-450e-bacb-174c1716fc81,
1005086,3232b375-3959-4e3a-9dd0-2c2d98cb1776,http://www.athensfarmersmarket.org
1005086,268a80c2-c4ce-4768-b89a-d5083ad5a450,https://www.facebook.com/athensohfarmersmarket/
1005086,87b4577e-e26a-47a6-8a32-b6bd1a56c06b,@athensohfarmersmarket
1005086,a2af1d35-6709-4551-a3a6-a161bfd74966,
1005086,f07ddbf1-8408-450e-bacb-174c1716fc81,
1018033,3232b375-3959-4e3a-9dd0-2c2d98cb1776,http://www.athensfarmersmarket.net/
1018033,268a80c2-c4ce-4768-b89a-d5083ad5a450,https://www.facebook.com/AthensFarmersMarket
1018033,87b4577e-e26a-47a6-8a32-b6bd1a56c06b,https://twitter.com/AthFarmersMkt
1018033,a2af1d35-6709-4551-a3a6-a161bfd74966,
1018033,f07ddbf1-8408-450e-bacb-174c1716fc81,https://www.instagram.com/athensfarmersmarket/
1018032,3232b375-3959-4e3a-9dd0-2c2d98cb1776,http://www.athensfarmersmarket.net/
1018032,268a80c2-c4ce-4768-b89a-d5083ad5a450,https://www.facebook.com/AthensFarmersMarket
1018032,87b4577e-e26a-47a6-8a32-b6bd1a56c06b,https://twitter.com/AthFarmersMkt
1018032,a2af1d35-6709-4551-a3a6-a161bfd74966,
1018032,f07ddbf1-8408-450e-bacb-174c1716fc81,https://www.instagram.com/athensfarmersmarket/
1021450,3232b375-3959-4e3a-9dd0-2c2d98cb1776,
1021450,268a80c2-c4ce-4768-b89a-d5083ad5a450,https://www.facebook.com/Atholfarmersmarket
1021450,87b4577e-e26a-47a6-8a32-b6bd1a56c06b,
1021450,a2af1d35-6709-4551-a3a6-a161bfd74966,
1021450,f07ddbf1-8408-450e-bacb-174c1716fc81,
1018330,3232b375-3959-4e3a-9dd0-2c2d98cb1776,http://www.attleborofarmersmarket.com
1018330,268a80c2-c4ce-4768-b89a-d5083ad5a450,AttleboroFarmersMarket@AttFrmMkt
1018330,87b4577e-e26a-47a6-8a32-b6bd1a56c06b,
1018330,a2af1d35-6709-4551-a3a6-a161bfd74966,
1018330,f07ddbf1-8408-450e-bacb-174c1716fc81,
1021225,3232b375-3959-4e3a-9dd0-2c2d98cb1776,https://seela.org/markets-atwater-village/
1021225,268a80c2-c4ce-4768-b89a-d5083ad5a450,
1021225,87b4577e-e26a-47a6-8a32-b6bd1a56c06b,
1021225,a2af1d35-6709-4551-a3a6-a161bfd74966,
1021225,f07ddbf1-8408-450e-bacb-174c1716fc81,https://www.instagram.com/atwatervillagefm/
1019789,3232b375-3959-4e3a-9dd0-2c2d98cb1776,http://www.auburnfarmersmarket.org
1019789,268a80c2-c4ce-4768-b89a-d5083ad5a450,https://www.facebook.com/AuburnInternationalFarmersMarket/?ref=bookmarks
1019789,87b4577e-e26a-47a6-8a32-b6bd1a56c06b,https://twitter.com/AifmAuburnWA
1019789,a2af1d35-6709-4551-a3a6-a161bfd74966,
1019789,f07ddbf1-8408-450e-bacb-174c1716fc81,
1021329,3232b375-3959-4e3a-9dd0-2c2d98cb1776,
1021329,268a80c2-c4ce-4768-b89a-d5083ad5a450,
1021329,87b4577e-e26a-47a6-8a32-b6bd1a56c06b,
1021329,a2af1d35-6709-4551-a3a6-a161bfd74966,
1021329,f07ddbf1-8408-450e-bacb-174c1716fc81,
1000559,3232b375-3959-4e3a-9dd0-2c2d98cb1776,
1000559,268a80c2-c4ce-4768-b89a-d5083ad5a450,Aurora Local Farmers Market
1000559,87b4577e-e26a-47a6-8a32-b6bd1a56c06b,
1000559,a2af1d35-6709-4551-a3a6-a161bfd74966,
1000559,f07ddbf1-8408-450e-bacb-174c1716fc81,
1021534,3232b375-3959-4e3a-9dd0-2c2d98cb1776,
1021534,268a80c2-c4ce-4768-b89a-d5083ad5a450,https://www.facebook.com/farmergeorge.market
1021534,87b4577e-e26a-47a6-8a32-b6bd1a56c06b,https://twitter.com/farmergeorgetx?lang=en
1021534,a2af1d35-6709-4551-a3a6-a161bfd74966,https://www.youtube.com/channel/UCvxG2wYZ5ebpCgcr8tQtV_Q/featured
1021534,f07ddbf1-8408-450e-bacb-174c1716fc81,https://www.instagram.com/farmergeorge.market/?hl=en
1019396,3232b375-3959-4e3a-9dd0-2c2d98cb1776,http://www.avongov.org/category/subcategory.php?categoryid=28
1019396,268a80c2-c4ce-4768-b89a-d5083ad5a450,http://facebook.com/avonfarmersmarket
1019396,87b4577e-e26a-47a6-8a32-b6bd1a56c06b,
1019396,a2af1d35-6709-4551-a3a6-a161bfd74966,
1019396,f07ddbf1-8408-450e-bacb-174c1716fc81,
1019126,3232b375-3959-4e3a-9dd0-2c2d98cb1776,
1019126,268a80c2-c4ce-4768-b89a-d5083ad5a450,https://www.facebook.com/avonfreepubliclibrary/
1019126,87b4577e-e26a-47a6-8a32-b6bd1a56c06b,
1019126,a2af1d35-6709-4551-a3a6-a161bfd74966,
1019126,f07ddbf1-8408-450e-bacb-174c1716fc81,@afplct (instagram)
1021528,3232b375-3959-4e3a-9dd0-2c2d98cb1776,https://thebackyardmarkets.com
1021528,268a80c2-c4ce-4768-b89a-d5083ad5a450,https://www.facebook.com/BackyardMarketinBF/
1021528,87b4577e-e26a-47a6-8a32-b6bd1a56c06b,
1021528,a2af1d35-6709-4551-a3a6-a161bfd74966,
1021528,f07ddbf1-8408-450e-bacb-174c1716fc81,https://www.instagram.com/backyardmarketinbf/
1021530,3232b375-3959-4e3a-9dd0-2c2d98cb1776,https://thebackyardmarkets.com
1021530,268a80c2-c4ce-4768-b89a-d5083ad5a450,https://www.facebook.com/BackyardMarketinBF/
1021530,87b4577e-e26a-47a6-8a32-b6bd1a56c06b,
1021530,a2af1d35-6709-4551-a3a6-a161bfd74966,
1021530,f07ddbf1-8408-450e-bacb-174c1716fc81,https://www.instagram.com/backyardmarketinbf/
1021529,3232b375-3959-4e3a-9dd0-2c2d98cb1776,https://thebackyardmarkets.com
1021529,268a80c2-c4ce-4768-b89a-d5083ad5a450,https://www.facebook.com/BackyardMarketinBF/
1021529,87b4577e-e26a-47a6-8a32-b6bd1a56c06b,
1021529,a2af1d35-6709-4551-a3a6-a161bfd74966,
1021529,f07ddbf1-8408-450e-bacb-174c1716fc81,https://www.instagram.com/backyardmarketinbf/
1019044,3232b375-3959-4e3a-9dd0-2c2d98cb1776,
1019044,268a80c2-c4ce-4768-b89a-d5083ad5a450,bainbridgefarmmarket
1019044,87b4577e-e26a-47a6-8a32-b6bd1a56c06b,
1019044,a2af1d35-6709-4551-a3a6-a161bfd74966,
1019044,f07ddbf1-8408-450e-bacb-174c1716fc81,
1019076,3232b375-3959-4e3a-9dd0-2c2d98cb1776,https://www.villageofbaldwin.com/community/page/main-st-farmers-market
1019076,268a80c2-c4ce-4768-b89a-d5083ad5a450,https://www.facebook.com/BaldwinsMainStFarmersMarket/
1019076,87b4577e-e26a-47a6-8a32-b6bd1a56c06b,
1019076,a2af1d35-6709-4551-a3a6-a161bfd74966,
1019076,f07ddbf1-8408-450e-bacb-174c1716fc81,
1021338,3232b375-3959-4e3a-9dd0-2c2d98cb1776,http://www.sfmamarkets.com/visit-ballard-farmers-market
1021338,268a80c2-c4ce-4768-b89a-d5083ad5a450,https://www.facebook.com/BallardFarmersMarket
1021338,87b4577e-e26a-47a6-8a32-b6bd1a56c06b,
1021338,a2af1d35-6709-4551-a3a6-a161bfd74966,
1021338,f07ddbf1-8408-450e-bacb-174c1716fc81,https://www.instagram.com/sfmamarkets/
1021521,3232b375-3959-4e3a-9dd0-2c2d98cb1776,
1021521,268a80c2-c4ce-4768-b89a-d5083ad5a450,https://www.facebook.com/bambergfarmersmarket/?ref=page_internal
1021521,87b4577e-e26a-47a6-8a32-b6bd1a56c06b,
1021521,a2af1d35-6709-4551-a3a6-a161bfd74966,
1021521,f07ddbf1-8408-450e-bacb-174c1716fc81,
1012081,3232b375-3959-4e3a-9dd0-2c2d98cb1776,http://www.bangorfarmersmarket.org
1012081,268a80c2-c4ce-4768-b89a-d5083ad5a450,www.facebook.com/bangorfarmersmarket
1012081,87b4577e-e26a-47a6-8a32-b6bd1a56c06b,
1012081,a2af1d35-6709-4551-a3a6-a161bfd74966,
1012081,f07ddbf1-8408-450e-bacb-174c1716fc81,
1021582,3232b375-3959-4e3a-9dd0-2c2d98cb1776,http://barmbargains.com
1021582,268a80c2-c4ce-4768-b89a-d5083ad5a450,@barmbargains
1021582,87b4577e-e26a-47a6-8a32-b6bd1a56c06b,
1021582,a2af1d35-6709-4551-a3a6-a161bfd74966,
1021582,f07ddbf1-8408-450e-bacb-174c1716fc81,
1001604,3232b375-3959-4e3a-9dd0-2c2d98cb1776,http://www.barnegat.net
1001604,268a80c2-c4ce-4768-b89a-d5083ad5a450,@barnegatrecreation
1001604,87b4577e-e26a-47a6-8a32-b6bd1a56c06b,
1001604,a2af1d35-6709-4551-a3a6-a161bfd74966,
1001604,f07ddbf1-8408-450e-bacb-174c1716fc81,
1020029,3232b375-3959-4e3a-9dd0-2c2d98cb1776,http://www.barrowcountyfarmersmarket.com
1020029,268a80c2-c4ce-4768-b89a-d5083ad5a450,https://www.facebook.com/barrowcountyfarmersmarket
1020029,87b4577e-e26a-47a6-8a32-b6bd1a56c06b,
1020029,a2af1d35-6709-4551-a3a6-a161bfd74966,
1020029,f07ddbf1-8408-450e-bacb-174c1716fc81,#barrowcountyfarmersmarket
1003335,3232b375-3959-4e3a-9dd0-2c2d98cb1776,http://www.basaltsundaymarket.com
1003335,268a80c2-c4ce-4768-b89a-d5083ad5a450,
1003335,87b4577e-e26a-47a6-8a32-b6bd1a56c06b,
1003335,a2af1d35-6709-4551-a3a6-a161bfd74966,
1003335,f07ddbf1-8408-450e-bacb-174c1716fc81,
1019871,3232b375-3959-4e3a-9dd0-2c2d98cb1776,
1019871,268a80c2-c4ce-4768-b89a-d5083ad5a450,
1019871,87b4577e-e26a-47a6-8a32-b6bd1a56c06b,
1019871,a2af1d35-6709-4551-a3a6-a161bfd74966,
1019871,f07ddbf1-8408-450e-bacb-174c1716fc81,
1000436,3232b375-3959-4e3a-9dd0-2c2d98cb1776,http://www.bastrop1832farmersmarket.org
1000436,268a80c2-c4ce-4768-b89a-d5083ad5a450,https://www.facebook.com/pages/Bastrop-1832-Farmers-Market/118950738119102
1000436,87b4577e-e26a-47a6-8a32-b6bd1a56c06b,https://twitter.com/bastrop1832
1000436,a2af1d35-6709-4551-a3a6-a161bfd74966,
1000436,f07ddbf1-8408-450e-bacb-174c1716fc81,http://www.pinterest.com/dlpr/bastrop-1832-farmers-market/
1021540,3232b375-3959-4e3a-9dd0-2c2d98cb1776,https://downtownbatavia.com/farmers-market/
1021540,268a80c2-c4ce-4768-b89a-d5083ad5a450,https://www.facebook.com/BataviaFarmersMarket/about/?ref=page_internal
1021540,87b4577e-e26a-47a6-8a32-b6bd1a56c06b,
1021540,a2af1d35-6709-4551-a3a6-a161bfd74966,
1021540,f07ddbf1-8408-450e-bacb-174c1716fc81,https://www.instagram.com/bataviafarmersmarket/?hl=en
1021265,3232b375-3959-4e3a-9dd0-2c2d98cb1776,http://Www.Batesvillefarmersmarket.com
1021265,268a80c2-c4ce-4768-b89a-d5083ad5a450,Batesville Farmers Market
1021265,87b4577e-e26a-47a6-8a32-b6bd1a56c06b,
1021265,a2af1d35-6709-4551-a3a6-a161bfd74966,
1021265,f07ddbf1-8408-450e-bacb-174c1716fc81,
1021443,3232b375-3959-4e3a-9dd0-2c2d98cb1776,http://www.battlecreekfarmersmarket.com
1021443,268a80c2-c4ce-4768-b89a-d5083ad5a450,facebook.com/BattleCreekFarmersMarketAssociation
1021443,87b4577e-e26a-47a6-8a32-b6bd1a56c06b,
1021443,a2af1d35-6709-4551-a3a6-a161bfd74966,
1021443,f07ddbf1-8408-450e-bacb-174c1716fc81,
1019617,3232b375-3959-4e3a-9dd0-2c2d98cb1776,https://www.bayareafarmersmarkettexas.com/
1019617,268a80c2-c4ce-4768-b89a-d5083ad5a450,https://www.facebook.com/bayareafarmersmarket/?modal=admin_todo_tour
1019617,87b4577e-e26a-47a6-8a32-b6bd1a56c06b,
1019617,a2af1d35-6709-4551-a3a6-a161bfd74966,
1019617,f07ddbf1-8408-450e-bacb-174c1716fc81,
1019874,3232b375-3959-4e3a-9dd0-2c2d98cb1776,
1019874,268a80c2-c4ce-4768-b89a-d5083ad5a450,
1019874,87b4577e-e26a-47a6-8a32-b6bd1a56c06b,
1019874,a2af1d35-6709-4551-a3a6-a161bfd74966,
1019874,f07ddbf1-8408-450e-bacb-174c1716fc81,
1020102,3232b375-3959-4e3a-9dd0-2c2d98cb1776,
1020102,268a80c2-c4ce-4768-b89a-d5083ad5a450,Locally Made Market Beattyville Lee county 
1020102,87b4577e-e26a-47a6-8a32-b6bd1a56c06b,
1020102,a2af1d35-6709-4551-a3a6-a161bfd74966,
1020102,f07ddbf1-8408-450e-bacb-174c1716fc81,
1018735,3232b375-3959-4e3a-9dd0-2c2d98cb1776,http://www.beaumontfarmersmarket.org
1018735,268a80c2-c4ce-4768-b89a-d5083ad5a450,Beaumont Farmers Market
1018735,87b4577e-e26a-47a6-8a32-b6bd1a56c06b,
1018735,a2af1d35-6709-4551-a3a6-a161bfd74966,
1018735,f07ddbf1-8408-450e-bacb-174c1716fc81,Instagram
1019875,3232b375-3959-4e3a-9dd0-2c2d98cb1776,
1019875,268a80c2-c4ce-4768-b89a-d5083ad5a450,
1019875,87b4577e-e26a-47a6-8a32-b6bd1a56c06b,
1019875,a2af1d35-6709-4551-a3a6-a161bfd74966,
1019875,f07ddbf1-8408-450e-bacb-174c1716fc81,
1020097,3232b375-3959-4e3a-9dd0-2c2d98cb1776,
1020097,268a80c2-c4ce-4768-b89a-d5083ad5a450,
1020097,87b4577e-e26a-47a6-8a32-b6bd1a56c06b,
1020097,a2af1d35-6709-4551-a3a6-a161bfd74966,
1020097,f07ddbf1-8408-450e-bacb-174c1716fc81,
1021630,3232b375-3959-4e3a-9dd0-2c2d98cb1776,http://beaverdalefarmersmarket.org/
1021630,268a80c2-c4ce-4768-b89a-d5083ad5a450,https://www.facebook.com/BeaverdaleFarmFest/ 
1021630,87b4577e-e26a-47a6-8a32-b6bd1a56c06b,www.twitter.com/BeaverdaleFarm
1021630,a2af1d35-6709-4551-a3a6-a161bfd74966,
1021630,f07ddbf1-8408-450e-bacb-174c1716fc81,
1019853,3232b375-3959-4e3a-9dd0-2c2d98cb1776,http://Www.bedfordfarmersmarketnh.org
1019853,268a80c2-c4ce-4768-b89a-d5083ad5a450,https://www.facebook.com/BedfordFarmersMarketNH/
1019853,87b4577e-e26a-47a6-8a32-b6bd1a56c06b,
1019853,a2af1d35-6709-4551-a3a6-a161bfd74966,
1019853,f07ddbf1-8408-450e-bacb-174c1716fc81,
1019400,3232b375-3959-4e3a-9dd0-2c2d98cb1776,http://bedminsternj.hosted.civiclive.com/township_services/farmers_market
1019400,268a80c2-c4ce-4768-b89a-d5083ad5a450,https://www.facebook.com/bedminsterfarmersmarket/?eid=ARArXvXuUVPdjTMbOd_12-gC2WKj6BpLHpqkVXPEOpscqeAh6w0Zv07etCwMUUqqHWLD7rH2eCWztrqR
1019400,87b4577e-e26a-47a6-8a32-b6bd1a56c06b,
1019400,a2af1d35-6709-4551-a3a6-a161bfd74966,
1019400,f07ddbf1-8408-450e-bacb-174c1716fc81,https://www.instagram.com/bedminsterfarmersmarket/?hl=en
1010607,3232b375-3959-4e3a-9dd0-2c2d98cb1776,http://www.BelAirFarmersMarket.com
1010607,268a80c2-c4ce-4768-b89a-d5083ad5a450,BelAir Farmers Market
1010607,87b4577e-e26a-47a6-8a32-b6bd1a56c06b,@belairfm
1010607,a2af1d35-6709-4551-a3a6-a161bfd74966,
1010607,f07ddbf1-8408-450e-bacb-174c1716fc81,Instagram  @belairfm
1011902,3232b375-3959-4e3a-9dd0-2c2d98cb1776,http://bellevilleks.org
1011902,268a80c2-c4ce-4768-b89a-d5083ad5a450,https://www.facebook.com/BellevilleKSFarmersMarket
1011902,87b4577e-e26a-47a6-8a32-b6bd1a56c06b,
1011902,a2af1d35-6709-4551-a3a6-a161bfd74966,
1011902,f07ddbf1-8408-450e-bacb-174c1716fc81,
1021363,3232b375-3959-4e3a-9dd0-2c2d98cb1776,http://www.bellevillecentralbusinesscommunity.com
1021363,268a80c2-c4ce-4768-b89a-d5083ad5a450,Belleville Farmers Market
1021363,87b4577e-e26a-47a6-8a32-b6bd1a56c06b,
1021363,a2af1d35-6709-4551-a3a6-a161bfd74966,
1021363,f07ddbf1-8408-450e-bacb-174c1716fc81,
1008140,3232b375-3959-4e3a-9dd0-2c2d98cb1776,http://www.bellinghamfarmers.org
1008140,268a80c2-c4ce-4768-b89a-d5083ad5a450,https://www.facebook.com/pages/Bellingham-Farmers-Market/30710694970
1008140,87b4577e-e26a-47a6-8a32-b6bd1a56c06b,https://twitter.com/BhamFarmersMkt
1008140,a2af1d35-6709-4551-a3a6-a161bfd74966,
1008140,f07ddbf1-8408-450e-bacb-174c1716fc81,
1002064,3232b375-3959-4e3a-9dd0-2c2d98cb1776,
1002064,268a80c2-c4ce-4768-b89a-d5083ad5a450,Belmont Farmers Market
1002064,87b4577e-e26a-47a6-8a32-b6bd1a56c06b,
1002064,a2af1d35-6709-4551-a3a6-a161bfd74966,
1002064,f07ddbf1-8408-450e-bacb-174c1716fc81,www.thebelmontfarmersmarket.com
1011363,3232b375-3959-4e3a-9dd0-2c2d98cb1776,
1011363,268a80c2-c4ce-4768-b89a-d5083ad5a450,https://www.facebook.com/BeltonMoFarmersMarket/
1011363,87b4577e-e26a-47a6-8a32-b6bd1a56c06b,
1011363,a2af1d35-6709-4551-a3a6-a161bfd74966,
1011363,f07ddbf1-8408-450e-bacb-174c1716fc81,
1001316,3232b375-3959-4e3a-9dd0-2c2d98cb1776,
1001316,268a80c2-c4ce-4768-b89a-d5083ad5a450,http://www.facebook.com/bemidjisfarmersmarket
1001316,87b4577e-e26a-47a6-8a32-b6bd1a56c06b,
1001316,a2af1d35-6709-4551-a3a6-a161bfd74966,
1001316,f07ddbf1-8408-450e-bacb-174c1716fc81,
1001533,3232b375-3959-4e3a-9dd0-2c2d98cb1776,http://www.beniciamainstreet.org
1001533,268a80c2-c4ce-4768-b89a-d5083ad5a450,
1001533,87b4577e-e26a-47a6-8a32-b6bd1a56c06b,
1001533,a2af1d35-6709-4551-a3a6-a161bfd74966,
1001533,f07ddbf1-8408-450e-bacb-174c1716fc81,
1018644,3232b375-3959-4e3a-9dd0-2c2d98cb1776,http://www.bennetfarmersmarket.com/
1018644,268a80c2-c4ce-4768-b89a-d5083ad5a450,
1018644,87b4577e-e26a-47a6-8a32-b6bd1a56c06b,
1018644,a2af1d35-6709-4551-a3a6-a161bfd74966,
1018644,f07ddbf1-8408-450e-bacb-174c1716fc81,
1021403,3232b375-3959-4e3a-9dd0-2c2d98cb1776,https://www.downtownbentonville.org/event/fm
1021403,268a80c2-c4ce-4768-b89a-d5083ad5a450,https://www.facebook.com/142086697017/
1021403,87b4577e-e26a-47a6-8a32-b6bd1a56c06b,
1021403,a2af1d35-6709-4551-a3a6-a161bfd74966,
1021403,f07ddbf1-8408-450e-bacb-174c1716fc81,
1005183,3232b375-3959-4e3a-9dd0-2c2d98cb1776,http://www.berkeleyspringsfarmersmarket.com
1005183,268a80c2-c4ce-4768-b89a-d5083ad5a450,https://www.facebook.com/pages/Berkeley-Springs-Farmers-Market/354062496235
1005183,87b4577e-e26a-47a6-8a32-b6bd1a56c06b,
1005183,a2af1d35-6709-4551-a3a6-a161bfd74966,
1005183,f07ddbf1-8408-450e-bacb-174c1716fc81,IG @bsfarmersmarket
1019005,3232b375-3959-4e3a-9dd0-2c2d98cb1776,
1019005,268a80c2-c4ce-4768-b89a-d5083ad5a450,
1019005,87b4577e-e26a-47a6-8a32-b6bd1a56c06b,
1019005,a2af1d35-6709-4551-a3a6-a161bfd74966,
1019005,f07ddbf1-8408-450e-bacb-174c1716fc81,
1021628,3232b375-3959-4e3a-9dd0-2c2d98cb1776,
1021628,268a80c2-c4ce-4768-b89a-d5083ad5a450,https://www.facebook.com/berwickmainefarmersmarket
1021628,87b4577e-e26a-47a6-8a32-b6bd1a56c06b,
1021628,a2af1d35-6709-4551-a3a6-a161bfd74966,
1021628,f07ddbf1-8408-450e-bacb-174c1716fc81,https://www.instagram.com/berwickwinterfarmersmarket/
1019168,3232b375-3959-4e3a-9dd0-2c2d98cb1776,
1019168,268a80c2-c4ce-4768-b89a-d5083ad5a450,https://www.facebook.com/BessemerFarmersMarket/
1019168,87b4577e-e26a-47a6-8a32-b6bd1a56c06b,
1019168,a2af1d35-6709-4551-a3a6-a161bfd74966,
1019168,f07ddbf1-8408-450e-bacb-174c1716fc81,
1019169,3232b375-3959-4e3a-9dd0-2c2d98cb1776,
1019169,268a80c2-c4ce-4768-b89a-d5083ad5a450,
1019169,87b4577e-e26a-47a6-8a32-b6bd1a56c06b,
1019169,a2af1d35-6709-4551-a3a6-a161bfd74966,
1019169,f07ddbf1-8408-450e-bacb-174c1716fc81,
1019967,3232b375-3959-4e3a-9dd0-2c2d98cb1776,http://bethaltomarketinthepark.org
1019967,268a80c2-c4ce-4768-b89a-d5083ad5a450,bethatofarmersmarket
1019967,87b4577e-e26a-47a6-8a32-b6bd1a56c06b,
1019967,a2af1d35-6709-4551-a3a6-a161bfd74966,
1019967,f07ddbf1-8408-450e-bacb-174c1716fc81,
1021322,3232b375-3959-4e3a-9dd0-2c2d98cb1776,https://bethanybeachfarmersmarket.com/
1021322,268a80c2-c4ce-4768-b89a-d5083ad5a450,https://www.facebook.com/bethanybeachfarmersmarket
1021322,87b4577e-e26a-47a6-8a32-b6bd1a56c06b,@BBFarmersMarket
1021322,a2af1d35-6709-4551-a3a6-a161bfd74966,0
1021322,f07ddbf1-8408-450e-bacb-174c1716fc81,
1010406,3232b375-3959-4e3a-9dd0-2c2d98cb1776,http://www.centralfarmmarkets.com
1010406,268a80c2-c4ce-4768-b89a-d5083ad5a450,www.facebook.com/CentralFarmMarkets
1010406,87b4577e-e26a-47a6-8a32-b6bd1a56c06b,@CentralFarmMKTs
1010406,a2af1d35-6709-4551-a3a6-a161bfd74966,
1010406,f07ddbf1-8408-450e-bacb-174c1716fc81,http://dishingthedirtblog.wordpress.com/
1012494,3232b375-3959-4e3a-9dd0-2c2d98cb1776,http://www.bethlehemfarmersmarket.com
1012494,268a80c2-c4ce-4768-b89a-d5083ad5a450,facebook.com/BethlehemFarmersMarketPA
1012494,87b4577e-e26a-47a6-8a32-b6bd1a56c06b,twitter.com/BethFarmMkt
1012494,a2af1d35-6709-4551-a3a6-a161bfd74966,
1012494,f07ddbf1-8408-450e-bacb-174c1716fc81,instagram.com/bethlehemfarmersmarket
1020196,3232b375-3959-4e3a-9dd0-2c2d98cb1776,http://beverlyhills.org/departments/communityservices/farmersmarket/
1020196,268a80c2-c4ce-4768-b89a-d5083ad5a450,https://www.facebook.com/BHFarmersMarket/
1020196,87b4577e-e26a-47a6-8a32-b6bd1a56c06b,
1020196,a2af1d35-6709-4551-a3a6-a161bfd74966,
1020196,f07ddbf1-8408-450e-bacb-174c1716fc81,
1019765,3232b375-3959-4e3a-9dd0-2c2d98cb1776,http://www.bexleyfarmersmarket.org
1019765,268a80c2-c4ce-4768-b89a-d5083ad5a450,
1019765,87b4577e-e26a-47a6-8a32-b6bd1a56c06b,
1019765,a2af1d35-6709-4551-a3a6-a161bfd74966,
1019765,f07ddbf1-8408-450e-bacb-174c1716fc81,
1005949,3232b375-3959-4e3a-9dd0-2c2d98cb1776,http://www.highdesertfarmersmarket.com
1005949,268a80c2-c4ce-4768-b89a-d5083ad5a450,https://www.facebook.com/BigBearFarmersMarket
1005949,87b4577e-e26a-47a6-8a32-b6bd1a56c06b,
1005949,a2af1d35-6709-4551-a3a6-a161bfd74966,
1005949,f07ddbf1-8408-450e-bacb-174c1716fc81,
1019338,3232b375-3959-4e3a-9dd0-2c2d98cb1776,http://www.biglakemn.org/350/Farmers-Market
1019338,268a80c2-c4ce-4768-b89a-d5083ad5a450,https://www.facebook.com/biglakefarmersmarket/
1019338,87b4577e-e26a-47a6-8a32-b6bd1a56c06b,
1019338,a2af1d35-6709-4551-a3a6-a161bfd74966,
1019338,f07ddbf1-8408-450e-bacb-174c1716fc81,
1019339,3232b375-3959-4e3a-9dd0-2c2d98cb1776,http://www.biglakemn.org/432/Winter-Farmers-Market
1019339,268a80c2-c4ce-4768-b89a-d5083ad5a450,https://www.facebook.com/biglakefarmersmarket/
1019339,87b4577e-e26a-47a6-8a32-b6bd1a56c06b,
1019339,a2af1d35-6709-4551-a3a6-a161bfd74966,
1019339,f07ddbf1-8408-450e-bacb-174c1716fc81,
1019591,3232b375-3959-4e3a-9dd0-2c2d98cb1776,http://billericafarmersmarket.org
1019591,268a80c2-c4ce-4768-b89a-d5083ad5a450,Billerica Farmers Market
1019591,87b4577e-e26a-47a6-8a32-b6bd1a56c06b,
1019591,a2af1d35-6709-4551-a3a6-a161bfd74966,
1019591,f07ddbf1-8408-450e-bacb-174c1716fc81,
1021508,3232b375-3959-4e3a-9dd0-2c2d98cb1776,https://birdsboropa.org/community-events/
1021508,268a80c2-c4ce-4768-b89a-d5083ad5a450,https://m.facebook.com/events/main-bird-park-226-n-water-st-birdsboro-pa-19508/birdsboro-farmers-market/752878688717725/
1021508,87b4577e-e26a-47a6-8a32-b6bd1a56c06b,
1021508,a2af1d35-6709-4551-a3a6-a161bfd74966,
1021508,f07ddbf1-8408-450e-bacb-174c1716fc81,
1011037,3232b375-3959-4e3a-9dd0-2c2d98cb1776,http://www.bismarket.com
1011037,268a80c2-c4ce-4768-b89a-d5083ad5a450,www.facebook.com/bismarketnd
1011037,87b4577e-e26a-47a6-8a32-b6bd1a56c06b,
1011037,a2af1d35-6709-4551-a3a6-a161bfd74966,
1011037,f07ddbf1-8408-450e-bacb-174c1716fc81,
1012163,3232b375-3959-4e3a-9dd0-2c2d98cb1776,http://BlairstownFarmersMarket.com
1012163,268a80c2-c4ce-4768-b89a-d5083ad5a450,https://www.facebook.com/blairstownfarmersmarket/
1012163,87b4577e-e26a-47a6-8a32-b6bd1a56c06b,https://twitter.com/FoodshedNJ
1012163,a2af1d35-6709-4551-a3a6-a161bfd74966,
1012163,f07ddbf1-8408-450e-bacb-174c1716fc81,
1011829,3232b375-3959-4e3a-9dd0-2c2d98cb1776,http://www.bloomfieldpgh.org
1011829,268a80c2-c4ce-4768-b89a-d5083ad5a450,https://www.facebook.com/bloomfieldmarket/
1011829,87b4577e-e26a-47a6-8a32-b6bd1a56c06b,
1011829,a2af1d35-6709-4551-a3a6-a161bfd74966,
1011829,f07ddbf1-8408-450e-bacb-174c1716fc81,instagram.com/bloomfieldpgh
1018396,3232b375-3959-4e3a-9dd0-2c2d98cb1776,http://bloomington.in.gov/farmersmarket
1018396,268a80c2-c4ce-4768-b89a-d5083ad5a450,https://www.facebook.com/pages/Bloomington-Community-Farmers-Market/130635957114110
1018396,87b4577e-e26a-47a6-8a32-b6bd1a56c06b,
1018396,a2af1d35-6709-4551-a3a6-a161bfd74966,
1018396,f07ddbf1-8408-450e-bacb-174c1716fc81,
1018563,3232b375-3959-4e3a-9dd0-2c2d98cb1776,http://bloomingtonwinterfarmersmarket.com
1018563,268a80c2-c4ce-4768-b89a-d5083ad5a450,https://www.facebook.com/Bloomington-Winter-Farmers-Market-205299875349/
1018563,87b4577e-e26a-47a6-8a32-b6bd1a56c06b,
1018563,a2af1d35-6709-4551-a3a6-a161bfd74966,
1018563,f07ddbf1-8408-450e-bacb-174c1716fc81,https://www.instagram.com/bloomingtonwinterfarmersmarket/
1019932,3232b375-3959-4e3a-9dd0-2c2d98cb1776,http://summitparkblueash.com/residents/farmers_market.php
1019932,268a80c2-c4ce-4768-b89a-d5083ad5a450,https://www.facebook.com/blueashfarmersmarket/
1019932,87b4577e-e26a-47a6-8a32-b6bd1a56c06b,
1019932,a2af1d35-6709-4551-a3a6-a161bfd74966,
1019932,f07ddbf1-8408-450e-bacb-174c1716fc81,https://www.instagram.com/blueashfarmersmarket/
1020098,3232b375-3959-4e3a-9dd0-2c2d98cb1776,http://www.bluegrassfarmersmarket.com
1020098,268a80c2-c4ce-4768-b89a-d5083ad5a450,BluegrassFarmersMarket@bluegrassfarmersmarket
1020098,87b4577e-e26a-47a6-8a32-b6bd1a56c06b,
1020098,a2af1d35-6709-4551-a3a6-a161bfd74966,
1020098,f07ddbf1-8408-450e-bacb-174c1716fc81,
1019372,3232b375-3959-4e3a-9dd0-2c2d98cb1776,https://www.explorebluffton.com/farmers-market
1019372,268a80c2-c4ce-4768-b89a-d5083ad5a450,https://www.facebook.com/farmersmarketblufftonohio/
1019372,87b4577e-e26a-47a6-8a32-b6bd1a56c06b,
1019372,a2af1d35-6709-4551-a3a6-a161bfd74966,
1019372,f07ddbf1-8408-450e-bacb-174c1716fc81,
1019440,3232b375-3959-4e3a-9dd0-2c2d98cb1776,
1019440,268a80c2-c4ce-4768-b89a-d5083ad5a450,https://www.facebook.com/BlufftonIndianaFarmersMarket/
1019440,87b4577e-e26a-47a6-8a32-b6bd1a56c06b,
1019440,a2af1d35-6709-4551-a3a6-a161bfd74966,
1019440,f07ddbf1-8408-450e-bacb-174c1716fc81,
1018092,3232b375-3959-4e3a-9dd0-2c2d98cb1776,http://www.thebmi.org/programs-events/bmi-farmers-market/
1018092,268a80c2-c4ce-4768-b89a-d5083ad5a450,https://www.facebook.com/BaltimoreMuseumofIndustry/
1018092,87b4577e-e26a-47a6-8a32-b6bd1a56c06b,https://twitter.com/BMIatWork
1018092,a2af1d35-6709-4551-a3a6-a161bfd74966,https://www.youtube.com/watch?v=or-mld01KWw
1018092,f07ddbf1-8408-450e-bacb-174c1716fc81,https://www.instagram.com/baltimoremuseumofindustry/
1018313,3232b375-3959-4e3a-9dd0-2c2d98cb1776,http://WWW.THEBOISEFARMERSMARKET.COM
1018313,268a80c2-c4ce-4768-b89a-d5083ad5a450,BOISE FARMERS MARKET
1018313,87b4577e-e26a-47a6-8a32-b6bd1a56c06b,BOISE FARMERS MARKET
1018313,a2af1d35-6709-4551-a3a6-a161bfd74966,
1018313,f07ddbf1-8408-450e-bacb-174c1716fc81,
1018316,3232b375-3959-4e3a-9dd0-2c2d98cb1776,http://www.theboisefarmersmarket.com
1018316,268a80c2-c4ce-4768-b89a-d5083ad5a450,BOISE FARMERS MARKET
1018316,87b4577e-e26a-47a6-8a32-b6bd1a56c06b,BOISE FARMERS MARKET
1018316,a2af1d35-6709-4551-a3a6-a161bfd74966,
1018316,f07ddbf1-8408-450e-bacb-174c1716fc81,
1020101,3232b375-3959-4e3a-9dd0-2c2d98cb1776,http://www.boonecountyfarmersmarker.org
1020101,268a80c2-c4ce-4768-b89a-d5083ad5a450,
1020101,87b4577e-e26a-47a6-8a32-b6bd1a56c06b,
1020101,a2af1d35-6709-4551-a3a6-a161bfd74966,
1020101,f07ddbf1-8408-450e-bacb-174c1716fc81,
1006833,3232b375-3959-4e3a-9dd0-2c2d98cb1776,http://www.boonefarmersmarket.com
1006833,268a80c2-c4ce-4768-b89a-d5083ad5a450,
1006833,87b4577e-e26a-47a6-8a32-b6bd1a56c06b,
1006833,a2af1d35-6709-4551-a3a6-a161bfd74966,
1006833,f07ddbf1-8408-450e-bacb-174c1716fc81,
1019318,3232b375-3959-4e3a-9dd0-2c2d98cb1776,https://boonvillemofarmersmarket.weebly.com/
1019318,268a80c2-c4ce-4768-b89a-d5083ad5a450,@BoonvilleMOFarmersMarket
1019318,87b4577e-e26a-47a6-8a32-b6bd1a56c06b,@boonfarmmarket
1019318,a2af1d35-6709-4551-a3a6-a161bfd74966,
1019318,f07ddbf1-8408-450e-bacb-174c1716fc81,
1019693,3232b375-3959-4e3a-9dd0-2c2d98cb1776,
1019693,268a80c2-c4ce-4768-b89a-d5083ad5a450,https://www.facebook.com/BotetourtFarmersMarket/
1019693,87b4577e-e26a-47a6-8a32-b6bd1a56c06b,
1019693,a2af1d35-6709-4551-a3a6-a161bfd74966,
1019693,f07ddbf1-8408-450e-bacb-174c1716fc81,
1018394,3232b375-3959-4e3a-9dd0-2c2d98cb1776,
1018394,268a80c2-c4ce-4768-b89a-d5083ad5a450,facebook.com/Bottineau-Farmers-Market-1665424737011341/
1018394,87b4577e-e26a-47a6-8a32-b6bd1a56c06b,
1018394,a2af1d35-6709-4551-a3a6-a161bfd74966,
1018394,f07ddbf1-8408-450e-bacb-174c1716fc81,
1001526,3232b375-3959-4e3a-9dd0-2c2d98cb1776,http://www.bouldermtchamber.org
1001526,268a80c2-c4ce-4768-b89a-d5083ad5a450,Boulder MT Farmers and Artisans Market
1001526,87b4577e-e26a-47a6-8a32-b6bd1a56c06b,
1001526,a2af1d35-6709-4551-a3a6-a161bfd74966,
1001526,f07ddbf1-8408-450e-bacb-174c1716fc81,
1019165,3232b375-3959-4e3a-9dd0-2c2d98cb1776,http://www.cityofbowie.org/103/Farmers-Market
1019165,268a80c2-c4ce-4768-b89a-d5083ad5a450,https://www.facebook.com/BowieFarmersMarket/
1019165,87b4577e-e26a-47a6-8a32-b6bd1a56c06b,
1019165,a2af1d35-6709-4551-a3a6-a161bfd74966,
1019165,f07ddbf1-8408-450e-bacb-174c1716fc81,
1020096,3232b375-3959-4e3a-9dd0-2c2d98cb1776,https://boyd.ca.uky.edu/content/farmersmarket
1020096,268a80c2-c4ce-4768-b89a-d5083ad5a450,Boyd County Farmers Market
1020096,87b4577e-e26a-47a6-8a32-b6bd1a56c06b,
1020096,a2af1d35-6709-4551-a3a6-a161bfd74966,
1020096,f07ddbf1-8408-450e-bacb-174c1716fc81,
1020099,3232b375-3959-4e3a-9dd0-2c2d98cb1776,https://boyd.ca.uky.edu/content/farmersmarket
1020099,268a80c2-c4ce-4768-b89a-d5083ad5a450,Boyd County Farmers Market
1020099,87b4577e-e26a-47a6-8a32-b6bd1a56c06b,
1020099,a2af1d35-6709-4551-a3a6-a161bfd74966,
1020099,f07ddbf1-8408-450e-bacb-174c1716fc81,
1019205,3232b375-3959-4e3a-9dd0-2c2d98cb1776,http://boynecitymainstreet.com/farmers-market-welcome/
1019205,268a80c2-c4ce-4768-b89a-d5083ad5a450,https://www.facebook.com/BoyneCityFarmersMarket/
1019205,87b4577e-e26a-47a6-8a32-b6bd1a56c06b,
1019205,a2af1d35-6709-4551-a3a6-a161bfd74966,
1019205,f07ddbf1-8408-450e-bacb-174c1716fc81,
1021248,3232b375-3959-4e3a-9dd0-2c2d98cb1776,http://www.braeswoodfarmersmarket.com
1021248,268a80c2-c4ce-4768-b89a-d5083ad5a450,https://www.facebook.com/braeswoodfarmersmarket
1021248,87b4577e-e26a-47a6-8a32-b6bd1a56c06b,
1021248,a2af1d35-6709-4551-a3a6-a161bfd74966,
1021248,f07ddbf1-8408-450e-bacb-174c1716fc81,https://www.instagram.com/braeswoodfarmersmarket/
1018227,3232b375-3959-4e3a-9dd0-2c2d98cb1776,http://www.braintreefarmersmarket.org
1018227,268a80c2-c4ce-4768-b89a-d5083ad5a450,https://www.facebook.com/braintreefarmersmarket/
1018227,87b4577e-e26a-47a6-8a32-b6bd1a56c06b,https://twitter.com/bfarmmarket
1018227,a2af1d35-6709-4551-a3a6-a161bfd74966,
1018227,f07ddbf1-8408-450e-bacb-174c1716fc81,https://www.instagram.com/braintreefarmersmarket/
1002407,3232b375-3959-4e3a-9dd0-2c2d98cb1776,http://www.brattleborofarmersmarket.com
1002407,268a80c2-c4ce-4768-b89a-d5083ad5a450,https://www.facebook.com/pages/Brattleboro-Area-Farmers-Market/197642043604505
1002407,87b4577e-e26a-47a6-8a32-b6bd1a56c06b,
1002407,a2af1d35-6709-4551-a3a6-a161bfd74966,
1002407,f07ddbf1-8408-450e-bacb-174c1716fc81,
1011075,3232b375-3959-4e3a-9dd0-2c2d98cb1776,http://www.brattleborowinterfarmersmarket.org
1011075,268a80c2-c4ce-4768-b89a-d5083ad5a450,//www.facebook.com/BrattleboroWinterFarmersMarket
1011075,87b4577e-e26a-47a6-8a32-b6bd1a56c06b,//twitter.com/BrattWinterMkt
1011075,a2af1d35-6709-4551-a3a6-a161bfd74966,
1011075,f07ddbf1-8408-450e-bacb-174c1716fc81,
1020113,3232b375-3959-4e3a-9dd0-2c2d98cb1776,
1020113,268a80c2-c4ce-4768-b89a-d5083ad5a450,https://www.facebook.com/BreathittFarmersMarket
1020113,87b4577e-e26a-47a6-8a32-b6bd1a56c06b,
1020113,a2af1d35-6709-4551-a3a6-a161bfd74966,
1020113,f07ddbf1-8408-450e-bacb-174c1716fc81,
1018556,3232b375-3959-4e3a-9dd0-2c2d98cb1776,http://www.bremertonmarket.com
1018556,268a80c2-c4ce-4768-b89a-d5083ad5a450,https://www.facebook.com/BremertonMarket/
1018556,87b4577e-e26a-47a6-8a32-b6bd1a56c06b,
1018556,a2af1d35-6709-4551-a3a6-a161bfd74966,
1018556,f07ddbf1-8408-450e-bacb-174c1716fc81,
1019146,3232b375-3959-4e3a-9dd0-2c2d98cb1776,
1019146,268a80c2-c4ce-4768-b89a-d5083ad5a450,https://www.facebook.com/BridgewaterFarmersMarketNJ/
1019146,87b4577e-e26a-47a6-8a32-b6bd1a56c06b,
1019146,a2af1d35-6709-4551-a3a6-a161bfd74966,
1019146,f07ddbf1-8408-450e-bacb-174c1716fc81,
1018756,3232b375-3959-4e3a-9dd0-2c2d98cb1776,http://visitbrighamcity.com/farmersmarket
1018756,268a80c2-c4ce-4768-b89a-d5083ad5a450,@historicbrigham
1018756,87b4577e-e26a-47a6-8a32-b6bd1a56c06b,@historicbrigham
1018756,a2af1d35-6709-4551-a3a6-a161bfd74966,
1018756,f07ddbf1-8408-450e-bacb-174c1716fc81,
1005483,3232b375-3959-4e3a-9dd0-2c2d98cb1776,http://www.hitchcockacademy.org
1005483,268a80c2-c4ce-4768-b89a-d5083ad5a450,
1005483,87b4577e-e26a-47a6-8a32-b6bd1a56c06b,
1005483,a2af1d35-6709-4551-a3a6-a161bfd74966,
1005483,f07ddbf1-8408-450e-bacb-174c1716fc81,
1019905,3232b375-3959-4e3a-9dd0-2c2d98cb1776,https://guide.farmfreshri.org/food/farmersmarkets_details.php?market=3
1019905,268a80c2-c4ce-4768-b89a-d5083ad5a450,https://www.facebook.com/farmfreshri/
1019905,87b4577e-e26a-47a6-8a32-b6bd1a56c06b,
1019905,a2af1d35-6709-4551-a3a6-a161bfd74966,
1019905,f07ddbf1-8408-450e-bacb-174c1716fc81,
1019257,3232b375-3959-4e3a-9dd0-2c2d98cb1776,http://www.town.broadway.va.us/farmers-market.html
1019257,268a80c2-c4ce-4768-b89a-d5083ad5a450,https://www.facebook.com/BroadwayFarmMkt/
1019257,87b4577e-e26a-47a6-8a32-b6bd1a56c06b,Broadwayfarmmkt
1019257,a2af1d35-6709-4551-a3a6-a161bfd74966,
1019257,f07ddbf1-8408-450e-bacb-174c1716fc81,
1019984,3232b375-3959-4e3a-9dd0-2c2d98cb1776,https://www.brocktonfarmersmarket.com/
1019984,268a80c2-c4ce-4768-b89a-d5083ad5a450,https://www.facebook.com/BrocktonFarmersMarket/
1019984,87b4577e-e26a-47a6-8a32-b6bd1a56c06b,https://twitter.com/BrocktonMarket
1019984,a2af1d35-6709-4551-a3a6-a161bfd74966,
1019984,f07ddbf1-8408-450e-bacb-174c1716fc81,https://www.instagram.com/brocktonfarmersmkt/
1019794,3232b375-3959-4e3a-9dd0-2c2d98cb1776,
1019794,268a80c2-c4ce-4768-b89a-d5083ad5a450,https://www.facebook.com/2018BGM/?modal=admin_todo_tour
1019794,87b4577e-e26a-47a6-8a32-b6bd1a56c06b,
1019794,a2af1d35-6709-4551-a3a6-a161bfd74966,
1019794,f07ddbf1-8408-450e-bacb-174c1716fc81,
1019527,3232b375-3959-4e3a-9dd0-2c2d98cb1776,http://www.101farmersmarket.com/
1019527,268a80c2-c4ce-4768-b89a-d5083ad5a450,https://www.facebook.com/Brookingsharborfarmersmarket/
1019527,87b4577e-e26a-47a6-8a32-b6bd1a56c06b,
1019527,a2af1d35-6709-4551-a3a6-a161bfd74966,
1019527,f07ddbf1-8408-450e-bacb-174c1716fc81,
1021210,3232b375-3959-4e3a-9dd0-2c2d98cb1776,https://www.brooklinefarmersmarket.com
1021210,268a80c2-c4ce-4768-b89a-d5083ad5a450,
1021210,87b4577e-e26a-47a6-8a32-b6bd1a56c06b,
1021210,a2af1d35-6709-4551-a3a6-a161bfd74966,
1021210,f07ddbf1-8408-450e-bacb-174c1716fc81,
1021736,3232b375-3959-4e3a-9dd0-2c2d98cb1776,https://www.brooksidefarmersmarket.com/
1021736,268a80c2-c4ce-4768-b89a-d5083ad5a450,https://www.facebook.com/BrooksideFarmersMarket
1021736,87b4577e-e26a-47a6-8a32-b6bd1a56c06b,
1021736,a2af1d35-6709-4551-a3a6-a161bfd74966,
1021736,f07ddbf1-8408-450e-bacb-174c1716fc81,
1018891,3232b375-3959-4e3a-9dd0-2c2d98cb1776,http://www.hernandogrowers.org
1018891,268a80c2-c4ce-4768-b89a-d5083ad5a450,facebook.com/hernandogrowers
1018891,87b4577e-e26a-47a6-8a32-b6bd1a56c06b,twitter.com/HernandoGrowers
1018891,a2af1d35-6709-4551-a3a6-a161bfd74966,
1018891,f07ddbf1-8408-450e-bacb-174c1716fc81,instagram.com/hernandogrowers
1021515,3232b375-3959-4e3a-9dd0-2c2d98cb1776,
1021515,268a80c2-c4ce-4768-b89a-d5083ad5a450,
1021515,87b4577e-e26a-47a6-8a32-b6bd1a56c06b,
1021515,a2af1d35-6709-4551-a3a6-a161bfd74966,
1021515,f07ddbf1-8408-450e-bacb-174c1716fc81,
1021262,3232b375-3959-4e3a-9dd0-2c2d98cb1776,http://www.broomecountyregionalmarket.com
1021262,268a80c2-c4ce-4768-b89a-d5083ad5a450,Broome County Regional Farmers Market
1021262,87b4577e-e26a-47a6-8a32-b6bd1a56c06b,
1021262,a2af1d35-6709-4551-a3a6-a161bfd74966,
1021262,f07ddbf1-8408-450e-bacb-174c1716fc81,Instagram: broomecountyregionalfarmersmkt
1019906,3232b375-3959-4e3a-9dd0-2c2d98cb1776,https://guide.farmfreshri.org/food/farmersmarkets_details.php?market=5
1019906,268a80c2-c4ce-4768-b89a-d5083ad5a450,https://www.facebook.com/farmfreshri/
1019906,87b4577e-e26a-47a6-8a32-b6bd1a56c06b,
1019906,a2af1d35-6709-4551-a3a6-a161bfd74966,
1019906,f07ddbf1-8408-450e-bacb-174c1716fc81,
1019727,3232b375-3959-4e3a-9dd0-2c2d98cb1776,https://www.brownsburg.org/category/subcategory.php?categoryid=8
1019727,268a80c2-c4ce-4768-b89a-d5083ad5a450,https://www.facebook.com/BrownsburgFarmersMarket/
1019727,87b4577e-e26a-47a6-8a32-b6bd1a56c06b,https://twitter.com/home
1019727,a2af1d35-6709-4551-a3a6-a161bfd74966,
1019727,f07ddbf1-8408-450e-bacb-174c1716fc81,https://www.instagram.com/brownsburgfarmersmarket/
1017968,3232b375-3959-4e3a-9dd0-2c2d98cb1776,
1017968,268a80c2-c4ce-4768-b89a-d5083ad5a450,Bruce Community Farmers Market
1017968,87b4577e-e26a-47a6-8a32-b6bd1a56c06b,
1017968,a2af1d35-6709-4551-a3a6-a161bfd74966,
1017968,f07ddbf1-8408-450e-bacb-174c1716fc81,
1008607,3232b375-3959-4e3a-9dd0-2c2d98cb1776,http://www.btlt.org/farmers-market
1008607,268a80c2-c4ce-4768-b89a-d5083ad5a450,
1008607,87b4577e-e26a-47a6-8a32-b6bd1a56c06b,
1008607,a2af1d35-6709-4551-a3a6-a161bfd74966,
1008607,f07ddbf1-8408-450e-bacb-174c1716fc81,
1021311,3232b375-3959-4e3a-9dd0-2c2d98cb1776,http://www.farmtocitymarkets.com
1021311,268a80c2-c4ce-4768-b89a-d5083ad5a450,https://www.facebook.com/TBMFM
1021311,87b4577e-e26a-47a6-8a32-b6bd1a56c06b,
1021311,a2af1d35-6709-4551-a3a6-a161bfd74966,
1021311,f07ddbf1-8408-450e-bacb-174c1716fc81,
1019218,3232b375-3959-4e3a-9dd0-2c2d98cb1776,http://villagevents@cox.net
1019218,268a80c2-c4ce-4768-b89a-d5083ad5a450,
1019218,87b4577e-e26a-47a6-8a32-b6bd1a56c06b,
1019218,a2af1d35-6709-4551-a3a6-a161bfd74966,
1019218,f07ddbf1-8408-450e-bacb-174c1716fc81,
1008953,3232b375-3959-4e3a-9dd0-2c2d98cb1776,
1008953,268a80c2-c4ce-4768-b89a-d5083ad5a450,https://www.facebook.com/BucksportBayFarmersMarket
1008953,87b4577e-e26a-47a6-8a32-b6bd1a56c06b,
1008953,a2af1d35-6709-4551-a3a6-a161bfd74966,
1008953,f07ddbf1-8408-450e-bacb-174c1716fc81,
1000843,3232b375-3959-4e3a-9dd0-2c2d98cb1776,http://www.burbankfarmersmarket.org
1000843,268a80c2-c4ce-4768-b89a-d5083ad5a450,https://www.facebook.com/burbankfarmersmarket
1000843,87b4577e-e26a-47a6-8a32-b6bd1a56c06b,@BurbFarmMkt
1000843,a2af1d35-6709-4551-a3a6-a161bfd74966,
1000843,f07ddbf1-8408-450e-bacb-174c1716fc81,burbankfarmersmarket
1019492,3232b375-3959-4e3a-9dd0-2c2d98cb1776,https://www.fairfaxcounty.gov/parks/farmersmarkets/burke
1019492,268a80c2-c4ce-4768-b89a-d5083ad5a450,https://www.facebook.com/events/786233015044186/
1019492,87b4577e-e26a-47a6-8a32-b6bd1a56c06b,
1019492,a2af1d35-6709-4551-a3a6-a161bfd74966,
1019492,f07ddbf1-8408-450e-bacb-174c1716fc81,@fairfaxfarmmarkets
1021524,3232b375-3959-4e3a-9dd0-2c2d98cb1776,http://www.burkeareafarmersmarket.com
1021524,268a80c2-c4ce-4768-b89a-d5083ad5a450,Burke Area Farmers Market
1021524,87b4577e-e26a-47a6-8a32-b6bd1a56c06b,
1021524,a2af1d35-6709-4551-a3a6-a161bfd74966,
1021524,f07ddbf1-8408-450e-bacb-174c1716fc81,Instagram @burkeareafarmersmarket
1019965,3232b375-3959-4e3a-9dd0-2c2d98cb1776,https://www.burlingtonfarmersmarket.org/
1019965,268a80c2-c4ce-4768-b89a-d5083ad5a450,https://www.facebook.com/BurlingtonFarmersMarketVT
1019965,87b4577e-e26a-47a6-8a32-b6bd1a56c06b,
1019965,a2af1d35-6709-4551-a3a6-a161bfd74966,
1019965,f07ddbf1-8408-450e-bacb-174c1716fc81,https://www.instagram.com/bfmvermont/
1021728,3232b375-3959-4e3a-9dd0-2c2d98cb1776,http://burrillvillefarmersmarket.org
1021728,268a80c2-c4ce-4768-b89a-d5083ad5a450,Burrillville Farmers Market
1021728,87b4577e-e26a-47a6-8a32-b6bd1a56c06b,
1021728,a2af1d35-6709-4551-a3a6-a161bfd74966,
1021728,f07ddbf1-8408-450e-bacb-174c1716fc81,Instagram 
1002567,3232b375-3959-4e3a-9dd0-2c2d98cb1776,
1002567,268a80c2-c4ce-4768-b89a-d5083ad5a450,
1002567,87b4577e-e26a-47a6-8a32-b6bd1a56c06b,
1002567,a2af1d35-6709-4551-a3a6-a161bfd74966,
1002567,f07ddbf1-8408-450e-bacb-174c1716fc81,
1001362,3232b375-3959-4e3a-9dd0-2c2d98cb1776,http://www.mainstrreetbutte.org/fmarket.htm
1001362,268a80c2-c4ce-4768-b89a-d5083ad5a450,https://www.facebook.com/ButteFM
1001362,87b4577e-e26a-47a6-8a32-b6bd1a56c06b,
1001362,a2af1d35-6709-4551-a3a6-a161bfd74966,
1001362,f07ddbf1-8408-450e-bacb-174c1716fc81,
1021238,3232b375-3959-4e3a-9dd0-2c2d98cb1776,https://www.buylocalmarket.org/
1021238,268a80c2-c4ce-4768-b89a-d5083ad5a450,https://www.facebook.com/buylocalfarmersmarket/
1021238,87b4577e-e26a-47a6-8a32-b6bd1a56c06b,
1021238,a2af1d35-6709-4551-a3a6-a161bfd74966,
1021238,f07ddbf1-8408-450e-bacb-174c1716fc81,https://www.instagram.com/buylocalfarmersmarket/
1021614,3232b375-3959-4e3a-9dd0-2c2d98cb1776,
1021614,268a80c2-c4ce-4768-b89a-d5083ad5a450,C & C Garden
1021614,87b4577e-e26a-47a6-8a32-b6bd1a56c06b,
1021614,a2af1d35-6709-4551-a3a6-a161bfd74966,
1021614,f07ddbf1-8408-450e-bacb-174c1716fc81,
1020089,3232b375-3959-4e3a-9dd0-2c2d98cb1776,http://www.gocadiz.com
1020089,268a80c2-c4ce-4768-b89a-d5083ad5a450,Cadiz-Trigg County Farmer's Market
1020089,87b4577e-e26a-47a6-8a32-b6bd1a56c06b,
1020089,a2af1d35-6709-4551-a3a6-a161bfd74966,
1020089,f07ddbf1-8408-450e-bacb-174c1716fc81,
1004927,3232b375-3959-4e3a-9dd0-2c2d98cb1776,
1004927,268a80c2-c4ce-4768-b89a-d5083ad5a450,https://www.facebook.com/caganfarmersmarket/
1004927,87b4577e-e26a-47a6-8a32-b6bd1a56c06b,
1004927,a2af1d35-6709-4551-a3a6-a161bfd74966,
1004927,f07ddbf1-8408-450e-bacb-174c1716fc81,
1019922,3232b375-3959-4e3a-9dd0-2c2d98cb1776,https://www.calaverasgrown.org/
1019922,268a80c2-c4ce-4768-b89a-d5083ad5a450,https://www.facebook.com/CalaverasGROWN
1019922,87b4577e-e26a-47a6-8a32-b6bd1a56c06b,
1019922,a2af1d35-6709-4551-a3a6-a161bfd74966,https://www.youtube.com/channel/UC2ce-STvOmVNtxq8Ybk6DnQ
1019922,f07ddbf1-8408-450e-bacb-174c1716fc81,
1019978,3232b375-3959-4e3a-9dd0-2c2d98cb1776,
1019978,268a80c2-c4ce-4768-b89a-d5083ad5a450,Murphys Farmers' Market 
1019978,87b4577e-e26a-47a6-8a32-b6bd1a56c06b,
1019978,a2af1d35-6709-4551-a3a6-a161bfd74966,
1019978,f07ddbf1-8408-450e-bacb-174c1716fc81,Instagram @murphysfarmersmarket
1018263,3232b375-3959-4e3a-9dd0-2c2d98cb1776,https://www.caledoniafarmersmarket.com/
1018263,268a80c2-c4ce-4768-b89a-d5083ad5a450,https://www.facebook.com/St.J.Farmers.Market/
1018263,87b4577e-e26a-47a6-8a32-b6bd1a56c06b,
1018263,a2af1d35-6709-4551-a3a6-a161bfd74966,
1018263,f07ddbf1-8408-450e-bacb-174c1716fc81,
1019980,3232b375-3959-4e3a-9dd0-2c2d98cb1776,
1019980,268a80c2-c4ce-4768-b89a-d5083ad5a450,https://www.facebook.com/EatLocalRacine/
1019980,87b4577e-e26a-47a6-8a32-b6bd1a56c06b,
1019980,a2af1d35-6709-4551-a3a6-a161bfd74966,
1019980,f07ddbf1-8408-450e-bacb-174c1716fc81,
1020188,3232b375-3959-4e3a-9dd0-2c2d98cb1776,https://uvfm.org/palo-alto-sundays
1020188,268a80c2-c4ce-4768-b89a-d5083ad5a450,https://www.facebook.com/UrbanVillageOnFB
1020188,87b4577e-e26a-47a6-8a32-b6bd1a56c06b,
1020188,a2af1d35-6709-4551-a3a6-a161bfd74966,
1020188,f07ddbf1-8408-450e-bacb-174c1716fc81,https://www.instagram.com/urbanvillage/
1018459,3232b375-3959-4e3a-9dd0-2c2d98cb1776,https://www.visitstmarysmd.com/food-drink/detail/california-farmers-market
1018459,268a80c2-c4ce-4768-b89a-d5083ad5a450,https://www.facebook.com/CaliforniaBAEFarmersMarket
1018459,87b4577e-e26a-47a6-8a32-b6bd1a56c06b,
1018459,a2af1d35-6709-4551-a3a6-a161bfd74966,
1018459,f07ddbf1-8408-450e-bacb-174c1716fc81,
1019997,3232b375-3959-4e3a-9dd0-2c2d98cb1776,http://www.camarillofarmersmarket.com
1019997,268a80c2-c4ce-4768-b89a-d5083ad5a450,
1019997,87b4577e-e26a-47a6-8a32-b6bd1a56c06b,
1019997,a2af1d35-6709-4551-a3a6-a161bfd74966,
1019997,f07ddbf1-8408-450e-bacb-174c1716fc81,
1020160,3232b375-3959-4e3a-9dd0-2c2d98cb1776,https://www.cambriafarmersmarket.com
1020160,268a80c2-c4ce-4768-b89a-d5083ad5a450,https://www.facebook.com/cambriafarmersmarket/
1020160,87b4577e-e26a-47a6-8a32-b6bd1a56c06b,
1020160,a2af1d35-6709-4551-a3a6-a161bfd74966,
1020160,f07ddbf1-8408-450e-bacb-174c1716fc81,https://www.instagram.com/cambriafarmersmarket/
1020183,3232b375-3959-4e3a-9dd0-2c2d98cb1776,http://www.uvfm.org
1020183,268a80c2-c4ce-4768-b89a-d5083ad5a450,https://www.facebook.com/UrbanVillageOnFB
1020183,87b4577e-e26a-47a6-8a32-b6bd1a56c06b,
1020183,a2af1d35-6709-4551-a3a6-a161bfd74966,
1020183,f07ddbf1-8408-450e-bacb-174c1716fc81,https://www.instagram.com/urbanvillage/
1002674,3232b375-3959-4e3a-9dd0-2c2d98cb1776,http://www.camelliacitymarket.org
1002674,268a80c2-c4ce-4768-b89a-d5083ad5a450,https://www.facebook.com/CamelliaCityMarket
1002674,87b4577e-e26a-47a6-8a32-b6bd1a56c06b,
1002674,a2af1d35-6709-4551-a3a6-a161bfd74966,
1002674,f07ddbf1-8408-450e-bacb-174c1716fc81,Facebook.com/CamelliaCityMarket 
1021575,3232b375-3959-4e3a-9dd0-2c2d98cb1776,http://eldoradofarmersmarket.com
1021575,268a80c2-c4ce-4768-b89a-d5083ad5a450,
1021575,87b4577e-e26a-47a6-8a32-b6bd1a56c06b,
1021575,a2af1d35-6709-4551-a3a6-a161bfd74966,
1021575,f07ddbf1-8408-450e-bacb-174c1716fc81,
1020117,3232b375-3959-4e3a-9dd0-2c2d98cb1776,
1020117,268a80c2-c4ce-4768-b89a-d5083ad5a450,https://www.facebook.com/campbellcountyfarmmarket
1020117,87b4577e-e26a-47a6-8a32-b6bd1a56c06b,
1020117,a2af1d35-6709-4551-a3a6-a161bfd74966,
1020117,f07ddbf1-8408-450e-bacb-174c1716fc81,
1020118,3232b375-3959-4e3a-9dd0-2c2d98cb1776,
1020118,268a80c2-c4ce-4768-b89a-d5083ad5a450,https://www.facebook.com/campbellcountyfarmmarket
1020118,87b4577e-e26a-47a6-8a32-b6bd1a56c06b,
1020118,a2af1d35-6709-4551-a3a6-a161bfd74966,
1020118,f07ddbf1-8408-450e-bacb-174c1716fc81,
1020119,3232b375-3959-4e3a-9dd0-2c2d98cb1776,
1020119,268a80c2-c4ce-4768-b89a-d5083ad5a450,https://www.facebook.com/campbellcountyfarmmarket
1020119,87b4577e-e26a-47a6-8a32-b6bd1a56c06b,
1020119,a2af1d35-6709-4551-a3a6-a161bfd74966,
1020119,f07ddbf1-8408-450e-bacb-174c1716fc81,
1020184,3232b375-3959-4e3a-9dd0-2c2d98cb1776,https://uvfm.org/campbell-sundays
1020184,268a80c2-c4ce-4768-b89a-d5083ad5a450,https://www.facebook.com/UrbanVillageOnFB
1020184,87b4577e-e26a-47a6-8a32-b6bd1a56c06b,
1020184,a2af1d35-6709-4551-a3a6-a161bfd74966,
1020184,f07ddbf1-8408-450e-bacb-174c1716fc81,https://www.instagram.com/urbanvillage/
1009034,3232b375-3959-4e3a-9dd0-2c2d98cb1776,http://Canaldistrictfarmersmarket.com
1009034,268a80c2-c4ce-4768-b89a-d5083ad5a450,https://www.facebook.com/canaldistrictfarmersmarket
1009034,87b4577e-e26a-47a6-8a32-b6bd1a56c06b,https://twitter.com/Canaldistrict
1009034,a2af1d35-6709-4551-a3a6-a161bfd74966,
1009034,f07ddbf1-8408-450e-bacb-174c1716fc81,Instagram @canaldistrict
1019810,3232b375-3959-4e3a-9dd0-2c2d98cb1776,https://www.canalmarketdistrict.org/
1019810,268a80c2-c4ce-4768-b89a-d5083ad5a450,https://www.facebook.com/canalmarketdistrict
1019810,87b4577e-e26a-47a6-8a32-b6bd1a56c06b,
1019810,a2af1d35-6709-4551-a3a6-a161bfd74966,
1019810,f07ddbf1-8408-450e-bacb-174c1716fc81,https://www.instagram.com/canalmarketdistrict/
1021202,3232b375-3959-4e3a-9dd0-2c2d98cb1776,
1021202,268a80c2-c4ce-4768-b89a-d5083ad5a450,Canal Village Farmers' Market
1021202,87b4577e-e26a-47a6-8a32-b6bd1a56c06b,
1021202,a2af1d35-6709-4551-a3a6-a161bfd74966,
1021202,f07ddbf1-8408-450e-bacb-174c1716fc81,
1012038,3232b375-3959-4e3a-9dd0-2c2d98cb1776,http://coastalpacificinfo.us
1012038,268a80c2-c4ce-4768-b89a-d5083ad5a450,https://www.facebook.com/canogafarmersmarket/
1012038,87b4577e-e26a-47a6-8a32-b6bd1a56c06b,
1012038,a2af1d35-6709-4551-a3a6-a161bfd74966,
1012038,f07ddbf1-8408-450e-bacb-174c1716fc81,
1019772,3232b375-3959-4e3a-9dd0-2c2d98cb1776,https://www.canton-mi.org/496/Canton-Farmers-Market
1019772,268a80c2-c4ce-4768-b89a-d5083ad5a450,@cantonfarmersmarket
1019772,87b4577e-e26a-47a6-8a32-b6bd1a56c06b,
1019772,a2af1d35-6709-4551-a3a6-a161bfd74966,
1019772,f07ddbf1-8408-450e-bacb-174c1716fc81,
1021435,3232b375-3959-4e3a-9dd0-2c2d98cb1776,http://www.CantonFarmersMarket.com
1021435,268a80c2-c4ce-4768-b89a-d5083ad5a450,www.facebook.com/CantonOhioFarmersMarket
1021435,87b4577e-e26a-47a6-8a32-b6bd1a56c06b,
1021435,a2af1d35-6709-4551-a3a6-a161bfd74966,
1021435,f07ddbf1-8408-450e-bacb-174c1716fc81,
1021294,3232b375-3959-4e3a-9dd0-2c2d98cb1776,
1021294,268a80c2-c4ce-4768-b89a-d5083ad5a450,Cape Coral Farmers Market
1021294,87b4577e-e26a-47a6-8a32-b6bd1a56c06b,
1021294,a2af1d35-6709-4551-a3a6-a161bfd74966,
1021294,f07ddbf1-8408-450e-bacb-174c1716fc81,
1021655,3232b375-3959-4e3a-9dd0-2c2d98cb1776,https://www.downtowncapegirardeau.com/cape-riverfront-market/
1021655,268a80c2-c4ce-4768-b89a-d5083ad5a450,https://www.facebook.com/CapeRiverfrontMarket/
1021655,87b4577e-e26a-47a6-8a32-b6bd1a56c06b,
1021655,a2af1d35-6709-4551-a3a6-a161bfd74966,
1021655,f07ddbf1-8408-450e-bacb-174c1716fc81,https://www.instagram.com/cape.riverfront.market/
1011930,3232b375-3959-4e3a-9dd0-2c2d98cb1776,http://www.downtowndoverpartnership.com/
1011930,268a80c2-c4ce-4768-b89a-d5083ad5a450,https://www.facebook.com/capitalcityfarmersmarket/
1011930,87b4577e-e26a-47a6-8a32-b6bd1a56c06b,
1011930,a2af1d35-6709-4551-a3a6-a161bfd74966,
1011930,f07ddbf1-8408-450e-bacb-174c1716fc81,
1018359,3232b375-3959-4e3a-9dd0-2c2d98cb1776,http://www.capitalharvestdc.com
1018359,268a80c2-c4ce-4768-b89a-d5083ad5a450,CapitalHarvestonthePlaza
1018359,87b4577e-e26a-47a6-8a32-b6bd1a56c06b,@CapHarvestDC
1018359,a2af1d35-6709-4551-a3a6-a161bfd74966,
1018359,f07ddbf1-8408-450e-bacb-174c1716fc81,
1008450,3232b375-3959-4e3a-9dd0-2c2d98cb1776,http://www.montereybayfarmers.org
1008450,268a80c2-c4ce-4768-b89a-d5083ad5a450,https://www.facebook.com/pages/Monterey-Bay-Certified-Farmers-Markets/112446802152723
1008450,87b4577e-e26a-47a6-8a32-b6bd1a56c06b,https://twitter.com/MBFarmersMarket
1008450,a2af1d35-6709-4551-a3a6-a161bfd74966,
1008450,f07ddbf1-8408-450e-bacb-174c1716fc81,www.edibleparadise.com
1006651,3232b375-3959-4e3a-9dd0-2c2d98cb1776,http://www.carnationfarmersmarket.org
1006651,268a80c2-c4ce-4768-b89a-d5083ad5a450,https://www.facebook.com/pages/Carnation-Farmers-Market/113831768657527
1006651,87b4577e-e26a-47a6-8a32-b6bd1a56c06b,https://twitter.com/CarnationFmrMkt
1006651,a2af1d35-6709-4551-a3a6-a161bfd74966,
1006651,f07ddbf1-8408-450e-bacb-174c1716fc81,https://www.instagram.com/carnationfarmersmarket/
1019417,3232b375-3959-4e3a-9dd0-2c2d98cb1776,
1019417,268a80c2-c4ce-4768-b89a-d5083ad5a450,CarolinafreshmarketandmoreSC
1019417,87b4577e-e26a-47a6-8a32-b6bd1a56c06b,
1019417,a2af1d35-6709-4551-a3a6-a161bfd74966,
1019417,f07ddbf1-8408-450e-bacb-174c1716fc81,
1021269,3232b375-3959-4e3a-9dd0-2c2d98cb1776,http://www.carrborofarmersmarket.com
1021269,268a80c2-c4ce-4768-b89a-d5083ad5a450,https://www.facebook.com/carrborofarmersmarket
1021269,87b4577e-e26a-47a6-8a32-b6bd1a56c06b,
1021269,a2af1d35-6709-4551-a3a6-a161bfd74966,
1021269,f07ddbf1-8408-450e-bacb-174c1716fc81,https://www.instagram.com/carrborofarmersmarket
1008322,3232b375-3959-4e3a-9dd0-2c2d98cb1776,
1008322,268a80c2-c4ce-4768-b89a-d5083ad5a450,https://www.facebook.com/CarrolltonFarmersMarket
1008322,87b4577e-e26a-47a6-8a32-b6bd1a56c06b,
1008322,a2af1d35-6709-4551-a3a6-a161bfd74966,
1008322,f07ddbf1-8408-450e-bacb-174c1716fc81,
1021213,3232b375-3959-4e3a-9dd0-2c2d98cb1776,https://carsonfarmersmarket.com/
1021213,268a80c2-c4ce-4768-b89a-d5083ad5a450,Carsonfarmersmarket
1021213,87b4577e-e26a-47a6-8a32-b6bd1a56c06b,3rd&curry
1021213,a2af1d35-6709-4551-a3a6-a161bfd74966,
1021213,f07ddbf1-8408-450e-bacb-174c1716fc81,IG: carsonfarmersmarket 
1020071,3232b375-3959-4e3a-9dd0-2c2d98cb1776,
1020071,268a80c2-c4ce-4768-b89a-d5083ad5a450,
1020071,87b4577e-e26a-47a6-8a32-b6bd1a56c06b,
1020071,a2af1d35-6709-4551-a3a6-a161bfd74966,
1020071,f07ddbf1-8408-450e-bacb-174c1716fc81,
1020074,3232b375-3959-4e3a-9dd0-2c2d98cb1776,
1020074,268a80c2-c4ce-4768-b89a-d5083ad5a450,
1020074,87b4577e-e26a-47a6-8a32-b6bd1a56c06b,
1020074,a2af1d35-6709-4551-a3a6-a161bfd74966,
1020074,f07ddbf1-8408-450e-bacb-174c1716fc81,
1012093,3232b375-3959-4e3a-9dd0-2c2d98cb1776,
1012093,268a80c2-c4ce-4768-b89a-d5083ad5a450,
1012093,87b4577e-e26a-47a6-8a32-b6bd1a56c06b,
1012093,a2af1d35-6709-4551-a3a6-a161bfd74966,
1012093,f07ddbf1-8408-450e-bacb-174c1716fc81,
1021740,3232b375-3959-4e3a-9dd0-2c2d98cb1776,http://HistoricNewEngland.org/CaseyFarmMarket
1021740,268a80c2-c4ce-4768-b89a-d5083ad5a450,
1021740,87b4577e-e26a-47a6-8a32-b6bd1a56c06b,
1021740,a2af1d35-6709-4551-a3a6-a161bfd74966,
1021740,f07ddbf1-8408-450e-bacb-174c1716fc81,
1008276,3232b375-3959-4e3a-9dd0-2c2d98cb1776,http://www.catawbacountync.gov/phealth/Adult/FarmersMarket.asp
1008276,268a80c2-c4ce-4768-b89a-d5083ad5a450,https://www.facebook.com/catawbacountypublichealth
1008276,87b4577e-e26a-47a6-8a32-b6bd1a56c06b,
1008276,a2af1d35-6709-4551-a3a6-a161bfd74966,
1008276,f07ddbf1-8408-450e-bacb-174c1716fc81,
1019159,3232b375-3959-4e3a-9dd0-2c2d98cb1776,https://www.catawbafarmersmarket.com/
1019159,268a80c2-c4ce-4768-b89a-d5083ad5a450,https://www.facebook.com/Catawba-Valley-Farmers-Market-129469157077509/
1019159,87b4577e-e26a-47a6-8a32-b6bd1a56c06b,
1019159,a2af1d35-6709-4551-a3a6-a161bfd74966,
1019159,f07ddbf1-8408-450e-bacb-174c1716fc81,
1021242,3232b375-3959-4e3a-9dd0-2c2d98cb1776,
1021242,268a80c2-c4ce-4768-b89a-d5083ad5a450,https://www.facebook.com/Cave-Spring-Farmers-Market-107965954240659/?view_public_for=107965954240659
1021242,87b4577e-e26a-47a6-8a32-b6bd1a56c06b,
1021242,a2af1d35-6709-4551-a3a6-a161bfd74966,
1021242,f07ddbf1-8408-450e-bacb-174c1716fc81,
1012484,3232b375-3959-4e3a-9dd0-2c2d98cb1776,http://www.cedarmillfarmersmarket.org
1012484,268a80c2-c4ce-4768-b89a-d5083ad5a450,Cedar Mill Farmers market
1012484,87b4577e-e26a-47a6-8a32-b6bd1a56c06b,
1012484,a2af1d35-6709-4551-a3a6-a161bfd74966,
1012484,f07ddbf1-8408-450e-bacb-174c1716fc81,
1019842,3232b375-3959-4e3a-9dd0-2c2d98cb1776,
1019842,268a80c2-c4ce-4768-b89a-d5083ad5a450,The Market at Cedar Point
1019842,87b4577e-e26a-47a6-8a32-b6bd1a56c06b,
1019842,a2af1d35-6709-4551-a3a6-a161bfd74966,
1019842,f07ddbf1-8408-450e-bacb-174c1716fc81,instagram
1021362,3232b375-3959-4e3a-9dd0-2c2d98cb1776,http://www.celinafarmersmarket.com
1021362,268a80c2-c4ce-4768-b89a-d5083ad5a450,https://www.facebook.com/CelinaFarmersMarket
1021362,87b4577e-e26a-47a6-8a32-b6bd1a56c06b,
1021362,a2af1d35-6709-4551-a3a6-a161bfd74966,
1021362,f07ddbf1-8408-450e-bacb-174c1716fc81,
1018734,3232b375-3959-4e3a-9dd0-2c2d98cb1776,http://celinamarketonthesquare.com/
1018734,268a80c2-c4ce-4768-b89a-d5083ad5a450,https://www.facebook.com/FridayNightMarketCelina/
1018734,87b4577e-e26a-47a6-8a32-b6bd1a56c06b,
1018734,a2af1d35-6709-4551-a3a6-a161bfd74966,
1018734,f07ddbf1-8408-450e-bacb-174c1716fc81,https://www.instagram.com/celinafridaynightmarket/
1021226,3232b375-3959-4e3a-9dd0-2c2d98cb1776,https://seela.org/markets-central-avenue/
1021226,268a80c2-c4ce-4768-b89a-d5083ad5a450,
1021226,87b4577e-e26a-47a6-8a32-b6bd1a56c06b,
1021226,a2af1d35-6709-4551-a3a6-a161bfd74966,
1021226,f07ddbf1-8408-450e-bacb-174c1716fc81,https://www.instagram.com/centralavefm/
1019907,3232b375-3959-4e3a-9dd0-2c2d98cb1776,https://guide.farmfreshri.org/food/farmersmarkets_details.php?market=607
1019907,268a80c2-c4ce-4768-b89a-d5083ad5a450,https://www.facebook.com/farmfreshri/
1019907,87b4577e-e26a-47a6-8a32-b6bd1a56c06b,
1019907,a2af1d35-6709-4551-a3a6-a161bfd74966,
1019907,f07ddbf1-8408-450e-bacb-174c1716fc81,
1019618,3232b375-3959-4e3a-9dd0-2c2d98cb1776,http://www.ckfarmersmarket.org
1019618,268a80c2-c4ce-4768-b89a-d5083ad5a450,https://www.facebook.com/CentralKitsapFarmersMarket/
1019618,87b4577e-e26a-47a6-8a32-b6bd1a56c06b,
1019618,a2af1d35-6709-4551-a3a6-a161bfd74966,
1019618,f07ddbf1-8408-450e-bacb-174c1716fc81,https://www.instagram.com/centralkitsapfm/
1020142,3232b375-3959-4e3a-9dd0-2c2d98cb1776,http://www.certifiedfarmersmarkets.org
1020142,268a80c2-c4ce-4768-b89a-d5083ad5a450,@CertifiedFarmersMarket
1020142,87b4577e-e26a-47a6-8a32-b6bd1a56c06b,
1020142,a2af1d35-6709-4551-a3a6-a161bfd74966,
1020142,f07ddbf1-8408-450e-bacb-174c1716fc81,@certifiedfarmersmarketscv (Instagram)
1020141,3232b375-3959-4e3a-9dd0-2c2d98cb1776,http://www.certifiedfarmersmarkets.org
1020141,268a80c2-c4ce-4768-b89a-d5083ad5a450,@CertifiedFarmersMarket
1020141,87b4577e-e26a-47a6-8a32-b6bd1a56c06b,
1020141,a2af1d35-6709-4551-a3a6-a161bfd74966,
1020141,f07ddbf1-8408-450e-bacb-174c1716fc81,@certifiedfarmersmarketscv (Instagram)
1020058,3232b375-3959-4e3a-9dd0-2c2d98cb1776,http://www.cffma.com
1020058,268a80c2-c4ce-4768-b89a-d5083ad5a450,fort washington farmers market
1020058,87b4577e-e26a-47a6-8a32-b6bd1a56c06b,
1020058,a2af1d35-6709-4551-a3a6-a161bfd74966,
1020058,f07ddbf1-8408-450e-bacb-174c1716fc81,
1020057,3232b375-3959-4e3a-9dd0-2c2d98cb1776,http://www.cffma.com
1020057,268a80c2-c4ce-4768-b89a-d5083ad5a450,river park farmer's market
1020057,87b4577e-e26a-47a6-8a32-b6bd1a56c06b,
1020057,a2af1d35-6709-4551-a3a6-a161bfd74966,
1020057,f07ddbf1-8408-450e-bacb-174c1716fc81,
1020056,3232b375-3959-4e3a-9dd0-2c2d98cb1776,http://www.cffma.com
1020056,268a80c2-c4ce-4768-b89a-d5083ad5a450,river park farmer's market
1020056,87b4577e-e26a-47a6-8a32-b6bd1a56c06b,
1020056,a2af1d35-6709-4551-a3a6-a161bfd74966,
1020056,f07ddbf1-8408-450e-bacb-174c1716fc81,
1019225,3232b375-3959-4e3a-9dd0-2c2d98cb1776,
1019225,268a80c2-c4ce-4768-b89a-d5083ad5a450,
1019225,87b4577e-e26a-47a6-8a32-b6bd1a56c06b,
1019225,a2af1d35-6709-4551-a3a6-a161bfd74966,
1019225,f07ddbf1-8408-450e-bacb-174c1716fc81,
1021267,3232b375-3959-4e3a-9dd0-2c2d98cb1776,https://champlainislandsfarmersmarket.org/
1021267,268a80c2-c4ce-4768-b89a-d5083ad5a450,https://www.facebook.com/ChamplainIslandsFarmersMarket/
1021267,87b4577e-e26a-47a6-8a32-b6bd1a56c06b,
1021267,a2af1d35-6709-4551-a3a6-a161bfd74966,
1021267,f07ddbf1-8408-450e-bacb-174c1716fc81,
1021564,3232b375-3959-4e3a-9dd0-2c2d98cb1776,https://champlainislandsfarmersmarket.org/
1021564,268a80c2-c4ce-4768-b89a-d5083ad5a450,https://www.facebook.com/ChamplainIslandsFarmersMarket
1021564,87b4577e-e26a-47a6-8a32-b6bd1a56c06b,
1021564,a2af1d35-6709-4551-a3a6-a161bfd74966,
1021564,f07ddbf1-8408-450e-bacb-174c1716fc81,https://www.google.com/search?client=firefox-b-1-d&q=champlain+islands+farmers+market+instagram
1018886,3232b375-3959-4e3a-9dd0-2c2d98cb1776,https://ctfm.jeffersongap.org
1018886,268a80c2-c4ce-4768-b89a-d5083ad5a450,"Charles Town Farmers Market, WV"
1018886,87b4577e-e26a-47a6-8a32-b6bd1a56c06b,
1018886,a2af1d35-6709-4551-a3a6-a161bfd74966,
1018886,f07ddbf1-8408-450e-bacb-174c1716fc81,
1017995,3232b375-3959-4e3a-9dd0-2c2d98cb1776,
1017995,268a80c2-c4ce-4768-b89a-d5083ad5a450,https://www.facebook.com/Charleston-Ar-Farmers-Market-1593672464260381/
1017995,87b4577e-e26a-47a6-8a32-b6bd1a56c06b,
1017995,a2af1d35-6709-4551-a3a6-a161bfd74966,
1017995,f07ddbf1-8408-450e-bacb-174c1716fc81,
1021741,3232b375-3959-4e3a-9dd0-2c2d98cb1776,https://charlestownlandtrust.org/farmers_market.html
1021741,268a80c2-c4ce-4768-b89a-d5083ad5a450,https://www.facebook.com/charlestownfarmersmarket/
1021741,87b4577e-e26a-47a6-8a32-b6bd1a56c06b,
1021741,a2af1d35-6709-4551-a3a6-a161bfd74966,
1021741,f07ddbf1-8408-450e-bacb-174c1716fc81,Instagram: @clt_farmersmarket
1011689,3232b375-3959-4e3a-9dd0-2c2d98cb1776,http://www.charlottefarmersmarket.com
1011689,268a80c2-c4ce-4768-b89a-d5083ad5a450,https://www.facebook.com/CharlotteRegionalFarmersMarket
1011689,87b4577e-e26a-47a6-8a32-b6bd1a56c06b,
1011689,a2af1d35-6709-4551-a3a6-a161bfd74966,
1011689,f07ddbf1-8408-450e-bacb-174c1716fc81,
1005834,3232b375-3959-4e3a-9dd0-2c2d98cb1776,
1005834,268a80c2-c4ce-4768-b89a-d5083ad5a450,https://www.Facebook.com/ChathamFarmer'sMarket
1005834,87b4577e-e26a-47a6-8a32-b6bd1a56c06b,
1005834,a2af1d35-6709-4551-a3a6-a161bfd74966,
1005834,f07ddbf1-8408-450e-bacb-174c1716fc81,
1019881,3232b375-3959-4e3a-9dd0-2c2d98cb1776,
1019881,268a80c2-c4ce-4768-b89a-d5083ad5a450,
1019881,87b4577e-e26a-47a6-8a32-b6bd1a56c06b,
1019881,a2af1d35-6709-4551-a3a6-a161bfd74966,
1019881,f07ddbf1-8408-450e-bacb-174c1716fc81,
1004754,3232b375-3959-4e3a-9dd0-2c2d98cb1776,http://www.chelseafarmersmarket.org
1004754,268a80c2-c4ce-4768-b89a-d5083ad5a450,https://www.facebook.com/chelseafarmersmarket
1004754,87b4577e-e26a-47a6-8a32-b6bd1a56c06b,
1004754,a2af1d35-6709-4551-a3a6-a161bfd74966,
1004754,f07ddbf1-8408-450e-bacb-174c1716fc81,www.instagram.com/chelseafarmersmarket
1008606,3232b375-3959-4e3a-9dd0-2c2d98cb1776,
1008606,268a80c2-c4ce-4768-b89a-d5083ad5a450,https://www.facebook.com/CFitFarmersMarket
1008606,87b4577e-e26a-47a6-8a32-b6bd1a56c06b,
1008606,a2af1d35-6709-4551-a3a6-a161bfd74966,
1008606,f07ddbf1-8408-450e-bacb-174c1716fc81,
1021310,3232b375-3959-4e3a-9dd0-2c2d98cb1776,http://www.farmtocitymarkets.com
1021310,268a80c2-c4ce-4768-b89a-d5083ad5a450,https://www.facebook.com/AmblerFarmersMarket
1021310,87b4577e-e26a-47a6-8a32-b6bd1a56c06b,
1021310,a2af1d35-6709-4551-a3a6-a161bfd74966,
1021310,f07ddbf1-8408-450e-bacb-174c1716fc81,
1020128,3232b375-3959-4e3a-9dd0-2c2d98cb1776,http://chicofarmersmarket.com
1020128,268a80c2-c4ce-4768-b89a-d5083ad5a450,Chico Certified Farmers Market
1020128,87b4577e-e26a-47a6-8a32-b6bd1a56c06b,Chico Certified Farmers Market
1020128,a2af1d35-6709-4551-a3a6-a161bfd74966,
1020128,f07ddbf1-8408-450e-bacb-174c1716fc81,
1020129,3232b375-3959-4e3a-9dd0-2c2d98cb1776,http://chicofarmersmarket.com
1020129,268a80c2-c4ce-4768-b89a-d5083ad5a450,Chico Certified Farmers Market
1020129,87b4577e-e26a-47a6-8a32-b6bd1a56c06b,Chico Certified Farmers Market
1020129,a2af1d35-6709-4551-a3a6-a161bfd74966,
1020129,f07ddbf1-8408-450e-bacb-174c1716fc81,
1020127,3232b375-3959-4e3a-9dd0-2c2d98cb1776,http://chicofarmersmarket.com
1020127,268a80c2-c4ce-4768-b89a-d5083ad5a450,Chico Certified Farmers Market
1020127,87b4577e-e26a-47a6-8a32-b6bd1a56c06b,Chico Certified Farmers Market
1020127,a2af1d35-6709-4551-a3a6-a161bfd74966,
1020127,f07ddbf1-8408-450e-bacb-174c1716fc81,
1001763,3232b375-3959-4e3a-9dd0-2c2d98cb1776,http://www.chilhowie.org
1001763,268a80c2-c4ce-4768-b89a-d5083ad5a450,
1001763,87b4577e-e26a-47a6-8a32-b6bd1a56c06b,
1001763,a2af1d35-6709-4551-a3a6-a161bfd74966,
1001763,f07ddbf1-8408-450e-bacb-174c1716fc81,
1019104,3232b375-3959-4e3a-9dd0-2c2d98cb1776,
1019104,268a80c2-c4ce-4768-b89a-d5083ad5a450,https://www.facebook.com/chinagrovefarmersmarket/
1019104,87b4577e-e26a-47a6-8a32-b6bd1a56c06b,
1019104,a2af1d35-6709-4551-a3a6-a161bfd74966,
1019104,f07ddbf1-8408-450e-bacb-174c1716fc81,
1008409,3232b375-3959-4e3a-9dd0-2c2d98cb1776,http://www.chippewafallsmainst.org/Farmers_Market.html
1008409,268a80c2-c4ce-4768-b89a-d5083ad5a450,
1008409,87b4577e-e26a-47a6-8a32-b6bd1a56c06b,
1008409,a2af1d35-6709-4551-a3a6-a161bfd74966,
1008409,f07ddbf1-8408-450e-bacb-174c1716fc81,
1021237,3232b375-3959-4e3a-9dd0-2c2d98cb1776,https://www.douglasvillega.gov/government/city-departments/keep-douglasville-beautiful/church-st-farmers-market
1021237,268a80c2-c4ce-4768-b89a-d5083ad5a450,https://www.facebook.com/events/6730-church-st-douglasville-ga-30134/church-st-farmers-market/198037544608925/
1021237,87b4577e-e26a-47a6-8a32-b6bd1a56c06b,
1021237,a2af1d35-6709-4551-a3a6-a161bfd74966,
1021237,f07ddbf1-8408-450e-bacb-174c1716fc81,
1004360,3232b375-3959-4e3a-9dd0-2c2d98cb1776,
1004360,268a80c2-c4ce-4768-b89a-d5083ad5a450,com/groups/CSFarmersMarket
1004360,87b4577e-e26a-47a6-8a32-b6bd1a56c06b,
1004360,a2af1d35-6709-4551-a3a6-a161bfd74966,
1004360,f07ddbf1-8408-450e-bacb-174c1716fc81,
1021653,3232b375-3959-4e3a-9dd0-2c2d98cb1776,http://www.circlesquarecommons.com
1021653,268a80c2-c4ce-4768-b89a-d5083ad5a450,https://www.facebook.com/csctownsquare
1021653,87b4577e-e26a-47a6-8a32-b6bd1a56c06b,
1021653,a2af1d35-6709-4551-a3a6-a161bfd74966,
1021653,f07ddbf1-8408-450e-bacb-174c1716fc81,
1019141,3232b375-3959-4e3a-9dd0-2c2d98cb1776,https://www.cityofflorence.com/local-foods-initiative/city-center-market
1019141,268a80c2-c4ce-4768-b89a-d5083ad5a450,https://www.facebook.com/citycenterfarmersmarket
1019141,87b4577e-e26a-47a6-8a32-b6bd1a56c06b,
1019141,a2af1d35-6709-4551-a3a6-a161bfd74966,
1019141,f07ddbf1-8408-450e-bacb-174c1716fc81,
1005250,3232b375-3959-4e3a-9dd0-2c2d98cb1776,http://www.honolulu.gov/parks/programs/pom
1005250,268a80c2-c4ce-4768-b89a-d5083ad5a450,
1005250,87b4577e-e26a-47a6-8a32-b6bd1a56c06b,
1005250,a2af1d35-6709-4551-a3a6-a161bfd74966,
1005250,f07ddbf1-8408-450e-bacb-174c1716fc81,
1021199,3232b375-3959-4e3a-9dd0-2c2d98cb1776,http://sdfarmbureau.org
1021199,268a80c2-c4ce-4768-b89a-d5083ad5a450,facebook.com/cityheightsfm
1021199,87b4577e-e26a-47a6-8a32-b6bd1a56c06b,
1021199,a2af1d35-6709-4551-a3a6-a161bfd74966,
1021199,f07ddbf1-8408-450e-bacb-174c1716fc81,IG @cityheightsfm
1019717,3232b375-3959-4e3a-9dd0-2c2d98cb1776,https://www.auburnalabama.org/parks/programs/city-market/
1019717,268a80c2-c4ce-4768-b89a-d5083ad5a450,https://www.facebook.com/CityMarketAuburnAL/
1019717,87b4577e-e26a-47a6-8a32-b6bd1a56c06b,
1019717,a2af1d35-6709-4551-a3a6-a161bfd74966,
1019717,f07ddbf1-8408-450e-bacb-174c1716fc81,
1004255,3232b375-3959-4e3a-9dd0-2c2d98cb1776,https://www.cityofloveland.org/farmersmarket
1004255,268a80c2-c4ce-4768-b89a-d5083ad5a450,https://www.facebook.com/cityoflovelandfarmersmarket
1004255,87b4577e-e26a-47a6-8a32-b6bd1a56c06b,
1004255,a2af1d35-6709-4551-a3a6-a161bfd74966,
1004255,f07ddbf1-8408-450e-bacb-174c1716fc81,
1017956,3232b375-3959-4e3a-9dd0-2c2d98cb1776,http://explorenorthadams.com/item/north-adams-farmers-market/
1017956,268a80c2-c4ce-4768-b89a-d5083ad5a450,https://www.facebook.com/NorthAdamsFarmersMarket/
1017956,87b4577e-e26a-47a6-8a32-b6bd1a56c06b,
1017956,a2af1d35-6709-4551-a3a6-a161bfd74966,
1017956,f07ddbf1-8408-450e-bacb-174c1716fc81,https://www.instagram.com/northadamsfarmersmarket/
1017930,3232b375-3959-4e3a-9dd0-2c2d98cb1776,
1017930,268a80c2-c4ce-4768-b89a-d5083ad5a450,
1017930,87b4577e-e26a-47a6-8a32-b6bd1a56c06b,
1017930,a2af1d35-6709-4551-a3a6-a161bfd74966,
1017930,f07ddbf1-8408-450e-bacb-174c1716fc81,
1000303,3232b375-3959-4e3a-9dd0-2c2d98cb1776,http://www.plymouthmn.gov
1000303,268a80c2-c4ce-4768-b89a-d5083ad5a450,
1000303,87b4577e-e26a-47a6-8a32-b6bd1a56c06b,
1000303,a2af1d35-6709-4551-a3a6-a161bfd74966,
1000303,f07ddbf1-8408-450e-bacb-174c1716fc81,
1021433,3232b375-3959-4e3a-9dd0-2c2d98cb1776,http://www.sevenhillsohio.org/en-US/farmers-market.aspx
1021433,268a80c2-c4ce-4768-b89a-d5083ad5a450,https://www.facebook.com/cityofsevenhills?fref=ts
1021433,87b4577e-e26a-47a6-8a32-b6bd1a56c06b,https://twitter.com/SevenHillsCity
1021433,a2af1d35-6709-4551-a3a6-a161bfd74966,
1021433,f07ddbf1-8408-450e-bacb-174c1716fc81,https://www.instagram.com/sevenhillsfarmersmarket/
1021420,3232b375-3959-4e3a-9dd0-2c2d98cb1776,http://www.scsmi.net
1021420,268a80c2-c4ce-4768-b89a-d5083ad5a450,https://www.facebook.com/StClair-Shores-Farmers-Market-434292750726325
1021420,87b4577e-e26a-47a6-8a32-b6bd1a56c06b,
1021420,a2af1d35-6709-4551-a3a6-a161bfd74966,
1021420,f07ddbf1-8408-450e-bacb-174c1716fc81,
1006460,3232b375-3959-4e3a-9dd0-2c2d98cb1776,http://www.whitebearlake.org
1006460,268a80c2-c4ce-4768-b89a-d5083ad5a450,
1006460,87b4577e-e26a-47a6-8a32-b6bd1a56c06b,
1006460,a2af1d35-6709-4551-a3a6-a161bfd74966,
1006460,f07ddbf1-8408-450e-bacb-174c1716fc81,
1005940,3232b375-3959-4e3a-9dd0-2c2d98cb1776,http://www.cityseed.org/edgewood-park
1005940,268a80c2-c4ce-4768-b89a-d5083ad5a450,https://www.facebook.com/cityseed/
1005940,87b4577e-e26a-47a6-8a32-b6bd1a56c06b,@CitySeedNH
1005940,a2af1d35-6709-4551-a3a6-a161bfd74966,
1005940,f07ddbf1-8408-450e-bacb-174c1716fc81,instagram: @cityseedhaven 
1005941,3232b375-3959-4e3a-9dd0-2c2d98cb1776,http://cityseed.org/fair-haven/
1005941,268a80c2-c4ce-4768-b89a-d5083ad5a450,https://www.facebook.com/cityseed
1005941,87b4577e-e26a-47a6-8a32-b6bd1a56c06b,@CitySeedNH
1005941,a2af1d35-6709-4551-a3a6-a161bfd74966,
1005941,f07ddbf1-8408-450e-bacb-174c1716fc81,instagram: @cityseedhaven 
1019206,3232b375-3959-4e3a-9dd0-2c2d98cb1776,http://cityseed.org/indoor-winter-market/
1019206,268a80c2-c4ce-4768-b89a-d5083ad5a450,https://www.facebook.com/cityseed
1019206,87b4577e-e26a-47a6-8a32-b6bd1a56c06b,CitySeedNH
1019206,a2af1d35-6709-4551-a3a6-a161bfd74966,
1019206,f07ddbf1-8408-450e-bacb-174c1716fc81,Instagram: cityseedhaven
1005943,3232b375-3959-4e3a-9dd0-2c2d98cb1776,http://cityseed.org/wooster-square/
1005943,268a80c2-c4ce-4768-b89a-d5083ad5a450,https://www.facebook.com/cityseed/
1005943,87b4577e-e26a-47a6-8a32-b6bd1a56c06b,@CitySeedNH
1005943,a2af1d35-6709-4551-a3a6-a161bfd74966,
1005943,f07ddbf1-8408-450e-bacb-174c1716fc81,instagram: @cityseedhaven 
1002106,3232b375-3959-4e3a-9dd0-2c2d98cb1776,http://www.claremontforum.org
1002106,268a80c2-c4ce-4768-b89a-d5083ad5a450,https://www.facebook.com/pages/Claremont-Farmers-Artisans-Market/148040805240200?fref=ts
1002106,87b4577e-e26a-47a6-8a32-b6bd1a56c06b,
1002106,a2af1d35-6709-4551-a3a6-a161bfd74966,
1002106,f07ddbf1-8408-450e-bacb-174c1716fc81,
1019061,3232b375-3959-4e3a-9dd0-2c2d98cb1776,http://www.claremontnh.com/residents/departments/parks-and-recreation/farmers-market.aspx
1019061,268a80c2-c4ce-4768-b89a-d5083ad5a450,ClaremontFarmersMarketnh
1019061,87b4577e-e26a-47a6-8a32-b6bd1a56c06b,
1019061,a2af1d35-6709-4551-a3a6-a161bfd74966,
1019061,f07ddbf1-8408-450e-bacb-174c1716fc81,
1000579,3232b375-3959-4e3a-9dd0-2c2d98cb1776,http://www.clarencefarmersmarket.com
1000579,268a80c2-c4ce-4768-b89a-d5083ad5a450,https://www.facebook.com/clarencehollowfm
1000579,87b4577e-e26a-47a6-8a32-b6bd1a56c06b,
1000579,a2af1d35-6709-4551-a3a6-a161bfd74966,
1000579,f07ddbf1-8408-450e-bacb-174c1716fc81,
1019840,3232b375-3959-4e3a-9dd0-2c2d98cb1776,
1019840,268a80c2-c4ce-4768-b89a-d5083ad5a450,Facebook.com/CLARKSTONFARMERSMARKET/
1019840,87b4577e-e26a-47a6-8a32-b6bd1a56c06b,Twitter @ClarkstonFM  Instagram @clarkstonfm   Snapchat clarkstonfrmmkt
1019840,a2af1d35-6709-4551-a3a6-a161bfd74966,
1019840,f07ddbf1-8408-450e-bacb-174c1716fc81,
1021441,3232b375-3959-4e3a-9dd0-2c2d98cb1776,
1021441,268a80c2-c4ce-4768-b89a-d5083ad5a450,Clay Center Farmers Market
1021441,87b4577e-e26a-47a6-8a32-b6bd1a56c06b,
1021441,a2af1d35-6709-4551-a3a6-a161bfd74966,
1021441,f07ddbf1-8408-450e-bacb-174c1716fc81,
1019110,3232b375-3959-4e3a-9dd0-2c2d98cb1776,
1019110,268a80c2-c4ce-4768-b89a-d5083ad5a450,Cleburne Farmer's Market
1019110,87b4577e-e26a-47a6-8a32-b6bd1a56c06b,
1019110,a2af1d35-6709-4551-a3a6-a161bfd74966,
1019110,f07ddbf1-8408-450e-bacb-174c1716fc81,cleburnefarmers   Instagram
1019741,3232b375-3959-4e3a-9dd0-2c2d98cb1776,https://www.clemmons.org/243/Clemmons-Farmers-Market
1019741,268a80c2-c4ce-4768-b89a-d5083ad5a450,https://www.facebook.com/clemmonsfarmersmarket
1019741,87b4577e-e26a-47a6-8a32-b6bd1a56c06b,
1019741,a2af1d35-6709-4551-a3a6-a161bfd74966,
1019741,f07ddbf1-8408-450e-bacb-174c1716fc81,
1019704,3232b375-3959-4e3a-9dd0-2c2d98cb1776,http://clevelandparkmainstreet.org
1019704,268a80c2-c4ce-4768-b89a-d5083ad5a450,https://www.facebook.com/CleParkMainStDC
1019704,87b4577e-e26a-47a6-8a32-b6bd1a56c06b,
1019704,a2af1d35-6709-4551-a3a6-a161bfd74966,
1019704,f07ddbf1-8408-450e-bacb-174c1716fc81,https://www.instagram.com/clevelandparkfarmersmarket/
1018381,3232b375-3959-4e3a-9dd0-2c2d98cb1776,http://www.saratogafarmersmarket.org/clifton-park-farmers-market/
1018381,268a80c2-c4ce-4768-b89a-d5083ad5a450,https://www.facebook.com/Clifton-Park-Farmers-Market-440138679349915/
1018381,87b4577e-e26a-47a6-8a32-b6bd1a56c06b,
1018381,a2af1d35-6709-4551-a3a6-a161bfd74966,
1018381,f07ddbf1-8408-450e-bacb-174c1716fc81,
1019823,3232b375-3959-4e3a-9dd0-2c2d98cb1776,https://clintonnychamber.org/farmers-market/
1019823,268a80c2-c4ce-4768-b89a-d5083ad5a450,https://www.facebook.com/ClintonNYFarmersMarket/
1019823,87b4577e-e26a-47a6-8a32-b6bd1a56c06b,
1019823,a2af1d35-6709-4551-a3a6-a161bfd74966,
1019823,f07ddbf1-8408-450e-bacb-174c1716fc81,https://www.instagram.com/clintonfarmersmarketny/
1019763,3232b375-3959-4e3a-9dd0-2c2d98cb1776,http://www.clintonvillefarmersmarket.org
1019763,268a80c2-c4ce-4768-b89a-d5083ad5a450,https://www.facebook.com/clintonvillefarmersmarket
1019763,87b4577e-e26a-47a6-8a32-b6bd1a56c06b,
1019763,a2af1d35-6709-4551-a3a6-a161bfd74966,
1019763,f07ddbf1-8408-450e-bacb-174c1716fc81,
1000549,3232b375-3959-4e3a-9dd0-2c2d98cb1776,
1000549,268a80c2-c4ce-4768-b89a-d5083ad5a450,
1000549,87b4577e-e26a-47a6-8a32-b6bd1a56c06b,
1000549,a2af1d35-6709-4551-a3a6-a161bfd74966,
1000549,f07ddbf1-8408-450e-bacb-174c1716fc81,
1002808,3232b375-3959-4e3a-9dd0-2c2d98cb1776,
1002808,268a80c2-c4ce-4768-b89a-d5083ad5a450,
1002808,87b4577e-e26a-47a6-8a32-b6bd1a56c06b,
1002808,a2af1d35-6709-4551-a3a6-a161bfd74966,
1002808,f07ddbf1-8408-450e-bacb-174c1716fc81,
1019474,3232b375-3959-4e3a-9dd0-2c2d98cb1776,http://www.coopfarmersmarket.com
1019474,268a80c2-c4ce-4768-b89a-d5083ad5a450,Co-Operative Farmers Market
1019474,87b4577e-e26a-47a6-8a32-b6bd1a56c06b,
1019474,a2af1d35-6709-4551-a3a6-a161bfd74966,
1019474,f07ddbf1-8408-450e-bacb-174c1716fc81,"TV, Radio, Newpaper, Billboard"
1018969,3232b375-3959-4e3a-9dd0-2c2d98cb1776,https://www.coastalmarket.org
1018969,268a80c2-c4ce-4768-b89a-d5083ad5a450,https://www.facebook.com/CoastalGrowers/
1018969,87b4577e-e26a-47a6-8a32-b6bd1a56c06b,
1018969,a2af1d35-6709-4551-a3a6-a161bfd74966,
1018969,f07ddbf1-8408-450e-bacb-174c1716fc81,https://www.instagram.com/coastalgrowers/
1019821,3232b375-3959-4e3a-9dd0-2c2d98cb1776,http://www.coastalmarket.org/
1019821,268a80c2-c4ce-4768-b89a-d5083ad5a450,https://www.facebook.com/CoastalGrowers
1019821,87b4577e-e26a-47a6-8a32-b6bd1a56c06b,https://twitter.com/CoastalMarketRI
1019821,a2af1d35-6709-4551-a3a6-a161bfd74966,
1019821,f07ddbf1-8408-450e-bacb-174c1716fc81,https://www.instagram.com/coastalgrowers/
1020135,3232b375-3959-4e3a-9dd0-2c2d98cb1776,http://www.coastsidefarmersmarkets.org
1020135,268a80c2-c4ce-4768-b89a-d5083ad5a450,https://www.facebook.com/Coastside-Farmers-Market-in-Half-Moon-Bay-135241926498880
1020135,87b4577e-e26a-47a6-8a32-b6bd1a56c06b,
1020135,a2af1d35-6709-4551-a3a6-a161bfd74966,
1020135,f07ddbf1-8408-450e-bacb-174c1716fc81,#coastsidefarmersmarkets
1020137,3232b375-3959-4e3a-9dd0-2c2d98cb1776,http://www.coastsidefarmersmarkets.org
1020137,268a80c2-c4ce-4768-b89a-d5083ad5a450,https://www.facebook.com/Coastside-Farmers-Market-in-Half-Moon-Bay-135241926498880
1020137,87b4577e-e26a-47a6-8a32-b6bd1a56c06b,
1020137,a2af1d35-6709-4551-a3a6-a161bfd74966,
1020137,f07ddbf1-8408-450e-bacb-174c1716fc81,#coastsidefarmersmarkets
1021232,3232b375-3959-4e3a-9dd0-2c2d98cb1776,http://www.cpwa.us/residents/events/farmers_and_artisans_market.php
1021232,268a80c2-c4ce-4768-b89a-d5083ad5a450,https://www.facebook.com/CP.Farmers.Market
1021232,87b4577e-e26a-47a6-8a32-b6bd1a56c06b,
1021232,a2af1d35-6709-4551-a3a6-a161bfd74966,
1021232,f07ddbf1-8408-450e-bacb-174c1716fc81,
1001290,3232b375-3959-4e3a-9dd0-2c2d98cb1776,http://www.collinsvillefarmersmarket.org
1001290,268a80c2-c4ce-4768-b89a-d5083ad5a450,https://www.facebook.com/collinsvillefarmersmarket1
1001290,87b4577e-e26a-47a6-8a32-b6bd1a56c06b,@CollinsvilleFM
1001290,a2af1d35-6709-4551-a3a6-a161bfd74966,
1001290,f07ddbf1-8408-450e-bacb-174c1716fc81,
1000210,3232b375-3959-4e3a-9dd0-2c2d98cb1776,http://www.farmandartmarket.com
1000210,268a80c2-c4ce-4768-b89a-d5083ad5a450,https://www.facebook.com/farmandartmarket
1000210,87b4577e-e26a-47a6-8a32-b6bd1a56c06b,https://twitter.com/cofarmartmarket
1000210,a2af1d35-6709-4551-a3a6-a161bfd74966,
1000210,f07ddbf1-8408-450e-bacb-174c1716fc81,
1009656,3232b375-3959-4e3a-9dd0-2c2d98cb1776,http://www.farmandartmarket.com
1009656,268a80c2-c4ce-4768-b89a-d5083ad5a450,https://www.facebook.com/farmandartmarket
1009656,87b4577e-e26a-47a6-8a32-b6bd1a56c06b,https://twitter.com/cofarmartmarket
1009656,a2af1d35-6709-4551-a3a6-a161bfd74966,
1009656,f07ddbf1-8408-450e-bacb-174c1716fc81,
1018196,3232b375-3959-4e3a-9dd0-2c2d98cb1776,http://columbiafarmersfreshmarket.com/
1018196,268a80c2-c4ce-4768-b89a-d5083ad5a450,https://www.facebook.com/Columbia-Farmers-Fresh-Market
1018196,87b4577e-e26a-47a6-8a32-b6bd1a56c06b,
1018196,a2af1d35-6709-4551-a3a6-a161bfd74966,
1018196,f07ddbf1-8408-450e-bacb-174c1716fc81,
1019790,3232b375-3959-4e3a-9dd0-2c2d98cb1776,http://columbiafarmersmarket.org
1019790,268a80c2-c4ce-4768-b89a-d5083ad5a450,https://www.facebook.com/ColumbiaFarmersMarket
1019790,87b4577e-e26a-47a6-8a32-b6bd1a56c06b,https://twitter.com/comofarmers
1019790,a2af1d35-6709-4551-a3a6-a161bfd74966,
1019790,f07ddbf1-8408-450e-bacb-174c1716fc81,https://www.instagram.com/columbiafarmersmarket/
1010758,3232b375-3959-4e3a-9dd0-2c2d98cb1776,http://MountainPeopleOrganics.com
1010758,268a80c2-c4ce-4768-b89a-d5083ad5a450,https://www.facebook.com/ColumbiaFarmory
1010758,87b4577e-e26a-47a6-8a32-b6bd1a56c06b,
1010758,a2af1d35-6709-4551-a3a6-a161bfd74966,
1010758,f07ddbf1-8408-450e-bacb-174c1716fc81,
1019483,3232b375-3959-4e3a-9dd0-2c2d98cb1776,
1019483,268a80c2-c4ce-4768-b89a-d5083ad5a450,Columbus Farmers Market
1019483,87b4577e-e26a-47a6-8a32-b6bd1a56c06b,
1019483,a2af1d35-6709-4551-a3a6-a161bfd74966,
1019483,f07ddbf1-8408-450e-bacb-174c1716fc81,
1019199,3232b375-3959-4e3a-9dd0-2c2d98cb1776,
1019199,268a80c2-c4ce-4768-b89a-d5083ad5a450,Facebook: columbus ks farmers' market
1019199,87b4577e-e26a-47a6-8a32-b6bd1a56c06b,
1019199,a2af1d35-6709-4551-a3a6-a161bfd74966,
1019199,f07ddbf1-8408-450e-bacb-174c1716fc81,Instagram: thecolumbusksproject
1020124,3232b375-3959-4e3a-9dd0-2c2d98cb1776,https://www.colusacertifiedfarmersmarket.com
1020124,268a80c2-c4ce-4768-b89a-d5083ad5a450,https://www.facebook@colusacertifiedfarmersmarket
1020124,87b4577e-e26a-47a6-8a32-b6bd1a56c06b,
1020124,a2af1d35-6709-4551-a3a6-a161bfd74966,
1020124,f07ddbf1-8408-450e-bacb-174c1716fc81,
1011003,3232b375-3959-4e3a-9dd0-2c2d98cb1776,
1011003,268a80c2-c4ce-4768-b89a-d5083ad5a450,https://www.facebook.com/colwellmarket
1011003,87b4577e-e26a-47a6-8a32-b6bd1a56c06b,
1011003,a2af1d35-6709-4551-a3a6-a161bfd74966,
1011003,f07ddbf1-8408-450e-bacb-174c1716fc81,
1021541,3232b375-3959-4e3a-9dd0-2c2d98cb1776,https://www.comethrupdx.org/
1021541,268a80c2-c4ce-4768-b89a-d5083ad5a450,https://www.facebook.com/comethrupdx
1021541,87b4577e-e26a-47a6-8a32-b6bd1a56c06b,
1021541,a2af1d35-6709-4551-a3a6-a161bfd74966,
1021541,f07ddbf1-8408-450e-bacb-174c1716fc81,Instagram: @comethrupdx
1019592,3232b375-3959-4e3a-9dd0-2c2d98cb1776,http://comofarmark@aol.com
1019592,268a80c2-c4ce-4768-b89a-d5083ad5a450,fb.me/comofarmersmarket@facebook.com
1019592,87b4577e-e26a-47a6-8a32-b6bd1a56c06b,
1019592,a2af1d35-6709-4551-a3a6-a161bfd74966,
1019592,f07ddbf1-8408-450e-bacb-174c1716fc81,
1019042,3232b375-3959-4e3a-9dd0-2c2d98cb1776,https://www.cga.ct.gov/osh/farmersmkt.asp
1019042,268a80c2-c4ce-4768-b89a-d5083ad5a450,facebook.com/ctoldstatehouse
1019042,87b4577e-e26a-47a6-8a32-b6bd1a56c06b,twitter.com/ctoldstatehouse
1019042,a2af1d35-6709-4551-a3a6-a161bfd74966,
1019042,f07ddbf1-8408-450e-bacb-174c1716fc81,instagram.com/ctoldstatehouse
1012030,3232b375-3959-4e3a-9dd0-2c2d98cb1776,http://waccamawmarkets.org/
1012030,268a80c2-c4ce-4768-b89a-d5083ad5a450,https://www.facebook.com/WaccamawMarketCooperative/
1012030,87b4577e-e26a-47a6-8a32-b6bd1a56c06b,
1012030,a2af1d35-6709-4551-a3a6-a161bfd74966,
1012030,f07ddbf1-8408-450e-bacb-174c1716fc81,
1021396,3232b375-3959-4e3a-9dd0-2c2d98cb1776,
1021396,268a80c2-c4ce-4768-b89a-d5083ad5a450,https://www.facebook.com/ConwayFarmersMktAntioch
1021396,87b4577e-e26a-47a6-8a32-b6bd1a56c06b,
1021396,a2af1d35-6709-4551-a3a6-a161bfd74966,
1021396,f07ddbf1-8408-450e-bacb-174c1716fc81,
1006766,3232b375-3959-4e3a-9dd0-2c2d98cb1776,https://coosbaydowntown.org/farmers-market/
1006766,268a80c2-c4ce-4768-b89a-d5083ad5a450,https://www.facebook.com/CoosBayFarmersMarket
1006766,87b4577e-e26a-47a6-8a32-b6bd1a56c06b,
1006766,a2af1d35-6709-4551-a3a6-a161bfd74966,
1006766,f07ddbf1-8408-450e-bacb-174c1716fc81,https://www.instagram.com/coosbayfarmersmarket/
1018190,3232b375-3959-4e3a-9dd0-2c2d98cb1776,http://www.coralville.org/farmersmarket
1018190,268a80c2-c4ce-4768-b89a-d5083ad5a450,www.facebook.com/coralvillefarmersmarket
1018190,87b4577e-e26a-47a6-8a32-b6bd1a56c06b,www.twitter.com/CvilleParksRec
1018190,a2af1d35-6709-4551-a3a6-a161bfd74966,
1018190,f07ddbf1-8408-450e-bacb-174c1716fc81,www.instagram.com/coralvilleparksrec
1021639,3232b375-3959-4e3a-9dd0-2c2d98cb1776,https://www.adelantemujeres.org/cornelius-farmers-market
1021639,268a80c2-c4ce-4768-b89a-d5083ad5a450,https://www.facebook.com/CorneliusFarmersMarket
1021639,87b4577e-e26a-47a6-8a32-b6bd1a56c06b,
1021639,a2af1d35-6709-4551-a3a6-a161bfd74966,
1021639,f07ddbf1-8408-450e-bacb-174c1716fc81,Instagram: @corneliusfarmersmarket
1012666,3232b375-3959-4e3a-9dd0-2c2d98cb1776,http://www.ccdowntownfm.com
1012666,268a80c2-c4ce-4768-b89a-d5083ad5a450,https://www.facebook.com/CorpusChristiDowntownFarmersMarket/
1012666,87b4577e-e26a-47a6-8a32-b6bd1a56c06b,https://twitter.com/ccdowntownfm
1012666,a2af1d35-6709-4551-a3a6-a161bfd74966,https://www.youtube.com/channel/UCYbRpp3vuRs5xLsbrB1ospA
1012666,f07ddbf1-8408-450e-bacb-174c1716fc81,https://www.instagram.com/ccdowntownfm/
1008959,3232b375-3959-4e3a-9dd0-2c2d98cb1776,http://www.cortezfarmmarket.com
1008959,268a80c2-c4ce-4768-b89a-d5083ad5a450,https://www.facebook.com/groups/265957719169/admins/?order=default
1008959,87b4577e-e26a-47a6-8a32-b6bd1a56c06b,
1008959,a2af1d35-6709-4551-a3a6-a161bfd74966,
1008959,f07ddbf1-8408-450e-bacb-174c1716fc81,
1021691,3232b375-3959-4e3a-9dd0-2c2d98cb1776,http://www.locallygrown.org
1021691,268a80c2-c4ce-4768-b89a-d5083ad5a450,https://www.facebook.com/Corvallis.Farmers.Market
1021691,87b4577e-e26a-47a6-8a32-b6bd1a56c06b,
1021691,a2af1d35-6709-4551-a3a6-a161bfd74966,
1021691,f07ddbf1-8408-450e-bacb-174c1716fc81,https://www.instagram.com/corvallisfarmersmarket/
1018629,3232b375-3959-4e3a-9dd0-2c2d98cb1776,http://www.ilovefarmersmarkets.org
1018629,268a80c2-c4ce-4768-b89a-d5083ad5a450,https://www.facebook.com/CotatiFarmersMarket/
1018629,87b4577e-e26a-47a6-8a32-b6bd1a56c06b,
1018629,a2af1d35-6709-4551-a3a6-a161bfd74966,
1018629,f07ddbf1-8408-450e-bacb-174c1716fc81,Instagram communitymarkets
1010975,3232b375-3959-4e3a-9dd0-2c2d98cb1776,
1010975,268a80c2-c4ce-4768-b89a-d5083ad5a450,
1010975,87b4577e-e26a-47a6-8a32-b6bd1a56c06b,
1010975,a2af1d35-6709-4551-a3a6-a161bfd74966,
1010975,f07ddbf1-8408-450e-bacb-174c1716fc81,
1004382,3232b375-3959-4e3a-9dd0-2c2d98cb1776,http://www.cottinshardware.com/farmersmarket/
1004382,268a80c2-c4ce-4768-b89a-d5083ad5a450,https://www.facebook.com/pages/Cottins-Hardware-Farmers-Market/130797680335852
1004382,87b4577e-e26a-47a6-8a32-b6bd1a56c06b,@cottins
1004382,a2af1d35-6709-4551-a3a6-a161bfd74966,
1004382,f07ddbf1-8408-450e-bacb-174c1716fc81,Instagram @cottinshardware 
1018221,3232b375-3959-4e3a-9dd0-2c2d98cb1776,http://www.cottonmillfarmersmarket.org
1018221,268a80c2-c4ce-4768-b89a-d5083ad5a450,https://www.facebook.com/cottonmillfarmersmarket/?ref=settings
1018221,87b4577e-e26a-47a6-8a32-b6bd1a56c06b,
1018221,a2af1d35-6709-4551-a3a6-a161bfd74966,
1018221,f07ddbf1-8408-450e-bacb-174c1716fc81,
1000368,3232b375-3959-4e3a-9dd0-2c2d98cb1776,http://www.countrylanemarket.com/farmers-market
1000368,268a80c2-c4ce-4768-b89a-d5083ad5a450,
1000368,87b4577e-e26a-47a6-8a32-b6bd1a56c06b,
1000368,a2af1d35-6709-4551-a3a6-a161bfd74966,
1000368,f07ddbf1-8408-450e-bacb-174c1716fc81,
1019530,3232b375-3959-4e3a-9dd0-2c2d98cb1776,http://cvcountryside.org
1019530,268a80c2-c4ce-4768-b89a-d5083ad5a450,https://www.facebook.com/countrysidefoodandfarms/
1019530,87b4577e-e26a-47a6-8a32-b6bd1a56c06b,https://twitter.com/countrysideohio
1019530,a2af1d35-6709-4551-a3a6-a161bfd74966,
1019530,f07ddbf1-8408-450e-bacb-174c1716fc81,https://www.instagram.com/countrysidefoodandfarms/
1019529,3232b375-3959-4e3a-9dd0-2c2d98cb1776,http://cvcountryside.org
1019529,268a80c2-c4ce-4768-b89a-d5083ad5a450,https://www.facebook.com/countrysidefoodandfarms
1019529,87b4577e-e26a-47a6-8a32-b6bd1a56c06b,https://twitter.com/countrysideohio
1019529,a2af1d35-6709-4551-a3a6-a161bfd74966,
1019529,f07ddbf1-8408-450e-bacb-174c1716fc81,https://www.instagram.com/countrysidefoodandfarms/
1019531,3232b375-3959-4e3a-9dd0-2c2d98cb1776,http://cvcountryside.org
1019531,268a80c2-c4ce-4768-b89a-d5083ad5a450,https://www.facebook.com/countrysidefoodandfarms/
1019531,87b4577e-e26a-47a6-8a32-b6bd1a56c06b,https://twitter.com/countrysideohio
1019531,a2af1d35-6709-4551-a3a6-a161bfd74966,
1019531,f07ddbf1-8408-450e-bacb-174c1716fc81,https://www.instagram.com/countrysidefoodandfarms/
1019258,3232b375-3959-4e3a-9dd0-2c2d98cb1776,http://cvcountryside.org
1019258,268a80c2-c4ce-4768-b89a-d5083ad5a450,https://www.facebook.com/countrysidefoodandfarms/
1019258,87b4577e-e26a-47a6-8a32-b6bd1a56c06b,https://twitter.com/countrysideohio
1019258,a2af1d35-6709-4551-a3a6-a161bfd74966,
1019258,f07ddbf1-8408-450e-bacb-174c1716fc81,
1019325,3232b375-3959-4e3a-9dd0-2c2d98cb1776,http://www.coventryfarmersmarket.org
1019325,268a80c2-c4ce-4768-b89a-d5083ad5a450,www.facebook.com/coventryfarmersmarket
1019325,87b4577e-e26a-47a6-8a32-b6bd1a56c06b,@coventryfarmmkt
1019325,a2af1d35-6709-4551-a3a6-a161bfd74966,
1019325,f07ddbf1-8408-450e-bacb-174c1716fc81,www.instsgram.com/coventryfarmersmarket
1019296,3232b375-3959-4e3a-9dd0-2c2d98cb1776,https://www.rcov.org/covfarmersmarket/
1019296,268a80c2-c4ce-4768-b89a-d5083ad5a450,https://www.facebook.com/covingtonfarmersmarket/
1019296,87b4577e-e26a-47a6-8a32-b6bd1a56c06b,
1019296,a2af1d35-6709-4551-a3a6-a161bfd74966,
1019296,f07ddbf1-8408-450e-bacb-174c1716fc81,https://www.instagram.com/covingtonfarmersmarket/
1012552,3232b375-3959-4e3a-9dd0-2c2d98cb1776,http://www.cowtownmarket.com
1012552,268a80c2-c4ce-4768-b89a-d5083ad5a450,@cowtownfarmersmkt
1012552,87b4577e-e26a-47a6-8a32-b6bd1a56c06b,
1012552,a2af1d35-6709-4551-a3a6-a161bfd74966,
1012552,f07ddbf1-8408-450e-bacb-174c1716fc81,
1009993,3232b375-3959-4e3a-9dd0-2c2d98cb1776,
1009993,268a80c2-c4ce-4768-b89a-d5083ad5a450,https://www.facebook.com/pages/Cozad-Haymaker-Grand-Generation-Center/581875038530338
1009993,87b4577e-e26a-47a6-8a32-b6bd1a56c06b,
1009993,a2af1d35-6709-4551-a3a6-a161bfd74966,
1009993,f07ddbf1-8408-450e-bacb-174c1716fc81,
1019130,3232b375-3959-4e3a-9dd0-2c2d98cb1776,
1019130,268a80c2-c4ce-4768-b89a-d5083ad5a450,
1019130,87b4577e-e26a-47a6-8a32-b6bd1a56c06b,
1019130,a2af1d35-6709-4551-a3a6-a161bfd74966,
1019130,f07ddbf1-8408-450e-bacb-174c1716fc81,
1021330,3232b375-3959-4e3a-9dd0-2c2d98cb1776,https://www.crawfordsville.net/topic/index.php?topicid=160&structureid=13
1021330,268a80c2-c4ce-4768-b89a-d5083ad5a450,https://www.facebook.com/crawfordsvillefarmersmarket
1021330,87b4577e-e26a-47a6-8a32-b6bd1a56c06b,
1021330,a2af1d35-6709-4551-a3a6-a161bfd74966,
1021330,f07ddbf1-8408-450e-bacb-174c1716fc81,https://www.instagram.com/crawfordsvilleinfarmersmarket/
1021331,3232b375-3959-4e3a-9dd0-2c2d98cb1776,https://www.crawfordsville.net/topic/index.php?topicid=160&structureid=13
1021331,268a80c2-c4ce-4768-b89a-d5083ad5a450,https://www.facebook.com/crawfordsvillefarmersmarket
1021331,87b4577e-e26a-47a6-8a32-b6bd1a56c06b,
1021331,a2af1d35-6709-4551-a3a6-a161bfd74966,
1021331,f07ddbf1-8408-450e-bacb-174c1716fc81,https://www.instagram.com/crawfordsvilleinfarmersmarket/
1021227,3232b375-3959-4e3a-9dd0-2c2d98cb1776,https://seela.org/markets-crenshaw/
1021227,268a80c2-c4ce-4768-b89a-d5083ad5a450,
1021227,87b4577e-e26a-47a6-8a32-b6bd1a56c06b,
1021227,a2af1d35-6709-4551-a3a6-a161bfd74966,
1021227,f07ddbf1-8408-450e-bacb-174c1716fc81,https://www.instagram.com/crenshawfm/
1019260,3232b375-3959-4e3a-9dd0-2c2d98cb1776,http://www.crescentcityfarmersmarket.org/
1019260,268a80c2-c4ce-4768-b89a-d5083ad5a450,https://www.facebook.com/CrescentCityFarmersMarket/
1019260,87b4577e-e26a-47a6-8a32-b6bd1a56c06b,https://twitter.com/ccfmtweets
1019260,a2af1d35-6709-4551-a3a6-a161bfd74966,
1019260,f07ddbf1-8408-450e-bacb-174c1716fc81,https://www.instagram.com/crescentcityfarmersmkt/
1019261,3232b375-3959-4e3a-9dd0-2c2d98cb1776,http://www.crescentcityfarmersmarket.org/
1019261,268a80c2-c4ce-4768-b89a-d5083ad5a450,https://www.facebook.com/CrescentCityFarmersMarket/
1019261,87b4577e-e26a-47a6-8a32-b6bd1a56c06b,https://twitter.com/ccfmtweets
1019261,a2af1d35-6709-4551-a3a6-a161bfd74966,
1019261,f07ddbf1-8408-450e-bacb-174c1716fc81,https://www.instagram.com/crescentcityfarmersmkt/
1019262,3232b375-3959-4e3a-9dd0-2c2d98cb1776,http://www.crescentcityfarmersmarket.org/
1019262,268a80c2-c4ce-4768-b89a-d5083ad5a450,https://www.facebook.com/CrescentCityFarmersMarket/
1019262,87b4577e-e26a-47a6-8a32-b6bd1a56c06b,https://twitter.com/ccfmtweets
1019262,a2af1d35-6709-4551-a3a6-a161bfd74966,
1019262,f07ddbf1-8408-450e-bacb-174c1716fc81,https://www.instagram.com/crescentcityfarmersmkt/
1002470,3232b375-3959-4e3a-9dd0-2c2d98cb1776,
1002470,268a80c2-c4ce-4768-b89a-d5083ad5a450,https://www.facebook.com/DowntownFremontInc
1002470,87b4577e-e26a-47a6-8a32-b6bd1a56c06b,https://twitter.com/DowntownFremont
1002470,a2af1d35-6709-4551-a3a6-a161bfd74966,
1002470,f07ddbf1-8408-450e-bacb-174c1716fc81,https://instagram.com/downtownfremont
1021391,3232b375-3959-4e3a-9dd0-2c2d98cb1776,
1021391,268a80c2-c4ce-4768-b89a-d5083ad5a450,
1021391,87b4577e-e26a-47a6-8a32-b6bd1a56c06b,
1021391,a2af1d35-6709-4551-a3a6-a161bfd74966,
1021391,f07ddbf1-8408-450e-bacb-174c1716fc81,
1012365,3232b375-3959-4e3a-9dd0-2c2d98cb1776,https://www.crossroadscommunityfoodnetwork.org/farmers-market/
1012365,268a80c2-c4ce-4768-b89a-d5083ad5a450,https://www.facebook.com/CrossroadsFarmersMarket/
1012365,87b4577e-e26a-47a6-8a32-b6bd1a56c06b,@CrossroadsNtwk
1012365,a2af1d35-6709-4551-a3a6-a161bfd74966,https://www.youtube.com/channel/UCm23V5zJ2FZV7vC57i8OASQ
1012365,f07ddbf1-8408-450e-bacb-174c1716fc81,Instagram: @CrossroadsNtwk
1001869,3232b375-3959-4e3a-9dd0-2c2d98cb1776,
1001869,268a80c2-c4ce-4768-b89a-d5083ad5a450,www.facebook.com/CrystalLakeFarmersMarket
1001869,87b4577e-e26a-47a6-8a32-b6bd1a56c06b,
1001869,a2af1d35-6709-4551-a3a6-a161bfd74966,Downtown Crystal Lake
1001869,f07ddbf1-8408-450e-bacb-174c1716fc81,
1021346,3232b375-3959-4e3a-9dd0-2c2d98cb1776,http://www.culvercityfarmersmarket.org
1021346,268a80c2-c4ce-4768-b89a-d5083ad5a450,Culver City Farmers Market 
1021346,87b4577e-e26a-47a6-8a32-b6bd1a56c06b,Culver City Farmers Market @CulverFM
1021346,a2af1d35-6709-4551-a3a6-a161bfd74966,
1021346,f07ddbf1-8408-450e-bacb-174c1716fc81,
1019701,3232b375-3959-4e3a-9dd0-2c2d98cb1776,
1019701,268a80c2-c4ce-4768-b89a-d5083ad5a450,@culverfarmersmarket
1019701,87b4577e-e26a-47a6-8a32-b6bd1a56c06b,
1019701,a2af1d35-6709-4551-a3a6-a161bfd74966,
1019701,f07ddbf1-8408-450e-bacb-174c1716fc81,@culverfarmersmarket (instagram)
1019702,3232b375-3959-4e3a-9dd0-2c2d98cb1776,
1019702,268a80c2-c4ce-4768-b89a-d5083ad5a450,@culverfarmersmarket
1019702,87b4577e-e26a-47a6-8a32-b6bd1a56c06b,
1019702,a2af1d35-6709-4551-a3a6-a161bfd74966,
1019702,f07ddbf1-8408-450e-bacb-174c1716fc81,@culverfarmersmarket (instagram)
1020109,3232b375-3959-4e3a-9dd0-2c2d98cb1776,
1020109,268a80c2-c4ce-4768-b89a-d5083ad5a450,https://www.facebook.com/CumberlandCountyKYFarmersMarket
1020109,87b4577e-e26a-47a6-8a32-b6bd1a56c06b,
1020109,a2af1d35-6709-4551-a3a6-a161bfd74966,
1020109,f07ddbf1-8408-450e-bacb-174c1716fc81,
1021387,3232b375-3959-4e3a-9dd0-2c2d98cb1776,http://www.town.cumberland.in.us/government/departments/farmers_market/index.php
1021387,268a80c2-c4ce-4768-b89a-d5083ad5a450,https://www.facebook.com/CumberlandINFM
1021387,87b4577e-e26a-47a6-8a32-b6bd1a56c06b,
1021387,a2af1d35-6709-4551-a3a6-a161bfd74966,
1021387,f07ddbf1-8408-450e-bacb-174c1716fc81,
1019539,3232b375-3959-4e3a-9dd0-2c2d98cb1776,http://www.farmersmarketinthefalls.weebly.com
1019539,268a80c2-c4ce-4768-b89a-d5083ad5a450,Farmers' Market in the Falls
1019539,87b4577e-e26a-47a6-8a32-b6bd1a56c06b,
1019539,a2af1d35-6709-4551-a3a6-a161bfd74966,
1019539,f07ddbf1-8408-450e-bacb-174c1716fc81,Instagram= @farmersmarketinthefalls
1021408,3232b375-3959-4e3a-9dd0-2c2d98cb1776,
1021408,268a80c2-c4ce-4768-b89a-d5083ad5a450,Dallas County Farmer's Market
1021408,87b4577e-e26a-47a6-8a32-b6bd1a56c06b,
1021408,a2af1d35-6709-4551-a3a6-a161bfd74966,
1021408,f07ddbf1-8408-450e-bacb-174c1716fc81,
1004516,3232b375-3959-4e3a-9dd0-2c2d98cb1776,http://www.danburyfarmersmarket.org
1004516,268a80c2-c4ce-4768-b89a-d5083ad5a450,danburyconnecticutfarmersmarket
1004516,87b4577e-e26a-47a6-8a32-b6bd1a56c06b,danburyfarmersmarket
1004516,a2af1d35-6709-4551-a3a6-a161bfd74966,dadnburyfarmerwmarket
1004516,f07ddbf1-8408-450e-bacb-174c1716fc81,instagram 
1019163,3232b375-3959-4e3a-9dd0-2c2d98cb1776,
1019163,268a80c2-c4ce-4768-b89a-d5083ad5a450,fb.me/dardanellefarmersmarket
1019163,87b4577e-e26a-47a6-8a32-b6bd1a56c06b,
1019163,a2af1d35-6709-4551-a3a6-a161bfd74966,
1019163,f07ddbf1-8408-450e-bacb-174c1716fc81,@dardanellefarmersmarket on Instagram
1012505,3232b375-3959-4e3a-9dd0-2c2d98cb1776,
1012505,268a80c2-c4ce-4768-b89a-d5083ad5a450,
1012505,87b4577e-e26a-47a6-8a32-b6bd1a56c06b,
1012505,a2af1d35-6709-4551-a3a6-a161bfd74966,
1012505,f07ddbf1-8408-450e-bacb-174c1716fc81,
1018157,3232b375-3959-4e3a-9dd0-2c2d98cb1776,http://mvgrowers.com
1018157,268a80c2-c4ce-4768-b89a-d5083ad5a450,Mississippi Valley Growers farmers Market
1018157,87b4577e-e26a-47a6-8a32-b6bd1a56c06b,
1018157,a2af1d35-6709-4551-a3a6-a161bfd74966,
1018157,f07ddbf1-8408-450e-bacb-174c1716fc81,
1019880,3232b375-3959-4e3a-9dd0-2c2d98cb1776,
1019880,268a80c2-c4ce-4768-b89a-d5083ad5a450,
1019880,87b4577e-e26a-47a6-8a32-b6bd1a56c06b,
1019880,a2af1d35-6709-4551-a3a6-a161bfd74966,
1019880,f07ddbf1-8408-450e-bacb-174c1716fc81,
1012254,3232b375-3959-4e3a-9dd0-2c2d98cb1776,
1012254,268a80c2-c4ce-4768-b89a-d5083ad5a450,dawson madison farmers market
1012254,87b4577e-e26a-47a6-8a32-b6bd1a56c06b,
1012254,a2af1d35-6709-4551-a3a6-a161bfd74966,
1012254,f07ddbf1-8408-450e-bacb-174c1716fc81,
1019100,3232b375-3959-4e3a-9dd0-2c2d98cb1776,http://www.daybreakfarmersmarket.com
1019100,268a80c2-c4ce-4768-b89a-d5083ad5a450,http://www.facebook.com/daybreakfarmersmarket
1019100,87b4577e-e26a-47a6-8a32-b6bd1a56c06b,
1019100,a2af1d35-6709-4551-a3a6-a161bfd74966,
1019100,f07ddbf1-8408-450e-bacb-174c1716fc81,http://www.instagram.com/daybreakfarmersmarket
1021457,3232b375-3959-4e3a-9dd0-2c2d98cb1776,https://gethealthydesoto.org/
1021457,268a80c2-c4ce-4768-b89a-d5083ad5a450,https://www.facebook.com/cultivatingfoodandcommunity
1021457,87b4577e-e26a-47a6-8a32-b6bd1a56c06b,
1021457,a2af1d35-6709-4551-a3a6-a161bfd74966,https://www.youtube.com/channel/UCW0fYCdzTgTVIeWAGlLjicw
1021457,f07ddbf1-8408-450e-bacb-174c1716fc81,https://www.instagram.com/desotofarmersmarket/
1018945,3232b375-3959-4e3a-9dd0-2c2d98cb1776,http://www.dearbornfarmersartisansmarket.com
1018945,268a80c2-c4ce-4768-b89a-d5083ad5a450,@DearbornFarmersArtisansMarket
1018945,87b4577e-e26a-47a6-8a32-b6bd1a56c06b,
1018945,a2af1d35-6709-4551-a3a6-a161bfd74966,
1018945,f07ddbf1-8408-450e-bacb-174c1716fc81,
1019970,3232b375-3959-4e3a-9dd0-2c2d98cb1776,https://cfmatl.org/decatur/
1019970,268a80c2-c4ce-4768-b89a-d5083ad5a450,https://www.facebook.com/DecaturFarmersMarkets/
1019970,87b4577e-e26a-47a6-8a32-b6bd1a56c06b,
1019970,a2af1d35-6709-4551-a3a6-a161bfd74966,
1019970,f07ddbf1-8408-450e-bacb-174c1716fc81,
1021570,3232b375-3959-4e3a-9dd0-2c2d98cb1776,http://decorahfarmersmarket.com
1021570,268a80c2-c4ce-4768-b89a-d5083ad5a450,https://www.facebook.com/decorahfarmersmarket/
1021570,87b4577e-e26a-47a6-8a32-b6bd1a56c06b,
1021570,a2af1d35-6709-4551-a3a6-a161bfd74966,
1021570,f07ddbf1-8408-450e-bacb-174c1716fc81,https://www.instagram.com/decorah_farmers_market/
1012296,3232b375-3959-4e3a-9dd0-2c2d98cb1776,http://www.vi.deforest.wi.us/index.asp?Type=B_BASIC&SEC={38A90127-1135-4F1B-99D2-5AC8EE5AF484}
1012296,268a80c2-c4ce-4768-b89a-d5083ad5a450,https://www.facebook.com/deforestmarket/
1012296,87b4577e-e26a-47a6-8a32-b6bd1a56c06b,
1012296,a2af1d35-6709-4551-a3a6-a161bfd74966,
1012296,f07ddbf1-8408-450e-bacb-174c1716fc81,
1011103,3232b375-3959-4e3a-9dd0-2c2d98cb1776,http://www.dekalb.org/farmersmarket
1011103,268a80c2-c4ce-4768-b89a-d5083ad5a450,https://www.facebook.com/dekalbfarmersmarket
1011103,87b4577e-e26a-47a6-8a32-b6bd1a56c06b,
1011103,a2af1d35-6709-4551-a3a6-a161bfd74966,
1011103,f07ddbf1-8408-450e-bacb-174c1716fc81,https://www.instagram.com/dekalbfarmersmarket/
1002536,3232b375-3959-4e3a-9dd0-2c2d98cb1776,http://www.montereybayfarmers.org
1002536,268a80c2-c4ce-4768-b89a-d5083ad5a450,https://www.facebook.com/pages/Monterey-Bay-Certified-Farmers-Markets/112446802152723
1002536,87b4577e-e26a-47a6-8a32-b6bd1a56c06b,https://twitter.com/MBFarmersMarket
1002536,a2af1d35-6709-4551-a3a6-a161bfd74966,
1002536,f07ddbf1-8408-450e-bacb-174c1716fc81,www.edibleparadise.com
1020061,3232b375-3959-4e3a-9dd0-2c2d98cb1776,
1020061,268a80c2-c4ce-4768-b89a-d5083ad5a450,facebook.com/delanoneighborhoodmarket
1020061,87b4577e-e26a-47a6-8a32-b6bd1a56c06b,
1020061,a2af1d35-6709-4551-a3a6-a161bfd74966,
1020061,f07ddbf1-8408-450e-bacb-174c1716fc81,
1018416,3232b375-3959-4e3a-9dd0-2c2d98cb1776,http://www.DelcambreMarket.org
1018416,268a80c2-c4ce-4768-b89a-d5083ad5a450,DelcambreMarket
1018416,87b4577e-e26a-47a6-8a32-b6bd1a56c06b,@DelcambreMarket
1018416,a2af1d35-6709-4551-a3a6-a161bfd74966, Delcambre Seafood and Farmers Market
1018416,f07ddbf1-8408-450e-bacb-174c1716fc81,Instagram @DelcambreMarket
1019308,3232b375-3959-4e3a-9dd0-2c2d98cb1776,http://delmarmarket.org
1019308,268a80c2-c4ce-4768-b89a-d5083ad5a450,delmarmarket
1019308,87b4577e-e26a-47a6-8a32-b6bd1a56c06b,@delmarmarket
1019308,a2af1d35-6709-4551-a3a6-a161bfd74966,
1019308,f07ddbf1-8408-450e-bacb-174c1716fc81,
1020191,3232b375-3959-4e3a-9dd0-2c2d98cb1776,http://delraycra.org
1020191,268a80c2-c4ce-4768-b89a-d5083ad5a450,Delray Beach GreenMarket
1020191,87b4577e-e26a-47a6-8a32-b6bd1a56c06b,
1020191,a2af1d35-6709-4551-a3a6-a161bfd74966,
1020191,f07ddbf1-8408-450e-bacb-174c1716fc81,IG: delraygreenmarket  IG: delraygreenmarketdogs
1021591,3232b375-3959-4e3a-9dd0-2c2d98cb1776,http://achdo.org/delridgefarmersmarket
1021591,268a80c2-c4ce-4768-b89a-d5083ad5a450,https://www.facebook.com/DelridgeFarmersMarket
1021591,87b4577e-e26a-47a6-8a32-b6bd1a56c06b,
1021591,a2af1d35-6709-4551-a3a6-a161bfd74966,
1021591,f07ddbf1-8408-450e-bacb-174c1716fc81,https://www.instagram.com/delridgefarmersmarket/
1021649,3232b375-3959-4e3a-9dd0-2c2d98cb1776,https://www.dentonmarket.org/
1021649,268a80c2-c4ce-4768-b89a-d5083ad5a450,https://www.facebook.com/DentonCommunityMarket/
1021649,87b4577e-e26a-47a6-8a32-b6bd1a56c06b,https://twitter.com/Dentonmarket
1021649,a2af1d35-6709-4551-a3a6-a161bfd74966,https://www.youtube.com/channel/UCItKEPL9LmABDfpgYqPFVmw
1021649,f07ddbf1-8408-450e-bacb-174c1716fc81,https://www.instagram.com/CommunityMarket/
1007255,3232b375-3959-4e3a-9dd0-2c2d98cb1776,http://www.DMFM.org
1007255,268a80c2-c4ce-4768-b89a-d5083ad5a450,https://www.facebook.com/pages/Des-Moines-Waterfront-Farmers-Market/112845878735116?ref=hl
1007255,87b4577e-e26a-47a6-8a32-b6bd1a56c06b,
1007255,a2af1d35-6709-4551-a3a6-a161bfd74966,
1007255,f07ddbf1-8408-450e-bacb-174c1716fc81,
1003628,3232b375-3959-4e3a-9dd0-2c2d98cb1776,
1003628,268a80c2-c4ce-4768-b89a-d5083ad5a450,
1003628,87b4577e-e26a-47a6-8a32-b6bd1a56c06b,
1003628,a2af1d35-6709-4551-a3a6-a161bfd74966,
1003628,f07ddbf1-8408-450e-bacb-174c1716fc81,
1021318,3232b375-3959-4e3a-9dd0-2c2d98cb1776,http://www.farmtocitymarkets.com
1021318,268a80c2-c4ce-4768-b89a-d5083ad5a450,https://www.facebook.com/DSPFarmersMarket
1021318,87b4577e-e26a-47a6-8a32-b6bd1a56c06b,
1021318,a2af1d35-6709-4551-a3a6-a161bfd74966,
1021318,f07ddbf1-8408-450e-bacb-174c1716fc81,
1021261,3232b375-3959-4e3a-9dd0-2c2d98cb1776,
1021261,268a80c2-c4ce-4768-b89a-d5083ad5a450,https://www.facebook.com/Dillsboro-Farmers-Market-1682514815354955/
1021261,87b4577e-e26a-47a6-8a32-b6bd1a56c06b,
1021261,a2af1d35-6709-4551-a3a6-a161bfd74966,
1021261,f07ddbf1-8408-450e-bacb-174c1716fc81,
1018958,3232b375-3959-4e3a-9dd0-2c2d98cb1776,http://dillsburgfarmersma.wixsite.com/dbgfarmersmarket
1018958,268a80c2-c4ce-4768-b89a-d5083ad5a450,https://www.facebook.com/DillsburgFarmersMarket/
1018958,87b4577e-e26a-47a6-8a32-b6bd1a56c06b,
1018958,a2af1d35-6709-4551-a3a6-a161bfd74966,
1018958,f07ddbf1-8408-450e-bacb-174c1716fc81,
1019458,3232b375-3959-4e3a-9dd0-2c2d98cb1776,http://villageofdimondale.org
1019458,268a80c2-c4ce-4768-b89a-d5083ad5a450,http://facebook.com/dimondalefarmersmarket
1019458,87b4577e-e26a-47a6-8a32-b6bd1a56c06b,
1019458,a2af1d35-6709-4551-a3a6-a161bfd74966,
1019458,f07ddbf1-8408-450e-bacb-174c1716fc81,
1018816,3232b375-3959-4e3a-9dd0-2c2d98cb1776,
1018816,268a80c2-c4ce-4768-b89a-d5083ad5a450,www.facebook.com/DodgeCountyFarmersMarket
1018816,87b4577e-e26a-47a6-8a32-b6bd1a56c06b,
1018816,a2af1d35-6709-4551-a3a6-a161bfd74966,
1018816,f07ddbf1-8408-450e-bacb-174c1716fc81,instagram
1019742,3232b375-3959-4e3a-9dd0-2c2d98cb1776,
1019742,268a80c2-c4ce-4768-b89a-d5083ad5a450,https://www.facebook.com/dodgevillefarmersmarket
1019742,87b4577e-e26a-47a6-8a32-b6bd1a56c06b,
1019742,a2af1d35-6709-4551-a3a6-a161bfd74966,
1019742,f07ddbf1-8408-450e-bacb-174c1716fc81,
1019439,3232b375-3959-4e3a-9dd0-2c2d98cb1776,http://www.dovecreekfood.org
1019439,268a80c2-c4ce-4768-b89a-d5083ad5a450,https://www.facebook.com/DoloresCountyFarmersMarket/
1019439,87b4577e-e26a-47a6-8a32-b6bd1a56c06b,
1019439,a2af1d35-6709-4551-a3a6-a161bfd74966,
1019439,f07ddbf1-8408-450e-bacb-174c1716fc81,
1019964,3232b375-3959-4e3a-9dd0-2c2d98cb1776,
1019964,268a80c2-c4ce-4768-b89a-d5083ad5a450,donnelly farmers market
1019964,87b4577e-e26a-47a6-8a32-b6bd1a56c06b,
1019964,a2af1d35-6709-4551-a3a6-a161bfd74966,
1019964,f07ddbf1-8408-450e-bacb-174c1716fc81,
1018706,3232b375-3959-4e3a-9dd0-2c2d98cb1776,http://dothousehealth.org/
1018706,268a80c2-c4ce-4768-b89a-d5083ad5a450,DotHouse Health 
1018706,87b4577e-e26a-47a6-8a32-b6bd1a56c06b,
1018706,a2af1d35-6709-4551-a3a6-a161bfd74966,
1018706,f07ddbf1-8408-450e-bacb-174c1716fc81,
1020111,3232b375-3959-4e3a-9dd0-2c2d98cb1776,http://www.doreyparkfarmersmarket.org
1020111,268a80c2-c4ce-4768-b89a-d5083ad5a450,https://www.facebook.com/doreyparkfarmersmarket/?ref=bookmarks
1020111,87b4577e-e26a-47a6-8a32-b6bd1a56c06b,
1020111,a2af1d35-6709-4551-a3a6-a161bfd74966,
1020111,f07ddbf1-8408-450e-bacb-174c1716fc81,
1003046,3232b375-3959-4e3a-9dd0-2c2d98cb1776,http://www.dousmanchamber.org/farmers_market.html
1003046,268a80c2-c4ce-4768-b89a-d5083ad5a450,https://www.facebook.com/DousmanFarmersMarket
1003046,87b4577e-e26a-47a6-8a32-b6bd1a56c06b,
1003046,a2af1d35-6709-4551-a3a6-a161bfd74966,
1003046,f07ddbf1-8408-450e-bacb-174c1716fc81,
1009829,3232b375-3959-4e3a-9dd0-2c2d98cb1776,http://www.seacoastgrowers.org
1009829,268a80c2-c4ce-4768-b89a-d5083ad5a450,https://www.facebook.com/Market03820
1009829,87b4577e-e26a-47a6-8a32-b6bd1a56c06b,https://twitter.com/market03820
1009829,a2af1d35-6709-4551-a3a6-a161bfd74966,
1009829,f07ddbf1-8408-450e-bacb-174c1716fc81,
1009894,3232b375-3959-4e3a-9dd0-2c2d98cb1776,
1009894,268a80c2-c4ce-4768-b89a-d5083ad5a450,https://www.facebook.com/chelseanycfarmersmarket
1009894,87b4577e-e26a-47a6-8a32-b6bd1a56c06b,https://twitter.com/DowntoEarthMkts
1009894,a2af1d35-6709-4551-a3a6-a161bfd74966,
1009894,f07ddbf1-8408-450e-bacb-174c1716fc81,https://www.instagram.com/downtoearthmkts
1021296,3232b375-3959-4e3a-9dd0-2c2d98cb1776,https://downtoearthmarkets.com/
1021296,268a80c2-c4ce-4768-b89a-d5083ad5a450,https://www.facebook.com/cunninghamparkfarmersmarket
1021296,87b4577e-e26a-47a6-8a32-b6bd1a56c06b,
1021296,a2af1d35-6709-4551-a3a6-a161bfd74966,
1021296,f07ddbf1-8408-450e-bacb-174c1716fc81,https://www.instagram.com/downtoearthmkts
1010954,3232b375-3959-4e3a-9dd0-2c2d98cb1776,
1010954,268a80c2-c4ce-4768-b89a-d5083ad5a450,https://www.facebook.com/larchmontfarmersmarket
1010954,87b4577e-e26a-47a6-8a32-b6bd1a56c06b,twitter.com/DowntoEarthMkts
1010954,a2af1d35-6709-4551-a3a6-a161bfd74966,
1010954,f07ddbf1-8408-450e-bacb-174c1716fc81,https://instagram.com/downtoearthmkts/
1016793,3232b375-3959-4e3a-9dd0-2c2d98cb1776,
1016793,268a80c2-c4ce-4768-b89a-d5083ad5a450,https://www.facebook.com/mamaroneckfarmersmarket
1016793,87b4577e-e26a-47a6-8a32-b6bd1a56c06b,https://twitter.com/DowntoEarthMkts
1016793,a2af1d35-6709-4551-a3a6-a161bfd74966,
1016793,f07ddbf1-8408-450e-bacb-174c1716fc81,https://www.instagram.com/downtoearthmkts
1010969,3232b375-3959-4e3a-9dd0-2c2d98cb1776,
1010969,268a80c2-c4ce-4768-b89a-d5083ad5a450,https://www.facebook.com/mcgolrickparkfarmersmarket
1010969,87b4577e-e26a-47a6-8a32-b6bd1a56c06b,https://twitter.com/DowntoEarthMkts
1010969,a2af1d35-6709-4551-a3a6-a161bfd74966,
1010969,f07ddbf1-8408-450e-bacb-174c1716fc81,https://www.instagram.com/downtoearthmkts
1010972,3232b375-3959-4e3a-9dd0-2c2d98cb1776,
1010972,268a80c2-c4ce-4768-b89a-d5083ad5a450,https://www.facebook.com/morningsideparkfarmersmarket/
1010972,87b4577e-e26a-47a6-8a32-b6bd1a56c06b,https://twitter.com/DowntoEarthMkts
1010972,a2af1d35-6709-4551-a3a6-a161bfd74966,
1010972,f07ddbf1-8408-450e-bacb-174c1716fc81,https://instagram.com/downtoearthmkts/
1010958,3232b375-3959-4e3a-9dd0-2c2d98cb1776,
1010958,268a80c2-c4ce-4768-b89a-d5083ad5a450,https://www.facebook.com/newrochellefarmersmarket/
1010958,87b4577e-e26a-47a6-8a32-b6bd1a56c06b,https://twitter.com/DowntoEarthMkts
1010958,a2af1d35-6709-4551-a3a6-a161bfd74966,
1010958,f07ddbf1-8408-450e-bacb-174c1716fc81,http://www.instagram.com/downtoearthmkts/
1016792,3232b375-3959-4e3a-9dd0-2c2d98cb1776,
1016792,268a80c2-c4ce-4768-b89a-d5083ad5a450,https://www.facebook.com/ossiningfarmersmarket/
1016792,87b4577e-e26a-47a6-8a32-b6bd1a56c06b,https://twitter.com/DowntoEarthMkts
1016792,a2af1d35-6709-4551-a3a6-a161bfd74966,
1016792,f07ddbf1-8408-450e-bacb-174c1716fc81,https://www.instagram.com/downtoearthmkts
1009895,3232b375-3959-4e3a-9dd0-2c2d98cb1776,
1009895,268a80c2-c4ce-4768-b89a-d5083ad5a450,https://www.facebook.com/parkslopefarmersmarket/
1009895,87b4577e-e26a-47a6-8a32-b6bd1a56c06b,https://twitter.com/DowntoEarthMkts
1009895,a2af1d35-6709-4551-a3a6-a161bfd74966,
1009895,f07ddbf1-8408-450e-bacb-174c1716fc81,https://www.instagram.com/downtoearthmkts
1010982,3232b375-3959-4e3a-9dd0-2c2d98cb1776,
1010982,268a80c2-c4ce-4768-b89a-d5083ad5a450,https://www.facebook.com/queensbotanicalfarmersmarket
1010982,87b4577e-e26a-47a6-8a32-b6bd1a56c06b,https://twitter.com/DowntoEarthMkts
1010982,a2af1d35-6709-4551-a3a6-a161bfd74966,
1010982,f07ddbf1-8408-450e-bacb-174c1716fc81,https://instagram.com/downtoearthmkts/
1010960,3232b375-3959-4e3a-9dd0-2c2d98cb1776,
1010960,268a80c2-c4ce-4768-b89a-d5083ad5a450,https://www.facebook.com/ryefarmersmarket
1010960,87b4577e-e26a-47a6-8a32-b6bd1a56c06b,twitter.com/DowntoEarthMkts
1010960,a2af1d35-6709-4551-a3a6-a161bfd74966,
1010960,f07ddbf1-8408-450e-bacb-174c1716fc81,instagram.com/downtoearthmkts/
1016867,3232b375-3959-4e3a-9dd0-2c2d98cb1776,http://growingrootspartners.com
1016867,268a80c2-c4ce-4768-b89a-d5083ad5a450,https://www.facebook.com/DowningtownFarmersMarket/
1016867,87b4577e-e26a-47a6-8a32-b6bd1a56c06b,
1016867,a2af1d35-6709-4551-a3a6-a161bfd74966,
1016867,f07ddbf1-8408-450e-bacb-174c1716fc81,Instagram:  downingtownfm
1019667,3232b375-3959-4e3a-9dd0-2c2d98cb1776,http://alachuafarmersmarket.com
1019667,268a80c2-c4ce-4768-b89a-d5083ad5a450,https://www.facebook.com/alachuafarmersmarket
1019667,87b4577e-e26a-47a6-8a32-b6bd1a56c06b,
1019667,a2af1d35-6709-4551-a3a6-a161bfd74966,
1019667,f07ddbf1-8408-450e-bacb-174c1716fc81,
1009043,3232b375-3959-4e3a-9dd0-2c2d98cb1776,http://www.allenparkdowntown.org
1009043,268a80c2-c4ce-4768-b89a-d5083ad5a450,https://www.facebook.com/allenpark.dda?sk=wall
1009043,87b4577e-e26a-47a6-8a32-b6bd1a56c06b,
1009043,a2af1d35-6709-4551-a3a6-a161bfd74966,
1009043,f07ddbf1-8408-450e-bacb-174c1716fc81,
1003643,3232b375-3959-4e3a-9dd0-2c2d98cb1776,http://www.downtownbeloit.com
1003643,268a80c2-c4ce-4768-b89a-d5083ad5a450,https://www.facebook.com/BeloitFarmersMarket?ref=hl
1003643,87b4577e-e26a-47a6-8a32-b6bd1a56c06b,
1003643,a2af1d35-6709-4551-a3a6-a161bfd74966,
1003643,f07ddbf1-8408-450e-bacb-174c1716fc81,
1020064,3232b375-3959-4e3a-9dd0-2c2d98cb1776,https://ecologycenter.org/fm/
1020064,268a80c2-c4ce-4768-b89a-d5083ad5a450,https://www.facebook.com/ecologycenter.org
1020064,87b4577e-e26a-47a6-8a32-b6bd1a56c06b,https://twitter.com/EcologyCenter
1020064,a2af1d35-6709-4551-a3a6-a161bfd74966,
1020064,f07ddbf1-8408-450e-bacb-174c1716fc81,https://www.instagram.com/ecology.center/?hl=en
1020000,3232b375-3959-4e3a-9dd0-2c2d98cb1776,http://downtownbloomington.org
1020000,268a80c2-c4ce-4768-b89a-d5083ad5a450,https://www.facebook.com/BLMFarmersMarket/
1020000,87b4577e-e26a-47a6-8a32-b6bd1a56c06b,DBFarmersMarket
1020000,a2af1d35-6709-4551-a3a6-a161bfd74966,
1020000,f07ddbf1-8408-450e-bacb-174c1716fc81,Instagram- @bloomingtonmarket
1020001,3232b375-3959-4e3a-9dd0-2c2d98cb1776,http://downtownbloomington.org
1020001,268a80c2-c4ce-4768-b89a-d5083ad5a450,https://www.facebook.com/DBAFarmersMarket/
1020001,87b4577e-e26a-47a6-8a32-b6bd1a56c06b,
1020001,a2af1d35-6709-4551-a3a6-a161bfd74966,
1020001,f07ddbf1-8408-450e-bacb-174c1716fc81,Instagram- @bloomingtonmarket
1019370,3232b375-3959-4e3a-9dd0-2c2d98cb1776,https://www.cantonmainstreet.org/farmers-market/
1019370,268a80c2-c4ce-4768-b89a-d5083ad5a450,https://www.facebook.com/CantonTexasMainStreetProgram?ref=hl
1019370,87b4577e-e26a-47a6-8a32-b6bd1a56c06b,
1019370,a2af1d35-6709-4551-a3a6-a161bfd74966,
1019370,f07ddbf1-8408-450e-bacb-174c1716fc81,https://www.instagram.com/downtowncantontx/
1019944,3232b375-3959-4e3a-9dd0-2c2d98cb1776,https://www.downtownchico.com/event-thursday-night-market_16.htm
1019944,268a80c2-c4ce-4768-b89a-d5083ad5a450,https://www.facebook.com/thursdaynightmarket
1019944,87b4577e-e26a-47a6-8a32-b6bd1a56c06b,
1019944,a2af1d35-6709-4551-a3a6-a161bfd74966,
1019944,f07ddbf1-8408-450e-bacb-174c1716fc81,
1021401,3232b375-3959-4e3a-9dd0-2c2d98cb1776,
1021401,268a80c2-c4ce-4768-b89a-d5083ad5a450,downtownconwayfarmersandcraftsmarket
1021401,87b4577e-e26a-47a6-8a32-b6bd1a56c06b,
1021401,a2af1d35-6709-4551-a3a6-a161bfd74966,
1021401,f07ddbf1-8408-450e-bacb-174c1716fc81,
1000841,3232b375-3959-4e3a-9dd0-2c2d98cb1776,http://www.downtowndenisonfarmersmarket.com
1000841,268a80c2-c4ce-4768-b89a-d5083ad5a450,https://www.facebook.com/denison.farmermarket?fref=ts
1000841,87b4577e-e26a-47a6-8a32-b6bd1a56c06b,
1000841,a2af1d35-6709-4551-a3a6-a161bfd74966,
1000841,f07ddbf1-8408-450e-bacb-174c1716fc81,Downtown Denison Farmers Market (FaceBook business page)
1019401,3232b375-3959-4e3a-9dd0-2c2d98cb1776,https://www.downtownelgin.com/farmers-market/
1019401,268a80c2-c4ce-4768-b89a-d5083ad5a450,https://www.facebook.com/DowntownElginFarmersMarket
1019401,87b4577e-e26a-47a6-8a32-b6bd1a56c06b,https://twitter.com/ElginFarmersMkt
1019401,a2af1d35-6709-4551-a3a6-a161bfd74966,
1019401,f07ddbf1-8408-450e-bacb-174c1716fc81,
1021631,3232b375-3959-4e3a-9dd0-2c2d98cb1776,http://Cityofevanston.org/farmersmarket
1021631,268a80c2-c4ce-4768-b89a-d5083ad5a450,Evanston markets
1021631,87b4577e-e26a-47a6-8a32-b6bd1a56c06b,
1021631,a2af1d35-6709-4551-a3a6-a161bfd74966,
1021631,f07ddbf1-8408-450e-bacb-174c1716fc81,
1008853,3232b375-3959-4e3a-9dd0-2c2d98cb1776,http://www.downtownevansvillefarmersmarket.com
1008853,268a80c2-c4ce-4768-b89a-d5083ad5a450,downtown evansvillefarmersmarket.com
1008853,87b4577e-e26a-47a6-8a32-b6bd1a56c06b,
1008853,a2af1d35-6709-4551-a3a6-a161bfd74966,
1008853,f07ddbf1-8408-450e-bacb-174c1716fc81,
1002400,3232b375-3959-4e3a-9dd0-2c2d98cb1776,http://www.murraymainstreet.org
1002400,268a80c2-c4ce-4768-b89a-d5083ad5a450,https://www.facebook.com/satmarket
1002400,87b4577e-e26a-47a6-8a32-b6bd1a56c06b,https://twitter.com/murraymainst
1002400,a2af1d35-6709-4551-a3a6-a161bfd74966,
1002400,f07ddbf1-8408-450e-bacb-174c1716fc81,instagram: @downtownfarmersmarketmky
1019032,3232b375-3959-4e3a-9dd0-2c2d98cb1776,http://www.lancastercitysc.com 
1019032,268a80c2-c4ce-4768-b89a-d5083ad5a450,https://www.facebook.com/seelancastercity
1019032,87b4577e-e26a-47a6-8a32-b6bd1a56c06b,
1019032,a2af1d35-6709-4551-a3a6-a161bfd74966,
1019032,f07ddbf1-8408-450e-bacb-174c1716fc81,
1019856,3232b375-3959-4e3a-9dd0-2c2d98cb1776,http://www.murrayfarmersmarket.com
1019856,268a80c2-c4ce-4768-b89a-d5083ad5a450,Facebook: Murray Downtown Farmers Market
1019856,87b4577e-e26a-47a6-8a32-b6bd1a56c06b,Twitter: @mkyfarmersmkt
1019856,a2af1d35-6709-4551-a3a6-a161bfd74966,
1019856,f07ddbf1-8408-450e-bacb-174c1716fc81,instagram: @downtownfarmersmarketmky
1019216,3232b375-3959-4e3a-9dd0-2c2d98cb1776,http://dfpfarmersmarket@yahoo.com
1019216,268a80c2-c4ce-4768-b89a-d5083ad5a450,downtown fort pierce farmers market
1019216,87b4577e-e26a-47a6-8a32-b6bd1a56c06b,
1019216,a2af1d35-6709-4551-a3a6-a161bfd74966,
1019216,f07ddbf1-8408-450e-bacb-174c1716fc81,
1012243,3232b375-3959-4e3a-9dd0-2c2d98cb1776,http://downtownfdl.com/farmers-market.html
1012243,268a80c2-c4ce-4768-b89a-d5083ad5a450,https://www.facebook.com/FondDuLacFarmersMarket/
1012243,87b4577e-e26a-47a6-8a32-b6bd1a56c06b,
1012243,a2af1d35-6709-4551-a3a6-a161bfd74966,https://www.youtube.com/channel/UCA4zODGpao80RPD27BFfPzA
1012243,f07ddbf1-8408-450e-bacb-174c1716fc81,https://www.instagram.com/downtownfdl/
1012256,3232b375-3959-4e3a-9dd0-2c2d98cb1776,http://downtownfdl.com/farmers-market.html
1012256,268a80c2-c4ce-4768-b89a-d5083ad5a450,https://www.facebook.com/FondDuLacFarmersMarket/
1012256,87b4577e-e26a-47a6-8a32-b6bd1a56c06b,
1012256,a2af1d35-6709-4551-a3a6-a161bfd74966,https://www.youtube.com/channel/UCA4zODGpao80RPD27BFfPzA
1012256,f07ddbf1-8408-450e-bacb-174c1716fc81,https://www.instagram.com/downtownfdl/
1019654,3232b375-3959-4e3a-9dd0-2c2d98cb1776,https://downtowngreenbay.com/explore/downtown-events/saturday-farmers-market
1019654,268a80c2-c4ce-4768-b89a-d5083ad5a450,facebook.com/downtowngreenbay
1019654,87b4577e-e26a-47a6-8a32-b6bd1a56c06b,twitter.com/downtowngb
1019654,a2af1d35-6709-4551-a3a6-a161bfd74966,
1019654,f07ddbf1-8408-450e-bacb-174c1716fc81,
1019341,3232b375-3959-4e3a-9dd0-2c2d98cb1776,https://www.thinklawrenceburg.com/event/downtown-lawrenceburg-farmers-market-13/
1019341,268a80c2-c4ce-4768-b89a-d5083ad5a450,https://www.facebook.com/lawrenceburgfarmersmarket/?ref=br_rs
1019341,87b4577e-e26a-47a6-8a32-b6bd1a56c06b,
1019341,a2af1d35-6709-4551-a3a6-a161bfd74966,
1019341,f07ddbf1-8408-450e-bacb-174c1716fc81,
1019083,3232b375-3959-4e3a-9dd0-2c2d98cb1776,
1019083,268a80c2-c4ce-4768-b89a-d5083ad5a450,Downtown Lima Farmers Market
1019083,87b4577e-e26a-47a6-8a32-b6bd1a56c06b,
1019083,a2af1d35-6709-4551-a3a6-a161bfd74966,
1019083,f07ddbf1-8408-450e-bacb-174c1716fc81,
1009757,3232b375-3959-4e3a-9dd0-2c2d98cb1776,
1009757,268a80c2-c4ce-4768-b89a-d5083ad5a450,https://www.facebook.com/DowntownMadisonFarmersMarket
1009757,87b4577e-e26a-47a6-8a32-b6bd1a56c06b,
1009757,a2af1d35-6709-4551-a3a6-a161bfd74966,
1009757,f07ddbf1-8408-450e-bacb-174c1716fc81,
1018930,3232b375-3959-4e3a-9dd0-2c2d98cb1776,http://mqtfarmersmarket.com
1018930,268a80c2-c4ce-4768-b89a-d5083ad5a450,facebook.com/downtownmqtfarmersmarket/
1018930,87b4577e-e26a-47a6-8a32-b6bd1a56c06b,
1018930,a2af1d35-6709-4551-a3a6-a161bfd74966,
1018930,f07ddbf1-8408-450e-bacb-174c1716fc81,
1003977,3232b375-3959-4e3a-9dd0-2c2d98cb1776,http://newportfarmersmarket.org
1003977,268a80c2-c4ce-4768-b89a-d5083ad5a450,
1003977,87b4577e-e26a-47a6-8a32-b6bd1a56c06b,
1003977,a2af1d35-6709-4551-a3a6-a161bfd74966,
1003977,f07ddbf1-8408-450e-bacb-174c1716fc81,
1018621,3232b375-3959-4e3a-9dd0-2c2d98cb1776,http://www.ilovefarmersmarkets.org
1018621,268a80c2-c4ce-4768-b89a-d5083ad5a450,https://www.facebook.com/DowntownNovatoCommunityFarmersMarket/
1018621,87b4577e-e26a-47a6-8a32-b6bd1a56c06b,
1018621,a2af1d35-6709-4551-a3a6-a161bfd74966,
1018621,f07ddbf1-8408-450e-bacb-174c1716fc81,Instagram communitymarkets
1019721,3232b375-3959-4e3a-9dd0-2c2d98cb1776,
1019721,268a80c2-c4ce-4768-b89a-d5083ad5a450,http://www.facebook.com/paloaltofarmersmarket
1019721,87b4577e-e26a-47a6-8a32-b6bd1a56c06b,@paloaltofarmers
1019721,a2af1d35-6709-4551-a3a6-a161bfd74966,
1019721,f07ddbf1-8408-450e-bacb-174c1716fc81,https://www.instagram.com/paloaltofarmersmarket/
1021716,3232b375-3959-4e3a-9dd0-2c2d98cb1776,https://downtownphoenixfarmersmarket.org/
1021716,268a80c2-c4ce-4768-b89a-d5083ad5a450,https://www.facebook.com/dtphxfarmersmarket
1021716,87b4577e-e26a-47a6-8a32-b6bd1a56c06b,https://twitter.com/dtphxfarmersmkt
1021716,a2af1d35-6709-4551-a3a6-a161bfd74966,
1021716,f07ddbf1-8408-450e-bacb-174c1716fc81,https://www.instagram.com/dtphxfarmersmarket/
1021411,3232b375-3959-4e3a-9dd0-2c2d98cb1776,https://www.downtownrogersinc.org/market
1021411,268a80c2-c4ce-4768-b89a-d5083ad5a450,https://www.facebook.com/DTRMarket
1021411,87b4577e-e26a-47a6-8a32-b6bd1a56c06b,
1021411,a2af1d35-6709-4551-a3a6-a161bfd74966,
1021411,f07ddbf1-8408-450e-bacb-174c1716fc81,
1005281,3232b375-3959-4e3a-9dd0-2c2d98cb1776,http://www.santacruzfarmersmarket.org
1005281,268a80c2-c4ce-4768-b89a-d5083ad5a450,www.facebook.com/santacruzfarmersmarket/
1005281,87b4577e-e26a-47a6-8a32-b6bd1a56c06b,
1005281,a2af1d35-6709-4551-a3a6-a161bfd74966,
1005281,f07ddbf1-8408-450e-bacb-174c1716fc81,www.instagram.com/santacruzfarmersmkts/
1019525,3232b375-3959-4e3a-9dd0-2c2d98cb1776,https://downtownyakimafarmersmarket.com/
1019525,268a80c2-c4ce-4768-b89a-d5083ad5a450,https://facebook.com/DowntownYakimaFarmersMarket/
1019525,87b4577e-e26a-47a6-8a32-b6bd1a56c06b,
1019525,a2af1d35-6709-4551-a3a6-a161bfd74966,
1019525,f07ddbf1-8408-450e-bacb-174c1716fc81,https://www.instagram.com/DowntownYakimaFarmersMarket/
1019729,3232b375-3959-4e3a-9dd0-2c2d98cb1776,http://www.cityofdresden.net/
1019729,268a80c2-c4ce-4768-b89a-d5083ad5a450,https://www.facebook.com/DresdenFarmersMarket/#
1019729,87b4577e-e26a-47a6-8a32-b6bd1a56c06b,
1019729,a2af1d35-6709-4551-a3a6-a161bfd74966,
1019729,f07ddbf1-8408-450e-bacb-174c1716fc81,
1004676,3232b375-3959-4e3a-9dd0-2c2d98cb1776,http://www.druidhillmkt.org
1004676,268a80c2-c4ce-4768-b89a-d5083ad5a450,https://www.facebook.com/Druid-Hill-Farmers-Market-196200720417576/
1004676,87b4577e-e26a-47a6-8a32-b6bd1a56c06b,https://twitter.com/DruidHillMkt
1004676,a2af1d35-6709-4551-a3a6-a161bfd74966,
1004676,f07ddbf1-8408-450e-bacb-174c1716fc81,
1005358,3232b375-3959-4e3a-9dd0-2c2d98cb1776,http://www.pcfma.org
1005358,268a80c2-c4ce-4768-b89a-d5083ad5a450,
1005358,87b4577e-e26a-47a6-8a32-b6bd1a56c06b,
1005358,a2af1d35-6709-4551-a3a6-a161bfd74966,
1005358,f07ddbf1-8408-450e-bacb-174c1716fc81,
1005197,3232b375-3959-4e3a-9dd0-2c2d98cb1776,http://www.DubuqueFarmersMarket.org
1005197,268a80c2-c4ce-4768-b89a-d5083ad5a450,https://www.facebook.com/dbqfarmersmarket
1005197,87b4577e-e26a-47a6-8a32-b6bd1a56c06b,
1005197,a2af1d35-6709-4551-a3a6-a161bfd74966,
1005197,f07ddbf1-8408-450e-bacb-174c1716fc81,https://www.instagram.com/dbqfarmersmarket/
1019994,3232b375-3959-4e3a-9dd0-2c2d98cb1776,http://www.downtownduluth.com
1019994,268a80c2-c4ce-4768-b89a-d5083ad5a450,Facebook.com/GreaterDowntownCouncil
1019994,87b4577e-e26a-47a6-8a32-b6bd1a56c06b,Twitter.com/GreaterDowntownCouncil
1019994,a2af1d35-6709-4551-a3a6-a161bfd74966,
1019994,f07ddbf1-8408-450e-bacb-174c1716fc81,
1018953,3232b375-3959-4e3a-9dd0-2c2d98cb1776,http://www.durangofarmersmarket.com/
1018953,268a80c2-c4ce-4768-b89a-d5083ad5a450,https://www.facebook.com/durangofarmersmarket/
1018953,87b4577e-e26a-47a6-8a32-b6bd1a56c06b,
1018953,a2af1d35-6709-4551-a3a6-a161bfd74966,
1018953,f07ddbf1-8408-450e-bacb-174c1716fc81,Instagram: @durangofarmers
1000312,3232b375-3959-4e3a-9dd0-2c2d98cb1776,http://www.durhamfarmersmarket.com
1000312,268a80c2-c4ce-4768-b89a-d5083ad5a450,www.facebook.com/durhamfarmersmarketnc
1000312,87b4577e-e26a-47a6-8a32-b6bd1a56c06b,www.twitter.com/DurhamFarmerMkt
1000312,a2af1d35-6709-4551-a3a6-a161bfd74966,
1000312,f07ddbf1-8408-450e-bacb-174c1716fc81,www.instagram.com/durhamfarmersmarket/
1009830,3232b375-3959-4e3a-9dd0-2c2d98cb1776,http://www.seacoastgrowers.org
1009830,268a80c2-c4ce-4768-b89a-d5083ad5a450,https://www.facebook.com/Market03824
1009830,87b4577e-e26a-47a6-8a32-b6bd1a56c06b,https://twitter.com/market03824
1009830,a2af1d35-6709-4551-a3a6-a161bfd74966,
1009830,f07ddbf1-8408-450e-bacb-174c1716fc81,
1012345,3232b375-3959-4e3a-9dd0-2c2d98cb1776,http://duvallfarmersmarket.org
1012345,268a80c2-c4ce-4768-b89a-d5083ad5a450,http://www.facebook.com/pages/Duvall-Farmers-Market/141032938155
1012345,87b4577e-e26a-47a6-8a32-b6bd1a56c06b,
1012345,a2af1d35-6709-4551-a3a6-a161bfd74966,
1012345,f07ddbf1-8408-450e-bacb-174c1716fc81,
1019082,3232b375-3959-4e3a-9dd0-2c2d98cb1776,https://www.fallonfoodhub.com/farmers-market/
1019082,268a80c2-c4ce-4768-b89a-d5083ad5a450,
1019082,87b4577e-e26a-47a6-8a32-b6bd1a56c06b,
1019082,a2af1d35-6709-4551-a3a6-a161bfd74966,
1019082,f07ddbf1-8408-450e-bacb-174c1716fc81,
1019870,3232b375-3959-4e3a-9dd0-2c2d98cb1776,
1019870,268a80c2-c4ce-4768-b89a-d5083ad5a450,
1019870,87b4577e-e26a-47a6-8a32-b6bd1a56c06b,
1019870,a2af1d35-6709-4551-a3a6-a161bfd74966,
1019870,f07ddbf1-8408-450e-bacb-174c1716fc81,
1021275,3232b375-3959-4e3a-9dd0-2c2d98cb1776,https://www.insideeaglesprings.com/farmers-markey/
1021275,268a80c2-c4ce-4768-b89a-d5083ad5a450,https://www.facebook.com/buylocalfarmersmarket
1021275,87b4577e-e26a-47a6-8a32-b6bd1a56c06b,
1021275,a2af1d35-6709-4551-a3a6-a161bfd74966,
1021275,f07ddbf1-8408-450e-bacb-174c1716fc81,https://www.instagram.com/buylocalfarmersmarket/
1018159,3232b375-3959-4e3a-9dd0-2c2d98cb1776,http://cfmatl.org/eav
1018159,268a80c2-c4ce-4768-b89a-d5083ad5a450,https://www.facebook.com/EAVFarmersMarket
1018159,87b4577e-e26a-47a6-8a32-b6bd1a56c06b,
1018159,a2af1d35-6709-4551-a3a6-a161bfd74966,
1018159,f07ddbf1-8408-450e-bacb-174c1716fc81,https://www.instagram.com/communityfarmersmarkets/?hl=en
1021303,3232b375-3959-4e3a-9dd0-2c2d98cb1776,https://external.ebnhc.org/en/food-access/farmers-market.html
1021303,268a80c2-c4ce-4768-b89a-d5083ad5a450,https://www.facebook.com/EastBostonFarmersMarket?fref=ts
1021303,87b4577e-e26a-47a6-8a32-b6bd1a56c06b,
1021303,a2af1d35-6709-4551-a3a6-a161bfd74966,
1021303,f07ddbf1-8408-450e-bacb-174c1716fc81,instagram.com/eastbostonfarmersmarket
1021414,3232b375-3959-4e3a-9dd0-2c2d98cb1776,https://www.ebnhc.org/en/food-access/farmers-market.html
1021414,268a80c2-c4ce-4768-b89a-d5083ad5a450,https://www.facebook.com/EastBostonFarmersMarket?fref=ts
1021414,87b4577e-e26a-47a6-8a32-b6bd1a56c06b,
1021414,a2af1d35-6709-4551-a3a6-a161bfd74966,
1021414,f07ddbf1-8408-450e-bacb-174c1716fc81,instagram.com/eastbostonfarmersmarket
1011673,3232b375-3959-4e3a-9dd0-2c2d98cb1776,http://eastendfoundation.org
1011673,268a80c2-c4ce-4768-b89a-d5083ad5a450,https://www.facebook.com/eastendfarmersmarket/
1011673,87b4577e-e26a-47a6-8a32-b6bd1a56c06b,https://twitter.com/eestreetmarket
1011673,a2af1d35-6709-4551-a3a6-a161bfd74966,https://www.youtube.com/channel/UCuxUc9s2vRLeyAI7PdRY6yQ
1011673,f07ddbf1-8408-450e-bacb-174c1716fc81,
1019079,3232b375-3959-4e3a-9dd0-2c2d98cb1776,https://eastgreenbushlibrary.org/events-newsletters/farmers-market/
1019079,268a80c2-c4ce-4768-b89a-d5083ad5a450,https://www.facebook.com/EastGreenbushLibraryYMCAFarmerMarket/
1019079,87b4577e-e26a-47a6-8a32-b6bd1a56c06b,@eglibrary
1019079,a2af1d35-6709-4551-a3a6-a161bfd74966,
1019079,f07ddbf1-8408-450e-bacb-174c1716fc81,Instagram: @eglibrary
1020133,3232b375-3959-4e3a-9dd0-2c2d98cb1776,http://www.ehfarmersmkt.com/
1020133,268a80c2-c4ce-4768-b89a-d5083ad5a450,https://www.facebook.com/EHFarmersMkt/
1020133,87b4577e-e26a-47a6-8a32-b6bd1a56c06b,https://twitter.com/EHFarmersMkt
1020133,a2af1d35-6709-4551-a3a6-a161bfd74966,
1020133,f07ddbf1-8408-450e-bacb-174c1716fc81,https://www.instagram.com/ehfarmersmkt/
1011113,3232b375-3959-4e3a-9dd0-2c2d98cb1776,http://www.eastnashvillemarket.com
1011113,268a80c2-c4ce-4768-b89a-d5083ad5a450,https://www.facebook.com/eastnashvillefarmersmarket?fref=ts
1011113,87b4577e-e26a-47a6-8a32-b6bd1a56c06b,enfarmersmkt
1011113,a2af1d35-6709-4551-a3a6-a161bfd74966,
1011113,f07ddbf1-8408-450e-bacb-174c1716fc81,@eastnashvillefarmersmarket (Instagram)
1019510,3232b375-3959-4e3a-9dd0-2c2d98cb1776,
1019510,268a80c2-c4ce-4768-b89a-d5083ad5a450,
1019510,87b4577e-e26a-47a6-8a32-b6bd1a56c06b,
1019510,a2af1d35-6709-4551-a3a6-a161bfd74966,
1019510,f07ddbf1-8408-450e-bacb-174c1716fc81,
1020172,3232b375-3959-4e3a-9dd0-2c2d98cb1776,https://www.freshapproach.org/epa-farmers-market/
1020172,268a80c2-c4ce-4768-b89a-d5083ad5a450,https://www.facebook.com/freshapproach/
1020172,87b4577e-e26a-47a6-8a32-b6bd1a56c06b,https://twitter.com/FreshApproachSF
1020172,a2af1d35-6709-4551-a3a6-a161bfd74966,https://www.youtube.com/channel/UCyHvZwpSOXFjez4VsbcTJvw
1020172,f07ddbf1-8408-450e-bacb-174c1716fc81,https://www.instagram.com/freshapproachbayarea/?hl=en
1012717,3232b375-3959-4e3a-9dd0-2c2d98cb1776,http://www.downtowneastpoint.com/eastpointfarmersmarket/
1012717,268a80c2-c4ce-4768-b89a-d5083ad5a450,https://www.facebook.com/search/top/?q=East%20Point%20Farmers%20Market
1012717,87b4577e-e26a-47a6-8a32-b6bd1a56c06b,
1012717,a2af1d35-6709-4551-a3a6-a161bfd74966,
1012717,f07ddbf1-8408-450e-bacb-174c1716fc81,
1019094,3232b375-3959-4e3a-9dd0-2c2d98cb1776,http://chemung.cce.cornell.edu/agriculture/buy-local/farmers-markets
1019094,268a80c2-c4ce-4768-b89a-d5083ad5a450,https://www.facebook.com/EastSideMarketElmiraNY/
1019094,87b4577e-e26a-47a6-8a32-b6bd1a56c06b,
1019094,a2af1d35-6709-4551-a3a6-a161bfd74966,
1019094,f07ddbf1-8408-450e-bacb-174c1716fc81,
1021300,3232b375-3959-4e3a-9dd0-2c2d98cb1776,
1021300,268a80c2-c4ce-4768-b89a-d5083ad5a450,
1021300,87b4577e-e26a-47a6-8a32-b6bd1a56c06b,
1021300,a2af1d35-6709-4551-a3a6-a161bfd74966,
1021300,f07ddbf1-8408-450e-bacb-174c1716fc81,
1019125,3232b375-3959-4e3a-9dd0-2c2d98cb1776,
1019125,268a80c2-c4ce-4768-b89a-d5083ad5a450,https://www.facebook.com/EastgatePlazaClarence/
1019125,87b4577e-e26a-47a6-8a32-b6bd1a56c06b,
1019125,a2af1d35-6709-4551-a3a6-a161bfd74966,
1019125,f07ddbf1-8408-450e-bacb-174c1716fc81,
1021698,3232b375-3959-4e3a-9dd0-2c2d98cb1776,http://easthamptonmarket.com
1021698,268a80c2-c4ce-4768-b89a-d5083ad5a450,https://www.facebook.com/EasthamptonFarmersMarket
1021698,87b4577e-e26a-47a6-8a32-b6bd1a56c06b,https://www.instagram.com/easthamptonmarket/
1021698,a2af1d35-6709-4551-a3a6-a161bfd74966,
1021698,f07ddbf1-8408-450e-bacb-174c1716fc81,
1009867,3232b375-3959-4e3a-9dd0-2c2d98cb1776,https://eastonfarmersmarket.com
1009867,268a80c2-c4ce-4768-b89a-d5083ad5a450,https://www.facebook.com/EastonFarmersMarket
1009867,87b4577e-e26a-47a6-8a32-b6bd1a56c06b,https://twitter.com/buyfresh
1009867,a2af1d35-6709-4551-a3a6-a161bfd74966,https://www.youtube.com/user/EastonFarmersMarket
1009867,f07ddbf1-8408-450e-bacb-174c1716fc81,https://www.instagram.com/eastonfarmersmarket
1019624,3232b375-3959-4e3a-9dd0-2c2d98cb1776,http://eastsidesundaymarket.org
1019624,268a80c2-c4ce-4768-b89a-d5083ad5a450,https://www.facebook.com/EastsideSundayMarket/
1019624,87b4577e-e26a-47a6-8a32-b6bd1a56c06b,
1019624,a2af1d35-6709-4551-a3a6-a161bfd74966,
1019624,f07ddbf1-8408-450e-bacb-174c1716fc81,https://www.instagram.com/eastsidesundaymarket/
1021710,3232b375-3959-4e3a-9dd0-2c2d98cb1776,
1021710,268a80c2-c4ce-4768-b89a-d5083ad5a450,https://www.facebook.com/eatdrinkri
1021710,87b4577e-e26a-47a6-8a32-b6bd1a56c06b,
1021710,a2af1d35-6709-4551-a3a6-a161bfd74966,https://www.youtube.com/eatdrinkri
1021710,f07ddbf1-8408-450e-bacb-174c1716fc81,https://www.instagram.com/eatdrinkri/
1021228,3232b375-3959-4e3a-9dd0-2c2d98cb1776,https://seela.org/markets-echo-park/
1021228,268a80c2-c4ce-4768-b89a-d5083ad5a450,
1021228,87b4577e-e26a-47a6-8a32-b6bd1a56c06b,
1021228,a2af1d35-6709-4551-a3a6-a161bfd74966,
1021228,f07ddbf1-8408-450e-bacb-174c1716fc81,https://www.instagram.com/echoparkfm/
1012783,3232b375-3959-4e3a-9dd0-2c2d98cb1776,http://www.edentonfarmersmarket.com
1012783,268a80c2-c4ce-4768-b89a-d5083ad5a450,https://www.facebook.com/edentonfarmersmarket/
1012783,87b4577e-e26a-47a6-8a32-b6bd1a56c06b,
1012783,a2af1d35-6709-4551-a3a6-a161bfd74966,
1012783,f07ddbf1-8408-450e-bacb-174c1716fc81,
1012160,3232b375-3959-4e3a-9dd0-2c2d98cb1776,http:// www.historicedmonds.org/summer-market
1012160,268a80c2-c4ce-4768-b89a-d5083ad5a450,https://www.facebook.com/edmondsmuseumsummermarket/
1012160,87b4577e-e26a-47a6-8a32-b6bd1a56c06b,
1012160,a2af1d35-6709-4551-a3a6-a161bfd74966,
1012160,f07ddbf1-8408-450e-bacb-174c1716fc81,
1019118,3232b375-3959-4e3a-9dd0-2c2d98cb1776,http://www.eggharbordoorcounty.org/events/farmers-market/
1019118,268a80c2-c4ce-4768-b89a-d5083ad5a450,https://www.facebook.com/pg/EggHarborDoorCounty/events/?ref=page_internal
1019118,87b4577e-e26a-47a6-8a32-b6bd1a56c06b,
1019118,a2af1d35-6709-4551-a3a6-a161bfd74966,
1019118,f07ddbf1-8408-450e-bacb-174c1716fc81,
1021652,3232b375-3959-4e3a-9dd0-2c2d98cb1776,
1021652,268a80c2-c4ce-4768-b89a-d5083ad5a450,
1021652,87b4577e-e26a-47a6-8a32-b6bd1a56c06b,
1021652,a2af1d35-6709-4551-a3a6-a161bfd74966,
1021652,f07ddbf1-8408-450e-bacb-174c1716fc81,
1021574,3232b375-3959-4e3a-9dd0-2c2d98cb1776,http://eldoradofarmersmarkets.com
1021574,268a80c2-c4ce-4768-b89a-d5083ad5a450,
1021574,87b4577e-e26a-47a6-8a32-b6bd1a56c06b,
1021574,a2af1d35-6709-4551-a3a6-a161bfd74966,
1021574,f07ddbf1-8408-450e-bacb-174c1716fc81,
1019936,3232b375-3959-4e3a-9dd0-2c2d98cb1776,https://monte.campaignrep.org/
1019936,268a80c2-c4ce-4768-b89a-d5083ad5a450,https://www.facebook.com/CityofElMonte/
1019936,87b4577e-e26a-47a6-8a32-b6bd1a56c06b,
1019936,a2af1d35-6709-4551-a3a6-a161bfd74966,
1019936,f07ddbf1-8408-450e-bacb-174c1716fc81,
1012634,3232b375-3959-4e3a-9dd0-2c2d98cb1776,
1012634,268a80c2-c4ce-4768-b89a-d5083ad5a450,
1012634,87b4577e-e26a-47a6-8a32-b6bd1a56c06b,
1012634,a2af1d35-6709-4551-a3a6-a161bfd74966,
1012634,f07ddbf1-8408-450e-bacb-174c1716fc81,
1019921,3232b375-3959-4e3a-9dd0-2c2d98cb1776,http://Elginfarmersmarket.com
1019921,268a80c2-c4ce-4768-b89a-d5083ad5a450,@elgintxfarmersmarket
1019921,87b4577e-e26a-47a6-8a32-b6bd1a56c06b,
1019921,a2af1d35-6709-4551-a3a6-a161bfd74966,
1019921,f07ddbf1-8408-450e-bacb-174c1716fc81,Elginfarmersmarket (IG)
1021587,3232b375-3959-4e3a-9dd0-2c2d98cb1776,
1021587,268a80c2-c4ce-4768-b89a-d5083ad5a450,https://www.facebook.com/ElkhartFarmersMarket
1021587,87b4577e-e26a-47a6-8a32-b6bd1a56c06b,
1021587,a2af1d35-6709-4551-a3a6-a161bfd74966,
1021587,f07ddbf1-8408-450e-bacb-174c1716fc81,
1018900,3232b375-3959-4e3a-9dd0-2c2d98cb1776,http://www.ellingtonfarmersmarket.com
1018900,268a80c2-c4ce-4768-b89a-d5083ad5a450,https://www.facebook.com/ellingtonfarmersmarket/
1018900,87b4577e-e26a-47a6-8a32-b6bd1a56c06b,https://twitter.com/EllingtonFM
1018900,a2af1d35-6709-4551-a3a6-a161bfd74966,https://www.youtube.com/channel/UChxlu0EBdSd_NfWvOTHi1cA
1018900,f07ddbf1-8408-450e-bacb-174c1716fc81,https://www.instagram.com/ellingtonfm/
1018898,3232b375-3959-4e3a-9dd0-2c2d98cb1776,http://Www.ellingtonfarmersmarket.com
1018898,268a80c2-c4ce-4768-b89a-d5083ad5a450,Www.facebook.com/ellingtonfarmersmarket 
1018898,87b4577e-e26a-47a6-8a32-b6bd1a56c06b,Twitter.com/EllingtonFM
1018898,a2af1d35-6709-4551-a3a6-a161bfd74966,
1018898,f07ddbf1-8408-450e-bacb-174c1716fc81,Www.instagram.com/ellingtonfm
1020112,3232b375-3959-4e3a-9dd0-2c2d98cb1776,
1020112,268a80c2-c4ce-4768-b89a-d5083ad5a450,Elliott County Farmers Market 
1020112,87b4577e-e26a-47a6-8a32-b6bd1a56c06b,
1020112,a2af1d35-6709-4551-a3a6-a161bfd74966,
1020112,f07ddbf1-8408-450e-bacb-174c1716fc81,
1018717,3232b375-3959-4e3a-9dd0-2c2d98cb1776,http://www.newtonma.gov/farmersmarket
1018717,268a80c2-c4ce-4768-b89a-d5083ad5a450,https://www.facebook.com/NewtonFarmersMarket
1018717,87b4577e-e26a-47a6-8a32-b6bd1a56c06b,https://twitter.com/newton_market (@newton_market)
1018717,a2af1d35-6709-4551-a3a6-a161bfd74966,
1018717,f07ddbf1-8408-450e-bacb-174c1716fc81,
1021207,3232b375-3959-4e3a-9dd0-2c2d98cb1776,http://elmwoodmarket.org
1021207,268a80c2-c4ce-4768-b89a-d5083ad5a450,ElmwoodBidwellFarmersMarket
1021207,87b4577e-e26a-47a6-8a32-b6bd1a56c06b,
1021207,a2af1d35-6709-4551-a3a6-a161bfd74966,
1021207,f07ddbf1-8408-450e-bacb-174c1716fc81,
1002657,3232b375-3959-4e3a-9dd0-2c2d98cb1776,http://www.emmausmarket.com
1002657,268a80c2-c4ce-4768-b89a-d5083ad5a450,https://www.facebook.com/EmmausFarmersMarket/
1002657,87b4577e-e26a-47a6-8a32-b6bd1a56c06b,https://www.twitter.com/EmmausFarmMkt/
1002657,a2af1d35-6709-4551-a3a6-a161bfd74966,https://www.youtube.com/channel/UCX8tZUatO9ZyXRhoNJMiavg
1002657,f07ddbf1-8408-450e-bacb-174c1716fc81,https://www.instagram.com/emmausfarmmkt
1002769,3232b375-3959-4e3a-9dd0-2c2d98cb1776,http://www.leelanaufarmersmarkets.com
1002769,268a80c2-c4ce-4768-b89a-d5083ad5a450,https://www.facebook.com/leelanaufarmersmarkets/
1002769,87b4577e-e26a-47a6-8a32-b6bd1a56c06b,
1002769,a2af1d35-6709-4551-a3a6-a161bfd74966,
1002769,f07ddbf1-8408-450e-bacb-174c1716fc81,
1019398,3232b375-3959-4e3a-9dd0-2c2d98cb1776,https://downtownjoplin.com/joplin-empire-market/
1019398,268a80c2-c4ce-4768-b89a-d5083ad5a450,https://www.facebook.com/JoplinEmpireMarket
1019398,87b4577e-e26a-47a6-8a32-b6bd1a56c06b,https://twitter.com/TheEmpireMarket
1019398,a2af1d35-6709-4551-a3a6-a161bfd74966,
1019398,f07ddbf1-8408-450e-bacb-174c1716fc81,https://www.instagram.com/joplinempiremarket
1012045,3232b375-3959-4e3a-9dd0-2c2d98cb1776,http://www.encniofarmersmarket.org
1012045,268a80c2-c4ce-4768-b89a-d5083ad5a450,Encino Farmers Market 
1012045,87b4577e-e26a-47a6-8a32-b6bd1a56c06b,
1012045,a2af1d35-6709-4551-a3a6-a161bfd74966,
1012045,f07ddbf1-8408-450e-bacb-174c1716fc81,
1018940,3232b375-3959-4e3a-9dd0-2c2d98cb1776,
1018940,268a80c2-c4ce-4768-b89a-d5083ad5a450,
1018940,87b4577e-e26a-47a6-8a32-b6bd1a56c06b,
1018940,a2af1d35-6709-4551-a3a6-a161bfd74966,
1018940,f07ddbf1-8408-450e-bacb-174c1716fc81,
1019684,3232b375-3959-4e3a-9dd0-2c2d98cb1776,http://www.ashevillefarmstead.org/enka-candler-tailgate-market
1019684,268a80c2-c4ce-4768-b89a-d5083ad5a450,www.facebook.com/enkacandlertailgatemarket
1019684,87b4577e-e26a-47a6-8a32-b6bd1a56c06b,
1019684,a2af1d35-6709-4551-a3a6-a161bfd74966,
1019684,f07ddbf1-8408-450e-bacb-174c1716fc81,
1018765,3232b375-3959-4e3a-9dd0-2c2d98cb1776,http://ennistx.com/farmers-market
1018765,268a80c2-c4ce-4768-b89a-d5083ad5a450,https://www.facebook.com/ennistxfarmersmarket/?ref=bookmarks
1018765,87b4577e-e26a-47a6-8a32-b6bd1a56c06b,
1018765,a2af1d35-6709-4551-a3a6-a161bfd74966,
1018765,f07ddbf1-8408-450e-bacb-174c1716fc81,
1019687,3232b375-3959-4e3a-9dd0-2c2d98cb1776,http://enumclawplateaufarmersmarket.org
1019687,268a80c2-c4ce-4768-b89a-d5083ad5a450,http://www.facebook.com/EnumclawPlateauFarmersMarket/
1019687,87b4577e-e26a-47a6-8a32-b6bd1a56c06b,
1019687,a2af1d35-6709-4551-a3a6-a161bfd74966,
1019687,f07ddbf1-8408-450e-bacb-174c1716fc81,http://www.instagram.com/EnumclawPlateauFarmersMarket/
1006678,3232b375-3959-4e3a-9dd0-2c2d98cb1776,http://www.espanolafarmersmarket.org
1006678,268a80c2-c4ce-4768-b89a-d5083ad5a450,
1006678,87b4577e-e26a-47a6-8a32-b6bd1a56c06b,
1006678,a2af1d35-6709-4551-a3a6-a161bfd74966,
1006678,f07ddbf1-8408-450e-bacb-174c1716fc81,
1003568,3232b375-3959-4e3a-9dd0-2c2d98cb1776,http://estacadafarmersmarket.org
1003568,268a80c2-c4ce-4768-b89a-d5083ad5a450,
1003568,87b4577e-e26a-47a6-8a32-b6bd1a56c06b,
1003568,a2af1d35-6709-4551-a3a6-a161bfd74966,
1003568,f07ddbf1-8408-450e-bacb-174c1716fc81,
1020053,3232b375-3959-4e3a-9dd0-2c2d98cb1776,https://www.etnafarmersmarket.com/
1020053,268a80c2-c4ce-4768-b89a-d5083ad5a450,https://www.facebook.com/EtnaFarmersMarket/
1020053,87b4577e-e26a-47a6-8a32-b6bd1a56c06b,
1020053,a2af1d35-6709-4551-a3a6-a161bfd74966,
1020053,f07ddbf1-8408-450e-bacb-174c1716fc81,instagram:  etnafarmersmarket
1019954,3232b375-3959-4e3a-9dd0-2c2d98cb1776,
1019954,268a80c2-c4ce-4768-b89a-d5083ad5a450,https://www.facebook.com/ESFarmersMarket
1019954,87b4577e-e26a-47a6-8a32-b6bd1a56c06b,
1019954,a2af1d35-6709-4551-a3a6-a161bfd74966,
1019954,f07ddbf1-8408-450e-bacb-174c1716fc81,
1010195,3232b375-3959-4e3a-9dd0-2c2d98cb1776,https://www.evart.org/our_community/farmers_market.php
1010195,268a80c2-c4ce-4768-b89a-d5083ad5a450,https://www.facebook.com/EvartFarmersMarket
1010195,87b4577e-e26a-47a6-8a32-b6bd1a56c06b,
1010195,a2af1d35-6709-4551-a3a6-a161bfd74966,
1010195,f07ddbf1-8408-450e-bacb-174c1716fc81,
1005267,3232b375-3959-4e3a-9dd0-2c2d98cb1776,http://www.honolulu.gov/parks/programs/pom
1005267,268a80c2-c4ce-4768-b89a-d5083ad5a450,
1005267,87b4577e-e26a-47a6-8a32-b6bd1a56c06b,
1005267,a2af1d35-6709-4551-a3a6-a161bfd74966,
1005267,f07ddbf1-8408-450e-bacb-174c1716fc81,
1007798,3232b375-3959-4e3a-9dd0-2c2d98cb1776,http://www.seacoastgrowers.org
1007798,268a80c2-c4ce-4768-b89a-d5083ad5a450,https://www.facebook.com/Market03833
1007798,87b4577e-e26a-47a6-8a32-b6bd1a56c06b,https://twitter.com/market03833
1007798,a2af1d35-6709-4551-a3a6-a161bfd74966,
1007798,f07ddbf1-8408-450e-bacb-174c1716fc81,
1019081,3232b375-3959-4e3a-9dd0-2c2d98cb1776,https://vtfarmersmarket.org/
1019081,268a80c2-c4ce-4768-b89a-d5083ad5a450,The Vermont Farmers Market
1019081,87b4577e-e26a-47a6-8a32-b6bd1a56c06b,@VFMRutland
1019081,a2af1d35-6709-4551-a3a6-a161bfd74966,
1019081,f07ddbf1-8408-450e-bacb-174c1716fc81,
1018622,3232b375-3959-4e3a-9dd0-2c2d98cb1776,http://www.ilovefarmersmarkets.org
1018622,268a80c2-c4ce-4768-b89a-d5083ad5a450,https://www.facebook.com/FairfaxCommunityFarmersMarket/
1018622,87b4577e-e26a-47a6-8a32-b6bd1a56c06b,
1018622,a2af1d35-6709-4551-a3a6-a161bfd74966,
1018622,f07ddbf1-8408-450e-bacb-174c1716fc81,Instagram communitymarkets
1019186,3232b375-3959-4e3a-9dd0-2c2d98cb1776,http://www.FairfaxSaturdayMarket.com
1019186,268a80c2-c4ce-4768-b89a-d5083ad5a450,https://www.facebook.com/FairfaxSaturdayMarket/
1019186,87b4577e-e26a-47a6-8a32-b6bd1a56c06b,
1019186,a2af1d35-6709-4551-a3a6-a161bfd74966,
1019186,f07ddbf1-8408-450e-bacb-174c1716fc81,
1019049,3232b375-3959-4e3a-9dd0-2c2d98cb1776,
1019049,268a80c2-c4ce-4768-b89a-d5083ad5a450,FairlandFarmersMarket
1019049,87b4577e-e26a-47a6-8a32-b6bd1a56c06b,
1019049,a2af1d35-6709-4551-a3a6-a161bfd74966,
1019049,f07ddbf1-8408-450e-bacb-174c1716fc81,instagram.com/FairlandFarmersMarket
1018562,3232b375-3959-4e3a-9dd0-2c2d98cb1776,http://Www.fairwoodfarmersmarket.com
1018562,268a80c2-c4ce-4768-b89a-d5083ad5a450,Fairwood farmers' market
1018562,87b4577e-e26a-47a6-8a32-b6bd1a56c06b,
1018562,a2af1d35-6709-4551-a3a6-a161bfd74966,
1018562,f07ddbf1-8408-450e-bacb-174c1716fc81,
1019457,3232b375-3959-4e3a-9dd0-2c2d98cb1776,http://www.fallbrookfarmersmarket.com/
1019457,268a80c2-c4ce-4768-b89a-d5083ad5a450,https://www.facebook.com/fallbrookfarmersmarket/
1019457,87b4577e-e26a-47a6-8a32-b6bd1a56c06b,
1019457,a2af1d35-6709-4551-a3a6-a161bfd74966,
1019457,f07ddbf1-8408-450e-bacb-174c1716fc81,
1010889,3232b375-3959-4e3a-9dd0-2c2d98cb1776,http://www.fallsparkfarmersmarket.com
1010889,268a80c2-c4ce-4768-b89a-d5083ad5a450,www.facebook.com/FallsParkFarmersMarket
1010889,87b4577e-e26a-47a6-8a32-b6bd1a56c06b,
1010889,a2af1d35-6709-4551-a3a6-a161bfd74966,
1010889,f07ddbf1-8408-450e-bacb-174c1716fc81,
1019841,3232b375-3959-4e3a-9dd0-2c2d98cb1776,
1019841,268a80c2-c4ce-4768-b89a-d5083ad5a450,Lineage the Market
1019841,87b4577e-e26a-47a6-8a32-b6bd1a56c06b,
1019841,a2af1d35-6709-4551-a3a6-a161bfd74966,
1019841,f07ddbf1-8408-450e-bacb-174c1716fc81,IG:  lineage_market
1021514,3232b375-3959-4e3a-9dd0-2c2d98cb1776,https://www.indiancreekplaza.com/farm-to-fork-farmers-market
1021514,268a80c2-c4ce-4768-b89a-d5083ad5a450,https://www.facebook.com/farmtoforkfarmersmarketcaldwell
1021514,87b4577e-e26a-47a6-8a32-b6bd1a56c06b,
1021514,a2af1d35-6709-4551-a3a6-a161bfd74966,
1021514,f07ddbf1-8408-450e-bacb-174c1716fc81,https://www.instagram.com/caldwellfarmersmarket/
1019499,3232b375-3959-4e3a-9dd0-2c2d98cb1776,http://www.sphp.com/mercy-cares-for-kids
1019499,268a80c2-c4ce-4768-b89a-d5083ad5a450,
1019499,87b4577e-e26a-47a6-8a32-b6bd1a56c06b,
1019499,a2af1d35-6709-4551-a3a6-a161bfd74966,
1019499,f07ddbf1-8408-450e-bacb-174c1716fc81,
1019523,3232b375-3959-4e3a-9dd0-2c2d98cb1776,https://www.farmersandcraftsmarketoflascruces.com/
1019523,268a80c2-c4ce-4768-b89a-d5083ad5a450,https://www.facebook.com/LasCrucesMarket/
1019523,87b4577e-e26a-47a6-8a32-b6bd1a56c06b,
1019523,a2af1d35-6709-4551-a3a6-a161bfd74966,
1019523,f07ddbf1-8408-450e-bacb-174c1716fc81,
1018937,3232b375-3959-4e3a-9dd0-2c2d98cb1776,http://www.farmersbranchmarket.com/
1018937,268a80c2-c4ce-4768-b89a-d5083ad5a450,www.facebook.com/farmersbranchmarket
1018937,87b4577e-e26a-47a6-8a32-b6bd1a56c06b,
1018937,a2af1d35-6709-4551-a3a6-a161bfd74966,
1018937,f07ddbf1-8408-450e-bacb-174c1716fc81,
1019436,3232b375-3959-4e3a-9dd0-2c2d98cb1776,
1019436,268a80c2-c4ce-4768-b89a-d5083ad5a450,https://www.facebook.com/FarmersFreshMarketAK/
1019436,87b4577e-e26a-47a6-8a32-b6bd1a56c06b,
1019436,a2af1d35-6709-4551-a3a6-a161bfd74966,
1019436,f07ddbf1-8408-450e-bacb-174c1716fc81,
1021666,3232b375-3959-4e3a-9dd0-2c2d98cb1776,
1021666,268a80c2-c4ce-4768-b89a-d5083ad5a450,https://www.facebook.com/search/top?q=farmer%27s%20market%20covington
1021666,87b4577e-e26a-47a6-8a32-b6bd1a56c06b,
1021666,a2af1d35-6709-4551-a3a6-a161bfd74966,
1021666,f07ddbf1-8408-450e-bacb-174c1716fc81,
1021734,3232b375-3959-4e3a-9dd0-2c2d98cb1776,
1021734,268a80c2-c4ce-4768-b89a-d5083ad5a450,https://www.facebook.com/farmersmarketcovington
1021734,87b4577e-e26a-47a6-8a32-b6bd1a56c06b,
1021734,a2af1d35-6709-4551-a3a6-a161bfd74966,
1021734,f07ddbf1-8408-450e-bacb-174c1716fc81,
1018131,3232b375-3959-4e3a-9dd0-2c2d98cb1776,http://www.stjohns-episcopal.com
1018131,268a80c2-c4ce-4768-b89a-d5083ad5a450,Farmers Market at St. John's/Naperville
1018131,87b4577e-e26a-47a6-8a32-b6bd1a56c06b,
1018131,a2af1d35-6709-4551-a3a6-a161bfd74966,
1018131,f07ddbf1-8408-450e-bacb-174c1716fc81,
1020104,3232b375-3959-4e3a-9dd0-2c2d98cb1776,
1020104,268a80c2-c4ce-4768-b89a-d5083ad5a450,
1020104,87b4577e-e26a-47a6-8a32-b6bd1a56c06b,
1020104,a2af1d35-6709-4551-a3a6-a161bfd74966,
1020104,f07ddbf1-8408-450e-bacb-174c1716fc81,
1021388,3232b375-3959-4e3a-9dd0-2c2d98cb1776,
1021388,268a80c2-c4ce-4768-b89a-d5083ad5a450,https://www.facebook.com/FarmersMarketAtTheFairgrounds
1021388,87b4577e-e26a-47a6-8a32-b6bd1a56c06b,https://twitter.com/AtTheFairground
1021388,a2af1d35-6709-4551-a3a6-a161bfd74966,
1021388,f07ddbf1-8408-450e-bacb-174c1716fc81,
1019705,3232b375-3959-4e3a-9dd0-2c2d98cb1776,http://farmersmarketnorthscottsdale.com
1019705,268a80c2-c4ce-4768-b89a-d5083ad5a450,@FarmersMarketNorthScottsdale
1019705,87b4577e-e26a-47a6-8a32-b6bd1a56c06b,
1019705,a2af1d35-6709-4551-a3a6-a161bfd74966,
1019705,f07ddbf1-8408-450e-bacb-174c1716fc81,Instagram.com/FMNScottsdale
1005069,3232b375-3959-4e3a-9dd0-2c2d98cb1776,http://www.farmersmarketbluffton.org
1005069,268a80c2-c4ce-4768-b89a-d5083ad5a450,farmersmarketbluffton
1005069,87b4577e-e26a-47a6-8a32-b6bd1a56c06b,
1005069,a2af1d35-6709-4551-a3a6-a161bfd74966,
1005069,f07ddbf1-8408-450e-bacb-174c1716fc81,
1021404,3232b375-3959-4e3a-9dd0-2c2d98cb1776,
1021404,268a80c2-c4ce-4768-b89a-d5083ad5a450,
1021404,87b4577e-e26a-47a6-8a32-b6bd1a56c06b,
1021404,a2af1d35-6709-4551-a3a6-a161bfd74966,
1021404,f07ddbf1-8408-450e-bacb-174c1716fc81,
1021620,3232b375-3959-4e3a-9dd0-2c2d98cb1776,https://www.madisonmainstreet.com/farmers-market
1021620,268a80c2-c4ce-4768-b89a-d5083ad5a450,https://www.facebook.com/madfarmersmarket
1021620,87b4577e-e26a-47a6-8a32-b6bd1a56c06b,
1021620,a2af1d35-6709-4551-a3a6-a161bfd74966,
1021620,f07ddbf1-8408-450e-bacb-174c1716fc81,Instagram - @MadFarmersMarket
1005159,3232b375-3959-4e3a-9dd0-2c2d98cb1776,http://www.LoveYourFarmer.com
1005159,268a80c2-c4ce-4768-b89a-d5083ad5a450,https://www.facebook.com/FMOZARKS/
1005159,87b4577e-e26a-47a6-8a32-b6bd1a56c06b,https://twitter.com/FMOzarks
1005159,a2af1d35-6709-4551-a3a6-a161bfd74966,
1005159,f07ddbf1-8408-450e-bacb-174c1716fc81,
1021538,3232b375-3959-4e3a-9dd0-2c2d98cb1776,https://farmersmarketogden.com/
1021538,268a80c2-c4ce-4768-b89a-d5083ad5a450,https://www.facebook.com/farmersmarketogden
1021538,87b4577e-e26a-47a6-8a32-b6bd1a56c06b,
1021538,a2af1d35-6709-4551-a3a6-a161bfd74966,
1021538,f07ddbf1-8408-450e-bacb-174c1716fc81,https://www.instagram.com/farmersmarketogden/
1021581,3232b375-3959-4e3a-9dd0-2c2d98cb1776,http://www.farmersmarketongrandparkway.com/
1021581,268a80c2-c4ce-4768-b89a-d5083ad5a450,https://www.facebook.com/farmersmarketongrandparkway
1021581,87b4577e-e26a-47a6-8a32-b6bd1a56c06b,
1021581,a2af1d35-6709-4551-a3a6-a161bfd74966,
1021581,f07ddbf1-8408-450e-bacb-174c1716fc81,https://www.instagram.com/farmersmarketongrandparkway/
1019993,3232b375-3959-4e3a-9dd0-2c2d98cb1776,
1019993,268a80c2-c4ce-4768-b89a-d5083ad5a450,https://www.facebook.com/MarketOnGreenRiver/
1019993,87b4577e-e26a-47a6-8a32-b6bd1a56c06b,
1019993,a2af1d35-6709-4551-a3a6-a161bfd74966,
1019993,f07ddbf1-8408-450e-bacb-174c1716fc81,
1020079,3232b375-3959-4e3a-9dd0-2c2d98cb1776,
1020079,268a80c2-c4ce-4768-b89a-d5083ad5a450,Farmers Market on the Square
1020079,87b4577e-e26a-47a6-8a32-b6bd1a56c06b,
1020079,a2af1d35-6709-4551-a3a6-a161bfd74966,
1020079,f07ddbf1-8408-450e-bacb-174c1716fc81,
1020080,3232b375-3959-4e3a-9dd0-2c2d98cb1776,
1020080,268a80c2-c4ce-4768-b89a-d5083ad5a450,Farmers Market on the Square
1020080,87b4577e-e26a-47a6-8a32-b6bd1a56c06b,
1020080,a2af1d35-6709-4551-a3a6-a161bfd74966,
1020080,f07ddbf1-8408-450e-bacb-174c1716fc81,
1021595,3232b375-3959-4e3a-9dd0-2c2d98cb1776,http://FarmersMarketPartners.com
1021595,268a80c2-c4ce-4768-b89a-d5083ad5a450,Farmers Market Partners Missouri ity
1021595,87b4577e-e26a-47a6-8a32-b6bd1a56c06b,
1021595,a2af1d35-6709-4551-a3a6-a161bfd74966,
1021595,f07ddbf1-8408-450e-bacb-174c1716fc81,Instagram
1019862,3232b375-3959-4e3a-9dd0-2c2d98cb1776,http://www.farmersonthesquare.com
1019862,268a80c2-c4ce-4768-b89a-d5083ad5a450,https://www.facebook.com/FarmersontheSquare/
1019862,87b4577e-e26a-47a6-8a32-b6bd1a56c06b,
1019862,a2af1d35-6709-4551-a3a6-a161bfd74966,
1019862,f07ddbf1-8408-450e-bacb-174c1716fc81,https://www.instagram.com/farmersonthesquare/
1018427,3232b375-3959-4e3a-9dd0-2c2d98cb1776,
1018427,268a80c2-c4ce-4768-b89a-d5083ad5a450,https://www.facebook.com/Farmers-Gateway-Market-250248165001885/
1018427,87b4577e-e26a-47a6-8a32-b6bd1a56c06b,
1018427,a2af1d35-6709-4551-a3a6-a161bfd74966,
1018427,f07ddbf1-8408-450e-bacb-174c1716fc81,
1016870,3232b375-3959-4e3a-9dd0-2c2d98cb1776,http://www.hamakuaharvest.org
1016870,268a80c2-c4ce-4768-b89a-d5083ad5a450,facebook/hamakuaharvest
1016870,87b4577e-e26a-47a6-8a32-b6bd1a56c06b,
1016870,a2af1d35-6709-4551-a3a6-a161bfd74966,
1016870,f07ddbf1-8408-450e-bacb-174c1716fc81,
1021460,3232b375-3959-4e3a-9dd0-2c2d98cb1776,https://fayettecountyfarmersmarket.wordpress.com/
1021460,268a80c2-c4ce-4768-b89a-d5083ad5a450,https://www.facebook.com/OHFCFM/
1021460,87b4577e-e26a-47a6-8a32-b6bd1a56c06b,https://twitter.com/FAYCOFARMERSMKT
1021460,a2af1d35-6709-4551-a3a6-a161bfd74966,
1021460,f07ddbf1-8408-450e-bacb-174c1716fc81,
1019800,3232b375-3959-4e3a-9dd0-2c2d98cb1776,
1019800,268a80c2-c4ce-4768-b89a-d5083ad5a450,https://www.facebook.com/FayettecountyfarmersmarketIN/?ref=bookmarks
1019800,87b4577e-e26a-47a6-8a32-b6bd1a56c06b,
1019800,a2af1d35-6709-4551-a3a6-a161bfd74966,
1019800,f07ddbf1-8408-450e-bacb-174c1716fc81,
1012627,3232b375-3959-4e3a-9dd0-2c2d98cb1776,http://fearringtonfarmersmarket.com
1012627,268a80c2-c4ce-4768-b89a-d5083ad5a450,https://www.facebook.com/fearringtonfarmersmarket
1012627,87b4577e-e26a-47a6-8a32-b6bd1a56c06b,
1012627,a2af1d35-6709-4551-a3a6-a161bfd74966,
1012627,f07ddbf1-8408-450e-bacb-174c1716fc81,
1002721,3232b375-3959-4e3a-9dd0-2c2d98cb1776,http://www.feltonfarmersmarket.org
1002721,268a80c2-c4ce-4768-b89a-d5083ad5a450,www.facebook.com/santacruzfarmersmarket/
1002721,87b4577e-e26a-47a6-8a32-b6bd1a56c06b,
1002721,a2af1d35-6709-4551-a3a6-a161bfd74966,
1002721,f07ddbf1-8408-450e-bacb-174c1716fc81,www.instagram.com/santacruzfarmersmkts/
1018973,3232b375-3959-4e3a-9dd0-2c2d98cb1776,http://fergusonfarmersmarket.com/
1018973,268a80c2-c4ce-4768-b89a-d5083ad5a450,https://www.facebook.com/FergusonFarmersMarket/
1018973,87b4577e-e26a-47a6-8a32-b6bd1a56c06b,
1018973,a2af1d35-6709-4551-a3a6-a161bfd74966,
1018973,f07ddbf1-8408-450e-bacb-174c1716fc81,
1021676,3232b375-3959-4e3a-9dd0-2c2d98cb1776,
1021676,268a80c2-c4ce-4768-b89a-d5083ad5a450,https://www.facebook.com/FerndaleFarmersMarket
1021676,87b4577e-e26a-47a6-8a32-b6bd1a56c06b,
1021676,a2af1d35-6709-4551-a3a6-a161bfd74966,
1021676,f07ddbf1-8408-450e-bacb-174c1716fc81,
1021665,3232b375-3959-4e3a-9dd0-2c2d98cb1776,
1021665,268a80c2-c4ce-4768-b89a-d5083ad5a450,@fernleypoolsidefarmersmarket
1021665,87b4577e-e26a-47a6-8a32-b6bd1a56c06b,
1021665,a2af1d35-6709-4551-a3a6-a161bfd74966,
1021665,f07ddbf1-8408-450e-bacb-174c1716fc81,@fernleypoolsidefarmersmarket
1020193,3232b375-3959-4e3a-9dd0-2c2d98cb1776,
1020193,268a80c2-c4ce-4768-b89a-d5083ad5a450,facebook.com/cuesa
1020193,87b4577e-e26a-47a6-8a32-b6bd1a56c06b,twitter.com/cuesa
1020193,a2af1d35-6709-4551-a3a6-a161bfd74966,youtube.com/user/cuesasf
1020193,f07ddbf1-8408-450e-bacb-174c1716fc81,instagram.com/cuesa
1012308,3232b375-3959-4e3a-9dd0-2c2d98cb1776,
1012308,268a80c2-c4ce-4768-b89a-d5083ad5a450,
1012308,87b4577e-e26a-47a6-8a32-b6bd1a56c06b,
1012308,a2af1d35-6709-4551-a3a6-a161bfd74966,
1012308,f07ddbf1-8408-450e-bacb-174c1716fc81,
1019771,3232b375-3959-4e3a-9dd0-2c2d98cb1776,http://fibbrew.com/farmers-market-application/
1019771,268a80c2-c4ce-4768-b89a-d5083ad5a450,https://www.facebook.com/events/722787851585113/
1019771,87b4577e-e26a-47a6-8a32-b6bd1a56c06b,
1019771,a2af1d35-6709-4551-a3a6-a161bfd74966,
1019771,f07ddbf1-8408-450e-bacb-174c1716fc81,
1018193,3232b375-3959-4e3a-9dd0-2c2d98cb1776,
1018193,268a80c2-c4ce-4768-b89a-d5083ad5a450,FifthStreetFarmersMarket
1018193,87b4577e-e26a-47a6-8a32-b6bd1a56c06b,
1018193,a2af1d35-6709-4551-a3a6-a161bfd74966,
1018193,f07ddbf1-8408-450e-bacb-174c1716fc81,
1020008,3232b375-3959-4e3a-9dd0-2c2d98cb1776,http://www.fightingvillefresh.com
1020008,268a80c2-c4ce-4768-b89a-d5083ad5a450,https://www.facebook.com/FightingvilleFresh/
1020008,87b4577e-e26a-47a6-8a32-b6bd1a56c06b,
1020008,a2af1d35-6709-4551-a3a6-a161bfd74966,
1020008,f07ddbf1-8408-450e-bacb-174c1716fc81,instagram.com/fightingvillefreshmarket/
1019677,3232b375-3959-4e3a-9dd0-2c2d98cb1776,https://www.fireflyfarmwichita.com/
1019677,268a80c2-c4ce-4768-b89a-d5083ad5a450,https://www.facebook.com/fireflyfarmwichitakansas/
1019677,87b4577e-e26a-47a6-8a32-b6bd1a56c06b,
1019677,a2af1d35-6709-4551-a3a6-a161bfd74966,
1019677,f07ddbf1-8408-450e-bacb-174c1716fc81,Instagram
1004377,3232b375-3959-4e3a-9dd0-2c2d98cb1776,http://settlementshops.com
1004377,268a80c2-c4ce-4768-b89a-d5083ad5a450,
1004377,87b4577e-e26a-47a6-8a32-b6bd1a56c06b,
1004377,a2af1d35-6709-4551-a3a6-a161bfd74966,
1004377,f07ddbf1-8408-450e-bacb-174c1716fc81,
1019914,3232b375-3959-4e3a-9dd0-2c2d98cb1776,
1019914,268a80c2-c4ce-4768-b89a-d5083ad5a450,
1019914,87b4577e-e26a-47a6-8a32-b6bd1a56c06b,
1019914,a2af1d35-6709-4551-a3a6-a161bfd74966,
1019914,f07ddbf1-8408-450e-bacb-174c1716fc81,
1019897,3232b375-3959-4e3a-9dd0-2c2d98cb1776,http://fleming.ca.uky.edu/anr/farmersmarket
1019897,268a80c2-c4ce-4768-b89a-d5083ad5a450,https://www.facebook.com/flemingcountyfarmersmarket/
1019897,87b4577e-e26a-47a6-8a32-b6bd1a56c06b,
1019897,a2af1d35-6709-4551-a3a6-a161bfd74966,
1019897,f07ddbf1-8408-450e-bacb-174c1716fc81,
1020091,3232b375-3959-4e3a-9dd0-2c2d98cb1776,
1020091,268a80c2-c4ce-4768-b89a-d5083ad5a450,
1020091,87b4577e-e26a-47a6-8a32-b6bd1a56c06b,
1020091,a2af1d35-6709-4551-a3a6-a161bfd74966,
1020091,f07ddbf1-8408-450e-bacb-174c1716fc81,
1020065,3232b375-3959-4e3a-9dd0-2c2d98cb1776,
1020065,268a80c2-c4ce-4768-b89a-d5083ad5a450,
1020065,87b4577e-e26a-47a6-8a32-b6bd1a56c06b,
1020065,a2af1d35-6709-4551-a3a6-a161bfd74966,
1020065,f07ddbf1-8408-450e-bacb-174c1716fc81,
1021453,3232b375-3959-4e3a-9dd0-2c2d98cb1776,http://www.fondymarket.org
1021453,268a80c2-c4ce-4768-b89a-d5083ad5a450,www.facebook.com/fondymarket/
1021453,87b4577e-e26a-47a6-8a32-b6bd1a56c06b,www.twitter.com/fondymarket
1021453,a2af1d35-6709-4551-a3a6-a161bfd74966,www.youtube.com/channel/UCVNVRvOp84S6yHDnFn8ef1w
1021453,f07ddbf1-8408-450e-bacb-174c1716fc81,www.instagram.com/fondymarkets
1019123,3232b375-3959-4e3a-9dd0-2c2d98cb1776,http://www.wyfftp.org/summermarket
1019123,268a80c2-c4ce-4768-b89a-d5083ad5a450,www.facebook.com/foodforthoughtmarkets
1019123,87b4577e-e26a-47a6-8a32-b6bd1a56c06b,
1019123,a2af1d35-6709-4551-a3a6-a161bfd74966,
1019123,f07ddbf1-8408-450e-bacb-174c1716fc81,
1000958,3232b375-3959-4e3a-9dd0-2c2d98cb1776,http://www.forestfarmersmarket.com
1000958,268a80c2-c4ce-4768-b89a-d5083ad5a450,https://www.facebook.com/pages/Forest-farmers-market/193117547377111
1000958,87b4577e-e26a-47a6-8a32-b6bd1a56c06b,https://twitter.com/FFM221
1000958,a2af1d35-6709-4551-a3a6-a161bfd74966,
1000958,f07ddbf1-8408-450e-bacb-174c1716fc81,Forest Farmers' Market
1021638,3232b375-3959-4e3a-9dd0-2c2d98cb1776,https://www.adelantemujeres.org/forest-grove-farmers-market
1021638,268a80c2-c4ce-4768-b89a-d5083ad5a450,https://www.facebook.com/fgfm1
1021638,87b4577e-e26a-47a6-8a32-b6bd1a56c06b,
1021638,a2af1d35-6709-4551-a3a6-a161bfd74966,
1021638,f07ddbf1-8408-450e-bacb-174c1716fc81,Instagram: @forestgrovefarmersmarket
1021504,3232b375-3959-4e3a-9dd0-2c2d98cb1776,http://www.foresthillsfarmersmarket.com
1021504,268a80c2-c4ce-4768-b89a-d5083ad5a450,Forest Hills PA Farmers Market
1021504,87b4577e-e26a-47a6-8a32-b6bd1a56c06b,
1021504,a2af1d35-6709-4551-a3a6-a161bfd74966,
1021504,f07ddbf1-8408-450e-bacb-174c1716fc81,
1002803,3232b375-3959-4e3a-9dd0-2c2d98cb1776,
1002803,268a80c2-c4ce-4768-b89a-d5083ad5a450,https://www.facebook.com/ForestLakesFarmersmarket
1002803,87b4577e-e26a-47a6-8a32-b6bd1a56c06b,
1002803,a2af1d35-6709-4551-a3a6-a161bfd74966,
1002803,f07ddbf1-8408-450e-bacb-174c1716fc81,
1018989,3232b375-3959-4e3a-9dd0-2c2d98cb1776,http://www.cityoflawrence.org/fortbenfarmersmarket
1018989,268a80c2-c4ce-4768-b89a-d5083ad5a450,https://www.facebook.com/FortBenFarmersMarket/
1018989,87b4577e-e26a-47a6-8a32-b6bd1a56c06b,
1018989,a2af1d35-6709-4551-a3a6-a161bfd74966,
1018989,f07ddbf1-8408-450e-bacb-174c1716fc81,
1021680,3232b375-3959-4e3a-9dd0-2c2d98cb1776,
1021680,268a80c2-c4ce-4768-b89a-d5083ad5a450,Fort Smith Farmer's Market on Garrison Ave
1021680,87b4577e-e26a-47a6-8a32-b6bd1a56c06b,
1021680,a2af1d35-6709-4551-a3a6-a161bfd74966,
1021680,f07ddbf1-8408-450e-bacb-174c1716fc81,Instagram
1018505,3232b375-3959-4e3a-9dd0-2c2d98cb1776,
1018505,268a80c2-c4ce-4768-b89a-d5083ad5a450,
1018505,87b4577e-e26a-47a6-8a32-b6bd1a56c06b,
1018505,a2af1d35-6709-4551-a3a6-a161bfd74966,
1018505,f07ddbf1-8408-450e-bacb-174c1716fc81,None
1019101,3232b375-3959-4e3a-9dd0-2c2d98cb1776,https://www.foxlakefarmersmarket.com/
1019101,268a80c2-c4ce-4768-b89a-d5083ad5a450,https://www.facebook.com/events/167501670531638/
1019101,87b4577e-e26a-47a6-8a32-b6bd1a56c06b,
1019101,a2af1d35-6709-4551-a3a6-a161bfd74966,
1019101,f07ddbf1-8408-450e-bacb-174c1716fc81,
1002880,3232b375-3959-4e3a-9dd0-2c2d98cb1776,http://www.frankenmuthfarmersmarket.org
1002880,268a80c2-c4ce-4768-b89a-d5083ad5a450,https://www.facebook.com/Frankenmuth-Farmers-Market-106279602732863/ 
1002880,87b4577e-e26a-47a6-8a32-b6bd1a56c06b,https://twitter.com/MuthFarmMarket
1002880,a2af1d35-6709-4551-a3a6-a161bfd74966,
1002880,f07ddbf1-8408-450e-bacb-174c1716fc81,https://www.instagram.com/frankenmuth_farmers_market/
1019298,3232b375-3959-4e3a-9dd0-2c2d98cb1776,http://www.franklincountyfarmersmarket.org/
1019298,268a80c2-c4ce-4768-b89a-d5083ad5a450,https://www.facebook.com/franklincountyfarmersmarketky/
1019298,87b4577e-e26a-47a6-8a32-b6bd1a56c06b,https://twitter.com/FrankfortFrmMkt
1019298,a2af1d35-6709-4551-a3a6-a161bfd74966,
1019298,f07ddbf1-8408-450e-bacb-174c1716fc81,https://www.instagram.com/franklincountyfarmersmarket/
1019147,3232b375-3959-4e3a-9dd0-2c2d98cb1776,http://discoverdowntownfranklin.com
1019147,268a80c2-c4ce-4768-b89a-d5083ad5a450,https://www.facebook.com/DiscoverDowntownFranklin/
1019147,87b4577e-e26a-47a6-8a32-b6bd1a56c06b,
1019147,a2af1d35-6709-4551-a3a6-a161bfd74966,
1019147,f07ddbf1-8408-450e-bacb-174c1716fc81,https://www.instagram.com/discoverdowntownfranklin/
1021654,3232b375-3959-4e3a-9dd0-2c2d98cb1776,https://www.fpconservatory.org/education-programs/outreach-programs/farmers-market/
1021654,268a80c2-c4ce-4768-b89a-d5083ad5a450,
1021654,87b4577e-e26a-47a6-8a32-b6bd1a56c06b,
1021654,a2af1d35-6709-4551-a3a6-a161bfd74966,
1021654,f07ddbf1-8408-450e-bacb-174c1716fc81,
1020092,3232b375-3959-4e3a-9dd0-2c2d98cb1776,https://franklinsimpsonfarmersmarket.com/
1020092,268a80c2-c4ce-4768-b89a-d5083ad5a450,https://www.facebook.com/FranklinSimpsonFarmersMarket/
1020092,87b4577e-e26a-47a6-8a32-b6bd1a56c06b,
1020092,a2af1d35-6709-4551-a3a6-a161bfd74966,
1020092,f07ddbf1-8408-450e-bacb-174c1716fc81,
1020007,3232b375-3959-4e3a-9dd0-2c2d98cb1776,
1020007,268a80c2-c4ce-4768-b89a-d5083ad5a450,https://www.facebook.com/Franklin-Street-Bazaar-2296932127209023/
1020007,87b4577e-e26a-47a6-8a32-b6bd1a56c06b,
1020007,a2af1d35-6709-4551-a3a6-a161bfd74966,
1020007,f07ddbf1-8408-450e-bacb-174c1716fc81,
1021565,3232b375-3959-4e3a-9dd0-2c2d98cb1776,http://www.FranktonTownMarket.com
1021565,268a80c2-c4ce-4768-b89a-d5083ad5a450,www.Facebook.com/FranktonTownMarket
1021565,87b4577e-e26a-47a6-8a32-b6bd1a56c06b,
1021565,a2af1d35-6709-4551-a3a6-a161bfd74966,
1021565,f07ddbf1-8408-450e-bacb-174c1716fc81,www.Instagram.com/FranktonTownMarket
1012429,3232b375-3959-4e3a-9dd0-2c2d98cb1776,http://www.freedomfarmersmkt.com
1012429,268a80c2-c4ce-4768-b89a-d5083ad5a450,https://www.facebook.com/freedomfarmersmkt/
1012429,87b4577e-e26a-47a6-8a32-b6bd1a56c06b,https://twitter.com/freedomfarmersm
1012429,a2af1d35-6709-4551-a3a6-a161bfd74966,
1012429,f07ddbf1-8408-450e-bacb-174c1716fc81,https://www.instagram.com/freedomfarmersmkt/
1018415,3232b375-3959-4e3a-9dd0-2c2d98cb1776,
1018415,268a80c2-c4ce-4768-b89a-d5083ad5a450,
1018415,87b4577e-e26a-47a6-8a32-b6bd1a56c06b,
1018415,a2af1d35-6709-4551-a3a6-a161bfd74966,
1018415,f07ddbf1-8408-450e-bacb-174c1716fc81,
1021353,3232b375-3959-4e3a-9dd0-2c2d98cb1776,http://www.freighthousefarmersmarket.com
1021353,268a80c2-c4ce-4768-b89a-d5083ad5a450,www.fb.com/freighthousefarmersmarket
1021353,87b4577e-e26a-47a6-8a32-b6bd1a56c06b,
1021353,a2af1d35-6709-4551-a3a6-a161bfd74966,https://www.youtube.com/channel/UCAhsofrLDEQDLA6xY7l9Ujw
1021353,f07ddbf1-8408-450e-bacb-174c1716fc81,www.instagram.com/freighthousefarmersmarket
1019600,3232b375-3959-4e3a-9dd0-2c2d98cb1776,http://www.freiheitvillagefm.com
1019600,268a80c2-c4ce-4768-b89a-d5083ad5a450,www.facebook.com/freiheitvillagefm
1019600,87b4577e-e26a-47a6-8a32-b6bd1a56c06b,
1019600,a2af1d35-6709-4551-a3a6-a161bfd74966,
1019600,f07ddbf1-8408-450e-bacb-174c1716fc81,freiheitvillagefm
1019404,3232b375-3959-4e3a-9dd0-2c2d98cb1776,
1019404,268a80c2-c4ce-4768-b89a-d5083ad5a450,https://facebook.com/freshapproach
1019404,87b4577e-e26a-47a6-8a32-b6bd1a56c06b,https://twitter.com/FreshApproachSF
1019404,a2af1d35-6709-4551-a3a6-a161bfd74966,
1019404,f07ddbf1-8408-450e-bacb-174c1716fc81,https://instagram.com/freshapproachbayarea/
1012466,3232b375-3959-4e3a-9dd0-2c2d98cb1776,http://chestercountyfoodbank.org/programs/fresh2you/
1012466,268a80c2-c4ce-4768-b89a-d5083ad5a450,@fresh2youmarket
1012466,87b4577e-e26a-47a6-8a32-b6bd1a56c06b,@fresh2youmarket
1012466,a2af1d35-6709-4551-a3a6-a161bfd74966,https://www.youtube.com/watch?v=Mlagghq7cgA
1012466,f07ddbf1-8408-450e-bacb-174c1716fc81,
1018671,3232b375-3959-4e3a-9dd0-2c2d98cb1776,
1018671,268a80c2-c4ce-4768-b89a-d5083ad5a450,https://www.facebook.com/freshfarmdc
1018671,87b4577e-e26a-47a6-8a32-b6bd1a56c06b,https://twitter.com/FRESHFARMDC
1018671,a2af1d35-6709-4551-a3a6-a161bfd74966,https://www.youtube.com/channel/UCKUcsUpWJ8f7YK0nwMklZXw/videos
1018671,f07ddbf1-8408-450e-bacb-174c1716fc81,https://www.instagram.com/freshfarmdc/
1011730,3232b375-3959-4e3a-9dd0-2c2d98cb1776,http://friendswoodmarket.com
1011730,268a80c2-c4ce-4768-b89a-d5083ad5a450,https://www.facebook.com/FriendswoodMarket
1011730,87b4577e-e26a-47a6-8a32-b6bd1a56c06b,
1011730,a2af1d35-6709-4551-a3a6-a161bfd74966,
1011730,f07ddbf1-8408-450e-bacb-174c1716fc81,
1021552,3232b375-3959-4e3a-9dd0-2c2d98cb1776,http://www.fortthomasfarmersmarket.com
1021552,268a80c2-c4ce-4768-b89a-d5083ad5a450,https://www.facebook.com/fortthomasfarmersmarket
1021552,87b4577e-e26a-47a6-8a32-b6bd1a56c06b,
1021552,a2af1d35-6709-4551-a3a6-a161bfd74966,
1021552,f07ddbf1-8408-450e-bacb-174c1716fc81,https://www.instagram.com/fortthomasfarmersmarket/
1019762,3232b375-3959-4e3a-9dd0-2c2d98cb1776,https://ftwaynesfarmersmarket.com/
1019762,268a80c2-c4ce-4768-b89a-d5083ad5a450,https://www.facebook.com/ftwaynesfm/
1019762,87b4577e-e26a-47a6-8a32-b6bd1a56c06b,https://twitter.com/FtWaynesFM
1019762,a2af1d35-6709-4551-a3a6-a161bfd74966,https://www.youtube.com/channel/UCDLC0Lqi7tfqiTxpPpaNghQ?view_as=subscriber
1019762,f07ddbf1-8408-450e-bacb-174c1716fc81,https://www.instagram.com/ftwaynesfm/?hl=en
1019285,3232b375-3959-4e3a-9dd0-2c2d98cb1776,https://ftwaynesfarmersmarket.com/
1019285,268a80c2-c4ce-4768-b89a-d5083ad5a450,https://www.facebook.com/ftwaynesfm/
1019285,87b4577e-e26a-47a6-8a32-b6bd1a56c06b,@FtwaynesFM
1019285,a2af1d35-6709-4551-a3a6-a161bfd74966,
1019285,f07ddbf1-8408-450e-bacb-174c1716fc81,Instagram:  ftwaynesfm
1019998,3232b375-3959-4e3a-9dd0-2c2d98cb1776,http://fulshearfarmersmarket.com/
1019998,268a80c2-c4ce-4768-b89a-d5083ad5a450,https://www.facebook.com/foreverfulshear/
1019998,87b4577e-e26a-47a6-8a32-b6bd1a56c06b,
1019998,a2af1d35-6709-4551-a3a6-a161bfd74966,
1019998,f07ddbf1-8408-450e-bacb-174c1716fc81,Instagram: fulshear_farmers_market
1018121,3232b375-3959-4e3a-9dd0-2c2d98cb1776,
1018121,268a80c2-c4ce-4768-b89a-d5083ad5a450,
1018121,87b4577e-e26a-47a6-8a32-b6bd1a56c06b,
1018121,a2af1d35-6709-4551-a3a6-a161bfd74966,
1018121,f07ddbf1-8408-450e-bacb-174c1716fc81,
1019949,3232b375-3959-4e3a-9dd0-2c2d98cb1776,http://fultonstallmarket.org
1019949,268a80c2-c4ce-4768-b89a-d5083ad5a450,fultonmarketnyc
1019949,87b4577e-e26a-47a6-8a32-b6bd1a56c06b,fultonmarketnyc
1019949,a2af1d35-6709-4551-a3a6-a161bfd74966,
1019949,f07ddbf1-8408-450e-bacb-174c1716fc81,instagram fultonstallmarket
1006661,3232b375-3959-4e3a-9dd0-2c2d98cb1776,http://www.fultonstreetmarket.org
1006661,268a80c2-c4ce-4768-b89a-d5083ad5a450,www.facebook.com/fultonstmarket
1006661,87b4577e-e26a-47a6-8a32-b6bd1a56c06b,
1006661,a2af1d35-6709-4551-a3a6-a161bfd74966,
1006661,f07ddbf1-8408-450e-bacb-174c1716fc81,
1021590,3232b375-3959-4e3a-9dd0-2c2d98cb1776,https://www.fvgrowersmarket.com/
1021590,268a80c2-c4ce-4768-b89a-d5083ad5a450,https://www.facebook.com/fvgrowersmarket
1021590,87b4577e-e26a-47a6-8a32-b6bd1a56c06b,https://twitter.com/FVGrowersMarket
1021590,a2af1d35-6709-4551-a3a6-a161bfd74966,
1021590,f07ddbf1-8408-450e-bacb-174c1716fc81,https://www.instagram.com/fvgrowersmarket/
1021444,3232b375-3959-4e3a-9dd0-2c2d98cb1776,
1021444,268a80c2-c4ce-4768-b89a-d5083ad5a450,https://Facebook.com/GalenaKSFarmersMarket
1021444,87b4577e-e26a-47a6-8a32-b6bd1a56c06b,
1021444,a2af1d35-6709-4551-a3a6-a161bfd74966,
1021444,f07ddbf1-8408-450e-bacb-174c1716fc81,https://Instagram.com/Galenaksmarket/
1021730,3232b375-3959-4e3a-9dd0-2c2d98cb1776,
1021730,268a80c2-c4ce-4768-b89a-d5083ad5a450,https://www.facebook.com/GalenaKSFarmersMarket
1021730,87b4577e-e26a-47a6-8a32-b6bd1a56c06b,
1021730,a2af1d35-6709-4551-a3a6-a161bfd74966,
1021730,f07ddbf1-8408-450e-bacb-174c1716fc81,https://www.instagram.com/galenaksmarket/
1019630,3232b375-3959-4e3a-9dd0-2c2d98cb1776,http://www.gallatintn.org/life-in-gallatin/farmers-market
1019630,268a80c2-c4ce-4768-b89a-d5083ad5a450,www.facebook.com/gallatinfarmersmarket/
1019630,87b4577e-e26a-47a6-8a32-b6bd1a56c06b,
1019630,a2af1d35-6709-4551-a3a6-a161bfd74966,
1019630,f07ddbf1-8408-450e-bacb-174c1716fc81,www.instagram.com/gallatinfarmersmarket/
1011814,3232b375-3959-4e3a-9dd0-2c2d98cb1776,http://coastalpacificinfo.us
1011814,268a80c2-c4ce-4768-b89a-d5083ad5a450,https://www.facebook.com/Galleria-at-Tyler-Riverside-Farmers-Market-329529333808763/
1011814,87b4577e-e26a-47a6-8a32-b6bd1a56c06b,
1011814,a2af1d35-6709-4551-a3a6-a161bfd74966,
1011814,f07ddbf1-8408-450e-bacb-174c1716fc81,
1018970,3232b375-3959-4e3a-9dd0-2c2d98cb1776,
1018970,268a80c2-c4ce-4768-b89a-d5083ad5a450,
1018970,87b4577e-e26a-47a6-8a32-b6bd1a56c06b,
1018970,a2af1d35-6709-4551-a3a6-a161bfd74966,
1018970,f07ddbf1-8408-450e-bacb-174c1716fc81,
1018831,3232b375-3959-4e3a-9dd0-2c2d98cb1776,http://gardnerfarmersmarket@gmail.com
1018831,268a80c2-c4ce-4768-b89a-d5083ad5a450,Gardner Farmers Market
1018831,87b4577e-e26a-47a6-8a32-b6bd1a56c06b,
1018831,a2af1d35-6709-4551-a3a6-a161bfd74966,
1018831,f07ddbf1-8408-450e-bacb-174c1716fc81,
1019728,3232b375-3959-4e3a-9dd0-2c2d98cb1776,
1019728,268a80c2-c4ce-4768-b89a-d5083ad5a450,https://www.facebook.com/GarfieldParkFarmersMarket/
1019728,87b4577e-e26a-47a6-8a32-b6bd1a56c06b,
1019728,a2af1d35-6709-4551-a3a6-a161bfd74966,
1019728,f07ddbf1-8408-450e-bacb-174c1716fc81,https://www.instagram.com/explore/locations/427672397422019/garfield-park-farmers-market/
1021662,3232b375-3959-4e3a-9dd0-2c2d98cb1776,https://www.gpcommunitycouncil.org/programs/neighborhood-market
1021662,268a80c2-c4ce-4768-b89a-d5083ad5a450,https://www.facebook.com/gpccouncil/
1021662,87b4577e-e26a-47a6-8a32-b6bd1a56c06b,https://twitter.com/gpccouncil
1021662,a2af1d35-6709-4551-a3a6-a161bfd74966,https://www.youtube.com/channel/UCSwgrWklA_60UeQUWWQ8Csg/
1021662,f07ddbf1-8408-450e-bacb-174c1716fc81,https://www.instagram.com/gpccouncil/
1020095,3232b375-3959-4e3a-9dd0-2c2d98cb1776,
1020095,268a80c2-c4ce-4768-b89a-d5083ad5a450,
1020095,87b4577e-e26a-47a6-8a32-b6bd1a56c06b,
1020095,a2af1d35-6709-4551-a3a6-a161bfd74966,
1020095,f07ddbf1-8408-450e-bacb-174c1716fc81,
1019587,3232b375-3959-4e3a-9dd0-2c2d98cb1776,
1019587,268a80c2-c4ce-4768-b89a-d5083ad5a450,https://m.facebook.com/FarmersMarketsinGasCityIndiana/?ref=bookmarks
1019587,87b4577e-e26a-47a6-8a32-b6bd1a56c06b,
1019587,a2af1d35-6709-4551-a3a6-a161bfd74966,
1019587,f07ddbf1-8408-450e-bacb-174c1716fc81,
1021677,3232b375-3959-4e3a-9dd0-2c2d98cb1776,http://thegatewayfarmersmarket.com
1021677,268a80c2-c4ce-4768-b89a-d5083ad5a450,https://www.facebook.com/search/top?q=gateway%20farmers%20market
1021677,87b4577e-e26a-47a6-8a32-b6bd1a56c06b,
1021677,a2af1d35-6709-4551-a3a6-a161bfd74966,
1021677,f07ddbf1-8408-450e-bacb-174c1716fc81,
1021416,3232b375-3959-4e3a-9dd0-2c2d98cb1776,
1021416,268a80c2-c4ce-4768-b89a-d5083ad5a450,fb.me/generalstoremarket 
1021416,87b4577e-e26a-47a6-8a32-b6bd1a56c06b,
1021416,a2af1d35-6709-4551-a3a6-a161bfd74966,
1021416,f07ddbf1-8408-450e-bacb-174c1716fc81,
1012033,3232b375-3959-4e3a-9dd0-2c2d98cb1776,http://waccamawmarkets.org/
1012033,268a80c2-c4ce-4768-b89a-d5083ad5a450,https://www.facebook.com/WaccamawMarketCooperative/
1012033,87b4577e-e26a-47a6-8a32-b6bd1a56c06b,
1012033,a2af1d35-6709-4551-a3a6-a161bfd74966,
1012033,f07ddbf1-8408-450e-bacb-174c1716fc81,
1019602,3232b375-3959-4e3a-9dd0-2c2d98cb1776,http://gohealthyhouston.org/farmersmarkets/
1019602,268a80c2-c4ce-4768-b89a-d5083ad5a450,www.facebook.com/gohealthyhouston/
1019602,87b4577e-e26a-47a6-8a32-b6bd1a56c06b,twitter.com/GoHealthyHTX
1019602,a2af1d35-6709-4551-a3a6-a161bfd74966,
1019602,f07ddbf1-8408-450e-bacb-174c1716fc81,
1019603,3232b375-3959-4e3a-9dd0-2c2d98cb1776,http://gohealthyhouston.org/farmersmarkets/
1019603,268a80c2-c4ce-4768-b89a-d5083ad5a450,www.facebook.com/gohealthyhouston/
1019603,87b4577e-e26a-47a6-8a32-b6bd1a56c06b,twitter.com/GoHealthyHTX
1019603,a2af1d35-6709-4551-a3a6-a161bfd74966,
1019603,f07ddbf1-8408-450e-bacb-174c1716fc81,
1019604,3232b375-3959-4e3a-9dd0-2c2d98cb1776,http://gohealthyhouston.org/farmersmarkets/
1019604,268a80c2-c4ce-4768-b89a-d5083ad5a450,www.facebook.com/gohealthyhouston/
1019604,87b4577e-e26a-47a6-8a32-b6bd1a56c06b,twitter.com/GoHealthyHTX
1019604,a2af1d35-6709-4551-a3a6-a161bfd74966,
1019604,f07ddbf1-8408-450e-bacb-174c1716fc81,
1019605,3232b375-3959-4e3a-9dd0-2c2d98cb1776,http://gohealthyhouston.org/farmersmarkets/
1019605,268a80c2-c4ce-4768-b89a-d5083ad5a450,www.facebook.com/gohealthyhouston/
1019605,87b4577e-e26a-47a6-8a32-b6bd1a56c06b,twitter.com/GoHealthyHTX
1019605,a2af1d35-6709-4551-a3a6-a161bfd74966,
1019605,f07ddbf1-8408-450e-bacb-174c1716fc81,
1019606,3232b375-3959-4e3a-9dd0-2c2d98cb1776,http://gohealthyhouston.org/farmersmarkets/
1019606,268a80c2-c4ce-4768-b89a-d5083ad5a450,www.facebook.com/gohealthyhouston/
1019606,87b4577e-e26a-47a6-8a32-b6bd1a56c06b,twitter.com/GoHealthyHTX
1019606,a2af1d35-6709-4551-a3a6-a161bfd74966,
1019606,f07ddbf1-8408-450e-bacb-174c1716fc81,
1019607,3232b375-3959-4e3a-9dd0-2c2d98cb1776,http://gohealthyhouston.org/farmersmarkets/
1019607,268a80c2-c4ce-4768-b89a-d5083ad5a450,www.facebook.com/gohealthyhouston/
1019607,87b4577e-e26a-47a6-8a32-b6bd1a56c06b,twitter.com/GoHealthyHTX
1019607,a2af1d35-6709-4551-a3a6-a161bfd74966,
1019607,f07ddbf1-8408-450e-bacb-174c1716fc81,
1019608,3232b375-3959-4e3a-9dd0-2c2d98cb1776,http://gohealthyhouston.org/farmersmarkets/
1019608,268a80c2-c4ce-4768-b89a-d5083ad5a450,www.facebook.com/gohealthyhouston/
1019608,87b4577e-e26a-47a6-8a32-b6bd1a56c06b,twitter.com/GoHealthyHTX
1019608,a2af1d35-6709-4551-a3a6-a161bfd74966,
1019608,f07ddbf1-8408-450e-bacb-174c1716fc81,
1021461,3232b375-3959-4e3a-9dd0-2c2d98cb1776,http://gilbertmarket.com
1021461,268a80c2-c4ce-4768-b89a-d5083ad5a450,facebook.com/gilbertmarket/
1021461,87b4577e-e26a-47a6-8a32-b6bd1a56c06b,twitter.com/gilbertmarket
1021461,a2af1d35-6709-4551-a3a6-a161bfd74966,
1021461,f07ddbf1-8408-450e-bacb-174c1716fc81,instagram.com/gilbertmarket
1021284,3232b375-3959-4e3a-9dd0-2c2d98cb1776,http://Gilmantonfarmersmarket.com
1021284,268a80c2-c4ce-4768-b89a-d5083ad5a450,Facebook.com/gilmantoncommunityfarmersmarket
1021284,87b4577e-e26a-47a6-8a32-b6bd1a56c06b,
1021284,a2af1d35-6709-4551-a3a6-a161bfd74966,
1021284,f07ddbf1-8408-450e-bacb-174c1716fc81,
1008573,3232b375-3959-4e3a-9dd0-2c2d98cb1776,http://www.gladstone.mo.us/farmersmarket/
1008573,268a80c2-c4ce-4768-b89a-d5083ad5a450,https://www.facebook.com/pages/Gladstone-Farmers-Market/107406389284555?fref=ts
1008573,87b4577e-e26a-47a6-8a32-b6bd1a56c06b,
1008573,a2af1d35-6709-4551-a3a6-a161bfd74966,
1008573,f07ddbf1-8408-450e-bacb-174c1716fc81,
1002767,3232b375-3959-4e3a-9dd0-2c2d98cb1776,http://www.leelanaufarmersmarkets.com
1002767,268a80c2-c4ce-4768-b89a-d5083ad5a450,https://www.facebook.com/leelanaufarmersmarkets/
1002767,87b4577e-e26a-47a6-8a32-b6bd1a56c06b,
1002767,a2af1d35-6709-4551-a3a6-a161bfd74966,
1002767,f07ddbf1-8408-450e-bacb-174c1716fc81,
1005588,3232b375-3959-4e3a-9dd0-2c2d98cb1776,
1005588,268a80c2-c4ce-4768-b89a-d5083ad5a450,
1005588,87b4577e-e26a-47a6-8a32-b6bd1a56c06b,
1005588,a2af1d35-6709-4551-a3a6-a161bfd74966,
1005588,f07ddbf1-8408-450e-bacb-174c1716fc81,
1019710,3232b375-3959-4e3a-9dd0-2c2d98cb1776,https://www.glensfallsfarmersmarket.com/
1019710,268a80c2-c4ce-4768-b89a-d5083ad5a450,https://www.facebook.com/GFFarmersMarket/
1019710,87b4577e-e26a-47a6-8a32-b6bd1a56c06b,
1019710,a2af1d35-6709-4551-a3a6-a161bfd74966,
1019710,f07ddbf1-8408-450e-bacb-174c1716fc81,https://www.instagram.com/gffarmersmarket/
1019414,3232b375-3959-4e3a-9dd0-2c2d98cb1776,https://www.glenwoodsundaymarket.org/
1019414,268a80c2-c4ce-4768-b89a-d5083ad5a450,https://www.facebook.com/GlenwoodSunday/
1019414,87b4577e-e26a-47a6-8a32-b6bd1a56c06b,https://twitter.com/glenwoodsunday
1019414,a2af1d35-6709-4551-a3a6-a161bfd74966,
1019414,f07ddbf1-8408-450e-bacb-174c1716fc81,https://www.instagram.com/glenwoodsundaymarket
1021364,3232b375-3959-4e3a-9dd0-2c2d98cb1776,http://www.dem.ri.gov/programs/agriculture/farmersmarkets.php
1021364,268a80c2-c4ce-4768-b89a-d5083ad5a450,
1021364,87b4577e-e26a-47a6-8a32-b6bd1a56c06b,
1021364,a2af1d35-6709-4551-a3a6-a161bfd74966,
1021364,f07ddbf1-8408-450e-bacb-174c1716fc81,
1020050,3232b375-3959-4e3a-9dd0-2c2d98cb1776,http://goodlocalmarkets.org
1020050,268a80c2-c4ce-4768-b89a-d5083ad5a450,
1020050,87b4577e-e26a-47a6-8a32-b6bd1a56c06b,
1020050,a2af1d35-6709-4551-a3a6-a161bfd74966,
1020050,f07ddbf1-8408-450e-bacb-174c1716fc81,goodlocalmarkets
1019833,3232b375-3959-4e3a-9dd0-2c2d98cb1776,
1019833,268a80c2-c4ce-4768-b89a-d5083ad5a450,Goodhue Farmers Market
1019833,87b4577e-e26a-47a6-8a32-b6bd1a56c06b,
1019833,a2af1d35-6709-4551-a3a6-a161bfd74966,
1019833,f07ddbf1-8408-450e-bacb-174c1716fc81,
1021350,3232b375-3959-4e3a-9dd0-2c2d98cb1776,
1021350,268a80c2-c4ce-4768-b89a-d5083ad5a450,GoodingFarmersMarket
1021350,87b4577e-e26a-47a6-8a32-b6bd1a56c06b,
1021350,a2af1d35-6709-4551-a3a6-a161bfd74966,
1021350,f07ddbf1-8408-450e-bacb-174c1716fc81,
1021308,3232b375-3959-4e3a-9dd0-2c2d98cb1776,http://www.farmtocitymarkets.com
1021308,268a80c2-c4ce-4768-b89a-d5083ad5a450,https://www.facebook.com/FarmToCity
1021308,87b4577e-e26a-47a6-8a32-b6bd1a56c06b,
1021308,a2af1d35-6709-4551-a3a6-a161bfd74966,
1021308,f07ddbf1-8408-450e-bacb-174c1716fc81,
1012253,3232b375-3959-4e3a-9dd0-2c2d98cb1776,http://goshennychamber.com
1012253,268a80c2-c4ce-4768-b89a-d5083ad5a450,Goshenfarmersmarket
1012253,87b4577e-e26a-47a6-8a32-b6bd1a56c06b,
1012253,a2af1d35-6709-4551-a3a6-a161bfd74966,
1012253,f07ddbf1-8408-450e-bacb-174c1716fc81,
1021392,3232b375-3959-4e3a-9dd0-2c2d98cb1776,
1021392,268a80c2-c4ce-4768-b89a-d5083ad5a450,https://www.facebook.com/GrandPrairieFarmersMarket
1021392,87b4577e-e26a-47a6-8a32-b6bd1a56c06b,
1021392,a2af1d35-6709-4551-a3a6-a161bfd74966,
1021392,f07ddbf1-8408-450e-bacb-174c1716fc81,
1005937,3232b375-3959-4e3a-9dd0-2c2d98cb1776,http://www.grfarmersmarket.org/
1005937,268a80c2-c4ce-4768-b89a-d5083ad5a450,https://www.facebook.com/GRFarmersMarketMN
1005937,87b4577e-e26a-47a6-8a32-b6bd1a56c06b,
1005937,a2af1d35-6709-4551-a3a6-a161bfd74966,
1005937,f07ddbf1-8408-450e-bacb-174c1716fc81,
1017947,3232b375-3959-4e3a-9dd0-2c2d98cb1776,http://www.leapforlocalfood.org/grandin
1017947,268a80c2-c4ce-4768-b89a-d5083ad5a450,facebook.com/grandinvillagecommunitymarket
1017947,87b4577e-e26a-47a6-8a32-b6bd1a56c06b,@leapforlocal
1017947,a2af1d35-6709-4551-a3a6-a161bfd74966,
1017947,f07ddbf1-8408-450e-bacb-174c1716fc81,@leapmarkets Instagram
1021484,3232b375-3959-4e3a-9dd0-2c2d98cb1776,https://cfmatl.org/markets/
1021484,268a80c2-c4ce-4768-b89a-d5083ad5a450,https://www.facebook.com/grantparkfarmersmarket
1021484,87b4577e-e26a-47a6-8a32-b6bd1a56c06b,
1021484,a2af1d35-6709-4551-a3a6-a161bfd74966,
1021484,f07ddbf1-8408-450e-bacb-174c1716fc81,
1019989,3232b375-3959-4e3a-9dd0-2c2d98cb1776,
1019989,268a80c2-c4ce-4768-b89a-d5083ad5a450,Grassroots Farmers Market
1019989,87b4577e-e26a-47a6-8a32-b6bd1a56c06b,
1019989,a2af1d35-6709-4551-a3a6-a161bfd74966,
1019989,f07ddbf1-8408-450e-bacb-174c1716fc81,Instagram - Grassroots FM
1009808,3232b375-3959-4e3a-9dd0-2c2d98cb1776,http://greatfallsfarmersmarketturners.blogspot.com/
1009808,268a80c2-c4ce-4768-b89a-d5083ad5a450,https://www.facebook.com/GreatFallsFarmersMarket
1009808,87b4577e-e26a-47a6-8a32-b6bd1a56c06b,
1009808,a2af1d35-6709-4551-a3a6-a161bfd74966,
1009808,f07ddbf1-8408-450e-bacb-174c1716fc81,instagram.com/greatfallsfarmersmarkettf
1021456,3232b375-3959-4e3a-9dd0-2c2d98cb1776,http://www.gwcfb.org
1021456,268a80c2-c4ce-4768-b89a-d5083ad5a450,Greater Washington County Food Bank
1021456,87b4577e-e26a-47a6-8a32-b6bd1a56c06b,
1021456,a2af1d35-6709-4551-a3a6-a161bfd74966,
1021456,f07ddbf1-8408-450e-bacb-174c1716fc81,facebook.com/HHTraining Center
1006059,3232b375-3959-4e3a-9dd0-2c2d98cb1776,http://www.watertownfarmandcraft.com
1006059,268a80c2-c4ce-4768-b89a-d5083ad5a450,https://www.facebook.com/watertownfarmandcraft/?ref=br_rs
1006059,87b4577e-e26a-47a6-8a32-b6bd1a56c06b,
1006059,a2af1d35-6709-4551-a3a6-a161bfd74966,
1006059,f07ddbf1-8408-450e-bacb-174c1716fc81,
1021289,3232b375-3959-4e3a-9dd0-2c2d98cb1776,https://greeleygov.com/activities/fm/home
1021289,268a80c2-c4ce-4768-b89a-d5083ad5a450,@greeleyfarmersmarket
1021289,87b4577e-e26a-47a6-8a32-b6bd1a56c06b,
1021289,a2af1d35-6709-4551-a3a6-a161bfd74966,
1021289,f07ddbf1-8408-450e-bacb-174c1716fc81,@greeleyfarmersmarket
1021319,3232b375-3959-4e3a-9dd0-2c2d98cb1776,http://www.greencitymarket.org
1021319,268a80c2-c4ce-4768-b89a-d5083ad5a450,www.facebook.com/greencitymarket
1021319,87b4577e-e26a-47a6-8a32-b6bd1a56c06b,www.twitter.com/greencitymarket
1021319,a2af1d35-6709-4551-a3a6-a161bfd74966,
1021319,f07ddbf1-8408-450e-bacb-174c1716fc81,www.instagram.com/greencitymarket
1021320,3232b375-3959-4e3a-9dd0-2c2d98cb1776,http://www.greencitymarket.org
1021320,268a80c2-c4ce-4768-b89a-d5083ad5a450,www.facebook.com/greencitymarket
1021320,87b4577e-e26a-47a6-8a32-b6bd1a56c06b,www.twitter.com/greencitymarket
1021320,a2af1d35-6709-4551-a3a6-a161bfd74966,
1021320,f07ddbf1-8408-450e-bacb-174c1716fc81,www.instagram.com/greencitymarket
1004849,3232b375-3959-4e3a-9dd0-2c2d98cb1776,http://www.piedmontpark.org/programs/green_market.html
1004849,268a80c2-c4ce-4768-b89a-d5083ad5a450,https://www.facebook.com/greenmarketatl?ref=hl
1004849,87b4577e-e26a-47a6-8a32-b6bd1a56c06b,
1004849,a2af1d35-6709-4551-a3a6-a161bfd74966,
1004849,f07ddbf1-8408-450e-bacb-174c1716fc81,https://www.facebook.com/pages/Piedmont-Park-Conservancy/112803705441290?ref=hl
1006997,3232b375-3959-4e3a-9dd0-2c2d98cb1776,http://walkergreenscene.com/walker-farmers-market/
1006997,268a80c2-c4ce-4768-b89a-d5083ad5a450,https://www.facebook.com/walkergreenscene
1006997,87b4577e-e26a-47a6-8a32-b6bd1a56c06b,
1006997,a2af1d35-6709-4551-a3a6-a161bfd74966,
1006997,f07ddbf1-8408-450e-bacb-174c1716fc81,
1019805,3232b375-3959-4e3a-9dd0-2c2d98cb1776,https://greenbeltfarmersmarket.org
1019805,268a80c2-c4ce-4768-b89a-d5083ad5a450,https://www.facebook.com/GreenbeltFarmersMarket/
1019805,87b4577e-e26a-47a6-8a32-b6bd1a56c06b,https://twitter.com/greenbeltfm
1019805,a2af1d35-6709-4551-a3a6-a161bfd74966,N/A
1019805,f07ddbf1-8408-450e-bacb-174c1716fc81,https://www.instagram.com/greenbelt.farmersmarket/
1019132,3232b375-3959-4e3a-9dd0-2c2d98cb1776,http://exploregreene.com/events/farmersmarket
1019132,268a80c2-c4ce-4768-b89a-d5083ad5a450,https://www.facebook.com/greenefarmersmarket/
1019132,87b4577e-e26a-47a6-8a32-b6bd1a56c06b,
1019132,a2af1d35-6709-4551-a3a6-a161bfd74966,
1019132,f07ddbf1-8408-450e-bacb-174c1716fc81,
1018472,3232b375-3959-4e3a-9dd0-2c2d98cb1776,http://www.gretnafarmersmarket.org
1018472,268a80c2-c4ce-4768-b89a-d5083ad5a450,Gretna Farmers' Market 
1018472,87b4577e-e26a-47a6-8a32-b6bd1a56c06b,
1018472,a2af1d35-6709-4551-a3a6-a161bfd74966,
1018472,f07ddbf1-8408-450e-bacb-174c1716fc81,www.gretnala.com
1021382,3232b375-3959-4e3a-9dd0-2c2d98cb1776,http://www.grinnellfarmersmarket.com
1021382,268a80c2-c4ce-4768-b89a-d5083ad5a450,facebook.com/grinnellfarmersmarket
1021382,87b4577e-e26a-47a6-8a32-b6bd1a56c06b,
1021382,a2af1d35-6709-4551-a3a6-a161bfd74966,
1021382,f07ddbf1-8408-450e-bacb-174c1716fc81,@grinnellfarmersmarket
1021536,3232b375-3959-4e3a-9dd0-2c2d98cb1776,https://www.grovefarm.com/grovefarmmarket
1021536,268a80c2-c4ce-4768-b89a-d5083ad5a450,https://www.facebook.com/GroveFarmMarket/
1021536,87b4577e-e26a-47a6-8a32-b6bd1a56c06b,
1021536,a2af1d35-6709-4551-a3a6-a161bfd74966,
1021536,f07ddbf1-8408-450e-bacb-174c1716fc81,https://www.instagram.com/grovefarmmarket/
1019088,3232b375-3959-4e3a-9dd0-2c2d98cb1776,http://www.GrowBatonRouge.com
1019088,268a80c2-c4ce-4768-b89a-d5083ad5a450,http://facebook.com/GrowBatonRouge
1019088,87b4577e-e26a-47a6-8a32-b6bd1a56c06b,
1019088,a2af1d35-6709-4551-a3a6-a161bfd74966,
1019088,f07ddbf1-8408-450e-bacb-174c1716fc81,
1021247,3232b375-3959-4e3a-9dd0-2c2d98cb1776,
1021247,268a80c2-c4ce-4768-b89a-d5083ad5a450,http://facebook.com/growingaugusta
1021247,87b4577e-e26a-47a6-8a32-b6bd1a56c06b,http://twitter.com/growingaugusta
1021247,a2af1d35-6709-4551-a3a6-a161bfd74966,https://www.youtube.com/channel/UCHc7WOK79WWDmzvRKhn9yew
1021247,f07ddbf1-8408-450e-bacb-174c1716fc81,http://instagram.com/growingaugusta
1018619,3232b375-3959-4e3a-9dd0-2c2d98cb1776,http://www.guttenbergiowa.net/farmers-market.html
1018619,268a80c2-c4ce-4768-b89a-d5083ad5a450,https://www.facebook.com/GuttenbergFarmersMarket/
1018619,87b4577e-e26a-47a6-8a32-b6bd1a56c06b,
1018619,a2af1d35-6709-4551-a3a6-a161bfd74966,
1018619,f07ddbf1-8408-450e-bacb-174c1716fc81,
1005265,3232b375-3959-4e3a-9dd0-2c2d98cb1776,http://www.honolulu.gov/parks/programs/pom
1005265,268a80c2-c4ce-4768-b89a-d5083ad5a450,
1005265,87b4577e-e26a-47a6-8a32-b6bd1a56c06b,
1005265,a2af1d35-6709-4551-a3a6-a161bfd74966,
1005265,f07ddbf1-8408-450e-bacb-174c1716fc81,
1001804,3232b375-3959-4e3a-9dd0-2c2d98cb1776,http://www.townofhalifax.com
1001804,268a80c2-c4ce-4768-b89a-d5083ad5a450,https://www.facebook.com/halifaxmarketplace
1001804,87b4577e-e26a-47a6-8a32-b6bd1a56c06b,
1001804,a2af1d35-6709-4551-a3a6-a161bfd74966,
1001804,f07ddbf1-8408-450e-bacb-174c1716fc81,
1021584,3232b375-3959-4e3a-9dd0-2c2d98cb1776,https://hpna.wildapricot.org/Farmers-Market
1021584,268a80c2-c4ce-4768-b89a-d5083ad5a450,https://www.facebook.com/hpnafmkt
1021584,87b4577e-e26a-47a6-8a32-b6bd1a56c06b,
1021584,a2af1d35-6709-4551-a3a6-a161bfd74966,
1021584,f07ddbf1-8408-450e-bacb-174c1716fc81,https://www.instagram.com/hamiltonparkfarmersmarket
1019673,3232b375-3959-4e3a-9dd0-2c2d98cb1776,http://www.hamiltonshistoricfarmersmarket.com
1019673,268a80c2-c4ce-4768-b89a-d5083ad5a450,Hamilton's Historic Farmer's Market
1019673,87b4577e-e26a-47a6-8a32-b6bd1a56c06b,
1019673,a2af1d35-6709-4551-a3a6-a161bfd74966,
1019673,f07ddbf1-8408-450e-bacb-174c1716fc81,
1018774,3232b375-3959-4e3a-9dd0-2c2d98cb1776,
1018774,268a80c2-c4ce-4768-b89a-d5083ad5a450,hammondsgrandsonsproduce
1018774,87b4577e-e26a-47a6-8a32-b6bd1a56c06b,
1018774,a2af1d35-6709-4551-a3a6-a161bfd74966,
1018774,f07ddbf1-8408-450e-bacb-174c1716fc81,
1019738,3232b375-3959-4e3a-9dd0-2c2d98cb1776,http://www.hampdenfarmersmarket.com/
1019738,268a80c2-c4ce-4768-b89a-d5083ad5a450,https://www.facebook.com/HampdenFarmersMarket/
1019738,87b4577e-e26a-47a6-8a32-b6bd1a56c06b,
1019738,a2af1d35-6709-4551-a3a6-a161bfd74966,
1019738,f07ddbf1-8408-450e-bacb-174c1716fc81,
1019209,3232b375-3959-4e3a-9dd0-2c2d98cb1776,https://www.hamptonblvdfarmersmarket.com
1019209,268a80c2-c4ce-4768-b89a-d5083ad5a450,https://www.facebook.com/hamptonblvdfarmersmarket/
1019209,87b4577e-e26a-47a6-8a32-b6bd1a56c06b,
1019209,a2af1d35-6709-4551-a3a6-a161bfd74966,
1019209,f07ddbf1-8408-450e-bacb-174c1716fc81,
1001597,3232b375-3959-4e3a-9dd0-2c2d98cb1776,
1001597,268a80c2-c4ce-4768-b89a-d5083ad5a450,
1001597,87b4577e-e26a-47a6-8a32-b6bd1a56c06b,
1001597,a2af1d35-6709-4551-a3a6-a161bfd74966,
1001597,f07ddbf1-8408-450e-bacb-174c1716fc81,
1021583,3232b375-3959-4e3a-9dd0-2c2d98cb1776,http://www.hanafarmersmarket.org
1021583,268a80c2-c4ce-4768-b89a-d5083ad5a450,HFUU Hana Chapter
1021583,87b4577e-e26a-47a6-8a32-b6bd1a56c06b,
1021583,a2af1d35-6709-4551-a3a6-a161bfd74966,
1021583,f07ddbf1-8408-450e-bacb-174c1716fc81,@hanafarmersmarket
1006425,3232b375-3959-4e3a-9dd0-2c2d98cb1776,http://halehalawai.org/
1006425,268a80c2-c4ce-4768-b89a-d5083ad5a450,https://www.facebook.com/hanaleifarmersmarket.halehalawai/
1006425,87b4577e-e26a-47a6-8a32-b6bd1a56c06b,
1006425,a2af1d35-6709-4551-a3a6-a161bfd74966,
1006425,f07ddbf1-8408-450e-bacb-174c1716fc81,instagram.com/hanalei_farmersmarket
1019065,3232b375-3959-4e3a-9dd0-2c2d98cb1776,https://hancockfarmmarket.wixsite.com/home
1019065,268a80c2-c4ce-4768-b89a-d5083ad5a450,@HancockCountyFarmersMarket
1019065,87b4577e-e26a-47a6-8a32-b6bd1a56c06b,
1019065,a2af1d35-6709-4551-a3a6-a161bfd74966,
1019065,f07ddbf1-8408-450e-bacb-174c1716fc81,
1019148,3232b375-3959-4e3a-9dd0-2c2d98cb1776,http://www.hanover-market.com
1019148,268a80c2-c4ce-4768-b89a-d5083ad5a450,www.Facebook.com/hanovermarket
1019148,87b4577e-e26a-47a6-8a32-b6bd1a56c06b,
1019148,a2af1d35-6709-4551-a3a6-a161bfd74966,
1019148,f07ddbf1-8408-450e-bacb-174c1716fc81,
1019533,3232b375-3959-4e3a-9dd0-2c2d98cb1776,
1019533,268a80c2-c4ce-4768-b89a-d5083ad5a450,
1019533,87b4577e-e26a-47a6-8a32-b6bd1a56c06b,
1019533,a2af1d35-6709-4551-a3a6-a161bfd74966,
1019533,f07ddbf1-8408-450e-bacb-174c1716fc81,
1019770,3232b375-3959-4e3a-9dd0-2c2d98cb1776,http://asiaohio.org 
1019770,268a80c2-c4ce-4768-b89a-d5083ad5a450,
1019770,87b4577e-e26a-47a6-8a32-b6bd1a56c06b,
1019770,a2af1d35-6709-4551-a3a6-a161bfd74966,
1019770,f07ddbf1-8408-450e-bacb-174c1716fc81,
1019154,3232b375-3959-4e3a-9dd0-2c2d98cb1776,
1019154,268a80c2-c4ce-4768-b89a-d5083ad5a450,HardyвЂ™s Farm Market
1019154,87b4577e-e26a-47a6-8a32-b6bd1a56c06b,
1019154,a2af1d35-6709-4551-a3a6-a161bfd74966,
1019154,f07ddbf1-8408-450e-bacb-174c1716fc81,
1018380,3232b375-3959-4e3a-9dd0-2c2d98cb1776,http://www.ci.harker-heights.tx.us/index.php/programs-a-events/farmers-market
1018380,268a80c2-c4ce-4768-b89a-d5083ad5a450,https://www.facebook.com/harkerheightspr/
1018380,87b4577e-e26a-47a6-8a32-b6bd1a56c06b,
1018380,a2af1d35-6709-4551-a3a6-a161bfd74966,
1018380,f07ddbf1-8408-450e-bacb-174c1716fc81,
1021696,3232b375-3959-4e3a-9dd0-2c2d98cb1776,http://www.harlingenfarmersmarket.com
1021696,268a80c2-c4ce-4768-b89a-d5083ad5a450,www.facebook.com/harlingenfarmersmarket
1021696,87b4577e-e26a-47a6-8a32-b6bd1a56c06b,
1021696,a2af1d35-6709-4551-a3a6-a161bfd74966,
1021696,f07ddbf1-8408-450e-bacb-174c1716fc81,www.instagram.com/harlingenfarmersmarket
1021555,3232b375-3959-4e3a-9dd0-2c2d98cb1776,http://www.harrisoncitymarket.com
1021555,268a80c2-c4ce-4768-b89a-d5083ad5a450,https://www.facebook.com/GardenGrillandGallery
1021555,87b4577e-e26a-47a6-8a32-b6bd1a56c06b,
1021555,a2af1d35-6709-4551-a3a6-a161bfd74966,
1021555,f07ddbf1-8408-450e-bacb-174c1716fc81,
1020122,3232b375-3959-4e3a-9dd0-2c2d98cb1776,
1020122,268a80c2-c4ce-4768-b89a-d5083ad5a450,https://www.facebook.com/hcfmky/
1020122,87b4577e-e26a-47a6-8a32-b6bd1a56c06b,
1020122,a2af1d35-6709-4551-a3a6-a161bfd74966,
1020122,f07ddbf1-8408-450e-bacb-174c1716fc81,
1020125,3232b375-3959-4e3a-9dd0-2c2d98cb1776,
1020125,268a80c2-c4ce-4768-b89a-d5083ad5a450,https://www.facebook.com/hcfmky/
1020125,87b4577e-e26a-47a6-8a32-b6bd1a56c06b,
1020125,a2af1d35-6709-4551-a3a6-a161bfd74966,
1020125,f07ddbf1-8408-450e-bacb-174c1716fc81,
1020107,3232b375-3959-4e3a-9dd0-2c2d98cb1776,
1020107,268a80c2-c4ce-4768-b89a-d5083ad5a450,https://www.facebook.com/Hart-County-Farmers-Market-112546692116875/
1020107,87b4577e-e26a-47a6-8a32-b6bd1a56c06b,
1020107,a2af1d35-6709-4551-a3a6-a161bfd74966,
1020107,f07ddbf1-8408-450e-bacb-174c1716fc81,
1011782,3232b375-3959-4e3a-9dd0-2c2d98cb1776,http://hartfordfarmersmarket.weebly.com/
1011782,268a80c2-c4ce-4768-b89a-d5083ad5a450,https://www.facebook.com/HartfordSDFarmersMarket/
1011782,87b4577e-e26a-47a6-8a32-b6bd1a56c06b,
1011782,a2af1d35-6709-4551-a3a6-a161bfd74966,
1011782,f07ddbf1-8408-450e-bacb-174c1716fc81,
1019383,3232b375-3959-4e3a-9dd0-2c2d98cb1776,
1019383,268a80c2-c4ce-4768-b89a-d5083ad5a450,
1019383,87b4577e-e26a-47a6-8a32-b6bd1a56c06b,
1019383,a2af1d35-6709-4551-a3a6-a161bfd74966,
1019383,f07ddbf1-8408-450e-bacb-174c1716fc81,
1019373,3232b375-3959-4e3a-9dd0-2c2d98cb1776,http://harvesthomefm.org
1019373,268a80c2-c4ce-4768-b89a-d5083ad5a450,
1019373,87b4577e-e26a-47a6-8a32-b6bd1a56c06b,
1019373,a2af1d35-6709-4551-a3a6-a161bfd74966,
1019373,f07ddbf1-8408-450e-bacb-174c1716fc81,
1019374,3232b375-3959-4e3a-9dd0-2c2d98cb1776,
1019374,268a80c2-c4ce-4768-b89a-d5083ad5a450,
1019374,87b4577e-e26a-47a6-8a32-b6bd1a56c06b,
1019374,a2af1d35-6709-4551-a3a6-a161bfd74966,
1019374,f07ddbf1-8408-450e-bacb-174c1716fc81,
1019366,3232b375-3959-4e3a-9dd0-2c2d98cb1776,
1019366,268a80c2-c4ce-4768-b89a-d5083ad5a450,
1019366,87b4577e-e26a-47a6-8a32-b6bd1a56c06b,
1019366,a2af1d35-6709-4551-a3a6-a161bfd74966,
1019366,f07ddbf1-8408-450e-bacb-174c1716fc81,
1019375,3232b375-3959-4e3a-9dd0-2c2d98cb1776,
1019375,268a80c2-c4ce-4768-b89a-d5083ad5a450,
1019375,87b4577e-e26a-47a6-8a32-b6bd1a56c06b,
1019375,a2af1d35-6709-4551-a3a6-a161bfd74966,
1019375,f07ddbf1-8408-450e-bacb-174c1716fc81,
1019380,3232b375-3959-4e3a-9dd0-2c2d98cb1776,
1019380,268a80c2-c4ce-4768-b89a-d5083ad5a450,
1019380,87b4577e-e26a-47a6-8a32-b6bd1a56c06b,
1019380,a2af1d35-6709-4551-a3a6-a161bfd74966,
1019380,f07ddbf1-8408-450e-bacb-174c1716fc81,
1019381,3232b375-3959-4e3a-9dd0-2c2d98cb1776,
1019381,268a80c2-c4ce-4768-b89a-d5083ad5a450,
1019381,87b4577e-e26a-47a6-8a32-b6bd1a56c06b,
1019381,a2af1d35-6709-4551-a3a6-a161bfd74966,
1019381,f07ddbf1-8408-450e-bacb-174c1716fc81,
1019377,3232b375-3959-4e3a-9dd0-2c2d98cb1776,
1019377,268a80c2-c4ce-4768-b89a-d5083ad5a450,
1019377,87b4577e-e26a-47a6-8a32-b6bd1a56c06b,
1019377,a2af1d35-6709-4551-a3a6-a161bfd74966,
1019377,f07ddbf1-8408-450e-bacb-174c1716fc81,
1019378,3232b375-3959-4e3a-9dd0-2c2d98cb1776,
1019378,268a80c2-c4ce-4768-b89a-d5083ad5a450,
1019378,87b4577e-e26a-47a6-8a32-b6bd1a56c06b,
1019378,a2af1d35-6709-4551-a3a6-a161bfd74966,
1019378,f07ddbf1-8408-450e-bacb-174c1716fc81,
1019376,3232b375-3959-4e3a-9dd0-2c2d98cb1776,
1019376,268a80c2-c4ce-4768-b89a-d5083ad5a450,
1019376,87b4577e-e26a-47a6-8a32-b6bd1a56c06b,
1019376,a2af1d35-6709-4551-a3a6-a161bfd74966,
1019376,f07ddbf1-8408-450e-bacb-174c1716fc81,
1019382,3232b375-3959-4e3a-9dd0-2c2d98cb1776,
1019382,268a80c2-c4ce-4768-b89a-d5083ad5a450,
1019382,87b4577e-e26a-47a6-8a32-b6bd1a56c06b,
1019382,a2af1d35-6709-4551-a3a6-a161bfd74966,
1019382,f07ddbf1-8408-450e-bacb-174c1716fc81,
1002339,3232b375-3959-4e3a-9dd0-2c2d98cb1776,http://harvesthomefm.org
1002339,268a80c2-c4ce-4768-b89a-d5083ad5a450,
1002339,87b4577e-e26a-47a6-8a32-b6bd1a56c06b,
1002339,a2af1d35-6709-4551-a3a6-a161bfd74966,
1002339,f07ddbf1-8408-450e-bacb-174c1716fc81,
1002335,3232b375-3959-4e3a-9dd0-2c2d98cb1776,http://www.harvesthomefm.org
1002335,268a80c2-c4ce-4768-b89a-d5083ad5a450,https://www.facebook.com/HarvestHomeMkts/
1002335,87b4577e-e26a-47a6-8a32-b6bd1a56c06b,https://twitter.com/HarvestHomeMkts
1002335,a2af1d35-6709-4551-a3a6-a161bfd74966,
1002335,f07ddbf1-8408-450e-bacb-174c1716fc81,https://www.instagram.com/harvesthomemkts/
1005332,3232b375-3959-4e3a-9dd0-2c2d98cb1776,
1005332,268a80c2-c4ce-4768-b89a-d5083ad5a450,
1005332,87b4577e-e26a-47a6-8a32-b6bd1a56c06b,
1005332,a2af1d35-6709-4551-a3a6-a161bfd74966,
1005332,f07ddbf1-8408-450e-bacb-174c1716fc81,
1019379,3232b375-3959-4e3a-9dd0-2c2d98cb1776,
1019379,268a80c2-c4ce-4768-b89a-d5083ad5a450,
1019379,87b4577e-e26a-47a6-8a32-b6bd1a56c06b,
1019379,a2af1d35-6709-4551-a3a6-a161bfd74966,
1019379,f07ddbf1-8408-450e-bacb-174c1716fc81,
1002345,3232b375-3959-4e3a-9dd0-2c2d98cb1776,
1002345,268a80c2-c4ce-4768-b89a-d5083ad5a450,
1002345,87b4577e-e26a-47a6-8a32-b6bd1a56c06b,
1002345,a2af1d35-6709-4551-a3a6-a161bfd74966,
1002345,f07ddbf1-8408-450e-bacb-174c1716fc81,
1009660,3232b375-3959-4e3a-9dd0-2c2d98cb1776,http://www.honoluluparks.com
1009660,268a80c2-c4ce-4768-b89a-d5083ad5a450,
1009660,87b4577e-e26a-47a6-8a32-b6bd1a56c06b,
1009660,a2af1d35-6709-4551-a3a6-a161bfd74966,
1009660,f07ddbf1-8408-450e-bacb-174c1716fc81,
1018282,3232b375-3959-4e3a-9dd0-2c2d98cb1776,http://haymakermarket.com/
1018282,268a80c2-c4ce-4768-b89a-d5083ad5a450,http://www.facebook.com/haymaker.farmers.market
1018282,87b4577e-e26a-47a6-8a32-b6bd1a56c06b,https://twitter.com/haymakermarket
1018282,a2af1d35-6709-4551-a3a6-a161bfd74966,
1018282,f07ddbf1-8408-450e-bacb-174c1716fc81,http://instagram.com/haymakerfarmersmarket
1020044,3232b375-3959-4e3a-9dd0-2c2d98cb1776,http://haymakermarket.com
1020044,268a80c2-c4ce-4768-b89a-d5083ad5a450,https://www.facebook.com/haymaker.farmers.market
1020044,87b4577e-e26a-47a6-8a32-b6bd1a56c06b,https://twitter.com/haymakermarket
1020044,a2af1d35-6709-4551-a3a6-a161bfd74966,
1020044,f07ddbf1-8408-450e-bacb-174c1716fc81,http://pinterest.com/haymakermarket
1021431,3232b375-3959-4e3a-9dd0-2c2d98cb1776,
1021431,268a80c2-c4ce-4768-b89a-d5083ad5a450,https://www.facebook.com/HealthwayParkFarmersMarket
1021431,87b4577e-e26a-47a6-8a32-b6bd1a56c06b,
1021431,a2af1d35-6709-4551-a3a6-a161bfd74966,
1021431,f07ddbf1-8408-450e-bacb-174c1716fc81,
1021671,3232b375-3959-4e3a-9dd0-2c2d98cb1776,https://healthynewalbany.org/farmers-market/
1021671,268a80c2-c4ce-4768-b89a-d5083ad5a450,https://www.facebook.com/hnafarmersmarket
1021671,87b4577e-e26a-47a6-8a32-b6bd1a56c06b,n/a
1021671,a2af1d35-6709-4551-a3a6-a161bfd74966,n/a
1021671,f07ddbf1-8408-450e-bacb-174c1716fc81,https://www.instagram.com/hnafarmersmarket
1021672,3232b375-3959-4e3a-9dd0-2c2d98cb1776,https://healthynewalbany.org/farmers-market/
1021672,268a80c2-c4ce-4768-b89a-d5083ad5a450,https://www.facebook.com/hnafarmersmarket
1021672,87b4577e-e26a-47a6-8a32-b6bd1a56c06b,n/a
1021672,a2af1d35-6709-4551-a3a6-a161bfd74966,n/a
1021672,f07ddbf1-8408-450e-bacb-174c1716fc81,https://www.instagram.com/hnafarmersmarket
1021211,3232b375-3959-4e3a-9dd0-2c2d98cb1776,http://www.rhhtfoundationinc.org
1021211,268a80c2-c4ce-4768-b89a-d5083ad5a450,https://www.facebook.com/RHHTFoundationinc
1021211,87b4577e-e26a-47a6-8a32-b6bd1a56c06b,
1021211,a2af1d35-6709-4551-a3a6-a161bfd74966,
1021211,f07ddbf1-8408-450e-bacb-174c1716fc81,
1019786,3232b375-3959-4e3a-9dd0-2c2d98cb1776,http://www.heberut.gov
1019786,268a80c2-c4ce-4768-b89a-d5083ad5a450,
1019786,87b4577e-e26a-47a6-8a32-b6bd1a56c06b,
1019786,a2af1d35-6709-4551-a3a6-a161bfd74966,
1019786,f07ddbf1-8408-450e-bacb-174c1716fc81,
1019757,3232b375-3959-4e3a-9dd0-2c2d98cb1776,https://www.weho.org/farmersmarket
1019757,268a80c2-c4ce-4768-b89a-d5083ad5a450,facebook.com/westhollywoodrec
1019757,87b4577e-e26a-47a6-8a32-b6bd1a56c06b,
1019757,a2af1d35-6709-4551-a3a6-a161bfd74966,
1019757,f07ddbf1-8408-450e-bacb-174c1716fc81,www.instagram.com/wehorec
1019192,3232b375-3959-4e3a-9dd0-2c2d98cb1776,http://www.hendersoncountytailgatemarket.com
1019192,268a80c2-c4ce-4768-b89a-d5083ad5a450,@hendersoncountytailgatemarket
1019192,87b4577e-e26a-47a6-8a32-b6bd1a56c06b,@hctgm
1019192,a2af1d35-6709-4551-a3a6-a161bfd74966,Henderson County Tailgate Market
1019192,f07ddbf1-8408-450e-bacb-174c1716fc81,Instagram
1019895,3232b375-3959-4e3a-9dd0-2c2d98cb1776,
1019895,268a80c2-c4ce-4768-b89a-d5083ad5a450,
1019895,87b4577e-e26a-47a6-8a32-b6bd1a56c06b,
1019895,a2af1d35-6709-4551-a3a6-a161bfd74966,
1019895,f07ddbf1-8408-450e-bacb-174c1716fc81,
1021286,3232b375-3959-4e3a-9dd0-2c2d98cb1776,
1021286,268a80c2-c4ce-4768-b89a-d5083ad5a450,Buller Gardens
1021286,87b4577e-e26a-47a6-8a32-b6bd1a56c06b,
1021286,a2af1d35-6709-4551-a3a6-a161bfd74966,
1021286,f07ddbf1-8408-450e-bacb-174c1716fc81,
1019802,3232b375-3959-4e3a-9dd0-2c2d98cb1776,
1019802,268a80c2-c4ce-4768-b89a-d5083ad5a450,@herefordfarmmarket
1019802,87b4577e-e26a-47a6-8a32-b6bd1a56c06b,
1019802,a2af1d35-6709-4551-a3a6-a161bfd74966,
1019802,f07ddbf1-8408-450e-bacb-174c1716fc81,
1021282,3232b375-3959-4e3a-9dd0-2c2d98cb1776,http://heritageacres.net
1021282,268a80c2-c4ce-4768-b89a-d5083ad5a450,@heritageacresfarm
1021282,87b4577e-e26a-47a6-8a32-b6bd1a56c06b,
1021282,a2af1d35-6709-4551-a3a6-a161bfd74966,
1021282,f07ddbf1-8408-450e-bacb-174c1716fc81,Instagram @heritageacresfarm
1020174,3232b375-3959-4e3a-9dd0-2c2d98cb1776,
1020174,268a80c2-c4ce-4768-b89a-d5083ad5a450,
1020174,87b4577e-e26a-47a6-8a32-b6bd1a56c06b,
1020174,a2af1d35-6709-4551-a3a6-a161bfd74966,
1020174,f07ddbf1-8408-450e-bacb-174c1716fc81,
1003684,3232b375-3959-4e3a-9dd0-2c2d98cb1776,http://www.heritagefarmersmarket.blogspot.com
1003684,268a80c2-c4ce-4768-b89a-d5083ad5a450,
1003684,87b4577e-e26a-47a6-8a32-b6bd1a56c06b,
1003684,a2af1d35-6709-4551-a3a6-a161bfd74966,
1003684,f07ddbf1-8408-450e-bacb-174c1716fc81,
1019234,3232b375-3959-4e3a-9dd0-2c2d98cb1776,https://www.whitemtncommunitycoop.com/
1019234,268a80c2-c4ce-4768-b89a-d5083ad5a450,https://www.facebook.com/groups/1881445965496016/
1019234,87b4577e-e26a-47a6-8a32-b6bd1a56c06b,
1019234,a2af1d35-6709-4551-a3a6-a161bfd74966,
1019234,f07ddbf1-8408-450e-bacb-174c1716fc81,
1006285,3232b375-3959-4e3a-9dd0-2c2d98cb1776,http://www.cityofhernando.org/farmersmarket
1006285,268a80c2-c4ce-4768-b89a-d5083ad5a450,https://www.facebook.com/pages/Hernando-Farmers-Market/
1006285,87b4577e-e26a-47a6-8a32-b6bd1a56c06b,
1006285,a2af1d35-6709-4551-a3a6-a161bfd74966,
1006285,f07ddbf1-8408-450e-bacb-174c1716fc81,
1019486,3232b375-3959-4e3a-9dd0-2c2d98cb1776,https://www.fairfaxcounty.gov/parks/farmersmarkets/herndon
1019486,268a80c2-c4ce-4768-b89a-d5083ad5a450,https://www.facebook.com/events/804594679906261/
1019486,87b4577e-e26a-47a6-8a32-b6bd1a56c06b,
1019486,a2af1d35-6709-4551-a3a6-a161bfd74966,
1019486,f07ddbf1-8408-450e-bacb-174c1716fc81,@fairfaxfarmmarkets
1021355,3232b375-3959-4e3a-9dd0-2c2d98cb1776,
1021355,268a80c2-c4ce-4768-b89a-d5083ad5a450,Good4Life Markets
1021355,87b4577e-e26a-47a6-8a32-b6bd1a56c06b,
1021355,a2af1d35-6709-4551-a3a6-a161bfd74966,
1021355,f07ddbf1-8408-450e-bacb-174c1716fc81,ig:@good4lifemarkets
1020026,3232b375-3959-4e3a-9dd0-2c2d98cb1776,
1020026,268a80c2-c4ce-4768-b89a-d5083ad5a450,www.facebook.com/hickorypointumcproducemarket
1020026,87b4577e-e26a-47a6-8a32-b6bd1a56c06b,
1020026,a2af1d35-6709-4551-a3a6-a161bfd74966,
1020026,f07ddbf1-8408-450e-bacb-174c1716fc81,
1019224,3232b375-3959-4e3a-9dd0-2c2d98cb1776,http://www.highdesertfarmersmarket.com
1019224,268a80c2-c4ce-4768-b89a-d5083ad5a450,High Desert Farmers Market
1019224,87b4577e-e26a-47a6-8a32-b6bd1a56c06b,
1019224,a2af1d35-6709-4551-a3a6-a161bfd74966,
1019224,f07ddbf1-8408-450e-bacb-174c1716fc81,
1019220,3232b375-3959-4e3a-9dd0-2c2d98cb1776,https://www.highpointnc.gov/1753/High-Point-Farmers-Market
1019220,268a80c2-c4ce-4768-b89a-d5083ad5a450,https://www.facebook.com/hpncfarmersmarket/
1019220,87b4577e-e26a-47a6-8a32-b6bd1a56c06b,
1019220,a2af1d35-6709-4551-a3a6-a161bfd74966,
1019220,f07ddbf1-8408-450e-bacb-174c1716fc81,https://www.instagram.com/highpointfarmersmarket/?hl=en
1012260,3232b375-3959-4e3a-9dd0-2c2d98cb1776,http://highspringsfarmersmarket.com
1012260,268a80c2-c4ce-4768-b89a-d5083ad5a450,fb.com/farmersmarkethighsprings
1012260,87b4577e-e26a-47a6-8a32-b6bd1a56c06b,
1012260,a2af1d35-6709-4551-a3a6-a161bfd74966,
1012260,f07ddbf1-8408-450e-bacb-174c1716fc81,
1006831,3232b375-3959-4e3a-9dd0-2c2d98cb1776,http://thehighlandcenter.org/farmers-market
1006831,268a80c2-c4ce-4768-b89a-d5083ad5a450,https://www.facebook.com/thehighlandcenter
1006831,87b4577e-e26a-47a6-8a32-b6bd1a56c06b,
1006831,a2af1d35-6709-4551-a3a6-a161bfd74966,
1006831,f07ddbf1-8408-450e-bacb-174c1716fc81,
1021327,3232b375-3959-4e3a-9dd0-2c2d98cb1776,http://denverfarmersmarket.com
1021327,268a80c2-c4ce-4768-b89a-d5083ad5a450,Metro Denver Farmers' Market
1021327,87b4577e-e26a-47a6-8a32-b6bd1a56c06b,
1021327,a2af1d35-6709-4551-a3a6-a161bfd74966,
1021327,f07ddbf1-8408-450e-bacb-174c1716fc81,
1018951,3232b375-3959-4e3a-9dd0-2c2d98cb1776,https://highway7market.wixsite.com/manson
1018951,268a80c2-c4ce-4768-b89a-d5083ad5a450,https://www.facebook.com/highway7market/
1018951,87b4577e-e26a-47a6-8a32-b6bd1a56c06b,
1018951,a2af1d35-6709-4551-a3a6-a161bfd74966,
1018951,f07ddbf1-8408-450e-bacb-174c1716fc81,
1019688,3232b375-3959-4e3a-9dd0-2c2d98cb1776,http://www.kressfarm.org
1019688,268a80c2-c4ce-4768-b89a-d5083ad5a450,
1019688,87b4577e-e26a-47a6-8a32-b6bd1a56c06b,
1019688,a2af1d35-6709-4551-a3a6-a161bfd74966,
1019688,f07ddbf1-8408-450e-bacb-174c1716fc81,
1019959,3232b375-3959-4e3a-9dd0-2c2d98cb1776,https://www.hillsboromarkets.org/
1019959,268a80c2-c4ce-4768-b89a-d5083ad5a450,https://www.facebook.com/hillsboromarkets/
1019959,87b4577e-e26a-47a6-8a32-b6bd1a56c06b,https://twitter.com/home
1019959,a2af1d35-6709-4551-a3a6-a161bfd74966,
1019959,f07ddbf1-8408-450e-bacb-174c1716fc81,https://www.instagram.com/hillsboromarkets/
1019962,3232b375-3959-4e3a-9dd0-2c2d98cb1776,https://www.hillsboromarkets.org/
1019962,268a80c2-c4ce-4768-b89a-d5083ad5a450,https://www.facebook.com/hillsboromarkets/
1019962,87b4577e-e26a-47a6-8a32-b6bd1a56c06b,https://twitter.com/HFMkt
1019962,a2af1d35-6709-4551-a3a6-a161bfd74966,
1019962,f07ddbf1-8408-450e-bacb-174c1716fc81,https://www.instagram.com/hillsboromarkets/
1021249,3232b375-3959-4e3a-9dd0-2c2d98cb1776,http://www.hillsdalefarmersmarket.com
1021249,268a80c2-c4ce-4768-b89a-d5083ad5a450,https://www.facebook.com/HillsdaleFM/
1021249,87b4577e-e26a-47a6-8a32-b6bd1a56c06b,https://twitter.com/HillsdaleFM
1021249,a2af1d35-6709-4551-a3a6-a161bfd74966,https://www.instagram.com/hillsdalefm/
1021249,f07ddbf1-8408-450e-bacb-174c1716fc81,
1019669,3232b375-3959-4e3a-9dd0-2c2d98cb1776,
1019669,268a80c2-c4ce-4768-b89a-d5083ad5a450,https://www.facebook.com/hinesvillefarmersmarket/?ref=aymt_homepage_panel&eid=ARD0szjrieT0U1nAUmLT5Gyh_giCODZ5TaoqN9AkJlW3lxm6eodoZSI-q1j5Dest8KQiuY-mukmFMDXS
1019669,87b4577e-e26a-47a6-8a32-b6bd1a56c06b,
1019669,a2af1d35-6709-4551-a3a6-a161bfd74966,
1019669,f07ddbf1-8408-450e-bacb-174c1716fc81,
1008020,3232b375-3959-4e3a-9dd0-2c2d98cb1776,http://www.hinghamfarmersmarket.org
1008020,268a80c2-c4ce-4768-b89a-d5083ad5a450,https://www.facebook.com/pages/Hingham-Farmers-Market/129956870371803
1008020,87b4577e-e26a-47a6-8a32-b6bd1a56c06b,
1008020,a2af1d35-6709-4551-a3a6-a161bfd74966,
1008020,f07ddbf1-8408-450e-bacb-174c1716fc81,
1005076,3232b375-3959-4e3a-9dd0-2c2d98cb1776,http://www.hinsdalechamber.com
1005076,268a80c2-c4ce-4768-b89a-d5083ad5a450,
1005076,87b4577e-e26a-47a6-8a32-b6bd1a56c06b,
1005076,a2af1d35-6709-4551-a3a6-a161bfd74966,
1005076,f07ddbf1-8408-450e-bacb-174c1716fc81,
1019330,3232b375-3959-4e3a-9dd0-2c2d98cb1776,http://hotspringsfarmermarket.com
1019330,268a80c2-c4ce-4768-b89a-d5083ad5a450,facebook.com/hotspringsfarmersmarket
1019330,87b4577e-e26a-47a6-8a32-b6bd1a56c06b,twitter.com/hs_farmersmkt
1019330,a2af1d35-6709-4551-a3a6-a161bfd74966,
1019330,f07ddbf1-8408-450e-bacb-174c1716fc81,
1021208,3232b375-3959-4e3a-9dd0-2c2d98cb1776,https://jcdowntown.org/events/farmers-market
1021208,268a80c2-c4ce-4768-b89a-d5083ad5a450,https://www.facebook.com/downtownjcfarmersmarket/
1021208,87b4577e-e26a-47a6-8a32-b6bd1a56c06b,https://twitter.com/DowntownHDSID
1021208,a2af1d35-6709-4551-a3a6-a161bfd74966,https://www.youtube.com/user/JCHDSID
1021208,f07ddbf1-8408-450e-bacb-174c1716fc81,Instagram: https://www.instagram.com/hdsid_jc/?hl=en
1010937,3232b375-3959-4e3a-9dd0-2c2d98cb1776,http://www.historicfarmersmarketoflapeer.com 
1010937,268a80c2-c4ce-4768-b89a-d5083ad5a450,Historic Farmers Market of Lapeer
1010937,87b4577e-e26a-47a6-8a32-b6bd1a56c06b,
1010937,a2af1d35-6709-4551-a3a6-a161bfd74966,
1010937,f07ddbf1-8408-450e-bacb-174c1716fc81,Facebook/Historic Farmers Market of Lapeer
1021533,3232b375-3959-4e3a-9dd0-2c2d98cb1776,http://www.LafayetteFarmersMarket.com
1021533,268a80c2-c4ce-4768-b89a-d5083ad5a450,www.facebook.com/lafayettefarmersmarket
1021533,87b4577e-e26a-47a6-8a32-b6bd1a56c06b,
1021533,a2af1d35-6709-4551-a3a6-a161bfd74966,
1021533,f07ddbf1-8408-450e-bacb-174c1716fc81,www.instagram.com/historiclafayettefarmersmarket
1021509,3232b375-3959-4e3a-9dd0-2c2d98cb1776,http://www.historiclewesfarmersmarket.org
1021509,268a80c2-c4ce-4768-b89a-d5083ad5a450,https://www.facebook.com/historiclewesfarmersmarket/
1021509,87b4577e-e26a-47a6-8a32-b6bd1a56c06b,
1021509,a2af1d35-6709-4551-a3a6-a161bfd74966,
1021509,f07ddbf1-8408-450e-bacb-174c1716fc81,
1021511,3232b375-3959-4e3a-9dd0-2c2d98cb1776,http://www.historiclewesfarmersmarket.org
1021511,268a80c2-c4ce-4768-b89a-d5083ad5a450,https://www.facebook.com/historiclewesfarmersmarket/
1021511,87b4577e-e26a-47a6-8a32-b6bd1a56c06b,
1021511,a2af1d35-6709-4551-a3a6-a161bfd74966,
1021511,f07ddbf1-8408-450e-bacb-174c1716fc81,
1021512,3232b375-3959-4e3a-9dd0-2c2d98cb1776,http://www.historiclewesfarmersmarket.org
1021512,268a80c2-c4ce-4768-b89a-d5083ad5a450,https://www.facebook.com/historiclewesfarmersmarket/
1021512,87b4577e-e26a-47a6-8a32-b6bd1a56c06b,
1021512,a2af1d35-6709-4551-a3a6-a161bfd74966,
1021512,f07ddbf1-8408-450e-bacb-174c1716fc81,
1021516,3232b375-3959-4e3a-9dd0-2c2d98cb1776,
1021516,268a80c2-c4ce-4768-b89a-d5083ad5a450,https://www.facebook.com/historiclewesfarmersmarket
1021516,87b4577e-e26a-47a6-8a32-b6bd1a56c06b,
1021516,a2af1d35-6709-4551-a3a6-a161bfd74966,
1021516,f07ddbf1-8408-450e-bacb-174c1716fc81,https://www.instagram.com/historiclewesfarmersmarket/?hl=en
1011761,3232b375-3959-4e3a-9dd0-2c2d98cb1776,
1011761,268a80c2-c4ce-4768-b89a-d5083ad5a450,mariontailgatemarket
1011761,87b4577e-e26a-47a6-8a32-b6bd1a56c06b,marionevents
1011761,a2af1d35-6709-4551-a3a6-a161bfd74966,marionevents
1011761,f07ddbf1-8408-450e-bacb-174c1716fc81,marionbizassociation
1018972,3232b375-3959-4e3a-9dd0-2c2d98cb1776,http://newburghfarmersmarket.org
1018972,268a80c2-c4ce-4768-b89a-d5083ad5a450,facebook.com/newburghfarmersmarket
1018972,87b4577e-e26a-47a6-8a32-b6bd1a56c06b,@marketnewburgh
1018972,a2af1d35-6709-4551-a3a6-a161bfd74966,
1018972,f07ddbf1-8408-450e-bacb-174c1716fc81,Instagram: @newburghfarmersmarket
1008980,3232b375-3959-4e3a-9dd0-2c2d98cb1776,
1008980,268a80c2-c4ce-4768-b89a-d5083ad5a450,https://www.facebook.com/holdenmarket
1008980,87b4577e-e26a-47a6-8a32-b6bd1a56c06b,
1008980,a2af1d35-6709-4551-a3a6-a161bfd74966,
1008980,f07ddbf1-8408-450e-bacb-174c1716fc81,
1021547,3232b375-3959-4e3a-9dd0-2c2d98cb1776,
1021547,268a80c2-c4ce-4768-b89a-d5083ad5a450,https://www.facebook.com/HollidaysburgFarmersMarket
1021547,87b4577e-e26a-47a6-8a32-b6bd1a56c06b,
1021547,a2af1d35-6709-4551-a3a6-a161bfd74966,
1021547,f07ddbf1-8408-450e-bacb-174c1716fc81,
1019302,3232b375-3959-4e3a-9dd0-2c2d98cb1776,http://www.hollyfarmersmarket.weebly.com
1019302,268a80c2-c4ce-4768-b89a-d5083ad5a450,www.facebook.com/HollyFarmers
1019302,87b4577e-e26a-47a6-8a32-b6bd1a56c06b,
1019302,a2af1d35-6709-4551-a3a6-a161bfd74966,
1019302,f07ddbf1-8408-450e-bacb-174c1716fc81,
1018853,3232b375-3959-4e3a-9dd0-2c2d98cb1776,
1018853,268a80c2-c4ce-4768-b89a-d5083ad5a450,https://www.facebook.com/hsfarmersmarket/
1018853,87b4577e-e26a-47a6-8a32-b6bd1a56c06b,https://twitter.com/HSFarmersMarket
1018853,a2af1d35-6709-4551-a3a6-a161bfd74966,
1018853,f07ddbf1-8408-450e-bacb-174c1716fc81,
1021229,3232b375-3959-4e3a-9dd0-2c2d98cb1776,https://seela.org/markets-hollywood/
1021229,268a80c2-c4ce-4768-b89a-d5083ad5a450,
1021229,87b4577e-e26a-47a6-8a32-b6bd1a56c06b,
1021229,a2af1d35-6709-4551-a3a6-a161bfd74966,
1021229,f07ddbf1-8408-450e-bacb-174c1716fc81,https://www.instagram.com/thehfm/
1018458,3232b375-3959-4e3a-9dd0-2c2d98cb1776,http://homegrownfarmmarket.webs.com
1018458,268a80c2-c4ce-4768-b89a-d5083ad5a450,https://www.facebook.com/homegrownfarmmarket
1018458,87b4577e-e26a-47a6-8a32-b6bd1a56c06b,
1018458,a2af1d35-6709-4551-a3a6-a161bfd74966,
1018458,f07ddbf1-8408-450e-bacb-174c1716fc81,
1007267,3232b375-3959-4e3a-9dd0-2c2d98cb1776,http://www.homerfarmersmarket.org
1007267,268a80c2-c4ce-4768-b89a-d5083ad5a450,https://www.facebook.com/homerakfarmersmarket/
1007267,87b4577e-e26a-47a6-8a32-b6bd1a56c06b,
1007267,a2af1d35-6709-4551-a3a6-a161bfd74966,
1007267,f07ddbf1-8408-450e-bacb-174c1716fc81,
1009663,3232b375-3959-4e3a-9dd0-2c2d98cb1776,http://www.homesweethomewood.com
1009663,268a80c2-c4ce-4768-b89a-d5083ad5a450,https://www.facebook.com/VillageofHomewood
1009663,87b4577e-e26a-47a6-8a32-b6bd1a56c06b,
1009663,a2af1d35-6709-4551-a3a6-a161bfd74966,
1009663,f07ddbf1-8408-450e-bacb-174c1716fc81,
1012076,3232b375-3959-4e3a-9dd0-2c2d98cb1776,http://www.gorgegrown.com
1012076,268a80c2-c4ce-4768-b89a-d5083ad5a450,https://www.facebook.com/HoodRiverFarmersMarket
1012076,87b4577e-e26a-47a6-8a32-b6bd1a56c06b,
1012076,a2af1d35-6709-4551-a3a6-a161bfd74966,
1012076,f07ddbf1-8408-450e-bacb-174c1716fc81,@HoodRiverFarmersMarket
1019819,3232b375-3959-4e3a-9dd0-2c2d98cb1776,
1019819,268a80c2-c4ce-4768-b89a-d5083ad5a450,Hoodland Farmers Market
1019819,87b4577e-e26a-47a6-8a32-b6bd1a56c06b,
1019819,a2af1d35-6709-4551-a3a6-a161bfd74966,
1019819,f07ddbf1-8408-450e-bacb-174c1716fc81,Hoodland Farmers Market (Instagram)
1021705,3232b375-3959-4e3a-9dd0-2c2d98cb1776,https://makefoodyourbusiness.org/markets/
1021705,268a80c2-c4ce-4768-b89a-d5083ad5a450,https://www.facebook.com/HopeandMain
1021705,87b4577e-e26a-47a6-8a32-b6bd1a56c06b,
1021705,a2af1d35-6709-4551-a3a6-a161bfd74966,
1021705,f07ddbf1-8408-450e-bacb-174c1716fc81,https://www.instagram.com/hopemain/
1021711,3232b375-3959-4e3a-9dd0-2c2d98cb1776,http://www.hopestreetmarket.com
1021711,268a80c2-c4ce-4768-b89a-d5083ad5a450,http://www.facebook.com/HopeStFarmersMkt
1021711,87b4577e-e26a-47a6-8a32-b6bd1a56c06b,
1021711,a2af1d35-6709-4551-a3a6-a161bfd74966,
1021711,f07ddbf1-8408-450e-bacb-174c1716fc81,http://www.instagram.com/hopestreetmarket
1012041,3232b375-3959-4e3a-9dd0-2c2d98cb1776,http://www.hopkinsfarmersmarket.com
1012041,268a80c2-c4ce-4768-b89a-d5083ad5a450,www.facebook.com/hopkinsfarmersmarket
1012041,87b4577e-e26a-47a6-8a32-b6bd1a56c06b,
1012041,a2af1d35-6709-4551-a3a6-a161bfd74966,
1012041,f07ddbf1-8408-450e-bacb-174c1716fc81,
1020100,3232b375-3959-4e3a-9dd0-2c2d98cb1776,http://www.hopkinsvilleky.us/visitors/historic_hopkinsville/downtown_farmers_market/index.php
1020100,268a80c2-c4ce-4768-b89a-d5083ad5a450,https://www.facebook.com/HopkinsvilleDowntownFarmersMarket/
1020100,87b4577e-e26a-47a6-8a32-b6bd1a56c06b,
1020100,a2af1d35-6709-4551-a3a6-a161bfd74966,
1020100,f07ddbf1-8408-450e-bacb-174c1716fc81,
1008366,3232b375-3959-4e3a-9dd0-2c2d98cb1776,http://www.hopkintonfarmersmarket.com
1008366,268a80c2-c4ce-4768-b89a-d5083ad5a450,https://www.facebook.com/HopkintonFarmersMarket
1008366,87b4577e-e26a-47a6-8a32-b6bd1a56c06b,
1008366,a2af1d35-6709-4551-a3a6-a161bfd74966,
1008366,f07ddbf1-8408-450e-bacb-174c1716fc81,
1019313,3232b375-3959-4e3a-9dd0-2c2d98cb1776,
1019313,268a80c2-c4ce-4768-b89a-d5083ad5a450,www.facebook.com/soakinlocalfood
1019313,87b4577e-e26a-47a6-8a32-b6bd1a56c06b,
1019313,a2af1d35-6709-4551-a3a6-a161bfd74966,
1019313,f07ddbf1-8408-450e-bacb-174c1716fc81,
1018200,3232b375-3959-4e3a-9dd0-2c2d98cb1776,http://Hubcityfm.org
1018200,268a80c2-c4ce-4768-b89a-d5083ad5a450,@HubCityFM
1018200,87b4577e-e26a-47a6-8a32-b6bd1a56c06b,@HubCityFM
1018200,a2af1d35-6709-4551-a3a6-a161bfd74966,
1018200,f07ddbf1-8408-450e-bacb-174c1716fc81,
1005674,3232b375-3959-4e3a-9dd0-2c2d98cb1776,http://www.hudsonfarmersmarketny.com
1005674,268a80c2-c4ce-4768-b89a-d5083ad5a450,https://www.facebook.com/hudson.markt
1005674,87b4577e-e26a-47a6-8a32-b6bd1a56c06b,
1005674,a2af1d35-6709-4551-a3a6-a161bfd74966,
1005674,f07ddbf1-8408-450e-bacb-174c1716fc81,
1018152,3232b375-3959-4e3a-9dd0-2c2d98cb1776,http://greatbiggreenhouse.com
1018152,268a80c2-c4ce-4768-b89a-d5083ad5a450,Huguenot-Robious Farmers Market
1018152,87b4577e-e26a-47a6-8a32-b6bd1a56c06b,
1018152,a2af1d35-6709-4551-a3a6-a161bfd74966,
1018152,f07ddbf1-8408-450e-bacb-174c1716fc81,
1019990,3232b375-3959-4e3a-9dd0-2c2d98cb1776,http://Great Big Greenhouse.com
1019990,268a80c2-c4ce-4768-b89a-d5083ad5a450,Huguenot-Robious Farmers Market
1019990,87b4577e-e26a-47a6-8a32-b6bd1a56c06b,
1019990,a2af1d35-6709-4551-a3a6-a161bfd74966,
1019990,f07ddbf1-8408-450e-bacb-174c1716fc81,
1021610,3232b375-3959-4e3a-9dd0-2c2d98cb1776,http://www.carbondalemarket.com/
1021610,268a80c2-c4ce-4768-b89a-d5083ad5a450,https://www.facebook.com/communityfarmersmarket
1021610,87b4577e-e26a-47a6-8a32-b6bd1a56c06b,
1021610,a2af1d35-6709-4551-a3a6-a161bfd74966,
1021610,f07ddbf1-8408-450e-bacb-174c1716fc81,https://www.instagram.com/carbondalemarket/
1021612,3232b375-3959-4e3a-9dd0-2c2d98cb1776,https://humpdayfarmersmarket.com/
1021612,268a80c2-c4ce-4768-b89a-d5083ad5a450,https://www.facebook.com/Humpday-Farmers-Market-101574485558655
1021612,87b4577e-e26a-47a6-8a32-b6bd1a56c06b,
1021612,a2af1d35-6709-4551-a3a6-a161bfd74966,
1021612,f07ddbf1-8408-450e-bacb-174c1716fc81,https://www.instagram.com/carbondalehdfm/
1019056,3232b375-3959-4e3a-9dd0-2c2d98cb1776,http://www.hunterdonlandtrust.org
1019056,268a80c2-c4ce-4768-b89a-d5083ad5a450,https://www.facebook.com/HunterdonLandTrust
1019056,87b4577e-e26a-47a6-8a32-b6bd1a56c06b,
1019056,a2af1d35-6709-4551-a3a6-a161bfd74966,
1019056,f07ddbf1-8408-450e-bacb-174c1716fc81,
1010598,3232b375-3959-4e3a-9dd0-2c2d98cb1776,https://www.huntingdonfarmersmarket.org/
1010598,268a80c2-c4ce-4768-b89a-d5083ad5a450,https://www.facebook.com/HuntFarmMarket
1010598,87b4577e-e26a-47a6-8a32-b6bd1a56c06b,
1010598,a2af1d35-6709-4551-a3a6-a161bfd74966,
1010598,f07ddbf1-8408-450e-bacb-174c1716fc81,
1021268,3232b375-3959-4e3a-9dd0-2c2d98cb1776,http://www.huntley.il.us
1021268,268a80c2-c4ce-4768-b89a-d5083ad5a450,https://www.facebook.com/huntleyfarmersmarket
1021268,87b4577e-e26a-47a6-8a32-b6bd1a56c06b,
1021268,a2af1d35-6709-4551-a3a6-a161bfd74966,VILLAGE OF HUNTLEY
1021268,f07ddbf1-8408-450e-bacb-174c1716fc81,
1019586,3232b375-3959-4e3a-9dd0-2c2d98cb1776,http://www.huttotx.gov
1019586,268a80c2-c4ce-4768-b89a-d5083ad5a450,Downtown Huto
1019586,87b4577e-e26a-47a6-8a32-b6bd1a56c06b,N/A
1019586,a2af1d35-6709-4551-a3a6-a161bfd74966,N/A
1019586,f07ddbf1-8408-450e-bacb-174c1716fc81,Instagram @dwntwnhutto
1021635,3232b375-3959-4e3a-9dd0-2c2d98cb1776,HTTPS://www.Facebook.com/Hwy80Produce 
1021635,268a80c2-c4ce-4768-b89a-d5083ad5a450,Hwy80Produce 
1021635,87b4577e-e26a-47a6-8a32-b6bd1a56c06b,Hwy80Produce 
1021635,a2af1d35-6709-4551-a3a6-a161bfd74966,
1021635,f07ddbf1-8408-450e-bacb-174c1716fc81,
1011325,3232b375-3959-4e3a-9dd0-2c2d98cb1776,http://www.hyattsville.org/farmersmarket
1011325,268a80c2-c4ce-4768-b89a-d5083ad5a450,www.facebook.com/hyattsville-farmers-market
1011325,87b4577e-e26a-47a6-8a32-b6bd1a56c06b,
1011325,a2af1d35-6709-4551-a3a6-a161bfd74966,
1011325,f07ddbf1-8408-450e-bacb-174c1716fc81,@hyattsville_farmers_market
1021703,3232b375-3959-4e3a-9dd0-2c2d98cb1776,http://www.HydeParkFarmersMarket.com
1021703,268a80c2-c4ce-4768-b89a-d5083ad5a450,https://www.facebook.com/HydeParkFarmersMarket/
1021703,87b4577e-e26a-47a6-8a32-b6bd1a56c06b,https://twitter.com/hpfarmersmarket
1021703,a2af1d35-6709-4551-a3a6-a161bfd74966,
1021703,f07ddbf1-8408-450e-bacb-174c1716fc81,https://www.instagram.com/hydeparkfarmersmarket
1012621,3232b375-3959-4e3a-9dd0-2c2d98cb1776,http://www.idafarmersmarket.com
1012621,268a80c2-c4ce-4768-b89a-d5083ad5a450,Ida Area Farmers Market
1012621,87b4577e-e26a-47a6-8a32-b6bd1a56c06b,
1012621,a2af1d35-6709-4551-a3a6-a161bfd74966,
1012621,f07ddbf1-8408-450e-bacb-174c1716fc81,
1006417,3232b375-3959-4e3a-9dd0-2c2d98cb1776,http://www.idahofallsfarmersmarket.org/
1006417,268a80c2-c4ce-4768-b89a-d5083ad5a450,https://www.facebook.com/pages/Idaho-Falls-Farmers-Market/83193557893
1006417,87b4577e-e26a-47a6-8a32-b6bd1a56c06b,
1006417,a2af1d35-6709-4551-a3a6-a161bfd74966,
1006417,f07ddbf1-8408-450e-bacb-174c1716fc81,
1005080,3232b375-3959-4e3a-9dd0-2c2d98cb1776,http://www.icdda.com
1005080,268a80c2-c4ce-4768-b89a-d5083ad5a450,https://www.facebook.com/pages/Imlay-City-Farmers-Market/215845188439242
1005080,87b4577e-e26a-47a6-8a32-b6bd1a56c06b,
1005080,a2af1d35-6709-4551-a3a6-a161bfd74966,
1005080,f07ddbf1-8408-450e-bacb-174c1716fc81,
1020136,3232b375-3959-4e3a-9dd0-2c2d98cb1776,
1020136,268a80c2-c4ce-4768-b89a-d5083ad5a450,
1020136,87b4577e-e26a-47a6-8a32-b6bd1a56c06b,
1020136,a2af1d35-6709-4551-a3a6-a161bfd74966,
1020136,f07ddbf1-8408-450e-bacb-174c1716fc81,
1019011,3232b375-3959-4e3a-9dd0-2c2d98cb1776,
1019011,268a80c2-c4ce-4768-b89a-d5083ad5a450,https://www.facebook.com/indeefarmersmarket/
1019011,87b4577e-e26a-47a6-8a32-b6bd1a56c06b,
1019011,a2af1d35-6709-4551-a3a6-a161bfd74966,
1019011,f07ddbf1-8408-450e-bacb-174c1716fc81,
1019236,3232b375-3959-4e3a-9dd0-2c2d98cb1776,http://independenceuptownmarket.com
1019236,268a80c2-c4ce-4768-b89a-d5083ad5a450,
1019236,87b4577e-e26a-47a6-8a32-b6bd1a56c06b,
1019236,a2af1d35-6709-4551-a3a6-a161bfd74966,
1019236,f07ddbf1-8408-450e-bacb-174c1716fc81,
1018772,3232b375-3959-4e3a-9dd0-2c2d98cb1776,
1018772,268a80c2-c4ce-4768-b89a-d5083ad5a450,Indian Lake Community Farmers Market
1018772,87b4577e-e26a-47a6-8a32-b6bd1a56c06b,
1018772,a2af1d35-6709-4551-a3a6-a161bfd74966,
1018772,f07ddbf1-8408-450e-bacb-174c1716fc81,
1019861,3232b375-3959-4e3a-9dd0-2c2d98cb1776,https://indianafarmmarket.blogspot.com/
1019861,268a80c2-c4ce-4768-b89a-d5083ad5a450,https://www.facebook.com/indianafarmmarket/
1019861,87b4577e-e26a-47a6-8a32-b6bd1a56c06b,
1019861,a2af1d35-6709-4551-a3a6-a161bfd74966,
1019861,f07ddbf1-8408-450e-bacb-174c1716fc81,
1004384,3232b375-3959-4e3a-9dd0-2c2d98cb1776,http://www.cityofionia.org
1004384,268a80c2-c4ce-4768-b89a-d5083ad5a450,
1004384,87b4577e-e26a-47a6-8a32-b6bd1a56c06b,
1004384,a2af1d35-6709-4551-a3a6-a161bfd74966,
1004384,f07ddbf1-8408-450e-bacb-174c1716fc81,
1012626,3232b375-3959-4e3a-9dd0-2c2d98cb1776,
1012626,268a80c2-c4ce-4768-b89a-d5083ad5a450,
1012626,87b4577e-e26a-47a6-8a32-b6bd1a56c06b,
1012626,a2af1d35-6709-4551-a3a6-a161bfd74966,
1012626,f07ddbf1-8408-450e-bacb-174c1716fc81,
1019340,3232b375-3959-4e3a-9dd0-2c2d98cb1776,http://Isabahlialoefinc.org
1019340,268a80c2-c4ce-4768-b89a-d5083ad5a450,Isabahlia ladies of Elegance Foundation Inc
1019340,87b4577e-e26a-47a6-8a32-b6bd1a56c06b,Isabahlialoef
1019340,a2af1d35-6709-4551-a3a6-a161bfd74966,
1019340,f07ddbf1-8408-450e-bacb-174c1716fc81,
1003680,3232b375-3959-4e3a-9dd0-2c2d98cb1776,http://www.issaquahwa.gov/market
1003680,268a80c2-c4ce-4768-b89a-d5083ad5a450,
1003680,87b4577e-e26a-47a6-8a32-b6bd1a56c06b,
1003680,a2af1d35-6709-4551-a3a6-a161bfd74966,
1003680,f07ddbf1-8408-450e-bacb-174c1716fc81,
1001641,3232b375-3959-4e3a-9dd0-2c2d98cb1776,
1001641,268a80c2-c4ce-4768-b89a-d5083ad5a450,
1001641,87b4577e-e26a-47a6-8a32-b6bd1a56c06b,
1001641,a2af1d35-6709-4551-a3a6-a161bfd74966,
1001641,f07ddbf1-8408-450e-bacb-174c1716fc81,
1004380,3232b375-3959-4e3a-9dd0-2c2d98cb1776,
1004380,268a80c2-c4ce-4768-b89a-d5083ad5a450,https://www.facebook.com/BullerGardens
1004380,87b4577e-e26a-47a6-8a32-b6bd1a56c06b,
1004380,a2af1d35-6709-4551-a3a6-a161bfd74966,
1004380,f07ddbf1-8408-450e-bacb-174c1716fc81,
1006376,3232b375-3959-4e3a-9dd0-2c2d98cb1776,
1006376,268a80c2-c4ce-4768-b89a-d5083ad5a450,https://www.facebook.com/Jackalope-Square-Farmers-Market-1336784669703622
1006376,87b4577e-e26a-47a6-8a32-b6bd1a56c06b,
1006376,a2af1d35-6709-4551-a3a6-a161bfd74966,
1006376,f07ddbf1-8408-450e-bacb-174c1716fc81,http://www.seewhatconversecando.com/
1018907,3232b375-3959-4e3a-9dd0-2c2d98cb1776,
1018907,268a80c2-c4ce-4768-b89a-d5083ad5a450,Jackson Farmers Market
1018907,87b4577e-e26a-47a6-8a32-b6bd1a56c06b,
1018907,a2af1d35-6709-4551-a3a6-a161bfd74966,
1018907,f07ddbf1-8408-450e-bacb-174c1716fc81,
1018343,3232b375-3959-4e3a-9dd0-2c2d98cb1776,http://www.jcfarmmarket.org/
1018343,268a80c2-c4ce-4768-b89a-d5083ad5a450,https://www.facebook.com/brf.wi/
1018343,87b4577e-e26a-47a6-8a32-b6bd1a56c06b,
1018343,a2af1d35-6709-4551-a3a6-a161bfd74966,
1018343,f07ddbf1-8408-450e-bacb-174c1716fc81,https://www.instagram.com/jcfarmmarket/
1020106,3232b375-3959-4e3a-9dd0-2c2d98cb1776,
1020106,268a80c2-c4ce-4768-b89a-d5083ad5a450,
1020106,87b4577e-e26a-47a6-8a32-b6bd1a56c06b,
1020106,a2af1d35-6709-4551-a3a6-a161bfd74966,
1020106,f07ddbf1-8408-450e-bacb-174c1716fc81,
1020108,3232b375-3959-4e3a-9dd0-2c2d98cb1776,
1020108,268a80c2-c4ce-4768-b89a-d5083ad5a450,
1020108,87b4577e-e26a-47a6-8a32-b6bd1a56c06b,
1020108,a2af1d35-6709-4551-a3a6-a161bfd74966,
1020108,f07ddbf1-8408-450e-bacb-174c1716fc81,
1019263,3232b375-3959-4e3a-9dd0-2c2d98cb1776,http://www.jacksoncountyfarmersmarket.org
1019263,268a80c2-c4ce-4768-b89a-d5083ad5a450,www.facebook.com/thegloriousjacksoncountyfarmersmarket
1019263,87b4577e-e26a-47a6-8a32-b6bd1a56c06b,
1019263,a2af1d35-6709-4551-a3a6-a161bfd74966,
1019263,f07ddbf1-8408-450e-bacb-174c1716fc81,www.instagram.com/jacksoncountyfarmersmarket
1018978,3232b375-3959-4e3a-9dd0-2c2d98cb1776,http://www.jacksoncountyfarmersmarket.org
1018978,268a80c2-c4ce-4768-b89a-d5083ad5a450,www.facebook.com/TheGloriousJacksonCountyFarmersMarket/
1018978,87b4577e-e26a-47a6-8a32-b6bd1a56c06b,
1018978,a2af1d35-6709-4551-a3a6-a161bfd74966,
1018978,f07ddbf1-8408-450e-bacb-174c1716fc81,
1021281,3232b375-3959-4e3a-9dd0-2c2d98cb1776,http://www.lammscape.com
1021281,268a80c2-c4ce-4768-b89a-d5083ad5a450,Lammscapes
1021281,87b4577e-e26a-47a6-8a32-b6bd1a56c06b,Lammscapes
1021281,a2af1d35-6709-4551-a3a6-a161bfd74966,Lammscapes
1021281,f07ddbf1-8408-450e-bacb-174c1716fc81,Instagram - Lammscapes
1009970,3232b375-3959-4e3a-9dd0-2c2d98cb1776,http://janesvillefarmersmarket.com/jfm/
1009970,268a80c2-c4ce-4768-b89a-d5083ad5a450,https://www.facebook.com/pages/Janesville-Farmers-Market-Inc/212710452079344
1009970,87b4577e-e26a-47a6-8a32-b6bd1a56c06b,https://twitter.com/jnsvlfarmmkt
1009970,a2af1d35-6709-4551-a3a6-a161bfd74966,
1009970,f07ddbf1-8408-450e-bacb-174c1716fc81,
1008299,3232b375-3959-4e3a-9dd0-2c2d98cb1776,
1008299,268a80c2-c4ce-4768-b89a-d5083ad5a450,https://www.facebook.com/JasperFarmersMarket/
1008299,87b4577e-e26a-47a6-8a32-b6bd1a56c06b,
1008299,a2af1d35-6709-4551-a3a6-a161bfd74966,
1008299,f07ddbf1-8408-450e-bacb-174c1716fc81,
1021306,3232b375-3959-4e3a-9dd0-2c2d98cb1776,http://www.farmtocitymarkets.com
1021306,268a80c2-c4ce-4768-b89a-d5083ad5a450,https://www.facebook.com/Jefferson-Farmers-Market-129580207073874
1021306,87b4577e-e26a-47a6-8a32-b6bd1a56c06b,
1021306,a2af1d35-6709-4551-a3a6-a161bfd74966,
1021306,f07ddbf1-8408-450e-bacb-174c1716fc81,
1020192,3232b375-3959-4e3a-9dd0-2c2d98cb1776,http://jeffersontownky.com/farmersmarket/
1020192,268a80c2-c4ce-4768-b89a-d5083ad5a450,
1020192,87b4577e-e26a-47a6-8a32-b6bd1a56c06b,
1020192,a2af1d35-6709-4551-a3a6-a161bfd74966,
1020192,f07ddbf1-8408-450e-bacb-174c1716fc81,
1020090,3232b375-3959-4e3a-9dd0-2c2d98cb1776,
1020090,268a80c2-c4ce-4768-b89a-d5083ad5a450,
1020090,87b4577e-e26a-47a6-8a32-b6bd1a56c06b,
1020090,a2af1d35-6709-4551-a3a6-a161bfd74966,
1020090,f07ddbf1-8408-450e-bacb-174c1716fc81,
1002907,3232b375-3959-4e3a-9dd0-2c2d98cb1776,http://www.joshuatreefarmersmarket.com
1002907,268a80c2-c4ce-4768-b89a-d5083ad5a450,https://www.facebook.com/pages/Joshua-Tree-Farmers-Market/164059226980487
1002907,87b4577e-e26a-47a6-8a32-b6bd1a56c06b,
1002907,a2af1d35-6709-4551-a3a6-a161bfd74966,
1002907,f07ddbf1-8408-450e-bacb-174c1716fc81,
1018242,3232b375-3959-4e3a-9dd0-2c2d98cb1776,https://jahc.org/food-festival/
1018242,268a80c2-c4ce-4768-b89a-d5083ad5a450,facebook/juneau.arts
1018242,87b4577e-e26a-47a6-8a32-b6bd1a56c06b,
1018242,a2af1d35-6709-4551-a3a6-a161bfd74966,
1018242,f07ddbf1-8408-450e-bacb-174c1716fc81,@juneau_arts_council (instagram)
1005270,3232b375-3959-4e3a-9dd0-2c2d98cb1776,http://www.honolulu.gov/parks/programs/pom
1005270,268a80c2-c4ce-4768-b89a-d5083ad5a450,
1005270,87b4577e-e26a-47a6-8a32-b6bd1a56c06b,
1005270,a2af1d35-6709-4551-a3a6-a161bfd74966,
1005270,f07ddbf1-8408-450e-bacb-174c1716fc81,
1008375,3232b375-3959-4e3a-9dd0-2c2d98cb1776,http://www.kp.org/fresno
1008375,268a80c2-c4ce-4768-b89a-d5083ad5a450,
1008375,87b4577e-e26a-47a6-8a32-b6bd1a56c06b,https://twitter.com/kpfresno
1008375,a2af1d35-6709-4551-a3a6-a161bfd74966,
1008375,f07ddbf1-8408-450e-bacb-174c1716fc81,
1019774,3232b375-3959-4e3a-9dd0-2c2d98cb1776,http://pfcmarkets.com
1019774,268a80c2-c4ce-4768-b89a-d5083ad5a450,https://www.facebook.com/KalamazooFarmersMarket/
1019774,87b4577e-e26a-47a6-8a32-b6bd1a56c06b,
1019774,a2af1d35-6709-4551-a3a6-a161bfd74966,
1019774,f07ddbf1-8408-450e-bacb-174c1716fc81,https://www.instagram.com/kalamazoomarket/
1005252,3232b375-3959-4e3a-9dd0-2c2d98cb1776,http://www.honolulu.gov/parks/programs/pom
1005252,268a80c2-c4ce-4768-b89a-d5083ad5a450,
1005252,87b4577e-e26a-47a6-8a32-b6bd1a56c06b,
1005252,a2af1d35-6709-4551-a3a6-a161bfd74966,
1005252,f07ddbf1-8408-450e-bacb-174c1716fc81,
1008118,3232b375-3959-4e3a-9dd0-2c2d98cb1776,http://www.honolulu.gov/parks/programs/pom
1008118,268a80c2-c4ce-4768-b89a-d5083ad5a450,
1008118,87b4577e-e26a-47a6-8a32-b6bd1a56c06b,
1008118,a2af1d35-6709-4551-a3a6-a161bfd74966,
1008118,f07ddbf1-8408-450e-bacb-174c1716fc81,
1021264,3232b375-3959-4e3a-9dd0-2c2d98cb1776,http://kamuelafarmersmarket.com
1021264,268a80c2-c4ce-4768-b89a-d5083ad5a450,https://www.facebook.com/kamuelafarmersmarket
1021264,87b4577e-e26a-47a6-8a32-b6bd1a56c06b,
1021264,a2af1d35-6709-4551-a3a6-a161bfd74966,
1021264,f07ddbf1-8408-450e-bacb-174c1716fc81,
1005253,3232b375-3959-4e3a-9dd0-2c2d98cb1776,http://www.honolulu.gov/parks/programs/pom
1005253,268a80c2-c4ce-4768-b89a-d5083ad5a450,
1005253,87b4577e-e26a-47a6-8a32-b6bd1a56c06b,
1005253,a2af1d35-6709-4551-a3a6-a161bfd74966,
1005253,f07ddbf1-8408-450e-bacb-174c1716fc81,
1005254,3232b375-3959-4e3a-9dd0-2c2d98cb1776,http://www.honolulu.gov/parks/programs/pom
1005254,268a80c2-c4ce-4768-b89a-d5083ad5a450,
1005254,87b4577e-e26a-47a6-8a32-b6bd1a56c06b,
1005254,a2af1d35-6709-4551-a3a6-a161bfd74966,
1005254,f07ddbf1-8408-450e-bacb-174c1716fc81,
1005255,3232b375-3959-4e3a-9dd0-2c2d98cb1776,http://www.honolulu.gov/parks/programs/pom
1005255,268a80c2-c4ce-4768-b89a-d5083ad5a450,
1005255,87b4577e-e26a-47a6-8a32-b6bd1a56c06b,
1005255,a2af1d35-6709-4551-a3a6-a161bfd74966,
1005255,f07ddbf1-8408-450e-bacb-174c1716fc81,
1021748,3232b375-3959-4e3a-9dd0-2c2d98cb1776,
1021748,268a80c2-c4ce-4768-b89a-d5083ad5a450,
1021748,87b4577e-e26a-47a6-8a32-b6bd1a56c06b,
1021748,a2af1d35-6709-4551-a3a6-a161bfd74966,
1021748,f07ddbf1-8408-450e-bacb-174c1716fc81,
1019003,3232b375-3959-4e3a-9dd0-2c2d98cb1776,https://www.kellerfarmersmarket.com/
1019003,268a80c2-c4ce-4768-b89a-d5083ad5a450,https://www.facebook.com/KellerFarmersMarket/
1019003,87b4577e-e26a-47a6-8a32-b6bd1a56c06b,https://twitter.com/KellerFarmersM
1019003,a2af1d35-6709-4551-a3a6-a161bfd74966,
1019003,f07ddbf1-8408-450e-bacb-174c1716fc81,https://www.instagram.com/kellerfarmersmarket/
1021369,3232b375-3959-4e3a-9dd0-2c2d98cb1776,https://www.KenoshaPublicMarket.com
1021369,268a80c2-c4ce-4768-b89a-d5083ad5a450,www.facebook.com/KenoshaPublicMarket
1021369,87b4577e-e26a-47a6-8a32-b6bd1a56c06b,
1021369,a2af1d35-6709-4551-a3a6-a161bfd74966,
1021369,f07ddbf1-8408-450e-bacb-174c1716fc81,
1021743,3232b375-3959-4e3a-9dd0-2c2d98cb1776,https://KenoshaPublicMarket.com
1021743,268a80c2-c4ce-4768-b89a-d5083ad5a450,https://facebook.com/KenoshaPublicMarket
1021743,87b4577e-e26a-47a6-8a32-b6bd1a56c06b,
1021743,a2af1d35-6709-4551-a3a6-a161bfd74966,
1021743,f07ddbf1-8408-450e-bacb-174c1716fc81,
1021349,3232b375-3959-4e3a-9dd0-2c2d98cb1776,http://www.KenoshaPublicMarkets.com
1021349,268a80c2-c4ce-4768-b89a-d5083ad5a450,www.facebook.com/KenoshaPublicMarkets
1021349,87b4577e-e26a-47a6-8a32-b6bd1a56c06b,
1021349,a2af1d35-6709-4551-a3a6-a161bfd74966,
1021349,f07ddbf1-8408-450e-bacb-174c1716fc81,
1020011,3232b375-3959-4e3a-9dd0-2c2d98cb1776,http://www.ExploreKensington.com 
1020011,268a80c2-c4ce-4768-b89a-d5083ad5a450,
1020011,87b4577e-e26a-47a6-8a32-b6bd1a56c06b,
1020011,a2af1d35-6709-4551-a3a6-a161bfd74966,
1020011,f07ddbf1-8408-450e-bacb-174c1716fc81,
1021742,3232b375-3959-4e3a-9dd0-2c2d98cb1776,http://kentwoodfarmersmarket.com
1021742,268a80c2-c4ce-4768-b89a-d5083ad5a450,https://www.facebook.com/CityofKentwoodFarmersMarket/
1021742,87b4577e-e26a-47a6-8a32-b6bd1a56c06b,
1021742,a2af1d35-6709-4551-a3a6-a161bfd74966,
1021742,f07ddbf1-8408-450e-bacb-174c1716fc81,Instagram.com/KentwoodMIFarmersMarket
1021567,3232b375-3959-4e3a-9dd0-2c2d98cb1776,https://www.kershawcountyfarmersmarket.com/
1021567,268a80c2-c4ce-4768-b89a-d5083ad5a450,https://www.facebook.com/KCFMMarket
1021567,87b4577e-e26a-47a6-8a32-b6bd1a56c06b,
1021567,a2af1d35-6709-4551-a3a6-a161bfd74966,
1021567,f07ddbf1-8408-450e-bacb-174c1716fc81,https://www.instagram.com/kershawcountyfarmersmarket/
1010636,3232b375-3959-4e3a-9dd0-2c2d98cb1776,http://www.kingfarmersmarket.com
1010636,268a80c2-c4ce-4768-b89a-d5083ad5a450,www.facebook.com/KingFarmersMarket
1010636,87b4577e-e26a-47a6-8a32-b6bd1a56c06b,https://twitter.com/KingFarmersMkt
1010636,a2af1d35-6709-4551-a3a6-a161bfd74966,
1010636,f07ddbf1-8408-450e-bacb-174c1716fc81,https://www.instagram.com/king_farmers_market/
1019120,3232b375-3959-4e3a-9dd0-2c2d98cb1776,
1019120,268a80c2-c4ce-4768-b89a-d5083ad5a450,@KingGeorgeFarmersMarket
1019120,87b4577e-e26a-47a6-8a32-b6bd1a56c06b,
1019120,a2af1d35-6709-4551-a3a6-a161bfd74966,
1019120,f07ddbf1-8408-450e-bacb-174c1716fc81,
1003269,3232b375-3959-4e3a-9dd0-2c2d98cb1776,http://www.kingstonfarmersmarket.org
1003269,268a80c2-c4ce-4768-b89a-d5083ad5a450,Facebook.com/kingstonfarmersmarket
1003269,87b4577e-e26a-47a6-8a32-b6bd1a56c06b,
1003269,a2af1d35-6709-4551-a3a6-a161bfd74966,
1003269,f07ddbf1-8408-450e-bacb-174c1716fc81,@kingstonfarmersmarket
1019491,3232b375-3959-4e3a-9dd0-2c2d98cb1776,https://www.fairfaxcounty.gov/parks/farmersmarkets/kingstowne
1019491,268a80c2-c4ce-4768-b89a-d5083ad5a450,https://www.facebook.com/events/388112988700408/
1019491,87b4577e-e26a-47a6-8a32-b6bd1a56c06b,
1019491,a2af1d35-6709-4551-a3a6-a161bfd74966,
1019491,f07ddbf1-8408-450e-bacb-174c1716fc81,@fairfaxfarmmarkets
1020032,3232b375-3959-4e3a-9dd0-2c2d98cb1776,https://www.towncenterevents.com/farmersmarket.html
1020032,268a80c2-c4ce-4768-b89a-d5083ad5a450,https://www.facebook.com/kingwoodfarmersmarket
1020032,87b4577e-e26a-47a6-8a32-b6bd1a56c06b,
1020032,a2af1d35-6709-4551-a3a6-a161bfd74966,
1020032,f07ddbf1-8408-450e-bacb-174c1716fc81,
1019266,3232b375-3959-4e3a-9dd0-2c2d98cb1776,
1019266,268a80c2-c4ce-4768-b89a-d5083ad5a450,Kirksville Kiwanis Farmers' Market
1019266,87b4577e-e26a-47a6-8a32-b6bd1a56c06b,
1019266,a2af1d35-6709-4551-a3a6-a161bfd74966,
1019266,f07ddbf1-8408-450e-bacb-174c1716fc81,
1019212,3232b375-3959-4e3a-9dd0-2c2d98cb1776,
1019212,268a80c2-c4ce-4768-b89a-d5083ad5a450,https://www.facebook.com/KirtlandGrowersMarket/
1019212,87b4577e-e26a-47a6-8a32-b6bd1a56c06b,
1019212,a2af1d35-6709-4551-a3a6-a161bfd74966,
1019212,f07ddbf1-8408-450e-bacb-174c1716fc81,
1011117,3232b375-3959-4e3a-9dd0-2c2d98cb1776,http://www.kitterycommunitymarket.com
1011117,268a80c2-c4ce-4768-b89a-d5083ad5a450,facebook.com/kitterymarket
1011117,87b4577e-e26a-47a6-8a32-b6bd1a56c06b,twitter.com/kitterymarket
1011117,a2af1d35-6709-4551-a3a6-a161bfd74966,
1011117,f07ddbf1-8408-450e-bacb-174c1716fc81,instagram.com/kitterymarket
1021332,3232b375-3959-4e3a-9dd0-2c2d98cb1776,https://knoxcountyfarmersmarket.wordpress.com/
1021332,268a80c2-c4ce-4768-b89a-d5083ad5a450,https://www.facebook.com/KnoxCountyMOFarmersMarket
1021332,87b4577e-e26a-47a6-8a32-b6bd1a56c06b,
1021332,a2af1d35-6709-4551-a3a6-a161bfd74966,
1021332,f07ddbf1-8408-450e-bacb-174c1716fc81,
1020075,3232b375-3959-4e3a-9dd0-2c2d98cb1776,http://www.knoxcountymarket.com
1020075,268a80c2-c4ce-4768-b89a-d5083ad5a450,https://www.facebook.com/knoxcountyfarmersmarket
1020075,87b4577e-e26a-47a6-8a32-b6bd1a56c06b,
1020075,a2af1d35-6709-4551-a3a6-a161bfd74966,
1020075,f07ddbf1-8408-450e-bacb-174c1716fc81,
1021633,3232b375-3959-4e3a-9dd0-2c2d98cb1776,https://friendsofkoreshan.org/Farmers-Market
1021633,268a80c2-c4ce-4768-b89a-d5083ad5a450,
1021633,87b4577e-e26a-47a6-8a32-b6bd1a56c06b,
1021633,a2af1d35-6709-4551-a3a6-a161bfd74966,
1021633,f07ddbf1-8408-450e-bacb-174c1716fc81,
1021244,3232b375-3959-4e3a-9dd0-2c2d98cb1776,http://ksqfarmersmarket.com
1021244,268a80c2-c4ce-4768-b89a-d5083ad5a450,facebook.com/ksqfarmersmarket
1021244,87b4577e-e26a-47a6-8a32-b6bd1a56c06b,
1021244,a2af1d35-6709-4551-a3a6-a161bfd74966,
1021244,f07ddbf1-8408-450e-bacb-174c1716fc81,Instagram: ksqfarmersmarket
1021250,3232b375-3959-4e3a-9dd0-2c2d98cb1776,
1021250,268a80c2-c4ce-4768-b89a-d5083ad5a450,
1021250,87b4577e-e26a-47a6-8a32-b6bd1a56c06b,
1021250,a2af1d35-6709-4551-a3a6-a161bfd74966,
1021250,f07ddbf1-8408-450e-bacb-174c1716fc81,
1021345,3232b375-3959-4e3a-9dd0-2c2d98cb1776,http://www.lacienegafarmersmkt.com
1021345,268a80c2-c4ce-4768-b89a-d5083ad5a450,La Cienega Farmers' Market
1021345,87b4577e-e26a-47a6-8a32-b6bd1a56c06b,La Cienega Farmers @laCienegaCFM
1021345,a2af1d35-6709-4551-a3a6-a161bfd74966,
1021345,f07ddbf1-8408-450e-bacb-174c1716fc81,
1003343,3232b375-3959-4e3a-9dd0-2c2d98cb1776,http://www.lafamiliaverde.org
1003343,268a80c2-c4ce-4768-b89a-d5083ad5a450,
1003343,87b4577e-e26a-47a6-8a32-b6bd1a56c06b,
1003343,a2af1d35-6709-4551-a3a6-a161bfd74966,
1003343,f07ddbf1-8408-450e-bacb-174c1716fc81,
1019986,3232b375-3959-4e3a-9dd0-2c2d98cb1776,http://lafamiliaverde.org
1019986,268a80c2-c4ce-4768-b89a-d5083ad5a450,
1019986,87b4577e-e26a-47a6-8a32-b6bd1a56c06b,
1019986,a2af1d35-6709-4551-a3a6-a161bfd74966,
1019986,f07ddbf1-8408-450e-bacb-174c1716fc81,
1020123,3232b375-3959-4e3a-9dd0-2c2d98cb1776,http://lagrangefarmersmarket.com
1020123,268a80c2-c4ce-4768-b89a-d5083ad5a450,La Grange Farmers' Market & Artisans
1020123,87b4577e-e26a-47a6-8a32-b6bd1a56c06b,
1020123,a2af1d35-6709-4551-a3a6-a161bfd74966,
1020123,f07ddbf1-8408-450e-bacb-174c1716fc81,
1019506,3232b375-3959-4e3a-9dd0-2c2d98cb1776,https://townoflaplata.org/farmersmarket
1019506,268a80c2-c4ce-4768-b89a-d5083ad5a450,https://www.facebook.com/LaPlataFarmersMarket/
1019506,87b4577e-e26a-47a6-8a32-b6bd1a56c06b,
1019506,a2af1d35-6709-4551-a3a6-a161bfd74966,
1019506,f07ddbf1-8408-450e-bacb-174c1716fc81,https://www.instagram.com/lpmdmarketmaster/
1019649,3232b375-3959-4e3a-9dd0-2c2d98cb1776,https://lachattownfarm.org/farmers-market.php
1019649,268a80c2-c4ce-4768-b89a-d5083ad5a450,https://www.facebook.com/Lachat-Town-Farm-1453666524945229/?epa=SEARCH_BOX
1019649,87b4577e-e26a-47a6-8a32-b6bd1a56c06b,
1019649,a2af1d35-6709-4551-a3a6-a161bfd74966,
1019649,f07ddbf1-8408-450e-bacb-174c1716fc81,https://www.instagram.com/lachattownfarm/
1019409,3232b375-3959-4e3a-9dd0-2c2d98cb1776,
1019409,268a80c2-c4ce-4768-b89a-d5083ad5a450,https://www.facebook.com/Lafayette-County-Farmers-Market-At-Lewisville-1709681622637869/
1019409,87b4577e-e26a-47a6-8a32-b6bd1a56c06b,
1019409,a2af1d35-6709-4551-a3a6-a161bfd74966,
1019409,f07ddbf1-8408-450e-bacb-174c1716fc81,
1019103,3232b375-3959-4e3a-9dd0-2c2d98cb1776,http://www.LakeBarringtonFarmersMarket.com
1019103,268a80c2-c4ce-4768-b89a-d5083ad5a450,https://www.facebook.com/Labafama/
1019103,87b4577e-e26a-47a6-8a32-b6bd1a56c06b,
1019103,a2af1d35-6709-4551-a3a6-a161bfd74966,
1019103,f07ddbf1-8408-450e-bacb-174c1716fc81,#LaBaFaMa
1003863,3232b375-3959-4e3a-9dd0-2c2d98cb1776,
1003863,268a80c2-c4ce-4768-b89a-d5083ad5a450,https://www.facebook.com/pages/Lake-Oswego-Farmers-Market/
1003863,87b4577e-e26a-47a6-8a32-b6bd1a56c06b,
1003863,a2af1d35-6709-4551-a3a6-a161bfd74966,
1003863,f07ddbf1-8408-450e-bacb-174c1716fc81,
1012206,3232b375-3959-4e3a-9dd0-2c2d98cb1776,http://www.ausablevalleygrangefarmersmarkets.com/lake-placid.html
1012206,268a80c2-c4ce-4768-b89a-d5083ad5a450,https://www.facebook.com/ausablevalleygrangefarmersmarkets/
1012206,87b4577e-e26a-47a6-8a32-b6bd1a56c06b,
1012206,a2af1d35-6709-4551-a3a6-a161bfd74966,
1012206,f07ddbf1-8408-450e-bacb-174c1716fc81,
1019850,3232b375-3959-4e3a-9dd0-2c2d98cb1776,http://www.brainerdfarmersmarket.com
1019850,268a80c2-c4ce-4768-b89a-d5083ad5a450,Lakes Area Growers Market
1019850,87b4577e-e26a-47a6-8a32-b6bd1a56c06b,
1019850,a2af1d35-6709-4551-a3a6-a161bfd74966,
1019850,f07ddbf1-8408-450e-bacb-174c1716fc81,
1019851,3232b375-3959-4e3a-9dd0-2c2d98cb1776,http://www.brainerdfarmersmarket.com
1019851,268a80c2-c4ce-4768-b89a-d5083ad5a450,Lakes Area Growers Market
1019851,87b4577e-e26a-47a6-8a32-b6bd1a56c06b,
1019851,a2af1d35-6709-4551-a3a6-a161bfd74966,
1019851,f07ddbf1-8408-450e-bacb-174c1716fc81,
1019198,3232b375-3959-4e3a-9dd0-2c2d98cb1776,http://www.lakesidefarmersmarket.net/
1019198,268a80c2-c4ce-4768-b89a-d5083ad5a450,https://www.facebook.com/LakesideMarketRVA/
1019198,87b4577e-e26a-47a6-8a32-b6bd1a56c06b,
1019198,a2af1d35-6709-4551-a3a6-a161bfd74966,
1019198,f07ddbf1-8408-450e-bacb-174c1716fc81,@LakesideMarketRVA
1002021,3232b375-3959-4e3a-9dd0-2c2d98cb1776,http://www.lakesidefarmersmarket.net
1002021,268a80c2-c4ce-4768-b89a-d5083ad5a450,https://www.facebook.com/pages/Lakeside-farmers-market/96856541016
1002021,87b4577e-e26a-47a6-8a32-b6bd1a56c06b,
1002021,a2af1d35-6709-4551-a3a6-a161bfd74966,
1002021,f07ddbf1-8408-450e-bacb-174c1716fc81,
1002521,3232b375-3959-4e3a-9dd0-2c2d98cb1776,http://www.leafcommunity.org
1002521,268a80c2-c4ce-4768-b89a-d5083ad5a450,https://www.facebook.com/pg/leafcommunity.org/posts/
1002521,87b4577e-e26a-47a6-8a32-b6bd1a56c06b,
1002521,a2af1d35-6709-4551-a3a6-a161bfd74966,
1002521,f07ddbf1-8408-450e-bacb-174c1716fc81,@leaf_community
1019427,3232b375-3959-4e3a-9dd0-2c2d98cb1776,http://lakewoodny.com/government/lakewoods-farmers-artisans-market/
1019427,268a80c2-c4ce-4768-b89a-d5083ad5a450,https://www.facebook.com/lakewoodnyfarmersmarket/
1019427,87b4577e-e26a-47a6-8a32-b6bd1a56c06b,
1019427,a2af1d35-6709-4551-a3a6-a161bfd74966,
1019427,f07ddbf1-8408-450e-bacb-174c1716fc81,https://www.instagram.com/farmersmarketlakewoodny/
1020051,3232b375-3959-4e3a-9dd0-2c2d98cb1776,http://goodlocalmarkets.org
1020051,268a80c2-c4ce-4768-b89a-d5083ad5a450,
1020051,87b4577e-e26a-47a6-8a32-b6bd1a56c06b,
1020051,a2af1d35-6709-4551-a3a6-a161bfd74966,
1020051,f07ddbf1-8408-450e-bacb-174c1716fc81,
1019035,3232b375-3959-4e3a-9dd0-2c2d98cb1776,
1019035,268a80c2-c4ce-4768-b89a-d5083ad5a450,Lamoni Farmers' Market
1019035,87b4577e-e26a-47a6-8a32-b6bd1a56c06b,
1019035,a2af1d35-6709-4551-a3a6-a161bfd74966,
1019035,f07ddbf1-8408-450e-bacb-174c1716fc81,
1021683,3232b375-3959-4e3a-9dd0-2c2d98cb1776,https://lanarkfarmersmarket.com/
1021683,268a80c2-c4ce-4768-b89a-d5083ad5a450,https://www.facebook.com/LanarkFarmersMarket/
1021683,87b4577e-e26a-47a6-8a32-b6bd1a56c06b,https://twitter.com/lanark_market
1021683,a2af1d35-6709-4551-a3a6-a161bfd74966,
1021683,f07ddbf1-8408-450e-bacb-174c1716fc81,https://www.instagram.com/lanarkfarmersmarket/
1019852,3232b375-3959-4e3a-9dd0-2c2d98cb1776,https://www.lancasterohfarmersmarket.org/
1019852,268a80c2-c4ce-4768-b89a-d5083ad5a450,https://www.facebook.com/lancasterohfarmersmarket
1019852,87b4577e-e26a-47a6-8a32-b6bd1a56c06b,
1019852,a2af1d35-6709-4551-a3a6-a161bfd74966,
1019852,f07ddbf1-8408-450e-bacb-174c1716fc81,
1019352,3232b375-3959-4e3a-9dd0-2c2d98cb1776,https://landonsgreenhouse.com/local-foods/
1019352,268a80c2-c4ce-4768-b89a-d5083ad5a450,Landon's Saturday Farmers Market
1019352,87b4577e-e26a-47a6-8a32-b6bd1a56c06b,
1019352,a2af1d35-6709-4551-a3a6-a161bfd74966,
1019352,f07ddbf1-8408-450e-bacb-174c1716fc81,
1005352,3232b375-3959-4e3a-9dd0-2c2d98cb1776,http://www.lanecountyfarmersmarket.org/
1005352,268a80c2-c4ce-4768-b89a-d5083ad5a450,https://www.facebook.com/lanecounty.farmersmarket.3?fref=ts
1005352,87b4577e-e26a-47a6-8a32-b6bd1a56c06b,https://twitter.com/farmmarketeers
1005352,a2af1d35-6709-4551-a3a6-a161bfd74966,https://www.youtube.com/channel/UCZELeX-wwsyo4M1h7ehatVQ
1005352,f07ddbf1-8408-450e-bacb-174c1716fc81,
1009803,3232b375-3959-4e3a-9dd0-2c2d98cb1776,http://www.lanecountyfarmersmarket.org/
1009803,268a80c2-c4ce-4768-b89a-d5083ad5a450,https://www.facebook.com/lanecounty.farmersmarket.3?fref=ts
1009803,87b4577e-e26a-47a6-8a32-b6bd1a56c06b,https://twitter.com/farmmarketeers
1009803,a2af1d35-6709-4551-a3a6-a161bfd74966,https://www.youtube.com/channel/UCZELeX-wwsyo4M1h7ehatVQ
1009803,f07ddbf1-8408-450e-bacb-174c1716fc81,
1019756,3232b375-3959-4e3a-9dd0-2c2d98cb1776,https://www.lansdalefarmersmarket.org/
1019756,268a80c2-c4ce-4768-b89a-d5083ad5a450,https://www.facebook.com/LansdaleFarmersMarket/
1019756,87b4577e-e26a-47a6-8a32-b6bd1a56c06b,Twitter: @LansdaleFM
1019756,a2af1d35-6709-4551-a3a6-a161bfd74966,
1019756,f07ddbf1-8408-450e-bacb-174c1716fc81,https://www.instagram.com/lansdalefarmersmarket/
1021291,3232b375-3959-4e3a-9dd0-2c2d98cb1776,http://larimercountyfm.org
1021291,268a80c2-c4ce-4768-b89a-d5083ad5a450,https://www.facebook.com/larimercountyfm
1021291,87b4577e-e26a-47a6-8a32-b6bd1a56c06b,
1021291,a2af1d35-6709-4551-a3a6-a161bfd74966,
1021291,f07ddbf1-8408-450e-bacb-174c1716fc81,@larimercountyfm
1021661,3232b375-3959-4e3a-9dd0-2c2d98cb1776,http://www.latahfarmersmarket.com/
1021661,268a80c2-c4ce-4768-b89a-d5083ad5a450,https://www.facebook.com/latahfarmersmarket
1021661,87b4577e-e26a-47a6-8a32-b6bd1a56c06b,
1021661,a2af1d35-6709-4551-a3a6-a161bfd74966,
1021661,f07ddbf1-8408-450e-bacb-174c1716fc81,https://www.instagram.com/latahfarmersmarket
1012344,3232b375-3959-4e3a-9dd0-2c2d98cb1776,http://Lathamfarmersmarket.org
1012344,268a80c2-c4ce-4768-b89a-d5083ad5a450,Latham Farmers Market
1012344,87b4577e-e26a-47a6-8a32-b6bd1a56c06b,
1012344,a2af1d35-6709-4551-a3a6-a161bfd74966,
1012344,f07ddbf1-8408-450e-bacb-174c1716fc81,Instagram 
1019030,3232b375-3959-4e3a-9dd0-2c2d98cb1776,http://downtownthursday.com
1019030,268a80c2-c4ce-4768-b89a-d5083ad5a450,facebook.com/downtownlaurelfarmersmarket/
1019030,87b4577e-e26a-47a6-8a32-b6bd1a56c06b,
1019030,a2af1d35-6709-4551-a3a6-a161bfd74966,
1019030,f07ddbf1-8408-450e-bacb-174c1716fc81,
1018834,3232b375-3959-4e3a-9dd0-2c2d98cb1776,http://www.lawrencemi.org/lawrence-farmers-market/
1018834,268a80c2-c4ce-4768-b89a-d5083ad5a450,https://www.facebook.com/LawrenceFarmersMkt
1018834,87b4577e-e26a-47a6-8a32-b6bd1a56c06b,
1018834,a2af1d35-6709-4551-a3a6-a161bfd74966,
1018834,f07ddbf1-8408-450e-bacb-174c1716fc81,
1021324,3232b375-3959-4e3a-9dd0-2c2d98cb1776,https://www.lawrencefarmersmarket.org/
1021324,268a80c2-c4ce-4768-b89a-d5083ad5a450,https://www.facebook.com/lawrencefarmersmarket
1021324,87b4577e-e26a-47a6-8a32-b6bd1a56c06b,https://twitter.com/lawrencefresh?lang=en
1021324,a2af1d35-6709-4551-a3a6-a161bfd74966,
1021324,f07ddbf1-8408-450e-bacb-174c1716fc81,https://www.instagram.com/lawrencefarmersmarket/
1021325,3232b375-3959-4e3a-9dd0-2c2d98cb1776,https://www.lawrencefarmersmarket.org/
1021325,268a80c2-c4ce-4768-b89a-d5083ad5a450,https://www.facebook.com/lawrencefarmersmarket
1021325,87b4577e-e26a-47a6-8a32-b6bd1a56c06b,https://twitter.com/lawrencefresh?lang=en
1021325,a2af1d35-6709-4551-a3a6-a161bfd74966,
1021325,f07ddbf1-8408-450e-bacb-174c1716fc81,https://www.instagram.com/lawrencefarmersmarket/
1019450,3232b375-3959-4e3a-9dd0-2c2d98cb1776,http://www.lunited.org/programs/community-planning-development/lawrenceville-farmers-market/
1019450,268a80c2-c4ce-4768-b89a-d5083ad5a450,www.facebook.com/lvillefarmmarket
1019450,87b4577e-e26a-47a6-8a32-b6bd1a56c06b,
1019450,a2af1d35-6709-4551-a3a6-a161bfd74966,
1019450,f07ddbf1-8408-450e-bacb-174c1716fc81,@lvillefarmmarket (Instagram) 
1021647,3232b375-3959-4e3a-9dd0-2c2d98cb1776,http://www.leaffoodhub.com
1021647,268a80c2-c4ce-4768-b89a-d5083ad5a450,https://www.facebook.com/LEAFFoodHub
1021647,87b4577e-e26a-47a6-8a32-b6bd1a56c06b,
1021647,a2af1d35-6709-4551-a3a6-a161bfd74966,
1021647,f07ddbf1-8408-450e-bacb-174c1716fc81,https://www.instagram.com/leaffoodhub/
1016810,3232b375-3959-4e3a-9dd0-2c2d98cb1776,
1016810,268a80c2-c4ce-4768-b89a-d5083ad5a450,www.facebook.com/lebanoncitymarket
1016810,87b4577e-e26a-47a6-8a32-b6bd1a56c06b,https://twitter.com/lebanoncitymkt
1016810,a2af1d35-6709-4551-a3a6-a161bfd74966,
1016810,f07ddbf1-8408-450e-bacb-174c1716fc81,
1018113,3232b375-3959-4e3a-9dd0-2c2d98cb1776,http://www.lebanonct.gov
1018113,268a80c2-c4ce-4768-b89a-d5083ad5a450,Lebanon Farmers' Market
1018113,87b4577e-e26a-47a6-8a32-b6bd1a56c06b,
1018113,a2af1d35-6709-4551-a3a6-a161bfd74966,
1018113,f07ddbf1-8408-450e-bacb-174c1716fc81,
1019158,3232b375-3959-4e3a-9dd0-2c2d98cb1776,http://legacyfarmersmarket.com
1019158,268a80c2-c4ce-4768-b89a-d5083ad5a450,www.facebook.com/LegacyFarmersMarket
1019158,87b4577e-e26a-47a6-8a32-b6bd1a56c06b,
1019158,a2af1d35-6709-4551-a3a6-a161bfd74966,
1019158,f07ddbf1-8408-450e-bacb-174c1716fc81,www.instagram.com/legacyfarmersmarket/
1006652,3232b375-3959-4e3a-9dd0-2c2d98cb1776,http://urbanoasisproject.org
1006652,268a80c2-c4ce-4768-b89a-d5083ad5a450,https://www.facebook.com/LegionParkFarmersMarket/
1006652,87b4577e-e26a-47a6-8a32-b6bd1a56c06b,https://twitter.com/urbanoasisproj
1006652,a2af1d35-6709-4551-a3a6-a161bfd74966,
1006652,f07ddbf1-8408-450e-bacb-174c1716fc81,IG @urban_oasis_project
1002768,3232b375-3959-4e3a-9dd0-2c2d98cb1776,http://www.leelanaufarmersmarkets.com
1002768,268a80c2-c4ce-4768-b89a-d5083ad5a450,https://www.facebook.com/leelanaufarmersmarkets/
1002768,87b4577e-e26a-47a6-8a32-b6bd1a56c06b,
1002768,a2af1d35-6709-4551-a3a6-a161bfd74966,
1002768,f07ddbf1-8408-450e-bacb-174c1716fc81,
1019512,3232b375-3959-4e3a-9dd0-2c2d98cb1776,
1019512,268a80c2-c4ce-4768-b89a-d5083ad5a450,www.facebook.com/groups/lenexafarmmkt/
1019512,87b4577e-e26a-47a6-8a32-b6bd1a56c06b,
1019512,a2af1d35-6709-4551-a3a6-a161bfd74966,
1019512,f07ddbf1-8408-450e-bacb-174c1716fc81,
1010483,3232b375-3959-4e3a-9dd0-2c2d98cb1776,
1010483,268a80c2-c4ce-4768-b89a-d5083ad5a450,Lenoir County Farmers Market
1010483,87b4577e-e26a-47a6-8a32-b6bd1a56c06b,
1010483,a2af1d35-6709-4551-a3a6-a161bfd74966,
1010483,f07ddbf1-8408-450e-bacb-174c1716fc81,
1016916,3232b375-3959-4e3a-9dd0-2c2d98cb1776,http://www.lewfm.org
1016916,268a80c2-c4ce-4768-b89a-d5083ad5a450,lewfm
1016916,87b4577e-e26a-47a6-8a32-b6bd1a56c06b,
1016916,a2af1d35-6709-4551-a3a6-a161bfd74966,
1016916,f07ddbf1-8408-450e-bacb-174c1716fc81,
1004651,3232b375-3959-4e3a-9dd0-2c2d98cb1776,http://www.lcgh.net
1004651,268a80c2-c4ce-4768-b89a-d5083ad5a450,
1004651,87b4577e-e26a-47a6-8a32-b6bd1a56c06b,
1004651,a2af1d35-6709-4551-a3a6-a161bfd74966,
1004651,f07ddbf1-8408-450e-bacb-174c1716fc81,
1019503,3232b375-3959-4e3a-9dd0-2c2d98cb1776,http://www.crossingscenter.com/farmersmarket
1019503,268a80c2-c4ce-4768-b89a-d5083ad5a450,@TheCrossingsCenter
1019503,87b4577e-e26a-47a6-8a32-b6bd1a56c06b,
1019503,a2af1d35-6709-4551-a3a6-a161bfd74966,
1019503,f07ddbf1-8408-450e-bacb-174c1716fc81,Instagram:  crossingscenter
1019808,3232b375-3959-4e3a-9dd0-2c2d98cb1776,https://www.lewistonfarmersmarket.com/
1019808,268a80c2-c4ce-4768-b89a-d5083ad5a450,https://www.facebook.com/lewistonfarmersmarket/
1019808,87b4577e-e26a-47a6-8a32-b6bd1a56c06b,https://twitter.com/LewistonMarket
1019808,a2af1d35-6709-4551-a3a6-a161bfd74966,https://www.youtube.com/user/mainefarmersmarket/
1019808,f07ddbf1-8408-450e-bacb-174c1716fc81,
1019726,3232b375-3959-4e3a-9dd0-2c2d98cb1776,https://www.lewistonfarmersmarket.com/
1019726,268a80c2-c4ce-4768-b89a-d5083ad5a450,https://www.facebook.com/lewistonfarmersmarket/
1019726,87b4577e-e26a-47a6-8a32-b6bd1a56c06b,@LewistonMarket
1019726,a2af1d35-6709-4551-a3a6-a161bfd74966,lewistonfarmersmarket
1019726,f07ddbf1-8408-450e-bacb-174c1716fc81,
1021470,3232b375-3959-4e3a-9dd0-2c2d98cb1776,https://www.lexingtonfarmersmarket.org/
1021470,268a80c2-c4ce-4768-b89a-d5083ad5a450,https://www.facebook.com/LexingtonFarmersMkt
1021470,87b4577e-e26a-47a6-8a32-b6bd1a56c06b,
1021470,a2af1d35-6709-4551-a3a6-a161bfd74966,
1021470,f07ddbf1-8408-450e-bacb-174c1716fc81,https://www.instagram.com/lexingtonfarmersmarket/
1019346,3232b375-3959-4e3a-9dd0-2c2d98cb1776,http://www.lexingtonfarmersmarket.org/
1019346,268a80c2-c4ce-4768-b89a-d5083ad5a450,https://www.facebook.com/LexingtonFarmersMkt/
1019346,87b4577e-e26a-47a6-8a32-b6bd1a56c06b,
1019346,a2af1d35-6709-4551-a3a6-a161bfd74966,
1019346,f07ddbf1-8408-450e-bacb-174c1716fc81,https://www.instagram.com/lexingtonfarmersmarket/
1019650,3232b375-3959-4e3a-9dd0-2c2d98cb1776,
1019650,268a80c2-c4ce-4768-b89a-d5083ad5a450,https://www.facebook.com/libertyparkmarket/?ref=settings
1019650,87b4577e-e26a-47a6-8a32-b6bd1a56c06b,https://twitter.com/LibertyParkMrkt
1019650,a2af1d35-6709-4551-a3a6-a161bfd74966,
1019650,f07ddbf1-8408-450e-bacb-174c1716fc81,https://www.instagram.com/libertyparkmarket/
1018927,3232b375-3959-4e3a-9dd0-2c2d98cb1776,http://www.ligoniercountrymarket.com
1018927,268a80c2-c4ce-4768-b89a-d5083ad5a450,@LigonierCountryMarket
1018927,87b4577e-e26a-47a6-8a32-b6bd1a56c06b,@LigonierMarket
1018927,a2af1d35-6709-4551-a3a6-a161bfd74966,
1018927,f07ddbf1-8408-450e-bacb-174c1716fc81,#ligoniermarket
1021361,3232b375-3959-4e3a-9dd0-2c2d98cb1776,http://www.lilburnfarmersmarket.org
1021361,268a80c2-c4ce-4768-b89a-d5083ad5a450,www.facebook.com/lilburnfarmersmarket
1021361,87b4577e-e26a-47a6-8a32-b6bd1a56c06b,
1021361,a2af1d35-6709-4551-a3a6-a161bfd74966,
1021361,f07ddbf1-8408-450e-bacb-174c1716fc81,@lilburnfarmersmkt
1004848,3232b375-3959-4e3a-9dd0-2c2d98cb1776,
1004848,268a80c2-c4ce-4768-b89a-d5083ad5a450,
1004848,87b4577e-e26a-47a6-8a32-b6bd1a56c06b,
1004848,a2af1d35-6709-4551-a3a6-a161bfd74966,
1004848,f07ddbf1-8408-450e-bacb-174c1716fc81,
1011300,3232b375-3959-4e3a-9dd0-2c2d98cb1776,http://LHBA.org
1011300,268a80c2-c4ce-4768-b89a-d5083ad5a450,Lincoln Heights Certified Farmers Market
1011300,87b4577e-e26a-47a6-8a32-b6bd1a56c06b,
1011300,a2af1d35-6709-4551-a3a6-a161bfd74966,
1011300,f07ddbf1-8408-450e-bacb-174c1716fc81,
1020132,3232b375-3959-4e3a-9dd0-2c2d98cb1776,http://www.lhbala.org
1020132,268a80c2-c4ce-4768-b89a-d5083ad5a450,Lincoln Heights Certified Farmers Market
1020132,87b4577e-e26a-47a6-8a32-b6bd1a56c06b,
1020132,a2af1d35-6709-4551-a3a6-a161bfd74966,
1020132,f07ddbf1-8408-450e-bacb-174c1716fc81,
1019304,3232b375-3959-4e3a-9dd0-2c2d98cb1776,https://www.lpfarmersmarket.org/
1019304,268a80c2-c4ce-4768-b89a-d5083ad5a450,https://www.facebook.com/Lincoln-Park-Farmers-Market-208206362528258/
1019304,87b4577e-e26a-47a6-8a32-b6bd1a56c06b,https://twitter.com/LPFarmersMarket
1019304,a2af1d35-6709-4551-a3a6-a161bfd74966,
1019304,f07ddbf1-8408-450e-bacb-174c1716fc81,https://www.instagram.com/lpmarket2012/
1021198,3232b375-3959-4e3a-9dd0-2c2d98cb1776,http://sdfarmbureau.org
1021198,268a80c2-c4ce-4768-b89a-d5083ad5a450,facebook.com/lindavistafm
1021198,87b4577e-e26a-47a6-8a32-b6bd1a56c06b,
1021198,a2af1d35-6709-4551-a3a6-a161bfd74966,
1021198,f07ddbf1-8408-450e-bacb-174c1716fc81,IG @lindavistafm
1019167,3232b375-3959-4e3a-9dd0-2c2d98cb1776,http://www.lintonfarmersmarket.com
1019167,268a80c2-c4ce-4768-b89a-d5083ad5a450,@lintonfarmersmarket
1019167,87b4577e-e26a-47a6-8a32-b6bd1a56c06b,
1019167,a2af1d35-6709-4551-a3a6-a161bfd74966,
1019167,f07ddbf1-8408-450e-bacb-174c1716fc81,Instagram: lintonfarmersmkt
1019678,3232b375-3959-4e3a-9dd0-2c2d98cb1776,http://www.litchfieldhillsfarmfresh-ct.org
1019678,268a80c2-c4ce-4768-b89a-d5083ad5a450,https://www.facebook.com/LHFFM/?ref=br_rs
1019678,87b4577e-e26a-47a6-8a32-b6bd1a56c06b,https://twitter.com/search?src=typd&q=Litchfield%20Hills%20Farm-Fresh
1019678,a2af1d35-6709-4551-a3a6-a161bfd74966,
1019678,f07ddbf1-8408-450e-bacb-174c1716fc81,https://www.instagram.com/litchfieldhillsfarmfreshmarket/
1019679,3232b375-3959-4e3a-9dd0-2c2d98cb1776,http://www.litchfieldhillsfarmfresh-ct.org
1019679,268a80c2-c4ce-4768-b89a-d5083ad5a450,
1019679,87b4577e-e26a-47a6-8a32-b6bd1a56c06b,
1019679,a2af1d35-6709-4551-a3a6-a161bfd74966,
1019679,f07ddbf1-8408-450e-bacb-174c1716fc81,
1019631,3232b375-3959-4e3a-9dd0-2c2d98cb1776,
1019631,268a80c2-c4ce-4768-b89a-d5083ad5a450,https://www.facebook.com/PleasantValleyFamilyFarm/
1019631,87b4577e-e26a-47a6-8a32-b6bd1a56c06b,
1019631,a2af1d35-6709-4551-a3a6-a161bfd74966,
1019631,f07ddbf1-8408-450e-bacb-174c1716fc81,
1019207,3232b375-3959-4e3a-9dd0-2c2d98cb1776,http://www.ssjnn.org
1019207,268a80c2-c4ce-4768-b89a-d5083ad5a450,https://www.facebook.com/SSJNN/
1019207,87b4577e-e26a-47a6-8a32-b6bd1a56c06b,https://twitter.com/SSJNN
1019207,a2af1d35-6709-4551-a3a6-a161bfd74966,
1019207,f07ddbf1-8408-450e-bacb-174c1716fc81,https://www.instagram.com/ssj.nn/
1019995,3232b375-3959-4e3a-9dd0-2c2d98cb1776,http://www.LittleItalyMercato.com
1019995,268a80c2-c4ce-4768-b89a-d5083ad5a450,https://www.facebook.com/LittleItalyMercato/
1019995,87b4577e-e26a-47a6-8a32-b6bd1a56c06b,
1019995,a2af1d35-6709-4551-a3a6-a161bfd74966,
1019995,f07ddbf1-8408-450e-bacb-174c1716fc81,https://www.instagram.com/littleitalymercato/
1021390,3232b375-3959-4e3a-9dd0-2c2d98cb1776,
1021390,268a80c2-c4ce-4768-b89a-d5083ad5a450,https://www.facebook.com/LRCFarmersMarket/
1021390,87b4577e-e26a-47a6-8a32-b6bd1a56c06b,
1021390,a2af1d35-6709-4551-a3a6-a161bfd74966,
1021390,f07ddbf1-8408-450e-bacb-174c1716fc81,
1012027,3232b375-3959-4e3a-9dd0-2c2d98cb1776,http://waccamawmarkets.org/
1012027,268a80c2-c4ce-4768-b89a-d5083ad5a450,https://www.facebook.com/WaccamawMarketCooperative/
1012027,87b4577e-e26a-47a6-8a32-b6bd1a56c06b,
1012027,a2af1d35-6709-4551-a3a6-a161bfd74966,
1012027,f07ddbf1-8408-450e-bacb-174c1716fc81,
1019538,3232b375-3959-4e3a-9dd0-2c2d98cb1776,https://www.westernsustainabilityexchange.org/events/2019/5/29/livingston-farmers-market
1019538,268a80c2-c4ce-4768-b89a-d5083ad5a450,https://www.facebook.com/Livingston-Farmers-Market-108693092565965/
1019538,87b4577e-e26a-47a6-8a32-b6bd1a56c06b,
1019538,a2af1d35-6709-4551-a3a6-a161bfd74966,
1019538,f07ddbf1-8408-450e-bacb-174c1716fc81,
1018418,3232b375-3959-4e3a-9dd0-2c2d98cb1776,
1018418,268a80c2-c4ce-4768-b89a-d5083ad5a450,The Wilson Barn
1018418,87b4577e-e26a-47a6-8a32-b6bd1a56c06b,
1018418,a2af1d35-6709-4551-a3a6-a161bfd74966,
1018418,f07ddbf1-8408-450e-bacb-174c1716fc81,www.wilsonbarn.com
1018901,3232b375-3959-4e3a-9dd0-2c2d98cb1776,http://www.localapxmarket.com
1018901,268a80c2-c4ce-4768-b89a-d5083ad5a450,https://www.facebook.com/LocalAPX/
1018901,87b4577e-e26a-47a6-8a32-b6bd1a56c06b,
1018901,a2af1d35-6709-4551-a3a6-a161bfd74966,
1018901,f07ddbf1-8408-450e-bacb-174c1716fc81,#localapx
1020094,3232b375-3959-4e3a-9dd0-2c2d98cb1776,
1020094,268a80c2-c4ce-4768-b89a-d5083ad5a450,
1020094,87b4577e-e26a-47a6-8a32-b6bd1a56c06b,
1020094,a2af1d35-6709-4551-a3a6-a161bfd74966,
1020094,f07ddbf1-8408-450e-bacb-174c1716fc81,
1019494,3232b375-3959-4e3a-9dd0-2c2d98cb1776,https://www.fairfaxcounty.gov/parks/farmersmarkets/lorton
1019494,268a80c2-c4ce-4768-b89a-d5083ad5a450,https://www.facebook.com/events/1096089703908635/
1019494,87b4577e-e26a-47a6-8a32-b6bd1a56c06b,
1019494,a2af1d35-6709-4551-a3a6-a161bfd74966,
1019494,f07ddbf1-8408-450e-bacb-174c1716fc81,@fairfaxfarmmarkets
1005431,3232b375-3959-4e3a-9dd0-2c2d98cb1776,
1005431,268a80c2-c4ce-4768-b89a-d5083ad5a450,https://www.facebook.com/LosRanchosNM
1005431,87b4577e-e26a-47a6-8a32-b6bd1a56c06b,
1005431,a2af1d35-6709-4551-a3a6-a161bfd74966,
1005431,f07ddbf1-8408-450e-bacb-174c1716fc81,
1018919,3232b375-3959-4e3a-9dd0-2c2d98cb1776,
1018919,268a80c2-c4ce-4768-b89a-d5083ad5a450,Louisiana Community Betterment Farmers Market
1018919,87b4577e-e26a-47a6-8a32-b6bd1a56c06b,
1018919,a2af1d35-6709-4551-a3a6-a161bfd74966,
1018919,f07ddbf1-8408-450e-bacb-174c1716fc81,
1000462,3232b375-3959-4e3a-9dd0-2c2d98cb1776,http://www.lovelandfm.com
1000462,268a80c2-c4ce-4768-b89a-d5083ad5a450,https://www.facebook.com/LovelandFarmersMarket
1000462,87b4577e-e26a-47a6-8a32-b6bd1a56c06b,
1000462,a2af1d35-6709-4551-a3a6-a161bfd74966,
1000462,f07ddbf1-8408-450e-bacb-174c1716fc81,
1016820,3232b375-3959-4e3a-9dd0-2c2d98cb1776,http://www.lowlinemarket.com
1016820,268a80c2-c4ce-4768-b89a-d5083ad5a450,https://www.facebook.com/LowLineMarket
1016820,87b4577e-e26a-47a6-8a32-b6bd1a56c06b,
1016820,a2af1d35-6709-4551-a3a6-a161bfd74966,
1016820,f07ddbf1-8408-450e-bacb-174c1716fc81,https://www.instagram.com/lowlinemarket
1021727,3232b375-3959-4e3a-9dd0-2c2d98cb1776,https://www.discoverlowell.org/farmers-market/
1021727,268a80c2-c4ce-4768-b89a-d5083ad5a450,https://www.facebook.com/Lowell-Farmers-Market-426239604141282
1021727,87b4577e-e26a-47a6-8a32-b6bd1a56c06b,
1021727,a2af1d35-6709-4551-a3a6-a161bfd74966,
1021727,f07ddbf1-8408-450e-bacb-174c1716fc81,
1011233,3232b375-3959-4e3a-9dd0-2c2d98cb1776,https://www.facebook.com/LowerValleyFarmersMarket/timeline
1011233,268a80c2-c4ce-4768-b89a-d5083ad5a450,
1011233,87b4577e-e26a-47a6-8a32-b6bd1a56c06b,
1011233,a2af1d35-6709-4551-a3a6-a161bfd74966,
1011233,f07ddbf1-8408-450e-bacb-174c1716fc81,
1018922,3232b375-3959-4e3a-9dd0-2c2d98cb1776,
1018922,268a80c2-c4ce-4768-b89a-d5083ad5a450,https://www.facebook.com/lowvillefarmandcraftmarket/
1018922,87b4577e-e26a-47a6-8a32-b6bd1a56c06b,
1018922,a2af1d35-6709-4551-a3a6-a161bfd74966,
1018922,f07ddbf1-8408-450e-bacb-174c1716fc81,
1011800,3232b375-3959-4e3a-9dd0-2c2d98cb1776,http://lsiowa.org/market
1011800,268a80c2-c4ce-4768-b89a-d5083ad5a450,
1011800,87b4577e-e26a-47a6-8a32-b6bd1a56c06b,
1011800,a2af1d35-6709-4551-a3a6-a161bfd74966,
1011800,f07ddbf1-8408-450e-bacb-174c1716fc81,
1021257,3232b375-3959-4e3a-9dd0-2c2d98cb1776,
1021257,268a80c2-c4ce-4768-b89a-d5083ad5a450,https://www.facebook.com/Ludingtonfarmersmarket
1021257,87b4577e-e26a-47a6-8a32-b6bd1a56c06b,
1021257,a2af1d35-6709-4551-a3a6-a161bfd74966,
1021257,f07ddbf1-8408-450e-bacb-174c1716fc81,
1019622,3232b375-3959-4e3a-9dd0-2c2d98cb1776,http://www.loudounfarmersmarkets.org
1019622,268a80c2-c4ce-4768-b89a-d5083ad5a450,https://www.facebook.com/BluemontFarmersMarket/
1019622,87b4577e-e26a-47a6-8a32-b6bd1a56c06b,
1019622,a2af1d35-6709-4551-a3a6-a161bfd74966,
1019622,f07ddbf1-8408-450e-bacb-174c1716fc81,https://www.instagram.com/loudounfarmmkts/
1019177,3232b375-3959-4e3a-9dd0-2c2d98cb1776,http://www.loudounfarmersmarkets.org
1019177,268a80c2-c4ce-4768-b89a-d5083ad5a450,https://www.facebook.com/CascadesFarmersMarket
1019177,87b4577e-e26a-47a6-8a32-b6bd1a56c06b,@LoudounFarmMkts
1019177,a2af1d35-6709-4551-a3a6-a161bfd74966,
1019177,f07ddbf1-8408-450e-bacb-174c1716fc81,
1019175,3232b375-3959-4e3a-9dd0-2c2d98cb1776,http://www.loudounfarmersmarkets.org
1019175,268a80c2-c4ce-4768-b89a-d5083ad5a450,https://www.facebook.com/LeesburgFarmersMarket/
1019175,87b4577e-e26a-47a6-8a32-b6bd1a56c06b,@LoudounFarmMkts
1019175,a2af1d35-6709-4551-a3a6-a161bfd74966,
1019175,f07ddbf1-8408-450e-bacb-174c1716fc81,
1019176,3232b375-3959-4e3a-9dd0-2c2d98cb1776,
1019176,268a80c2-c4ce-4768-b89a-d5083ad5a450,https://www.facebook.com/LoudounStationFarmersMarket/
1019176,87b4577e-e26a-47a6-8a32-b6bd1a56c06b,@LoudounFarmMkts
1019176,a2af1d35-6709-4551-a3a6-a161bfd74966,
1019176,f07ddbf1-8408-450e-bacb-174c1716fc81,
1019940,3232b375-3959-4e3a-9dd0-2c2d98cb1776,http://lynchburgcommunitymarket.com/
1019940,268a80c2-c4ce-4768-b89a-d5083ad5a450,https://www.facebook.com/LynchburgCommunityMarket/
1019940,87b4577e-e26a-47a6-8a32-b6bd1a56c06b,
1019940,a2af1d35-6709-4551-a3a6-a161bfd74966,https://www.youtube.com/channel/UCHqmO3XFRjNe8fhYstITNAA
1019940,f07ddbf1-8408-450e-bacb-174c1716fc81,@LynchburgCommunityMarket - Instagram
1019435,3232b375-3959-4e3a-9dd0-2c2d98cb1776,http://www.lyndenfarmersmarket.com
1019435,268a80c2-c4ce-4768-b89a-d5083ad5a450,https://www.facebook.com/lyndenfarmersmarket/
1019435,87b4577e-e26a-47a6-8a32-b6bd1a56c06b,
1019435,a2af1d35-6709-4551-a3a6-a161bfd74966,
1019435,f07ddbf1-8408-450e-bacb-174c1716fc81,
1011538,3232b375-3959-4e3a-9dd0-2c2d98cb1776,http://www.mableton.org/mableton-farmers-market
1011538,268a80c2-c4ce-4768-b89a-d5083ad5a450,Mableton Farmers Market
1011538,87b4577e-e26a-47a6-8a32-b6bd1a56c06b,
1011538,a2af1d35-6709-4551-a3a6-a161bfd74966,
1011538,f07ddbf1-8408-450e-bacb-174c1716fc81,
1000481,3232b375-3959-4e3a-9dd0-2c2d98cb1776,
1000481,268a80c2-c4ce-4768-b89a-d5083ad5a450,https://www.facebook.com/madisoncofarmersmarket
1000481,87b4577e-e26a-47a6-8a32-b6bd1a56c06b,
1000481,a2af1d35-6709-4551-a3a6-a161bfd74966,
1000481,f07ddbf1-8408-450e-bacb-174c1716fc81,
1012249,3232b375-3959-4e3a-9dd0-2c2d98cb1776,
1012249,268a80c2-c4ce-4768-b89a-d5083ad5a450,dawson madison farmers market
1012249,87b4577e-e26a-47a6-8a32-b6bd1a56c06b,
1012249,a2af1d35-6709-4551-a3a6-a161bfd74966,
1012249,f07ddbf1-8408-450e-bacb-174c1716fc81,
1005201,3232b375-3959-4e3a-9dd0-2c2d98cb1776,http://www.rosenet.org/gov/ddc
1005201,268a80c2-c4ce-4768-b89a-d5083ad5a450,https://www.facebook.com/ilovemadisonnj
1005201,87b4577e-e26a-47a6-8a32-b6bd1a56c06b,
1005201,a2af1d35-6709-4551-a3a6-a161bfd74966,
1005201,f07ddbf1-8408-450e-bacb-174c1716fc81,
1012046,3232b375-3959-4e3a-9dd0-2c2d98cb1776,http://www.madrassaturdaymarket.com
1012046,268a80c2-c4ce-4768-b89a-d5083ad5a450,Madras Saturday Market
1012046,87b4577e-e26a-47a6-8a32-b6bd1a56c06b,
1012046,a2af1d35-6709-4551-a3a6-a161bfd74966,
1012046,f07ddbf1-8408-450e-bacb-174c1716fc81,
1021339,3232b375-3959-4e3a-9dd0-2c2d98cb1776,http://www.sfmamarkets.com/madrona-farmers-market
1021339,268a80c2-c4ce-4768-b89a-d5083ad5a450,https://www.facebook.com/MadronaFarmersMarket
1021339,87b4577e-e26a-47a6-8a32-b6bd1a56c06b,
1021339,a2af1d35-6709-4551-a3a6-a161bfd74966,
1021339,f07ddbf1-8408-450e-bacb-174c1716fc81,https://www.instagram.com/sfmamarkets/
1019360,3232b375-3959-4e3a-9dd0-2c2d98cb1776,
1019360,268a80c2-c4ce-4768-b89a-d5083ad5a450,www.facebook.com/MADWestFM
1019360,87b4577e-e26a-47a6-8a32-b6bd1a56c06b,
1019360,a2af1d35-6709-4551-a3a6-a161bfd74966,
1019360,f07ddbf1-8408-450e-bacb-174c1716fc81,www.instagram.com/madwest_winter_farmers_market
1021197,3232b375-3959-4e3a-9dd0-2c2d98cb1776,http://www.mainstreetdfs.org/farmers-market/
1021197,268a80c2-c4ce-4768-b89a-d5083ad5a450,https://www.facebook.com/MainStreetDFS/
1021197,87b4577e-e26a-47a6-8a32-b6bd1a56c06b,
1021197,a2af1d35-6709-4551-a3a6-a161bfd74966,
1021197,f07ddbf1-8408-450e-bacb-174c1716fc81,
1018407,3232b375-3959-4e3a-9dd0-2c2d98cb1776,
1018407,268a80c2-c4ce-4768-b89a-d5083ad5a450,https://www.facebook.com/groups/119877659959/
1018407,87b4577e-e26a-47a6-8a32-b6bd1a56c06b,
1018407,a2af1d35-6709-4551-a3a6-a161bfd74966,
1018407,f07ddbf1-8408-450e-bacb-174c1716fc81,
1005528,3232b375-3959-4e3a-9dd0-2c2d98cb1776,
1005528,268a80c2-c4ce-4768-b89a-d5083ad5a450,https://www.facebook.com/washingtonfarmers
1005528,87b4577e-e26a-47a6-8a32-b6bd1a56c06b,
1005528,a2af1d35-6709-4551-a3a6-a161bfd74966,
1005528,f07ddbf1-8408-450e-bacb-174c1716fc81,
1006837,3232b375-3959-4e3a-9dd0-2c2d98cb1776,https://edc-farmtrails.org/our-trails/farmers-market/
1006837,268a80c2-c4ce-4768-b89a-d5083ad5a450,https://www.facebook.com/edcfarmersmarket/
1006837,87b4577e-e26a-47a6-8a32-b6bd1a56c06b,
1006837,a2af1d35-6709-4551-a3a6-a161bfd74966,
1006837,f07ddbf1-8408-450e-bacb-174c1716fc81,
1011119,3232b375-3959-4e3a-9dd0-2c2d98cb1776,http://www.chanutemainstreet.com
1011119,268a80c2-c4ce-4768-b89a-d5083ad5a450,Main Street Chanute Farmers Market
1011119,87b4577e-e26a-47a6-8a32-b6bd1a56c06b,
1011119,a2af1d35-6709-4551-a3a6-a161bfd74966,
1011119,f07ddbf1-8408-450e-bacb-174c1716fc81,
1019706,3232b375-3959-4e3a-9dd0-2c2d98cb1776,https://thecooperageproject.org/markets/farmersmarket/
1019706,268a80c2-c4ce-4768-b89a-d5083ad5a450,https://www.facebook.com/pg/thecooperageproject/events/?ref=page_internal
1019706,87b4577e-e26a-47a6-8a32-b6bd1a56c06b,
1019706,a2af1d35-6709-4551-a3a6-a161bfd74966,
1019706,f07ddbf1-8408-450e-bacb-174c1716fc81,
1021624,3232b375-3959-4e3a-9dd0-2c2d98cb1776,
1021624,268a80c2-c4ce-4768-b89a-d5083ad5a450,Murfreesboro Saturday Market
1021624,87b4577e-e26a-47a6-8a32-b6bd1a56c06b,
1021624,a2af1d35-6709-4551-a3a6-a161bfd74966,
1021624,f07ddbf1-8408-450e-bacb-174c1716fc81,
1019752,3232b375-3959-4e3a-9dd0-2c2d98cb1776,
1019752,268a80c2-c4ce-4768-b89a-d5083ad5a450,https://www.facebook.com/MainStreetWadsworthFarmersMarket/
1019752,87b4577e-e26a-47a6-8a32-b6bd1a56c06b,
1019752,a2af1d35-6709-4551-a3a6-a161bfd74966,
1019752,f07ddbf1-8408-450e-bacb-174c1716fc81,https://www.instagram.com/wadsworthfarmersmarket/
1019501,3232b375-3959-4e3a-9dd0-2c2d98cb1776,http://www.libertyvillefarmersmarket.org
1019501,268a80c2-c4ce-4768-b89a-d5083ad5a450,https://www.facebook.com/Libertyville-Farmers-Market-166588080019691
1019501,87b4577e-e26a-47a6-8a32-b6bd1a56c06b,
1019501,a2af1d35-6709-4551-a3a6-a161bfd74966,
1019501,f07ddbf1-8408-450e-bacb-174c1716fc81,
1005256,3232b375-3959-4e3a-9dd0-2c2d98cb1776,http://www.honolulu.gov/parks/programs/pom
1005256,268a80c2-c4ce-4768-b89a-d5083ad5a450,
1005256,87b4577e-e26a-47a6-8a32-b6bd1a56c06b,
1005256,a2af1d35-6709-4551-a3a6-a161bfd74966,
1005256,f07ddbf1-8408-450e-bacb-174c1716fc81,
1019969,3232b375-3959-4e3a-9dd0-2c2d98cb1776,http://naf1.townofmanchester.org/index.cfm/spruce-street-market/
1019969,268a80c2-c4ce-4768-b89a-d5083ad5a450,sprucestreetmarketct
1019969,87b4577e-e26a-47a6-8a32-b6bd1a56c06b,
1019969,a2af1d35-6709-4551-a3a6-a161bfd74966,
1019969,f07ddbf1-8408-450e-bacb-174c1716fc81,Instagram: sprucestreetmarket
1003980,3232b375-3959-4e3a-9dd0-2c2d98cb1776,
1003980,268a80c2-c4ce-4768-b89a-d5083ad5a450,https://www.facebook.com/pages/Manhattan-Farmers-Market/143100112435501
1003980,87b4577e-e26a-47a6-8a32-b6bd1a56c06b,
1003980,a2af1d35-6709-4551-a3a6-a161bfd74966,
1003980,f07ddbf1-8408-450e-bacb-174c1716fc81,
1018217,3232b375-3959-4e3a-9dd0-2c2d98cb1776,https://manisteekitchen.org/farmers-market/
1018217,268a80c2-c4ce-4768-b89a-d5083ad5a450,https://www.facebook.com/Manistee-Farmers-Market-203800259657175/
1018217,87b4577e-e26a-47a6-8a32-b6bd1a56c06b,
1018217,a2af1d35-6709-4551-a3a6-a161bfd74966,
1018217,f07ddbf1-8408-450e-bacb-174c1716fc81,
1018998,3232b375-3959-4e3a-9dd0-2c2d98cb1776,http://ManistiqueFarmersMarket.org/
1018998,268a80c2-c4ce-4768-b89a-d5083ad5a450,facebook.com/MSTQFarmersMKT
1018998,87b4577e-e26a-47a6-8a32-b6bd1a56c06b,twitter.com/MSTQFarmersMKT
1018998,a2af1d35-6709-4551-a3a6-a161bfd74966,
1018998,f07ddbf1-8408-450e-bacb-174c1716fc81,
1005257,3232b375-3959-4e3a-9dd0-2c2d98cb1776,http://www.honolulu.gov/parks/programs/pom
1005257,268a80c2-c4ce-4768-b89a-d5083ad5a450,
1005257,87b4577e-e26a-47a6-8a32-b6bd1a56c06b,
1005257,a2af1d35-6709-4551-a3a6-a161bfd74966,
1005257,f07ddbf1-8408-450e-bacb-174c1716fc81,
1019111,3232b375-3959-4e3a-9dd0-2c2d98cb1776,http://www.mansfieldtxfarmersmarket.com
1019111,268a80c2-c4ce-4768-b89a-d5083ad5a450,www.facebook.com/mansfieldtxfarmersmarket
1019111,87b4577e-e26a-47a6-8a32-b6bd1a56c06b,
1019111,a2af1d35-6709-4551-a3a6-a161bfd74966,
1019111,f07ddbf1-8408-450e-bacb-174c1716fc81,www.instagram.com/mansfieldfarmersmarket
1010286,3232b375-3959-4e3a-9dd0-2c2d98cb1776,
1010286,268a80c2-c4ce-4768-b89a-d5083ad5a450,https://www.facebook.com/MansonFarmersMarket
1010286,87b4577e-e26a-47a6-8a32-b6bd1a56c06b,https://twitter.com/MansonFarmerMkt
1010286,a2af1d35-6709-4551-a3a6-a161bfd74966,
1010286,f07ddbf1-8408-450e-bacb-174c1716fc81,
1018310,3232b375-3959-4e3a-9dd0-2c2d98cb1776,
1018310,268a80c2-c4ce-4768-b89a-d5083ad5a450,https://www.facebook.com/mansoniafarmersmarket
1018310,87b4577e-e26a-47a6-8a32-b6bd1a56c06b,
1018310,a2af1d35-6709-4551-a3a6-a161bfd74966,
1018310,f07ddbf1-8408-450e-bacb-174c1716fc81,
1005218,3232b375-3959-4e3a-9dd0-2c2d98cb1776,http://www.manzanitafarmersmarket.com
1005218,268a80c2-c4ce-4768-b89a-d5083ad5a450,https://www.facebook.com/manzanitafarmersmarket/
1005218,87b4577e-e26a-47a6-8a32-b6bd1a56c06b,
1005218,a2af1d35-6709-4551-a3a6-a161bfd74966,
1005218,f07ddbf1-8408-450e-bacb-174c1716fc81,
1016799,3232b375-3959-4e3a-9dd0-2c2d98cb1776,http://www.maplevalleyfarmersmarket.com
1016799,268a80c2-c4ce-4768-b89a-d5083ad5a450,www.facebook.com/maplevalleyfarmersmarket
1016799,87b4577e-e26a-47a6-8a32-b6bd1a56c06b,www.twitter.com/mvfm_2016
1016799,a2af1d35-6709-4551-a3a6-a161bfd74966,
1016799,f07ddbf1-8408-450e-bacb-174c1716fc81,
1003238,3232b375-3959-4e3a-9dd0-2c2d98cb1776,http://www.MariettaSquareFarmersMarket.com
1003238,268a80c2-c4ce-4768-b89a-d5083ad5a450,https://www.facebook.com/mariettasquarefarmersmarket
1003238,87b4577e-e26a-47a6-8a32-b6bd1a56c06b,
1003238,a2af1d35-6709-4551-a3a6-a161bfd74966,
1003238,f07ddbf1-8408-450e-bacb-174c1716fc81,
1021358,3232b375-3959-4e3a-9dd0-2c2d98cb1776,http://www.menomineefarmersmarket.com/
1021358,268a80c2-c4ce-4768-b89a-d5083ad5a450,https://www.facebook.com/MenomineeFarmersMarket
1021358,87b4577e-e26a-47a6-8a32-b6bd1a56c06b,
1021358,a2af1d35-6709-4551-a3a6-a161bfd74966,
1021358,f07ddbf1-8408-450e-bacb-174c1716fc81,
1021713,3232b375-3959-4e3a-9dd0-2c2d98cb1776,https://www.cityofmarion.org/recreation/parks-recreation/parks/farmers-market
1021713,268a80c2-c4ce-4768-b89a-d5083ad5a450,
1021713,87b4577e-e26a-47a6-8a32-b6bd1a56c06b,
1021713,a2af1d35-6709-4551-a3a6-a161bfd74966,
1021713,f07ddbf1-8408-450e-bacb-174c1716fc81,
1019058,3232b375-3959-4e3a-9dd0-2c2d98cb1776,
1019058,268a80c2-c4ce-4768-b89a-d5083ad5a450,Marion Ohio Market
1019058,87b4577e-e26a-47a6-8a32-b6bd1a56c06b,
1019058,a2af1d35-6709-4551-a3a6-a161bfd74966,
1019058,f07ddbf1-8408-450e-bacb-174c1716fc81,
1019482,3232b375-3959-4e3a-9dd0-2c2d98cb1776,
1019482,268a80c2-c4ce-4768-b89a-d5083ad5a450,Market 23
1019482,87b4577e-e26a-47a6-8a32-b6bd1a56c06b,
1019482,a2af1d35-6709-4551-a3a6-a161bfd74966,
1019482,f07ddbf1-8408-450e-bacb-174c1716fc81,
1019368,3232b375-3959-4e3a-9dd0-2c2d98cb1776,http://www.orlandpark.org/market
1019368,268a80c2-c4ce-4768-b89a-d5083ad5a450,https://www.facebook.com/VillageofOrlandPark/
1019368,87b4577e-e26a-47a6-8a32-b6bd1a56c06b,https://twitter.com/VillageOrlandPk
1019368,a2af1d35-6709-4551-a3a6-a161bfd74966,https://www.youtube.com/user/VillageofOrlandPark
1019368,f07ddbf1-8408-450e-bacb-174c1716fc81,
1012031,3232b375-3959-4e3a-9dd0-2c2d98cb1776,http://waccamawmarkets.org/
1012031,268a80c2-c4ce-4768-b89a-d5083ad5a450,https://www.facebook.com/WaccamawMarketCooperative/
1012031,87b4577e-e26a-47a6-8a32-b6bd1a56c06b,
1012031,a2af1d35-6709-4551-a3a6-a161bfd74966,
1012031,f07ddbf1-8408-450e-bacb-174c1716fc81,
1000242,3232b375-3959-4e3a-9dd0-2c2d98cb1776,http://www.specialeventsmobile.org
1000242,268a80c2-c4ce-4768-b89a-d5083ad5a450,MarketsinMobile
1000242,87b4577e-e26a-47a6-8a32-b6bd1a56c06b,
1000242,a2af1d35-6709-4551-a3a6-a161bfd74966,
1000242,f07ddbf1-8408-450e-bacb-174c1716fc81,
1019022,3232b375-3959-4e3a-9dd0-2c2d98cb1776,http://www.OSFMI.com
1019022,268a80c2-c4ce-4768-b89a-d5083ad5a450,Oshkosh Farmers Markets
1019022,87b4577e-e26a-47a6-8a32-b6bd1a56c06b,
1019022,a2af1d35-6709-4551-a3a6-a161bfd74966,
1019022,f07ddbf1-8408-450e-bacb-174c1716fc81,
1000616,3232b375-3959-4e3a-9dd0-2c2d98cb1776,http://www.specialeventsmobile.org
1000616,268a80c2-c4ce-4768-b89a-d5083ad5a450,MarketsinMobile
1000616,87b4577e-e26a-47a6-8a32-b6bd1a56c06b,
1000616,a2af1d35-6709-4551-a3a6-a161bfd74966,
1000616,f07ddbf1-8408-450e-bacb-174c1716fc81,
1019185,3232b375-3959-4e3a-9dd0-2c2d98cb1776,http://urbanoasisproject.org
1019185,268a80c2-c4ce-4768-b89a-d5083ad5a450,https://www.facebook.com/urbanoasisproject
1019185,87b4577e-e26a-47a6-8a32-b6bd1a56c06b,
1019185,a2af1d35-6709-4551-a3a6-a161bfd74966,
1019185,f07ddbf1-8408-450e-bacb-174c1716fc81,
1019866,3232b375-3959-4e3a-9dd0-2c2d98cb1776,
1019866,268a80c2-c4ce-4768-b89a-d5083ad5a450,
1019866,87b4577e-e26a-47a6-8a32-b6bd1a56c06b,
1019866,a2af1d35-6709-4551-a3a6-a161bfd74966,
1019866,f07ddbf1-8408-450e-bacb-174c1716fc81,
1019806,3232b375-3959-4e3a-9dd0-2c2d98cb1776,http://www.marketonmainevv.com
1019806,268a80c2-c4ce-4768-b89a-d5083ad5a450,https://www.facebook.com/MarketonMainEVV/
1019806,87b4577e-e26a-47a6-8a32-b6bd1a56c06b,
1019806,a2af1d35-6709-4551-a3a6-a161bfd74966,
1019806,f07ddbf1-8408-450e-bacb-174c1716fc81,
1011972,3232b375-3959-4e3a-9dd0-2c2d98cb1776,http://MilitaryAve.org
1011972,268a80c2-c4ce-4768-b89a-d5083ad5a450,Military Avenue Business Association
1011972,87b4577e-e26a-47a6-8a32-b6bd1a56c06b,
1011972,a2af1d35-6709-4551-a3a6-a161bfd74966,
1011972,f07ddbf1-8408-450e-bacb-174c1716fc81,Market on Military FB event
1021341,3232b375-3959-4e3a-9dd0-2c2d98cb1776,https://whitehall-oh.us/581/Market-on-the-Green
1021341,268a80c2-c4ce-4768-b89a-d5083ad5a450,@CityofWhiehall
1021341,87b4577e-e26a-47a6-8a32-b6bd1a56c06b,
1021341,a2af1d35-6709-4551-a3a6-a161bfd74966,
1021341,f07ddbf1-8408-450e-bacb-174c1716fc81,
1019876,3232b375-3959-4e3a-9dd0-2c2d98cb1776,
1019876,268a80c2-c4ce-4768-b89a-d5083ad5a450,
1019876,87b4577e-e26a-47a6-8a32-b6bd1a56c06b,
1019876,a2af1d35-6709-4551-a3a6-a161bfd74966,
1019876,f07ddbf1-8408-450e-bacb-174c1716fc81,
1019189,3232b375-3959-4e3a-9dd0-2c2d98cb1776,https://www.nourishknoxville.org/market-square-farmers-market/
1019189,268a80c2-c4ce-4768-b89a-d5083ad5a450,https://www.facebook.com/marketsquarefarmersmarket/
1019189,87b4577e-e26a-47a6-8a32-b6bd1a56c06b,https://twitter.com/MktSqFarmersMkt
1019189,a2af1d35-6709-4551-a3a6-a161bfd74966,
1019189,f07ddbf1-8408-450e-bacb-174c1716fc81,https://www.instagram.com/marketsquarefarmersmarket
1019924,3232b375-3959-4e3a-9dd0-2c2d98cb1776,
1019924,268a80c2-c4ce-4768-b89a-d5083ad5a450,https://www.facebook.com/MarksvilleMarket/?modal=admin_todo_tour
1019924,87b4577e-e26a-47a6-8a32-b6bd1a56c06b,
1019924,a2af1d35-6709-4551-a3a6-a161bfd74966,
1019924,f07ddbf1-8408-450e-bacb-174c1716fc81,
1019843,3232b375-3959-4e3a-9dd0-2c2d98cb1776,http://www.cityofmarlette.com/2216/Marlette-Farmers-Market
1019843,268a80c2-c4ce-4768-b89a-d5083ad5a450,http://www.facebook.com/marlettefarmersmarket
1019843,87b4577e-e26a-47a6-8a32-b6bd1a56c06b,
1019843,a2af1d35-6709-4551-a3a6-a161bfd74966,
1019843,f07ddbf1-8408-450e-bacb-174c1716fc81,
1020190,3232b375-3959-4e3a-9dd0-2c2d98cb1776,https://marshall.ca.uky.edu/farmersmarket 
1020190,268a80c2-c4ce-4768-b89a-d5083ad5a450,https://www.facebook.com/groups/178294012981631
1020190,87b4577e-e26a-47a6-8a32-b6bd1a56c06b,
1020190,a2af1d35-6709-4551-a3a6-a161bfd74966,
1020190,f07ddbf1-8408-450e-bacb-174c1716fc81,
1002929,3232b375-3959-4e3a-9dd0-2c2d98cb1776,https://marshfieldfair.org/farmers-market/
1002929,268a80c2-c4ce-4768-b89a-d5083ad5a450,https://www.facebook.com/MarshfieldFM/
1002929,87b4577e-e26a-47a6-8a32-b6bd1a56c06b,https://twitter.com/MarshfieldFM
1002929,a2af1d35-6709-4551-a3a6-a161bfd74966,
1002929,f07ddbf1-8408-450e-bacb-174c1716fc81,Instagram: @MarshfieldFM
1019659,3232b375-3959-4e3a-9dd0-2c2d98cb1776,
1019659,268a80c2-c4ce-4768-b89a-d5083ad5a450,www.facebook.com/mcmainstreetmarket
1019659,87b4577e-e26a-47a6-8a32-b6bd1a56c06b,
1019659,a2af1d35-6709-4551-a3a6-a161bfd74966,
1019659,f07ddbf1-8408-450e-bacb-174c1716fc81,
1018976,3232b375-3959-4e3a-9dd0-2c2d98cb1776,http://www.maryvilleILfarmersmarket.org
1018976,268a80c2-c4ce-4768-b89a-d5083ad5a450,www.facebook.com/maryvilleILfarmersmarket
1018976,87b4577e-e26a-47a6-8a32-b6bd1a56c06b,
1018976,a2af1d35-6709-4551-a3a6-a161bfd74966,
1018976,f07ddbf1-8408-450e-bacb-174c1716fc81,
1011139,3232b375-3959-4e3a-9dd0-2c2d98cb1776,http://www.farmersmarketmaryville.com
1011139,268a80c2-c4ce-4768-b89a-d5083ad5a450,Maryville Farmers Market
1011139,87b4577e-e26a-47a6-8a32-b6bd1a56c06b,
1011139,a2af1d35-6709-4551-a3a6-a161bfd74966,
1011139,f07ddbf1-8408-450e-bacb-174c1716fc81,
1019902,3232b375-3959-4e3a-9dd0-2c2d98cb1776,
1019902,268a80c2-c4ce-4768-b89a-d5083ad5a450,https://www.facebook.com/masoncofarmersmarket/
1019902,87b4577e-e26a-47a6-8a32-b6bd1a56c06b,
1019902,a2af1d35-6709-4551-a3a6-a161bfd74966,
1019902,f07ddbf1-8408-450e-bacb-174c1716fc81,
1001281,3232b375-3959-4e3a-9dd0-2c2d98cb1776,
1001281,268a80c2-c4ce-4768-b89a-d5083ad5a450,https://www.facebook.com/groups/309799505821466/
1001281,87b4577e-e26a-47a6-8a32-b6bd1a56c06b,
1001281,a2af1d35-6709-4551-a3a6-a161bfd74966,
1001281,f07ddbf1-8408-450e-bacb-174c1716fc81,
1005642,3232b375-3959-4e3a-9dd0-2c2d98cb1776,http://www.mattapanfoodandfitness.org
1005642,268a80c2-c4ce-4768-b89a-d5083ad5a450,https://www.facebook.com/pages/Mattapan-Square-Farmers-Market/132570930215702
1005642,87b4577e-e26a-47a6-8a32-b6bd1a56c06b,
1005642,a2af1d35-6709-4551-a3a6-a161bfd74966,
1005642,f07ddbf1-8408-450e-bacb-174c1716fc81,
1003199,3232b375-3959-4e3a-9dd0-2c2d98cb1776,http://www.matthysfarmmarket.com
1003199,268a80c2-c4ce-4768-b89a-d5083ad5a450,Matthys Farm Market
1003199,87b4577e-e26a-47a6-8a32-b6bd1a56c06b,
1003199,a2af1d35-6709-4551-a3a6-a161bfd74966,
1003199,f07ddbf1-8408-450e-bacb-174c1716fc81,
1019300,3232b375-3959-4e3a-9dd0-2c2d98cb1776,http://www.mauldinculturalcenter.org/mauldin-market
1019300,268a80c2-c4ce-4768-b89a-d5083ad5a450,https://www.facebook.com/mauldinmarket/
1019300,87b4577e-e26a-47a6-8a32-b6bd1a56c06b,
1019300,a2af1d35-6709-4551-a3a6-a161bfd74966,
1019300,f07ddbf1-8408-450e-bacb-174c1716fc81,https://www.instagram.com/mauldinmarket/
1019968,3232b375-3959-4e3a-9dd0-2c2d98cb1776,https://www.maustonfarmersmarket.com/
1019968,268a80c2-c4ce-4768-b89a-d5083ad5a450,https://www.facebook.com/maustonsfarmersmarket/
1019968,87b4577e-e26a-47a6-8a32-b6bd1a56c06b,
1019968,a2af1d35-6709-4551-a3a6-a161bfd74966,
1019968,f07ddbf1-8408-450e-bacb-174c1716fc81,
1020145,3232b375-3959-4e3a-9dd0-2c2d98cb1776,
1020145,268a80c2-c4ce-4768-b89a-d5083ad5a450,McCreary County Farmers Market
1020145,87b4577e-e26a-47a6-8a32-b6bd1a56c06b,
1020145,a2af1d35-6709-4551-a3a6-a161bfd74966,
1020145,f07ddbf1-8408-450e-bacb-174c1716fc81,
1019487,3232b375-3959-4e3a-9dd0-2c2d98cb1776,https://www.fairfaxcounty.gov/parks/farmersmarkets/mccutcheon-mount-vernon
1019487,268a80c2-c4ce-4768-b89a-d5083ad5a450,https://www.facebook.com/events/424552635030264
1019487,87b4577e-e26a-47a6-8a32-b6bd1a56c06b,
1019487,a2af1d35-6709-4551-a3a6-a161bfd74966,
1019487,f07ddbf1-8408-450e-bacb-174c1716fc81,@fairfaxfarmmarkets
1020134,3232b375-3959-4e3a-9dd0-2c2d98cb1776,http://www.northcoastgrowersassociaton.org
1020134,268a80c2-c4ce-4768-b89a-d5083ad5a450,https://www.facebook.com/McKinleyvilleFarmersMartket/
1020134,87b4577e-e26a-47a6-8a32-b6bd1a56c06b,
1020134,a2af1d35-6709-4551-a3a6-a161bfd74966,
1020134,f07ddbf1-8408-450e-bacb-174c1716fc81,
1019490,3232b375-3959-4e3a-9dd0-2c2d98cb1776,https://www.fairfaxcounty.gov/parks/farmersmarkets/mclean
1019490,268a80c2-c4ce-4768-b89a-d5083ad5a450,https://www.facebook.com/events/909125412812849/
1019490,87b4577e-e26a-47a6-8a32-b6bd1a56c06b,
1019490,a2af1d35-6709-4551-a3a6-a161bfd74966,
1019490,f07ddbf1-8408-450e-bacb-174c1716fc81,@fairfaxfarmmarkets
1020081,3232b375-3959-4e3a-9dd0-2c2d98cb1776,
1020081,268a80c2-c4ce-4768-b89a-d5083ad5a450,Meade County Farmers Market 
1020081,87b4577e-e26a-47a6-8a32-b6bd1a56c06b,
1020081,a2af1d35-6709-4551-a3a6-a161bfd74966,
1020081,f07ddbf1-8408-450e-bacb-174c1716fc81,
1019634,3232b375-3959-4e3a-9dd0-2c2d98cb1776,https://medfordfarmersmarket.org/
1019634,268a80c2-c4ce-4768-b89a-d5083ad5a450,https://www.facebook.com/MedfordFarmerMkt/
1019634,87b4577e-e26a-47a6-8a32-b6bd1a56c06b,https://twitter.com/medfordfarmmkt?lang=en
1019634,a2af1d35-6709-4551-a3a6-a161bfd74966,
1019634,f07ddbf1-8408-450e-bacb-174c1716fc81,https://www.instagram.com/medfordfarmersmarket/
1021314,3232b375-3959-4e3a-9dd0-2c2d98cb1776,http://www.farmtocitymarkets.com
1021314,268a80c2-c4ce-4768-b89a-d5083ad5a450,https://www.facebook.com/mediafarmersmarket
1021314,87b4577e-e26a-47a6-8a32-b6bd1a56c06b,
1021314,a2af1d35-6709-4551-a3a6-a161bfd74966,
1021314,f07ddbf1-8408-450e-bacb-174c1716fc81,
1018908,3232b375-3959-4e3a-9dd0-2c2d98cb1776,http://www.oyatetecaproject.org
1018908,268a80c2-c4ce-4768-b89a-d5083ad5a450,Medicine Root Farmers Market
1018908,87b4577e-e26a-47a6-8a32-b6bd1a56c06b,
1018908,a2af1d35-6709-4551-a3a6-a161bfd74966,
1018908,f07ddbf1-8408-450e-bacb-174c1716fc81,
1019858,3232b375-3959-4e3a-9dd0-2c2d98cb1776,http://www.medinafarmersmarket.com
1019858,268a80c2-c4ce-4768-b89a-d5083ad5a450,medina farmers market
1019858,87b4577e-e26a-47a6-8a32-b6bd1a56c06b,
1019858,a2af1d35-6709-4551-a3a6-a161bfd74966,
1019858,f07ddbf1-8408-450e-bacb-174c1716fc81,
1019759,3232b375-3959-4e3a-9dd0-2c2d98cb1776,http://www.meigscountyfarmersmarket.com
1019759,268a80c2-c4ce-4768-b89a-d5083ad5a450,www.facebook.com/meigscountyfarmersmarket
1019759,87b4577e-e26a-47a6-8a32-b6bd1a56c06b,
1019759,a2af1d35-6709-4551-a3a6-a161bfd74966,
1019759,f07ddbf1-8408-450e-bacb-174c1716fc81,
1021209,3232b375-3959-4e3a-9dd0-2c2d98cb1776,http://memphisfarmersmarket.org
1021209,268a80c2-c4ce-4768-b89a-d5083ad5a450,https://www.facebook.com/memphisfarmersmarket
1021209,87b4577e-e26a-47a6-8a32-b6bd1a56c06b,@MemFarmersMkt
1021209,a2af1d35-6709-4551-a3a6-a161bfd74966,Memphis Farmers Market
1021209,f07ddbf1-8408-450e-bacb-174c1716fc81,https://www.instagram.com/memfarmersmkt/
1020199,3232b375-3959-4e3a-9dd0-2c2d98cb1776,
1020199,268a80c2-c4ce-4768-b89a-d5083ad5a450,https://www.facebook.com/Menifee-County-Farmers-Market-1412859525644869
1020199,87b4577e-e26a-47a6-8a32-b6bd1a56c06b,
1020199,a2af1d35-6709-4551-a3a6-a161bfd74966,
1020199,f07ddbf1-8408-450e-bacb-174c1716fc81,
1002905,3232b375-3959-4e3a-9dd0-2c2d98cb1776,http://www.localharvest.org
1002905,268a80c2-c4ce-4768-b89a-d5083ad5a450,Menlo Park Farmers Market
1002905,87b4577e-e26a-47a6-8a32-b6bd1a56c06b,
1002905,a2af1d35-6709-4551-a3a6-a161bfd74966,
1002905,f07ddbf1-8408-450e-bacb-174c1716fc81,
1019816,3232b375-3959-4e3a-9dd0-2c2d98cb1776,http://menomineefarmersmarket.com/
1019816,268a80c2-c4ce-4768-b89a-d5083ad5a450,https://www.facebook.com/MenomineeFarmersMarket/
1019816,87b4577e-e26a-47a6-8a32-b6bd1a56c06b,
1019816,a2af1d35-6709-4551-a3a6-a161bfd74966,
1019816,f07ddbf1-8408-450e-bacb-174c1716fc81,
1021357,3232b375-3959-4e3a-9dd0-2c2d98cb1776,http://www.menomineefarmersmarket.com/
1021357,268a80c2-c4ce-4768-b89a-d5083ad5a450,https://www.facebook.com/MenomineeFarmersMarket
1021357,87b4577e-e26a-47a6-8a32-b6bd1a56c06b,https://twitter.com/MenoFarmMarket
1021357,a2af1d35-6709-4551-a3a6-a161bfd74966,
1021357,f07ddbf1-8408-450e-bacb-174c1716fc81,
1018093,3232b375-3959-4e3a-9dd0-2c2d98cb1776,
1018093,268a80c2-c4ce-4768-b89a-d5083ad5a450,https://www.facebook.com/merchantvillemarketoffcentre/
1018093,87b4577e-e26a-47a6-8a32-b6bd1a56c06b,
1018093,a2af1d35-6709-4551-a3a6-a161bfd74966,
1018093,f07ddbf1-8408-450e-bacb-174c1716fc81,https://www.instagram.com/marketoffcentre/
1019464,3232b375-3959-4e3a-9dd0-2c2d98cb1776,http://www.meridianmainstreetmarket.com
1019464,268a80c2-c4ce-4768-b89a-d5083ad5a450,https://www.facebook.com/MeridianMainStreetMarket/
1019464,87b4577e-e26a-47a6-8a32-b6bd1a56c06b,
1019464,a2af1d35-6709-4551-a3a6-a161bfd74966,
1019464,f07ddbf1-8408-450e-bacb-174c1716fc81,
1021458,3232b375-3959-4e3a-9dd0-2c2d98cb1776,
1021458,268a80c2-c4ce-4768-b89a-d5083ad5a450,https://www.facebook.com/metuchenfarmersmarket
1021458,87b4577e-e26a-47a6-8a32-b6bd1a56c06b,https://twitter.com/MetuchenMkt
1021458,a2af1d35-6709-4551-a3a6-a161bfd74966,
1021458,f07ddbf1-8408-450e-bacb-174c1716fc81,https://www.instagram.com/metuchenmkt/
1019137,3232b375-3959-4e3a-9dd0-2c2d98cb1776,
1019137,268a80c2-c4ce-4768-b89a-d5083ad5a450,Miami County Farmers' Market
1019137,87b4577e-e26a-47a6-8a32-b6bd1a56c06b,
1019137,a2af1d35-6709-4551-a3a6-a161bfd74966,
1019137,f07ddbf1-8408-450e-bacb-174c1716fc81,
1000021,3232b375-3959-4e3a-9dd0-2c2d98cb1776,http://www.mtfarmersmarket.com
1000021,268a80c2-c4ce-4768-b89a-d5083ad5a450,https://www.facebook.com/mtmarket
1000021,87b4577e-e26a-47a6-8a32-b6bd1a56c06b,
1000021,a2af1d35-6709-4551-a3a6-a161bfd74966,
1000021,f07ddbf1-8408-450e-bacb-174c1716fc81,
1011076,3232b375-3959-4e3a-9dd0-2c2d98cb1776,
1011076,268a80c2-c4ce-4768-b89a-d5083ad5a450,Middlebury Farmers Market
1011076,87b4577e-e26a-47a6-8a32-b6bd1a56c06b,
1011076,a2af1d35-6709-4551-a3a6-a161bfd74966,
1011076,f07ddbf1-8408-450e-bacb-174c1716fc81,
1020087,3232b375-3959-4e3a-9dd0-2c2d98cb1776,
1020087,268a80c2-c4ce-4768-b89a-d5083ad5a450,
1020087,87b4577e-e26a-47a6-8a32-b6bd1a56c06b,
1020087,a2af1d35-6709-4551-a3a6-a161bfd74966,
1020087,f07ddbf1-8408-450e-bacb-174c1716fc81,
1019683,3232b375-3959-4e3a-9dd0-2c2d98cb1776,http://www.middletownmdfarmersmarket.com
1019683,268a80c2-c4ce-4768-b89a-d5083ad5a450,https://www.facebook.com/middletownmdfarmersmarket
1019683,87b4577e-e26a-47a6-8a32-b6bd1a56c06b,http://www.twitter.com/mtownfarmersmkt
1019683,a2af1d35-6709-4551-a3a6-a161bfd74966,
1019683,f07ddbf1-8408-450e-bacb-174c1716fc81,http://instagram.com/middletownfarmers
1019777,3232b375-3959-4e3a-9dd0-2c2d98cb1776,http://mbami.org/farmersmarket/
1019777,268a80c2-c4ce-4768-b89a-d5083ad5a450,https://www.facebook.com/midlandfarmersmarket/
1019777,87b4577e-e26a-47a6-8a32-b6bd1a56c06b,https://twitter.com/midlandfmarket
1019777,a2af1d35-6709-4551-a3a6-a161bfd74966,
1019777,f07ddbf1-8408-450e-bacb-174c1716fc81,https://www.instagram.com/midlandfarmersmarket/
1012786,3232b375-3959-4e3a-9dd0-2c2d98cb1776,http://www.midwestfarmersmarkets.org/markets/midtown-farmers-market/
1012786,268a80c2-c4ce-4768-b89a-d5083ad5a450,https://www.facebook.com/Midtown-Farmers-Market-655879797806495/
1012786,87b4577e-e26a-47a6-8a32-b6bd1a56c06b,https://twitter.com/MidtownFmsMkt
1012786,a2af1d35-6709-4551-a3a6-a161bfd74966,
1012786,f07ddbf1-8408-450e-bacb-174c1716fc81,
1005633,3232b375-3959-4e3a-9dd0-2c2d98cb1776,
1005633,268a80c2-c4ce-4768-b89a-d5083ad5a450,
1005633,87b4577e-e26a-47a6-8a32-b6bd1a56c06b,
1005633,a2af1d35-6709-4551-a3a6-a161bfd74966,
1005633,f07ddbf1-8408-450e-bacb-174c1716fc81,
1006681,3232b375-3959-4e3a-9dd0-2c2d98cb1776,http://www.downtowntownmilfordfarmersmarket.com
1006681,268a80c2-c4ce-4768-b89a-d5083ad5a450,https://www.facebook.com/Milfordmarket
1006681,87b4577e-e26a-47a6-8a32-b6bd1a56c06b,
1006681,a2af1d35-6709-4551-a3a6-a161bfd74966,
1006681,f07ddbf1-8408-450e-bacb-174c1716fc81,
1009658,3232b375-3959-4e3a-9dd0-2c2d98cb1776,http://www.honoluluparks.com
1009658,268a80c2-c4ce-4768-b89a-d5083ad5a450,
1009658,87b4577e-e26a-47a6-8a32-b6bd1a56c06b,
1009658,a2af1d35-6709-4551-a3a6-a161bfd74966,
1009658,f07ddbf1-8408-450e-bacb-174c1716fc81,
1020034,3232b375-3959-4e3a-9dd0-2c2d98cb1776,https://www.milkladymarkets.org/derwood-market.html
1020034,268a80c2-c4ce-4768-b89a-d5083ad5a450,https://www.facebook.com/MilkladyFarmersMarkets/
1020034,87b4577e-e26a-47a6-8a32-b6bd1a56c06b,https://twitter.com/milkladymarkets
1020034,a2af1d35-6709-4551-a3a6-a161bfd74966,https://www.youtube.com/channel/UCwayQJb5tA74z6JPYQIFAcA
1020034,f07ddbf1-8408-450e-bacb-174c1716fc81,https://app.sourcewhatsgood.com/markets?filter=derwood
1020035,3232b375-3959-4e3a-9dd0-2c2d98cb1776,https://www.milkladymarkets.org/derwood-market.html
1020035,268a80c2-c4ce-4768-b89a-d5083ad5a450,https://www.facebook.com/MilkladyFarmersMarkets/
1020035,87b4577e-e26a-47a6-8a32-b6bd1a56c06b,https://twitter.com/milkladymarkets
1020035,a2af1d35-6709-4551-a3a6-a161bfd74966,https://www.youtube.com/channel/UCwayQJb5tA74z6JPYQIFAcA
1020035,f07ddbf1-8408-450e-bacb-174c1716fc81,https://app.sourcewhatsgood.com/markets?filter=derwood
1020038,3232b375-3959-4e3a-9dd0-2c2d98cb1776,https://www.milkladymarkets.org/shady-grove-market
1020038,268a80c2-c4ce-4768-b89a-d5083ad5a450,https://www.facebook.com/MilkladyFarmersMarkets
1020038,87b4577e-e26a-47a6-8a32-b6bd1a56c06b,https://twitter.com/milkladymarkets
1020038,a2af1d35-6709-4551-a3a6-a161bfd74966,https://www.youtube.com/channel/UCwayQJb5tA74z6JPYQIFAcA
1020038,f07ddbf1-8408-450e-bacb-174c1716fc81,https://app.sourcewhatsgood.com/markets/shady-grove-farmers-market/products
1012523,3232b375-3959-4e3a-9dd0-2c2d98cb1776,http://millcityfarmersmarket.org/
1012523,268a80c2-c4ce-4768-b89a-d5083ad5a450,https://www.facebook.com/MillCityFarmersMarket/
1012523,87b4577e-e26a-47a6-8a32-b6bd1a56c06b,https://twitter.com/mcfarmersmkt
1012523,a2af1d35-6709-4551-a3a6-a161bfd74966,
1012523,f07ddbf1-8408-450e-bacb-174c1716fc81,instagram: @mcfarmersmkt
1010485,3232b375-3959-4e3a-9dd0-2c2d98cb1776,
1010485,268a80c2-c4ce-4768-b89a-d5083ad5a450,Main Street Millen
1010485,87b4577e-e26a-47a6-8a32-b6bd1a56c06b,
1010485,a2af1d35-6709-4551-a3a6-a161bfd74966,
1010485,f07ddbf1-8408-450e-bacb-174c1716fc81,
1018486,3232b375-3959-4e3a-9dd0-2c2d98cb1776,http://www.miltondefarmersmarket.org/
1018486,268a80c2-c4ce-4768-b89a-d5083ad5a450,https://www.facebook.com/Miltonfarmkt/
1018486,87b4577e-e26a-47a6-8a32-b6bd1a56c06b,
1018486,a2af1d35-6709-4551-a3a6-a161bfd74966,
1018486,f07ddbf1-8408-450e-bacb-174c1716fc81,
1021454,3232b375-3959-4e3a-9dd0-2c2d98cb1776,http://www.mcwfm.org
1021454,268a80c2-c4ce-4768-b89a-d5083ad5a450,www.facebook.com/mcwfm
1021454,87b4577e-e26a-47a6-8a32-b6bd1a56c06b,www.twitter.com/fondymarket
1021454,a2af1d35-6709-4551-a3a6-a161bfd74966,www.youtube.com/channel/UCVNVRvOp84S6yHDnFn8ef1w
1021454,f07ddbf1-8408-450e-bacb-174c1716fc81,www.instagram.com/fondymarkets
1019239,3232b375-3959-4e3a-9dd0-2c2d98cb1776,https://mineolafarmersmarket.com/
1019239,268a80c2-c4ce-4768-b89a-d5083ad5a450,https://www.facebook.com/mineolafarmersmarket/
1019239,87b4577e-e26a-47a6-8a32-b6bd1a56c06b,
1019239,a2af1d35-6709-4551-a3a6-a161bfd74966,
1019239,f07ddbf1-8408-450e-bacb-174c1716fc81,
1019716,3232b375-3959-4e3a-9dd0-2c2d98cb1776,https://minnetrista.net/home/things-to-do/farmers-market2/
1019716,268a80c2-c4ce-4768-b89a-d5083ad5a450,https://www.facebook.com/minnetrista
1019716,87b4577e-e26a-47a6-8a32-b6bd1a56c06b,
1019716,a2af1d35-6709-4551-a3a6-a161bfd74966,
1019716,f07ddbf1-8408-450e-bacb-174c1716fc81,
1006069,3232b375-3959-4e3a-9dd0-2c2d98cb1776,https://www.minturn.org/explore-minturn/pages/minturn-market
1006069,268a80c2-c4ce-4768-b89a-d5083ad5a450,https://www.facebook.com/minturnmarket
1006069,87b4577e-e26a-47a6-8a32-b6bd1a56c06b,
1006069,a2af1d35-6709-4551-a3a6-a161bfd74966,
1006069,f07ddbf1-8408-450e-bacb-174c1716fc81,https://www.instagram.com/minturnmarket/
1020195,3232b375-3959-4e3a-9dd0-2c2d98cb1776,http://cuesa.org/mcm
1020195,268a80c2-c4ce-4768-b89a-d5083ad5a450,facebook.com/mission.community.market
1020195,87b4577e-e26a-47a6-8a32-b6bd1a56c06b,twitter.com/missionmercado
1020195,a2af1d35-6709-4551-a3a6-a161bfd74966,
1020195,f07ddbf1-8408-450e-bacb-174c1716fc81,instagram.com/missionmercado
1016862,3232b375-3959-4e3a-9dd0-2c2d98cb1776,http://missionks.org/market
1016862,268a80c2-c4ce-4768-b89a-d5083ad5a450,https://www.facebook.com/missionksmarket/
1016862,87b4577e-e26a-47a6-8a32-b6bd1a56c06b,https://twitter.com/missionksmarket
1016862,a2af1d35-6709-4551-a3a6-a161bfd74966,
1016862,f07ddbf1-8408-450e-bacb-174c1716fc81,https://www.instagram.com/missionksmarket/?hl=en
1021493,3232b375-3959-4e3a-9dd0-2c2d98cb1776,
1021493,268a80c2-c4ce-4768-b89a-d5083ad5a450,
1021493,87b4577e-e26a-47a6-8a32-b6bd1a56c06b,
1021493,a2af1d35-6709-4551-a3a6-a161bfd74966,
1021493,f07ddbf1-8408-450e-bacb-174c1716fc81,
1018939,3232b375-3959-4e3a-9dd0-2c2d98cb1776,http://missoulafarmersmarket.com/
1018939,268a80c2-c4ce-4768-b89a-d5083ad5a450,https://www.facebook.com/MissoulaFarmersMarket/
1018939,87b4577e-e26a-47a6-8a32-b6bd1a56c06b,
1018939,a2af1d35-6709-4551-a3a6-a161bfd74966,
1018939,f07ddbf1-8408-450e-bacb-174c1716fc81,
1010037,3232b375-3959-4e3a-9dd0-2c2d98cb1776,http://www.seela.org/
1010037,268a80c2-c4ce-4768-b89a-d5083ad5a450,https://www.facebook.com/MLKCampusFarmersMarket/
1010037,87b4577e-e26a-47a6-8a32-b6bd1a56c06b,
1010037,a2af1d35-6709-4551-a3a6-a161bfd74966,
1010037,f07ddbf1-8408-450e-bacb-174c1716fc81,instagram- mlkcampusfm
1001104,3232b375-3959-4e3a-9dd0-2c2d98cb1776,http://www.tscpl.org
1001104,268a80c2-c4ce-4768-b89a-d5083ad5a450,
1001104,87b4577e-e26a-47a6-8a32-b6bd1a56c06b,
1001104,a2af1d35-6709-4551-a3a6-a161bfd74966,
1001104,f07ddbf1-8408-450e-bacb-174c1716fc81,
1006547,3232b375-3959-4e3a-9dd0-2c2d98cb1776,http://www.farmersmarketmonroemi.com
1006547,268a80c2-c4ce-4768-b89a-d5083ad5a450,https://www.facebook.com/farmersmarketmonroemi
1006547,87b4577e-e26a-47a6-8a32-b6bd1a56c06b,
1006547,a2af1d35-6709-4551-a3a6-a161bfd74966,
1006547,f07ddbf1-8408-450e-bacb-174c1716fc81,
1012314,3232b375-3959-4e3a-9dd0-2c2d98cb1776,http://www.mainstreetmonroe.org
1012314,268a80c2-c4ce-4768-b89a-d5083ad5a450,Main Street Monroe Farmers Market
1012314,87b4577e-e26a-47a6-8a32-b6bd1a56c06b,
1012314,a2af1d35-6709-4551-a3a6-a161bfd74966,
1012314,f07ddbf1-8408-450e-bacb-174c1716fc81,
1019844,3232b375-3959-4e3a-9dd0-2c2d98cb1776,http://www.montavillamarket.org
1019844,268a80c2-c4ce-4768-b89a-d5083ad5a450,https://www.facebook.com/MontavillaMarket/
1019844,87b4577e-e26a-47a6-8a32-b6bd1a56c06b,https://twitter.com/Montavillamkt
1019844,a2af1d35-6709-4551-a3a6-a161bfd74966,
1019844,f07ddbf1-8408-450e-bacb-174c1716fc81,https://www.instagram.com/accounts/activity/
1020166,3232b375-3959-4e3a-9dd0-2c2d98cb1776,
1020166,268a80c2-c4ce-4768-b89a-d5083ad5a450,https://www.facebook.com/UrbanVillageOnFB
1020166,87b4577e-e26a-47a6-8a32-b6bd1a56c06b,
1020166,a2af1d35-6709-4551-a3a6-a161bfd74966,
1020166,f07ddbf1-8408-450e-bacb-174c1716fc81,https://www.instagram.com/urbanvillage
1004297,3232b375-3959-4e3a-9dd0-2c2d98cb1776,
1004297,268a80c2-c4ce-4768-b89a-d5083ad5a450,https://www.facebook.com/montevallofarmersmarket
1004297,87b4577e-e26a-47a6-8a32-b6bd1a56c06b,
1004297,a2af1d35-6709-4551-a3a6-a161bfd74966,
1004297,f07ddbf1-8408-450e-bacb-174c1716fc81,
1020085,3232b375-3959-4e3a-9dd0-2c2d98cb1776,http://www.mocofarmersmarket.com
1020085,268a80c2-c4ce-4768-b89a-d5083ad5a450,Montgomery County-KY-Farmers' Market
1020085,87b4577e-e26a-47a6-8a32-b6bd1a56c06b,
1020085,a2af1d35-6709-4551-a3a6-a161bfd74966,
1020085,f07ddbf1-8408-450e-bacb-174c1716fc81,
1021377,3232b375-3959-4e3a-9dd0-2c2d98cb1776,https://jaspercountycoc.com/events/market-on-the-square/
1021377,268a80c2-c4ce-4768-b89a-d5083ad5a450,https://www.facebook.com/monticellogafarmersmarket
1021377,87b4577e-e26a-47a6-8a32-b6bd1a56c06b,
1021377,a2af1d35-6709-4551-a3a6-a161bfd74966,
1021377,f07ddbf1-8408-450e-bacb-174c1716fc81,
1011901,3232b375-3959-4e3a-9dd0-2c2d98cb1776,http://www.montourfallsfarmersmarket.com
1011901,268a80c2-c4ce-4768-b89a-d5083ad5a450,https://www.facebook.com/Montour-Falls-Library-140122486056562
1011901,87b4577e-e26a-47a6-8a32-b6bd1a56c06b,
1011901,a2af1d35-6709-4551-a3a6-a161bfd74966,
1011901,f07ddbf1-8408-450e-bacb-174c1716fc81,
1019507,3232b375-3959-4e3a-9dd0-2c2d98cb1776,http://montrosefarmersmarket.weebly.com/
1019507,268a80c2-c4ce-4768-b89a-d5083ad5a450,https://m.facebook.com/MontroseFarmersMarket/
1019507,87b4577e-e26a-47a6-8a32-b6bd1a56c06b,
1019507,a2af1d35-6709-4551-a3a6-a161bfd74966,
1019507,f07ddbf1-8408-450e-bacb-174c1716fc81,Instagram @montrosecoloradofarmersmarket
1021430,3232b375-3959-4e3a-9dd0-2c2d98cb1776,
1021430,268a80c2-c4ce-4768-b89a-d5083ad5a450,
1021430,87b4577e-e26a-47a6-8a32-b6bd1a56c06b,
1021430,a2af1d35-6709-4551-a3a6-a161bfd74966,
1021430,f07ddbf1-8408-450e-bacb-174c1716fc81,
1019480,3232b375-3959-4e3a-9dd0-2c2d98cb1776,http://www.morelandfarmersmarket.org
1019480,268a80c2-c4ce-4768-b89a-d5083ad5a450,https://www.facebook.com/morelandfarmersmarket/
1019480,87b4577e-e26a-47a6-8a32-b6bd1a56c06b,
1019480,a2af1d35-6709-4551-a3a6-a161bfd74966,
1019480,f07ddbf1-8408-450e-bacb-174c1716fc81,https://www.instagram.com/morelandfarmers/
1018573,3232b375-3959-4e3a-9dd0-2c2d98cb1776,http://morgan.osu.edu
1018573,268a80c2-c4ce-4768-b89a-d5083ad5a450,Morgan County Farmers Market
1018573,87b4577e-e26a-47a6-8a32-b6bd1a56c06b,
1018573,a2af1d35-6709-4551-a3a6-a161bfd74966,
1018573,f07ddbf1-8408-450e-bacb-174c1716fc81,
1018314,3232b375-3959-4e3a-9dd0-2c2d98cb1776,http://www.info@mcfarmers.org
1018314,268a80c2-c4ce-4768-b89a-d5083ad5a450,Morgan County Farmers Market
1018314,87b4577e-e26a-47a6-8a32-b6bd1a56c06b,
1018314,a2af1d35-6709-4551-a3a6-a161bfd74966,
1018314,f07ddbf1-8408-450e-bacb-174c1716fc81,
1018317,3232b375-3959-4e3a-9dd0-2c2d98cb1776,http://www.info@mcfarmers.org
1018317,268a80c2-c4ce-4768-b89a-d5083ad5a450,Morgan County Farmers Market
1018317,87b4577e-e26a-47a6-8a32-b6bd1a56c06b,
1018317,a2af1d35-6709-4551-a3a6-a161bfd74966,
1018317,f07ddbf1-8408-450e-bacb-174c1716fc81,
1021252,3232b375-3959-4e3a-9dd0-2c2d98cb1776,http://www.info@mcfarmers.org
1021252,268a80c2-c4ce-4768-b89a-d5083ad5a450,Morgan County Farmers Market
1021252,87b4577e-e26a-47a6-8a32-b6bd1a56c06b,
1021252,a2af1d35-6709-4551-a3a6-a161bfd74966,
1021252,f07ddbf1-8408-450e-bacb-174c1716fc81,
1012560,3232b375-3959-4e3a-9dd0-2c2d98cb1776,http://www.downtownmorganton.com/index.php/shop/farmers-markets
1012560,268a80c2-c4ce-4768-b89a-d5083ad5a450,www.facebook.com/morgantonfarmersmarket
1012560,87b4577e-e26a-47a6-8a32-b6bd1a56c06b,
1012560,a2af1d35-6709-4551-a3a6-a161bfd74966,
1012560,f07ddbf1-8408-450e-bacb-174c1716fc81,
1021656,3232b375-3959-4e3a-9dd0-2c2d98cb1776,https://www.morningsidemarket.com
1021656,268a80c2-c4ce-4768-b89a-d5083ad5a450,https://www.facebook.com/morningsidefarmersmarket
1021656,87b4577e-e26a-47a6-8a32-b6bd1a56c06b,
1021656,a2af1d35-6709-4551-a3a6-a161bfd74966,
1021656,f07ddbf1-8408-450e-bacb-174c1716fc81,@morningsidefarmersmarket
1021467,3232b375-3959-4e3a-9dd0-2c2d98cb1776,https://www.growitgreenmorristown.org/local-food-access
1021467,268a80c2-c4ce-4768-b89a-d5083ad5a450,Morris Winter Farmers Market
1021467,87b4577e-e26a-47a6-8a32-b6bd1a56c06b,
1021467,a2af1d35-6709-4551-a3a6-a161bfd74966,
1021467,f07ddbf1-8408-450e-bacb-174c1716fc81,@morriswintermarket
1020162,3232b375-3959-4e3a-9dd0-2c2d98cb1776,https://www.morrobayfarmers.com
1020162,268a80c2-c4ce-4768-b89a-d5083ad5a450,https://www.facebook.com/MorroBayMainStreetFarmersMarket/
1020162,87b4577e-e26a-47a6-8a32-b6bd1a56c06b,
1020162,a2af1d35-6709-4551-a3a6-a161bfd74966,
1020162,f07ddbf1-8408-450e-bacb-174c1716fc81,https://www.instagram.com/morrobaymainstfarmersmarket/
1018926,3232b375-3959-4e3a-9dd0-2c2d98cb1776,http://www.ci.moscow.id.us/197/Farmers-Market
1018926,268a80c2-c4ce-4768-b89a-d5083ad5a450,https://www.facebook.com/MoscowFarmersMarket/
1018926,87b4577e-e26a-47a6-8a32-b6bd1a56c06b,https://twitter.com/mosfarmersmkt
1018926,a2af1d35-6709-4551-a3a6-a161bfd74966,
1018926,f07ddbf1-8408-450e-bacb-174c1716fc81,
1005559,3232b375-3959-4e3a-9dd0-2c2d98cb1776,http://www.mosineechamber.org
1005559,268a80c2-c4ce-4768-b89a-d5083ad5a450,https://www.facebook.com/profile.php?id=1671726160
1005559,87b4577e-e26a-47a6-8a32-b6bd1a56c06b,
1005559,a2af1d35-6709-4551-a3a6-a161bfd74966,
1005559,f07ddbf1-8408-450e-bacb-174c1716fc81,
1005499,3232b375-3959-4e3a-9dd0-2c2d98cb1776,
1005499,268a80c2-c4ce-4768-b89a-d5083ad5a450,https://www.facebook.com/MountCarrollFarmersMarket
1005499,87b4577e-e26a-47a6-8a32-b6bd1a56c06b,
1005499,a2af1d35-6709-4551-a3a6-a161bfd74966,
1005499,f07ddbf1-8408-450e-bacb-174c1716fc81,
1018991,3232b375-3959-4e3a-9dd0-2c2d98cb1776,http://www.mounthopefarm.org
1018991,268a80c2-c4ce-4768-b89a-d5083ad5a450,https://www.facebook.com/mounthopefarm
1018991,87b4577e-e26a-47a6-8a32-b6bd1a56c06b,
1018991,a2af1d35-6709-4551-a3a6-a161bfd74966,
1018991,f07ddbf1-8408-450e-bacb-174c1716fc81,
1004717,3232b375-3959-4e3a-9dd0-2c2d98cb1776,https://experiencemountpleasant.com/events/farmers-market/
1004717,268a80c2-c4ce-4768-b89a-d5083ad5a450,https://www.facebook.com/MountPleasantFarmersMarket
1004717,87b4577e-e26a-47a6-8a32-b6bd1a56c06b,
1004717,a2af1d35-6709-4551-a3a6-a161bfd74966,
1004717,f07ddbf1-8408-450e-bacb-174c1716fc81,
1018995,3232b375-3959-4e3a-9dd0-2c2d98cb1776,http://MtPFM.org
1018995,268a80c2-c4ce-4768-b89a-d5083ad5a450,facebook.com/MtPFarMar
1018995,87b4577e-e26a-47a6-8a32-b6bd1a56c06b,twitter.com/mtpfarmermarket
1018995,a2af1d35-6709-4551-a3a6-a161bfd74966,
1018995,f07ddbf1-8408-450e-bacb-174c1716fc81,
1000585,3232b375-3959-4e3a-9dd0-2c2d98cb1776,http://www.MountainFresh.org
1000585,268a80c2-c4ce-4768-b89a-d5083ad5a450,https://www.facebook.com/mountainfreshfarmersmarket
1000585,87b4577e-e26a-47a6-8a32-b6bd1a56c06b,
1000585,a2af1d35-6709-4551-a3a6-a161bfd74966,
1000585,f07ddbf1-8408-450e-bacb-174c1716fc81,
1021307,3232b375-3959-4e3a-9dd0-2c2d98cb1776,http://www.farmtocitymarkets.com
1021307,268a80c2-c4ce-4768-b89a-d5083ad5a450,https://www.facebook.com/Mt-Airy-Farmers-Market-115303871848990
1021307,87b4577e-e26a-47a6-8a32-b6bd1a56c06b,
1021307,a2af1d35-6709-4551-a3a6-a161bfd74966,
1021307,f07ddbf1-8408-450e-bacb-174c1716fc81,
1021288,3232b375-3959-4e3a-9dd0-2c2d98cb1776,
1021288,268a80c2-c4ce-4768-b89a-d5083ad5a450,https://www.facebook.com/mpfarmersmarket
1021288,87b4577e-e26a-47a6-8a32-b6bd1a56c06b,
1021288,a2af1d35-6709-4551-a3a6-a161bfd74966,
1021288,f07ddbf1-8408-450e-bacb-174c1716fc81,
1021287,3232b375-3959-4e3a-9dd0-2c2d98cb1776,http://www.mt-pleasant.org/farmersmarket
1021287,268a80c2-c4ce-4768-b89a-d5083ad5a450,https://www.facebook.com/mpfarmersmarket
1021287,87b4577e-e26a-47a6-8a32-b6bd1a56c06b,
1021287,a2af1d35-6709-4551-a3a6-a161bfd74966,
1021287,f07ddbf1-8408-450e-bacb-174c1716fc81,
1021571,3232b375-3959-4e3a-9dd0-2c2d98cb1776,http://Www.mtwashingtonky.org
1021571,268a80c2-c4ce-4768-b89a-d5083ad5a450,@mwfarmersmarket
1021571,87b4577e-e26a-47a6-8a32-b6bd1a56c06b,
1021571,a2af1d35-6709-4551-a3a6-a161bfd74966,
1021571,f07ddbf1-8408-450e-bacb-174c1716fc81,
1010316,3232b375-3959-4e3a-9dd0-2c2d98cb1776,http://www.mulberrymarket.org
1010316,268a80c2-c4ce-4768-b89a-d5083ad5a450,https://www.facebook.com/MulberryStreetMarket
1010316,87b4577e-e26a-47a6-8a32-b6bd1a56c06b,
1010316,a2af1d35-6709-4551-a3a6-a161bfd74966,
1010316,f07ddbf1-8408-450e-bacb-174c1716fc81,https://www.instagram.com/mulberry_market/
1012725,3232b375-3959-4e3a-9dd0-2c2d98cb1776,http://muldoonfarmersmarket.org
1012725,268a80c2-c4ce-4768-b89a-d5083ad5a450,http://www.facebook.com/muldoonfarmersmarket
1012725,87b4577e-e26a-47a6-8a32-b6bd1a56c06b,http://twitter.com/MuldoonFarmers
1012725,a2af1d35-6709-4551-a3a6-a161bfd74966,
1012725,f07ddbf1-8408-450e-bacb-174c1716fc81,
1018924,3232b375-3959-4e3a-9dd0-2c2d98cb1776,
1018924,268a80c2-c4ce-4768-b89a-d5083ad5a450,https://www.facebook.com/groups/1627047027524961/
1018924,87b4577e-e26a-47a6-8a32-b6bd1a56c06b,
1018924,a2af1d35-6709-4551-a3a6-a161bfd74966,
1018924,f07ddbf1-8408-450e-bacb-174c1716fc81,
1018931,3232b375-3959-4e3a-9dd0-2c2d98cb1776,
1018931,268a80c2-c4ce-4768-b89a-d5083ad5a450,MunisingMarket
1018931,87b4577e-e26a-47a6-8a32-b6bd1a56c06b,
1018931,a2af1d35-6709-4551-a3a6-a161bfd74966,
1018931,f07ddbf1-8408-450e-bacb-174c1716fc81,
1019857,3232b375-3959-4e3a-9dd0-2c2d98cb1776,https://murrysvilleparecreation.com/190/Farmers-Market
1019857,268a80c2-c4ce-4768-b89a-d5083ad5a450,https://www.facebook.com/Murrysville-Farmers-Market-452857878198702/
1019857,87b4577e-e26a-47a6-8a32-b6bd1a56c06b,
1019857,a2af1d35-6709-4551-a3a6-a161bfd74966,
1019857,f07ddbf1-8408-450e-bacb-174c1716fc81,
1018903,3232b375-3959-4e3a-9dd0-2c2d98cb1776,https://www.facebook.com/MyMatanuskaMarketplace/?ref=bookmarks
1018903,268a80c2-c4ce-4768-b89a-d5083ad5a450,https://www.facebook.com/MyMatanuskaMarketplace/?ref=bookmarks
1018903,87b4577e-e26a-47a6-8a32-b6bd1a56c06b,
1018903,a2af1d35-6709-4551-a3a6-a161bfd74966,
1018903,f07ddbf1-8408-450e-bacb-174c1716fc81,
1019682,3232b375-3959-4e3a-9dd0-2c2d98cb1776,http://www.myersvillefarmersmarket.com
1019682,268a80c2-c4ce-4768-b89a-d5083ad5a450,https://www.facebook.com/myersvillefarmersmarket
1019682,87b4577e-e26a-47a6-8a32-b6bd1a56c06b,
1019682,a2af1d35-6709-4551-a3a6-a161bfd74966,
1019682,f07ddbf1-8408-450e-bacb-174c1716fc81,http://instagram.com/myersvillefarmersmarket
1011535,3232b375-3959-4e3a-9dd0-2c2d98cb1776,http://www.napafarmersmarket.org
1011535,268a80c2-c4ce-4768-b89a-d5083ad5a450,www.facebook.com/NapaFarmersMarket
1011535,87b4577e-e26a-47a6-8a32-b6bd1a56c06b,www.twitter.com/napafarmersmkt
1011535,a2af1d35-6709-4551-a3a6-a161bfd74966,
1011535,f07ddbf1-8408-450e-bacb-174c1716fc81,www.instagram.com/napafarmersmkt
1020055,3232b375-3959-4e3a-9dd0-2c2d98cb1776,https://narrowsburgfarmersmarket.org/
1020055,268a80c2-c4ce-4768-b89a-d5083ad5a450,https://www.facebook.com/narrowsburgfarmmarket/
1020055,87b4577e-e26a-47a6-8a32-b6bd1a56c06b,
1020055,a2af1d35-6709-4551-a3a6-a161bfd74966,
1020055,f07ddbf1-8408-450e-bacb-174c1716fc81,https://www.instagram.com/narrowsburgfarmmarket/
1003081,3232b375-3959-4e3a-9dd0-2c2d98cb1776,http://nash.ces.ncsu.edu
1003081,268a80c2-c4ce-4768-b89a-d5083ad5a450,Nash County Farmers Market in Rocky Mount
1003081,87b4577e-e26a-47a6-8a32-b6bd1a56c06b,
1003081,a2af1d35-6709-4551-a3a6-a161bfd74966,
1003081,f07ddbf1-8408-450e-bacb-174c1716fc81,Instagram - naashcountyfarmersmarketinrocky
1020017,3232b375-3959-4e3a-9dd0-2c2d98cb1776,http://www.natickfarmersmarekt.org
1020017,268a80c2-c4ce-4768-b89a-d5083ad5a450,
1020017,87b4577e-e26a-47a6-8a32-b6bd1a56c06b,
1020017,a2af1d35-6709-4551-a3a6-a161bfd74966,
1020017,f07ddbf1-8408-450e-bacb-174c1716fc81,
1021715,3232b375-3959-4e3a-9dd0-2c2d98cb1776,https://www.navarrofarm.org/
1021715,268a80c2-c4ce-4768-b89a-d5083ad5a450,https://www.facebook.com/navarrofarm.org/
1021715,87b4577e-e26a-47a6-8a32-b6bd1a56c06b,
1021715,a2af1d35-6709-4551-a3a6-a161bfd74966,
1021715,f07ddbf1-8408-450e-bacb-174c1716fc81,https://www.instagram.com/navarrofarm/
1021642,3232b375-3959-4e3a-9dd0-2c2d98cb1776,https://www.nederlandfarmersmarket.org/
1021642,268a80c2-c4ce-4768-b89a-d5083ad5a450,https://www.facebook.com/NederlandFarmersMarket/
1021642,87b4577e-e26a-47a6-8a32-b6bd1a56c06b,
1021642,a2af1d35-6709-4551-a3a6-a161bfd74966,
1021642,f07ddbf1-8408-450e-bacb-174c1716fc81,https://www.instagram.com/nederlandfarmersmarket/
1018702,3232b375-3959-4e3a-9dd0-2c2d98cb1776,http://www.needhamfarmersmarket.org
1018702,268a80c2-c4ce-4768-b89a-d5083ad5a450,https://www.facebook.com/NeedhamFarmersMarket/
1018702,87b4577e-e26a-47a6-8a32-b6bd1a56c06b,
1018702,a2af1d35-6709-4551-a3a6-a161bfd74966,
1018702,f07ddbf1-8408-450e-bacb-174c1716fc81,
1019737,3232b375-3959-4e3a-9dd0-2c2d98cb1776,http://neoshofarmersmarket@gmail.com
1019737,268a80c2-c4ce-4768-b89a-d5083ad5a450,https://www.facebook.com/NeoshoFarmersMarket
1019737,87b4577e-e26a-47a6-8a32-b6bd1a56c06b,
1019737,a2af1d35-6709-4551-a3a6-a161bfd74966,
1019737,f07ddbf1-8408-450e-bacb-174c1716fc81,https://www.instagram.com/neoshofarmersmarket/
1021634,3232b375-3959-4e3a-9dd0-2c2d98cb1776,http://www.gonetcong.com/
1021634,268a80c2-c4ce-4768-b89a-d5083ad5a450,Netcong Community Marketplace
1021634,87b4577e-e26a-47a6-8a32-b6bd1a56c06b,
1021634,a2af1d35-6709-4551-a3a6-a161bfd74966,
1021634,f07ddbf1-8408-450e-bacb-174c1716fc81,Netcong Community Partnership
1019908,3232b375-3959-4e3a-9dd0-2c2d98cb1776,https://guide.farmfreshri.org/food/farmersmarkets_details.php?market=454
1019908,268a80c2-c4ce-4768-b89a-d5083ad5a450,https://www.facebook.com/farmfreshri/
1019908,87b4577e-e26a-47a6-8a32-b6bd1a56c06b,
1019908,a2af1d35-6709-4551-a3a6-a161bfd74966,
1019908,f07ddbf1-8408-450e-bacb-174c1716fc81,
1019725,3232b375-3959-4e3a-9dd0-2c2d98cb1776,http://www.newbaltimorefarmersmarket.com
1019725,268a80c2-c4ce-4768-b89a-d5083ad5a450,https://www.facebook.com/New-Baltimore-Farmers-Market-Fan-Page-298736159230/
1019725,87b4577e-e26a-47a6-8a32-b6bd1a56c06b,
1019725,a2af1d35-6709-4551-a3a6-a161bfd74966,
1019725,f07ddbf1-8408-450e-bacb-174c1716fc81,
1012739,3232b375-3959-4e3a-9dd0-2c2d98cb1776,https://coastalfoodshed.org/
1012739,268a80c2-c4ce-4768-b89a-d5083ad5a450,https://www.facebook.com/massinmotionnewbedford/
1012739,87b4577e-e26a-47a6-8a32-b6bd1a56c06b,
1012739,a2af1d35-6709-4551-a3a6-a161bfd74966,
1012739,f07ddbf1-8408-450e-bacb-174c1716fc81,
1012738,3232b375-3959-4e3a-9dd0-2c2d98cb1776,https://coastalfoodshed.org/
1012738,268a80c2-c4ce-4768-b89a-d5083ad5a450,https://www.facebook.com/massinmotionnewbedford/
1012738,87b4577e-e26a-47a6-8a32-b6bd1a56c06b,
1012738,a2af1d35-6709-4551-a3a6-a161bfd74966,
1012738,f07ddbf1-8408-450e-bacb-174c1716fc81,
1019348,3232b375-3959-4e3a-9dd0-2c2d98cb1776,https://coastalfoodshed.org/
1019348,268a80c2-c4ce-4768-b89a-d5083ad5a450,https://www.facebook.com/newbedfordfarmersmarket/
1019348,87b4577e-e26a-47a6-8a32-b6bd1a56c06b,
1019348,a2af1d35-6709-4551-a3a6-a161bfd74966,
1019348,f07ddbf1-8408-450e-bacb-174c1716fc81,
1012737,3232b375-3959-4e3a-9dd0-2c2d98cb1776,https://coastalfoodshed.org/
1012737,268a80c2-c4ce-4768-b89a-d5083ad5a450,https://www.facebook.com/massinmotionnewbedford/
1012737,87b4577e-e26a-47a6-8a32-b6bd1a56c06b,
1012737,a2af1d35-6709-4551-a3a6-a161bfd74966,
1012737,f07ddbf1-8408-450e-bacb-174c1716fc81,
1021478,3232b375-3959-4e3a-9dd0-2c2d98cb1776,
1021478,268a80c2-c4ce-4768-b89a-d5083ad5a450,
1021478,87b4577e-e26a-47a6-8a32-b6bd1a56c06b,
1021478,a2af1d35-6709-4551-a3a6-a161bfd74966,
1021478,f07ddbf1-8408-450e-bacb-174c1716fc81,
1021601,3232b375-3959-4e3a-9dd0-2c2d98cb1776,http://www.neweracrc.org
1021601,268a80c2-c4ce-4768-b89a-d5083ad5a450,New Era Farmers Market
1021601,87b4577e-e26a-47a6-8a32-b6bd1a56c06b,
1021601,a2af1d35-6709-4551-a3a6-a161bfd74966,
1021601,f07ddbf1-8408-450e-bacb-174c1716fc81,
1019227,3232b375-3959-4e3a-9dd0-2c2d98cb1776,
1019227,268a80c2-c4ce-4768-b89a-d5083ad5a450,https://www.facebook.com/newglarusfarmersmarket/
1019227,87b4577e-e26a-47a6-8a32-b6bd1a56c06b,
1019227,a2af1d35-6709-4551-a3a6-a161bfd74966,
1019227,f07ddbf1-8408-450e-bacb-174c1716fc81,https://www.instagram.com/newglarusfarmersmarket/
1019879,3232b375-3959-4e3a-9dd0-2c2d98cb1776,
1019879,268a80c2-c4ce-4768-b89a-d5083ad5a450,
1019879,87b4577e-e26a-47a6-8a32-b6bd1a56c06b,
1019879,a2af1d35-6709-4551-a3a6-a161bfd74966,
1019879,f07ddbf1-8408-450e-bacb-174c1716fc81,
1021632,3232b375-3959-4e3a-9dd0-2c2d98cb1776,
1021632,268a80c2-c4ce-4768-b89a-d5083ad5a450,https://www.facebook.com/NewHarmonyFarmersMarket
1021632,87b4577e-e26a-47a6-8a32-b6bd1a56c06b,
1021632,a2af1d35-6709-4551-a3a6-a161bfd74966,
1021632,f07ddbf1-8408-450e-bacb-174c1716fc81,
1020043,3232b375-3959-4e3a-9dd0-2c2d98cb1776,https://www.nourishknoxville.org/new-harvest/
1020043,268a80c2-c4ce-4768-b89a-d5083ad5a450,https://www.facebook.com/newharvestfarmersmarket
1020043,87b4577e-e26a-47a6-8a32-b6bd1a56c06b,https://twitter.com/nourishmarkets
1020043,a2af1d35-6709-4551-a3a6-a161bfd74966,
1020043,f07ddbf1-8408-450e-bacb-174c1716fc81,instagram.com/nourishmarkets
1005939,3232b375-3959-4e3a-9dd0-2c2d98cb1776,http://cityseed.org/downtown/
1005939,268a80c2-c4ce-4768-b89a-d5083ad5a450,https://www.facebook.com/cityseed
1005939,87b4577e-e26a-47a6-8a32-b6bd1a56c06b,@CitySeedNH
1005939,a2af1d35-6709-4551-a3a6-a161bfd74966,
1005939,f07ddbf1-8408-450e-bacb-174c1716fc81,instagram: @cityseedhaven 
1005991,3232b375-3959-4e3a-9dd0-2c2d98cb1776,http://newhighlandbaptist.org/farmers-market/
1005991,268a80c2-c4ce-4768-b89a-d5083ad5a450,https://www.facebook.com/#!/NHBCFarmersMarket
1005991,87b4577e-e26a-47a6-8a32-b6bd1a56c06b,
1005991,a2af1d35-6709-4551-a3a6-a161bfd74966,
1005991,f07ddbf1-8408-450e-bacb-174c1716fc81,https://www.instagram.com/nhbcfarmersmarket/
1021336,3232b375-3959-4e3a-9dd0-2c2d98cb1776,http://noehospital.org
1021336,268a80c2-c4ce-4768-b89a-d5083ad5a450,
1021336,87b4577e-e26a-47a6-8a32-b6bd1a56c06b,
1021336,a2af1d35-6709-4551-a3a6-a161bfd74966,
1021336,f07ddbf1-8408-450e-bacb-174c1716fc81,
1021549,3232b375-3959-4e3a-9dd0-2c2d98cb1776,https://www.commongroundfarm.org/markets/newburgh-farmers-market
1021549,268a80c2-c4ce-4768-b89a-d5083ad5a450,https://www.facebook.com/NewburghNYFarmersMarket
1021549,87b4577e-e26a-47a6-8a32-b6bd1a56c06b,
1021549,a2af1d35-6709-4551-a3a6-a161bfd74966,
1021549,f07ddbf1-8408-450e-bacb-174c1716fc81,https://www.instagram.com/newburghnyfarmersmarket/
1021708,3232b375-3959-4e3a-9dd0-2c2d98cb1776,https://www.facebook.com/newcastlewyfarmersmarket
1021708,268a80c2-c4ce-4768-b89a-d5083ad5a450,https://www.facebook.com/newcastlewyfarmersmarket
1021708,87b4577e-e26a-47a6-8a32-b6bd1a56c06b,
1021708,a2af1d35-6709-4551-a3a6-a161bfd74966,
1021708,f07ddbf1-8408-450e-bacb-174c1716fc81,
1012044,3232b375-3959-4e3a-9dd0-2c2d98cb1776,
1012044,268a80c2-c4ce-4768-b89a-d5083ad5a450,https://www.facebook.com/Newmarketfarmersmarket
1012044,87b4577e-e26a-47a6-8a32-b6bd1a56c06b,
1012044,a2af1d35-6709-4551-a3a6-a161bfd74966,
1012044,f07ddbf1-8408-450e-bacb-174c1716fc81,
1019240,3232b375-3959-4e3a-9dd0-2c2d98cb1776,http://www.farmermark.com/newportbeach
1019240,268a80c2-c4ce-4768-b89a-d5083ad5a450,https://www.facebook.com/newportbeachFM
1019240,87b4577e-e26a-47a6-8a32-b6bd1a56c06b,
1019240,a2af1d35-6709-4551-a3a6-a161bfd74966,
1019240,f07ddbf1-8408-450e-bacb-174c1716fc81,@farmermarknb
1019294,3232b375-3959-4e3a-9dd0-2c2d98cb1776,
1019294,268a80c2-c4ce-4768-b89a-d5083ad5a450,Nicholasville Farmers Market
1019294,87b4577e-e26a-47a6-8a32-b6bd1a56c06b,
1019294,a2af1d35-6709-4551-a3a6-a161bfd74966,
1019294,f07ddbf1-8408-450e-bacb-174c1716fc81,
1019883,3232b375-3959-4e3a-9dd0-2c2d98cb1776,
1019883,268a80c2-c4ce-4768-b89a-d5083ad5a450,
1019883,87b4577e-e26a-47a6-8a32-b6bd1a56c06b,
1019883,a2af1d35-6709-4551-a3a6-a161bfd74966,
1019883,f07ddbf1-8408-450e-bacb-174c1716fc81,
1010614,3232b375-3959-4e3a-9dd0-2c2d98cb1776,http://www.norfolkfarmersmarket.org
1010614,268a80c2-c4ce-4768-b89a-d5083ad5a450,https://www.facebook.com/NorfolkFarmersMarket
1010614,87b4577e-e26a-47a6-8a32-b6bd1a56c06b,
1010614,a2af1d35-6709-4551-a3a6-a161bfd74966,
1010614,f07ddbf1-8408-450e-bacb-174c1716fc81,
1021279,3232b375-3959-4e3a-9dd0-2c2d98cb1776,http://northalbanyfarmersmarket.com/
1021279,268a80c2-c4ce-4768-b89a-d5083ad5a450,https://www.facebook.com/NAlbanyFarmermarket/
1021279,87b4577e-e26a-47a6-8a32-b6bd1a56c06b,
1021279,a2af1d35-6709-4551-a3a6-a161bfd74966,
1021279,f07ddbf1-8408-450e-bacb-174c1716fc81,https://www.instagram.com/northalbanyfarmersmarket/
1020066,3232b375-3959-4e3a-9dd0-2c2d98cb1776,http://www.ecologycenter.org/fm
1020066,268a80c2-c4ce-4768-b89a-d5083ad5a450,
1020066,87b4577e-e26a-47a6-8a32-b6bd1a56c06b,
1020066,a2af1d35-6709-4551-a3a6-a161bfd74966,
1020066,f07ddbf1-8408-450e-bacb-174c1716fc81,
1021518,3232b375-3959-4e3a-9dd0-2c2d98cb1776,
1021518,268a80c2-c4ce-4768-b89a-d5083ad5a450,North Branch - Minnesota Farmers Market
1021518,87b4577e-e26a-47a6-8a32-b6bd1a56c06b,
1021518,a2af1d35-6709-4551-a3a6-a161bfd74966,
1021518,f07ddbf1-8408-450e-bacb-174c1716fc81,
1021243,3232b375-3959-4e3a-9dd0-2c2d98cb1776,http://www.NCantonFarmersMarket.com
1021243,268a80c2-c4ce-4768-b89a-d5083ad5a450,https://www.facebook.com/NorthCantonFarmersMarket/
1021243,87b4577e-e26a-47a6-8a32-b6bd1a56c06b,
1021243,a2af1d35-6709-4551-a3a6-a161bfd74966,
1021243,f07ddbf1-8408-450e-bacb-174c1716fc81,https://www.instagram.com/northcantonfarmersmarket/
1021434,3232b375-3959-4e3a-9dd0-2c2d98cb1776,http://www.NCantonFarmersMarket.com
1021434,268a80c2-c4ce-4768-b89a-d5083ad5a450,https://www.facebook.com/NorthCantonFarmersMarket/
1021434,87b4577e-e26a-47a6-8a32-b6bd1a56c06b,
1021434,a2af1d35-6709-4551-a3a6-a161bfd74966,
1021434,f07ddbf1-8408-450e-bacb-174c1716fc81,
1019407,3232b375-3959-4e3a-9dd0-2c2d98cb1776,http://www.NorthCreekFarmersMarket.com
1019407,268a80c2-c4ce-4768-b89a-d5083ad5a450,https://www.facebook.com/NorthCreekFarmersMarket
1019407,87b4577e-e26a-47a6-8a32-b6bd1a56c06b,
1019407,a2af1d35-6709-4551-a3a6-a161bfd74966,
1019407,f07ddbf1-8408-450e-bacb-174c1716fc81,
1018875,3232b375-3959-4e3a-9dd0-2c2d98cb1776,http://www.necic-ohio.org
1018875,268a80c2-c4ce-4768-b89a-d5083ad5a450,www.facebook.com/nefm2014/
1018875,87b4577e-e26a-47a6-8a32-b6bd1a56c06b,twitter.com/necic
1018875,a2af1d35-6709-4551-a3a6-a161bfd74966,www.youtube.com/user/necic1
1018875,f07ddbf1-8408-450e-bacb-174c1716fc81,www.instagram.com/necic/
1021344,3232b375-3959-4e3a-9dd0-2c2d98cb1776,http://necic-ohio.org
1021344,268a80c2-c4ce-4768-b89a-d5083ad5a450,North End Farmers Market
1021344,87b4577e-e26a-47a6-8a32-b6bd1a56c06b,
1021344,a2af1d35-6709-4551-a3a6-a161bfd74966,
1021344,f07ddbf1-8408-450e-bacb-174c1716fc81,
1018184,3232b375-3959-4e3a-9dd0-2c2d98cb1776,https://northiowafarmersmarket.com/
1018184,268a80c2-c4ce-4768-b89a-d5083ad5a450,https://www.facebook.com/northiowafarmersmarket/
1018184,87b4577e-e26a-47a6-8a32-b6bd1a56c06b,
1018184,a2af1d35-6709-4551-a3a6-a161bfd74966,
1018184,f07ddbf1-8408-450e-bacb-174c1716fc81,
1018550,3232b375-3959-4e3a-9dd0-2c2d98cb1776,http://northmarket.com
1018550,268a80c2-c4ce-4768-b89a-d5083ad5a450,https://www.facebook.com/NorthMarket/
1018550,87b4577e-e26a-47a6-8a32-b6bd1a56c06b,https://twitter.com/NorthMarket
1018550,a2af1d35-6709-4551-a3a6-a161bfd74966,
1018550,f07ddbf1-8408-450e-bacb-174c1716fc81,https://www.instagram.com/northmarket/
1001059,3232b375-3959-4e3a-9dd0-2c2d98cb1776,http://www.waccamawmarkets.org
1001059,268a80c2-c4ce-4768-b89a-d5083ad5a450,https://www.facebook.com/WaccamawMarketCooperative/
1001059,87b4577e-e26a-47a6-8a32-b6bd1a56c06b,
1001059,a2af1d35-6709-4551-a3a6-a161bfd74966,
1001059,f07ddbf1-8408-450e-bacb-174c1716fc81,
1004865,3232b375-3959-4e3a-9dd0-2c2d98cb1776,http://www.northprairiefarmersmarket.com
1004865,268a80c2-c4ce-4768-b89a-d5083ad5a450,
1004865,87b4577e-e26a-47a6-8a32-b6bd1a56c06b,
1004865,a2af1d35-6709-4551-a3a6-a161bfd74966,
1004865,f07ddbf1-8408-450e-bacb-174c1716fc81,
1009884,3232b375-3959-4e3a-9dd0-2c2d98cb1776,http://www.northsquarefarmersmarket.com
1009884,268a80c2-c4ce-4768-b89a-d5083ad5a450,https://www.facebook.com/pages/North-Square-Farmers-Market/114897878526668
1009884,87b4577e-e26a-47a6-8a32-b6bd1a56c06b,
1009884,a2af1d35-6709-4551-a3a6-a161bfd74966,
1009884,f07ddbf1-8408-450e-bacb-174c1716fc81,https://www.instagram.com/northsquarefarmersmarket/
1018455,3232b375-3959-4e3a-9dd0-2c2d98cb1776,https://www.visitstmarysmd.com/food-drink/detail/north-st.-marys-county-farmers-market
1018455,268a80c2-c4ce-4768-b89a-d5083ad5a450,
1018455,87b4577e-e26a-47a6-8a32-b6bd1a56c06b,
1018455,a2af1d35-6709-4551-a3a6-a161bfd74966,
1018455,f07ddbf1-8408-450e-bacb-174c1716fc81,
1019640,3232b375-3959-4e3a-9dd0-2c2d98cb1776,
1019640,268a80c2-c4ce-4768-b89a-d5083ad5a450,Northampton Pa Farmers Market
1019640,87b4577e-e26a-47a6-8a32-b6bd1a56c06b,
1019640,a2af1d35-6709-4551-a3a6-a161bfd74966,
1019640,f07ddbf1-8408-450e-bacb-174c1716fc81,
1003694,3232b375-3959-4e3a-9dd0-2c2d98cb1776,http://www.NorthbrookFarmersMarket.org
1003694,268a80c2-c4ce-4768-b89a-d5083ad5a450,https://www.facebook.com/pages/Northbrook-Farmers-Market/145228398876527
1003694,87b4577e-e26a-47a6-8a32-b6bd1a56c06b,
1003694,a2af1d35-6709-4551-a3a6-a161bfd74966,
1003694,f07ddbf1-8408-450e-bacb-174c1716fc81,@northbrookfarmersmarket
1006780,3232b375-3959-4e3a-9dd0-2c2d98cb1776,http://www.northeastmarket.org
1006780,268a80c2-c4ce-4768-b89a-d5083ad5a450,https://www.facebook.com/NortheastFarmersMarket
1006780,87b4577e-e26a-47a6-8a32-b6bd1a56c06b,https://twitter.com/nefarmersmarket
1006780,a2af1d35-6709-4551-a3a6-a161bfd74966,
1006780,f07ddbf1-8408-450e-bacb-174c1716fc81,https://instagram.com/ne_fm/
1010755,3232b375-3959-4e3a-9dd0-2c2d98cb1776,http://newfarmersmarket.org
1010755,268a80c2-c4ce-4768-b89a-d5083ad5a450,Northeast Washington Farmers Market
1010755,87b4577e-e26a-47a6-8a32-b6bd1a56c06b,
1010755,a2af1d35-6709-4551-a3a6-a161bfd74966,
1010755,f07ddbf1-8408-450e-bacb-174c1716fc81,
1002764,3232b375-3959-4e3a-9dd0-2c2d98cb1776,http://www.leelanaufarmersmarkets.com
1002764,268a80c2-c4ce-4768-b89a-d5083ad5a450,https://www.facebook.com/leelanaufarmersmarkets/
1002764,87b4577e-e26a-47a6-8a32-b6bd1a56c06b,
1002764,a2af1d35-6709-4551-a3a6-a161bfd74966,
1002764,f07ddbf1-8408-450e-bacb-174c1716fc81,
1018728,3232b375-3959-4e3a-9dd0-2c2d98cb1776,http://northridgefarmersmarket.org
1018728,268a80c2-c4ce-4768-b89a-d5083ad5a450,https://www.facebook.com/northridgefarmersmarket/
1018728,87b4577e-e26a-47a6-8a32-b6bd1a56c06b,
1018728,a2af1d35-6709-4551-a3a6-a161bfd74966,
1018728,f07ddbf1-8408-450e-bacb-174c1716fc81,
1019815,3232b375-3959-4e3a-9dd0-2c2d98cb1776,http://www.northsidefm.org
1019815,268a80c2-c4ce-4768-b89a-d5083ad5a450,https://www.facebook.com/CinciNorthsideFarmersMarket
1019815,87b4577e-e26a-47a6-8a32-b6bd1a56c06b,
1019815,a2af1d35-6709-4551-a3a6-a161bfd74966,
1019815,f07ddbf1-8408-450e-bacb-174c1716fc81,
1021379,3232b375-3959-4e3a-9dd0-2c2d98cb1776,http://northsidefarmersmarket.org
1021379,268a80c2-c4ce-4768-b89a-d5083ad5a450,madNFM
1021379,87b4577e-e26a-47a6-8a32-b6bd1a56c06b,madNFM
1021379,a2af1d35-6709-4551-a3a6-a161bfd74966,
1021379,f07ddbf1-8408-450e-bacb-174c1716fc81,Instagram: madNFM
1021554,3232b375-3959-4e3a-9dd0-2c2d98cb1776,https://www.northville.org/farmers-market-vendors
1021554,268a80c2-c4ce-4768-b89a-d5083ad5a450,https://www.facebook.com/NorthvilleFarmersMarket
1021554,87b4577e-e26a-47a6-8a32-b6bd1a56c06b,https://twitter.com/NorthvilleChamb
1021554,a2af1d35-6709-4551-a3a6-a161bfd74966,
1021554,f07ddbf1-8408-450e-bacb-174c1716fc81,https://www.instagram.com/northvillefarmersmarket/
1019008,3232b375-3959-4e3a-9dd0-2c2d98cb1776,http://www.lambsquartersinc.com
1019008,268a80c2-c4ce-4768-b89a-d5083ad5a450,Norwich NY Farmers Market
1019008,87b4577e-e26a-47a6-8a32-b6bd1a56c06b,
1019008,a2af1d35-6709-4551-a3a6-a161bfd74966,
1019008,f07ddbf1-8408-450e-bacb-174c1716fc81,
1019345,3232b375-3959-4e3a-9dd0-2c2d98cb1776,https://www.nourishknoxville.org/winter-market/
1019345,268a80c2-c4ce-4768-b89a-d5083ad5a450,https://www.facebook.com/nourishknoxville/
1019345,87b4577e-e26a-47a6-8a32-b6bd1a56c06b,https://twitter.com/NourishKnox
1019345,a2af1d35-6709-4551-a3a6-a161bfd74966,
1019345,f07ddbf1-8408-450e-bacb-174c1716fc81,https://www.instagram.com/nourishknox/
1020054,3232b375-3959-4e3a-9dd0-2c2d98cb1776,http://centralfarmmarkets.com
1020054,268a80c2-c4ce-4768-b89a-d5083ad5a450,https://www.facebook.com/CentralFarmMarkets/
1020054,87b4577e-e26a-47a6-8a32-b6bd1a56c06b,@CentralFarmMkts
1020054,a2af1d35-6709-4551-a3a6-a161bfd74966,
1020054,f07ddbf1-8408-450e-bacb-174c1716fc81,
1019127,3232b375-3959-4e3a-9dd0-2c2d98cb1776,http://www.nutleynj.org/farmersmarket
1019127,268a80c2-c4ce-4768-b89a-d5083ad5a450,www.facebook.com/nutleyfarmersmarket1
1019127,87b4577e-e26a-47a6-8a32-b6bd1a56c06b,www.twitter.com/nutleyfm
1019127,a2af1d35-6709-4551-a3a6-a161bfd74966,
1019127,f07ddbf1-8408-450e-bacb-174c1716fc81,www.instagram.com/nutleyfarmersmarket
1019828,3232b375-3959-4e3a-9dd0-2c2d98cb1776,http://www.visitoakcreek.org
1019828,268a80c2-c4ce-4768-b89a-d5083ad5a450,https://www.facebook.com/groups/OakCreekFarmersMarket/
1019828,87b4577e-e26a-47a6-8a32-b6bd1a56c06b,
1019828,a2af1d35-6709-4551-a3a6-a161bfd74966,
1019828,f07ddbf1-8408-450e-bacb-174c1716fc81,
1021566,3232b375-3959-4e3a-9dd0-2c2d98cb1776,http://Www.oakhillhops.com
1021566,268a80c2-c4ce-4768-b89a-d5083ad5a450,Www.facebook.com/oakhillhops
1021566,87b4577e-e26a-47a6-8a32-b6bd1a56c06b,
1021566,a2af1d35-6709-4551-a3a6-a161bfd74966,
1021566,f07ddbf1-8408-450e-bacb-174c1716fc81,
1019488,3232b375-3959-4e3a-9dd0-2c2d98cb1776,https://www.fairfaxcounty.gov/parks/farmersmarkets/oak-marr
1019488,268a80c2-c4ce-4768-b89a-d5083ad5a450,https://www.facebook.com/events/344006939558658/
1019488,87b4577e-e26a-47a6-8a32-b6bd1a56c06b,
1019488,a2af1d35-6709-4551-a3a6-a161bfd74966,
1019488,f07ddbf1-8408-450e-bacb-174c1716fc81,@fairfaxfarmmarkets
1018829,3232b375-3959-4e3a-9dd0-2c2d98cb1776,
1018829,268a80c2-c4ce-4768-b89a-d5083ad5a450,www.facebook.com/oaksquarefarmersmarket
1018829,87b4577e-e26a-47a6-8a32-b6bd1a56c06b,
1018829,a2af1d35-6709-4551-a3a6-a161bfd74966,
1018829,f07ddbf1-8408-450e-bacb-174c1716fc81,
1019223,3232b375-3959-4e3a-9dd0-2c2d98cb1776,http://Foodjusticecoalition.com
1019223,268a80c2-c4ce-4768-b89a-d5083ad5a450,https://www.facebook.com/oakcrestfarmersmarket
1019223,87b4577e-e26a-47a6-8a32-b6bd1a56c06b,https://twitter.com/oakcrest_market
1019223,a2af1d35-6709-4551-a3a6-a161bfd74966,
1019223,f07ddbf1-8408-450e-bacb-174c1716fc81,https://www.instagram.com/oakcrestfarmersmarket/
1019971,3232b375-3959-4e3a-9dd0-2c2d98cb1776,https://cfmatl.org/oakhurst/
1019971,268a80c2-c4ce-4768-b89a-d5083ad5a450,https://www.facebook.com/OakhurstFarmersMarketGA/
1019971,87b4577e-e26a-47a6-8a32-b6bd1a56c06b,
1019971,a2af1d35-6709-4551-a3a6-a161bfd74966,
1019971,f07ddbf1-8408-450e-bacb-174c1716fc81,
1019353,3232b375-3959-4e3a-9dd0-2c2d98cb1776,http://www.ocaladowntownmarket.com
1019353,268a80c2-c4ce-4768-b89a-d5083ad5a450,
1019353,87b4577e-e26a-47a6-8a32-b6bd1a56c06b,
1019353,a2af1d35-6709-4551-a3a6-a161bfd74966,
1019353,f07ddbf1-8408-450e-bacb-174c1716fc81,
1001839,3232b375-3959-4e3a-9dd0-2c2d98cb1776,http://www.OceanBeachSanDiego.com
1001839,268a80c2-c4ce-4768-b89a-d5083ad5a450,https://www.facebook.com/OBFM
1001839,87b4577e-e26a-47a6-8a32-b6bd1a56c06b,https://twitter.com/OceanBeachCA
1001839,a2af1d35-6709-4551-a3a6-a161bfd74966,
1001839,f07ddbf1-8408-450e-bacb-174c1716fc81,
1006250,3232b375-3959-4e3a-9dd0-2c2d98cb1776,http://www.oceancityvacation.com
1006250,268a80c2-c4ce-4768-b89a-d5083ad5a450,https://www.facebook.com/OceanCityNJVacation
1006250,87b4577e-e26a-47a6-8a32-b6bd1a56c06b,
1006250,a2af1d35-6709-4551-a3a6-a161bfd74966,
1006250,f07ddbf1-8408-450e-bacb-174c1716fc81,
1019200,3232b375-3959-4e3a-9dd0-2c2d98cb1776,http://www.oceanpines.org/amenities/ocean-pines-farmers-and-artisans-market/
1019200,268a80c2-c4ce-4768-b89a-d5083ad5a450,https://www.facebook.com/OceanPinesFarmersArtisansMarketplace/
1019200,87b4577e-e26a-47a6-8a32-b6bd1a56c06b,https://twitter.com/OPFarmersMkt
1019200,a2af1d35-6709-4551-a3a6-a161bfd74966,
1019200,f07ddbf1-8408-450e-bacb-174c1716fc81,
1021412,3232b375-3959-4e3a-9dd0-2c2d98cb1776,http://www.ovfarmersmarket.org
1021412,268a80c2-c4ce-4768-b89a-d5083ad5a450,Ohio Valley Farmers' Market
1021412,87b4577e-e26a-47a6-8a32-b6bd1a56c06b,OV Farmers Market @ovfarmersmarket
1021412,a2af1d35-6709-4551-a3a6-a161bfd74966,
1021412,f07ddbf1-8408-450e-bacb-174c1716fc81,Instagram: ovfarmersmarket
1021413,3232b375-3959-4e3a-9dd0-2c2d98cb1776,http://www.ovfarmersmarket.org
1021413,268a80c2-c4ce-4768-b89a-d5083ad5a450,Ohio Valley Farmers' Market
1021413,87b4577e-e26a-47a6-8a32-b6bd1a56c06b,OV Farmers Market @ovfarmersmarket
1021413,a2af1d35-6709-4551-a3a6-a161bfd74966,
1021413,f07ddbf1-8408-450e-bacb-174c1716fc81,Instagram: ovfarmersmarket
1001271,3232b375-3959-4e3a-9dd0-2c2d98cb1776,http://www.ohsu.edu/farmersmarket
1001271,268a80c2-c4ce-4768-b89a-d5083ad5a450,https://www.facebook.com/ohsufarmersmarket
1001271,87b4577e-e26a-47a6-8a32-b6bd1a56c06b,https://twitter.com/OHSUfarmmarket
1001271,a2af1d35-6709-4551-a3a6-a161bfd74966,
1001271,f07ddbf1-8408-450e-bacb-174c1716fc81,
1021356,3232b375-3959-4e3a-9dd0-2c2d98cb1776,https://www.downtownspringfield.org/old-capitol-farmers-market/
1021356,268a80c2-c4ce-4768-b89a-d5083ad5a450,https://www.facebook.com/OldCapitolFarmersMarket
1021356,87b4577e-e26a-47a6-8a32-b6bd1a56c06b,
1021356,a2af1d35-6709-4551-a3a6-a161bfd74966,
1021356,f07ddbf1-8408-450e-bacb-174c1716fc81,@oldcapitolfarmersmarket
1020130,3232b375-3959-4e3a-9dd0-2c2d98cb1776,http://www.oldla.org
1020130,268a80c2-c4ce-4768-b89a-d5083ad5a450,Highland Park Old LA Certified Farmers Market
1020130,87b4577e-e26a-47a6-8a32-b6bd1a56c06b,
1020130,a2af1d35-6709-4551-a3a6-a161bfd74966,
1020130,f07ddbf1-8408-450e-bacb-174c1716fc81,
1020131,3232b375-3959-4e3a-9dd0-2c2d98cb1776,http://www.oldla.org
1020131,268a80c2-c4ce-4768-b89a-d5083ad5a450,Highland Park Old LA Certified Farmers Market
1020131,87b4577e-e26a-47a6-8a32-b6bd1a56c06b,
1020131,a2af1d35-6709-4551-a3a6-a161bfd74966,
1020131,f07ddbf1-8408-450e-bacb-174c1716fc81,
1020146,3232b375-3959-4e3a-9dd0-2c2d98cb1776,https://uvfm.org/old-oakland-fridays
1020146,268a80c2-c4ce-4768-b89a-d5083ad5a450,https://www.facebook.com/UrbanVillageOnFB
1020146,87b4577e-e26a-47a6-8a32-b6bd1a56c06b,
1020146,a2af1d35-6709-4551-a3a6-a161bfd74966,
1020146,f07ddbf1-8408-450e-bacb-174c1716fc81,https://www.instagram.com/urbanvillage
1009659,3232b375-3959-4e3a-9dd0-2c2d98cb1776,http://www.honoluluparks.com
1009659,268a80c2-c4ce-4768-b89a-d5083ad5a450,
1009659,87b4577e-e26a-47a6-8a32-b6bd1a56c06b,
1009659,a2af1d35-6709-4551-a3a6-a161bfd74966,
1009659,f07ddbf1-8408-450e-bacb-174c1716fc81,
1010865,3232b375-3959-4e3a-9dd0-2c2d98cb1776,http://oldebeaufortfarmersmarket.org
1010865,268a80c2-c4ce-4768-b89a-d5083ad5a450,www.facebook.com/oldebeaufortfarmersmarket
1010865,87b4577e-e26a-47a6-8a32-b6bd1a56c06b,@BeaufortFarmers
1010865,a2af1d35-6709-4551-a3a6-a161bfd74966,
1010865,f07ddbf1-8408-450e-bacb-174c1716fc81,Instagram:  oldebeaufortfarmersmarket
1021667,3232b375-3959-4e3a-9dd0-2c2d98cb1776,https://www.pickeringtonvillage.com/farmers-market
1021667,268a80c2-c4ce-4768-b89a-d5083ad5a450,https://www.facebook.com/oldepickeringtonfarmersmarket
1021667,87b4577e-e26a-47a6-8a32-b6bd1a56c06b,https://twitter.com/pickfarmers
1021667,a2af1d35-6709-4551-a3a6-a161bfd74966,
1021667,f07ddbf1-8408-450e-bacb-174c1716fc81,https://www.instagram.com/pickfarmers/
1019646,3232b375-3959-4e3a-9dd0-2c2d98cb1776,http://olympiafarmersmarket.com
1019646,268a80c2-c4ce-4768-b89a-d5083ad5a450,https://www.facebook.com/olympiafarmersmarket/
1019646,87b4577e-e26a-47a6-8a32-b6bd1a56c06b,https://twitter.com/olyfarmersmkt
1019646,a2af1d35-6709-4551-a3a6-a161bfd74966,
1019646,f07ddbf1-8408-450e-bacb-174c1716fc81,https://www.instagram.com/olympiafarmersmarket/
1018655,3232b375-3959-4e3a-9dd0-2c2d98cb1776,http://omahafarmersmarket.com
1018655,268a80c2-c4ce-4768-b89a-d5083ad5a450,www.facebook.com/omahafarmersmarket
1018655,87b4577e-e26a-47a6-8a32-b6bd1a56c06b,@omahafarmersmkt
1018655,a2af1d35-6709-4551-a3a6-a161bfd74966,
1018655,f07ddbf1-8408-450e-bacb-174c1716fc81,Instagram: @omahafarmersmarket
1019343,3232b375-3959-4e3a-9dd0-2c2d98cb1776,http://omahafarmersmarket.com
1019343,268a80c2-c4ce-4768-b89a-d5083ad5a450,https://www.facebook.com/omahafarmersmarket/
1019343,87b4577e-e26a-47a6-8a32-b6bd1a56c06b,@OmahaFarmersMkt
1019343,a2af1d35-6709-4551-a3a6-a161bfd74966,
1019343,f07ddbf1-8408-450e-bacb-174c1716fc81,Instagram: @omahafarmersmarket
1021685,3232b375-3959-4e3a-9dd0-2c2d98cb1776,
1021685,268a80c2-c4ce-4768-b89a-d5083ad5a450,https://www.facebook.com/OneAfricaMarket/
1021685,87b4577e-e26a-47a6-8a32-b6bd1a56c06b,
1021685,a2af1d35-6709-4551-a3a6-a161bfd74966,https://www.youtube.com/c/BlackPowerBlueprint
1021685,f07ddbf1-8408-450e-bacb-174c1716fc81,https://www.instagram.com/black_power_blueprint/
1001034,3232b375-3959-4e3a-9dd0-2c2d98cb1776,http://www.oneidanation.org/ofm
1001034,268a80c2-c4ce-4768-b89a-d5083ad5a450,https://www.facebook.com/#!/pages/Oneida-Farmers-Market-Wisconsin/157816204275054
1001034,87b4577e-e26a-47a6-8a32-b6bd1a56c06b,
1001034,a2af1d35-6709-4551-a3a6-a161bfd74966,
1001034,f07ddbf1-8408-450e-bacb-174c1716fc81,
1019317,3232b375-3959-4e3a-9dd0-2c2d98cb1776,https://www.onslowcountyfarmersmarket.com/
1019317,268a80c2-c4ce-4768-b89a-d5083ad5a450,https://www.facebook.com/OnslowCountyFarmersMarket/
1019317,87b4577e-e26a-47a6-8a32-b6bd1a56c06b,https://twitter.com/OnslowCoFarmer
1019317,a2af1d35-6709-4551-a3a6-a161bfd74966,
1019317,f07ddbf1-8408-450e-bacb-174c1716fc81,https://www.instagram.com/onslowcountyfarmersmarket/
1021608,3232b375-3959-4e3a-9dd0-2c2d98cb1776,http://www.farmersmarketatthedole.org
1021608,268a80c2-c4ce-4768-b89a-d5083ad5a450,www.facebook.com/FarmersMarketatTheDole
1021608,87b4577e-e26a-47a6-8a32-b6bd1a56c06b,
1021608,a2af1d35-6709-4551-a3a6-a161bfd74966,
1021608,f07ddbf1-8408-450e-bacb-174c1716fc81,https://www.instagram.com/farmersmarketatd/
1018807,3232b375-3959-4e3a-9dd0-2c2d98cb1776,http://farmmarketorange.com
1018807,268a80c2-c4ce-4768-b89a-d5083ad5a450,facebook.com/OrangeCTFarmersMarket
1018807,87b4577e-e26a-47a6-8a32-b6bd1a56c06b,
1018807,a2af1d35-6709-4551-a3a6-a161bfd74966,
1018807,f07ddbf1-8408-450e-bacb-174c1716fc81,
1020114,3232b375-3959-4e3a-9dd0-2c2d98cb1776,https://orangehomegrown.org/
1020114,268a80c2-c4ce-4768-b89a-d5083ad5a450,Orange Home Grown Farmers & Artisans Market 
1020114,87b4577e-e26a-47a6-8a32-b6bd1a56c06b,
1020114,a2af1d35-6709-4551-a3a6-a161bfd74966,Orange Home Grown 
1020114,f07ddbf1-8408-450e-bacb-174c1716fc81,Instagram:  orangehomegrown 
1018920,3232b375-3959-4e3a-9dd0-2c2d98cb1776,http://www.OrangeParkMarket.com
1018920,268a80c2-c4ce-4768-b89a-d5083ad5a450,@OrangeParkMarket
1018920,87b4577e-e26a-47a6-8a32-b6bd1a56c06b,
1018920,a2af1d35-6709-4551-a3a6-a161bfd74966,
1018920,f07ddbf1-8408-450e-bacb-174c1716fc81,
1008468,3232b375-3959-4e3a-9dd0-2c2d98cb1776,http://www.orcityfarmersmarket.com
1008468,268a80c2-c4ce-4768-b89a-d5083ad5a450,https://www.facebook.com/ocfarmersmarket/
1008468,87b4577e-e26a-47a6-8a32-b6bd1a56c06b,
1008468,a2af1d35-6709-4551-a3a6-a161bfd74966,
1008468,f07ddbf1-8408-450e-bacb-174c1716fc81,
1019202,3232b375-3959-4e3a-9dd0-2c2d98cb1776,http://mercedcfm.com/
1019202,268a80c2-c4ce-4768-b89a-d5083ad5a450,https://www.facebook.com/mercedcfm/
1019202,87b4577e-e26a-47a6-8a32-b6bd1a56c06b,
1019202,a2af1d35-6709-4551-a3a6-a161bfd74966,
1019202,f07ddbf1-8408-450e-bacb-174c1716fc81,https://www.instagram.com/mercedfarmersmarket/
1020198,3232b375-3959-4e3a-9dd0-2c2d98cb1776,http://www.cccfm.org/
1020198,268a80c2-c4ce-4768-b89a-d5083ad5a450,https://www.facebook.com/OrindaFarmersMarket
1020198,87b4577e-e26a-47a6-8a32-b6bd1a56c06b,
1020198,a2af1d35-6709-4551-a3a6-a161bfd74966,
1020198,f07ddbf1-8408-450e-bacb-174c1716fc81,https://www.instagram.com/orindafarmersmarket/
1008360,3232b375-3959-4e3a-9dd0-2c2d98cb1776,http://www.ormondbeachfarmersmarket.com
1008360,268a80c2-c4ce-4768-b89a-d5083ad5a450,https://www.facebook.com/ormondfarmersmarket
1008360,87b4577e-e26a-47a6-8a32-b6bd1a56c06b,
1008360,a2af1d35-6709-4551-a3a6-a161bfd74966,
1008360,f07ddbf1-8408-450e-bacb-174c1716fc81,
1019416,3232b375-3959-4e3a-9dd0-2c2d98cb1776,http://www.orofinofarmersmarket.com/
1019416,268a80c2-c4ce-4768-b89a-d5083ad5a450,https://www.facebook.com/Orofino-Farmers-Market-139500116131731/
1019416,87b4577e-e26a-47a6-8a32-b6bd1a56c06b,
1019416,a2af1d35-6709-4551-a3a6-a161bfd74966,
1019416,f07ddbf1-8408-450e-bacb-174c1716fc81,
1019019,3232b375-3959-4e3a-9dd0-2c2d98cb1776,http://www.OSFMI.com
1019019,268a80c2-c4ce-4768-b89a-d5083ad5a450,Oshkosh Farmers Markets
1019019,87b4577e-e26a-47a6-8a32-b6bd1a56c06b,
1019019,a2af1d35-6709-4551-a3a6-a161bfd74966,
1019019,f07ddbf1-8408-450e-bacb-174c1716fc81,
1019023,3232b375-3959-4e3a-9dd0-2c2d98cb1776,http://www.OSFMI.com
1019023,268a80c2-c4ce-4768-b89a-d5083ad5a450,Oshkosh Farmers Markets
1019023,87b4577e-e26a-47a6-8a32-b6bd1a56c06b,
1019023,a2af1d35-6709-4551-a3a6-a161bfd74966,
1019023,f07ddbf1-8408-450e-bacb-174c1716fc81,
1019025,3232b375-3959-4e3a-9dd0-2c2d98cb1776,http://www.OSFMI.com
1019025,268a80c2-c4ce-4768-b89a-d5083ad5a450,Oshkosh Farmers Markets
1019025,87b4577e-e26a-47a6-8a32-b6bd1a56c06b,
1019025,a2af1d35-6709-4551-a3a6-a161bfd74966,
1019025,f07ddbf1-8408-450e-bacb-174c1716fc81,
1021699,3232b375-3959-4e3a-9dd0-2c2d98cb1776,https://www.oswegolandparkdistrict.org/programs-events/special-events/oswego-country-market/
1021699,268a80c2-c4ce-4768-b89a-d5083ad5a450,https://www.facebook.com/OswegoCountryMarket
1021699,87b4577e-e26a-47a6-8a32-b6bd1a56c06b,
1021699,a2af1d35-6709-4551-a3a6-a161bfd74966,
1021699,f07ddbf1-8408-450e-bacb-174c1716fc81,
1021215,3232b375-3959-4e3a-9dd0-2c2d98cb1776,https://www.fromthelandofkansas.com/market/overbrook-farmers-market
1021215,268a80c2-c4ce-4768-b89a-d5083ad5a450,Overbrook Farmers Market
1021215,87b4577e-e26a-47a6-8a32-b6bd1a56c06b,
1021215,a2af1d35-6709-4551-a3a6-a161bfd74966,
1021215,f07ddbf1-8408-450e-bacb-174c1716fc81,
1020023,3232b375-3959-4e3a-9dd0-2c2d98cb1776,
1020023,268a80c2-c4ce-4768-b89a-d5083ad5a450,https://www.facebook.com/ovidfarmersmarket
1020023,87b4577e-e26a-47a6-8a32-b6bd1a56c06b,
1020023,a2af1d35-6709-4551-a3a6-a161bfd74966,
1020023,f07ddbf1-8408-450e-bacb-174c1716fc81,
1021384,3232b375-3959-4e3a-9dd0-2c2d98cb1776,https://owencountyfarmersmarket.com/
1021384,268a80c2-c4ce-4768-b89a-d5083ad5a450,https://www.facebook.com/owencountyfarmersmarket
1021384,87b4577e-e26a-47a6-8a32-b6bd1a56c06b,
1021384,a2af1d35-6709-4551-a3a6-a161bfd74966,
1021384,f07ddbf1-8408-450e-bacb-174c1716fc81,
1004212,3232b375-3959-4e3a-9dd0-2c2d98cb1776,
1004212,268a80c2-c4ce-4768-b89a-d5083ad5a450,https://www.facebook.com/OxfordMarket
1004212,87b4577e-e26a-47a6-8a32-b6bd1a56c06b,
1004212,a2af1d35-6709-4551-a3a6-a161bfd74966,
1004212,f07ddbf1-8408-450e-bacb-174c1716fc81,
1021335,3232b375-3959-4e3a-9dd0-2c2d98cb1776,http://www.oxfordfarmersmarket.com
1021335,268a80c2-c4ce-4768-b89a-d5083ad5a450,oxford farmers market
1021335,87b4577e-e26a-47a6-8a32-b6bd1a56c06b,
1021335,a2af1d35-6709-4551-a3a6-a161bfd74966,
1021335,f07ddbf1-8408-450e-bacb-174c1716fc81,
1012777,3232b375-3959-4e3a-9dd0-2c2d98cb1776,http://www.OxnardFarmersMarket.com
1012777,268a80c2-c4ce-4768-b89a-d5083ad5a450,www.facebook.com/OxnardFarmersMarket/
1012777,87b4577e-e26a-47a6-8a32-b6bd1a56c06b,https://twitter.com/oxnfarmersmkt
1012777,a2af1d35-6709-4551-a3a6-a161bfd74966,www.youtube.com/DowntownOxnard
1012777,f07ddbf1-8408-450e-bacb-174c1716fc81,www.instagram.com/oxnardfarmersmarket/
1008946,3232b375-3959-4e3a-9dd0-2c2d98cb1776,
1008946,268a80c2-c4ce-4768-b89a-d5083ad5a450,https://www.facebook.com/PacificCityFarmersMarket?ref=hl
1008946,87b4577e-e26a-47a6-8a32-b6bd1a56c06b,
1008946,a2af1d35-6709-4551-a3a6-a161bfd74966,
1008946,f07ddbf1-8408-450e-bacb-174c1716fc81,
1021721,3232b375-3959-4e3a-9dd0-2c2d98cb1776,http://paducahky.gov/farmers-market
1021721,268a80c2-c4ce-4768-b89a-d5083ad5a450,https://m.facebook.com/paducah.homegrown/
1021721,87b4577e-e26a-47a6-8a32-b6bd1a56c06b,
1021721,a2af1d35-6709-4551-a3a6-a161bfd74966,
1021721,f07ddbf1-8408-450e-bacb-174c1716fc81,
1021722,3232b375-3959-4e3a-9dd0-2c2d98cb1776,http://paducahky.gov/farmers-market
1021722,268a80c2-c4ce-4768-b89a-d5083ad5a450,https://www.facebook.com/paducah.homegrown
1021722,87b4577e-e26a-47a6-8a32-b6bd1a56c06b,
1021722,a2af1d35-6709-4551-a3a6-a161bfd74966,
1021722,f07ddbf1-8408-450e-bacb-174c1716fc81,
1021599,3232b375-3959-4e3a-9dd0-2c2d98cb1776,
1021599,268a80c2-c4ce-4768-b89a-d5083ad5a450,Pahrump Farmers' Market
1021599,87b4577e-e26a-47a6-8a32-b6bd1a56c06b,
1021599,a2af1d35-6709-4551-a3a6-a161bfd74966,
1021599,f07ddbf1-8408-450e-bacb-174c1716fc81,
1021200,3232b375-3959-4e3a-9dd0-2c2d98cb1776,http://Pajarovalleyfarmersmarket.com
1021200,268a80c2-c4ce-4768-b89a-d5083ad5a450,
1021200,87b4577e-e26a-47a6-8a32-b6bd1a56c06b,
1021200,a2af1d35-6709-4551-a3a6-a161bfd74966,
1021200,f07ddbf1-8408-450e-bacb-174c1716fc81,
1019723,3232b375-3959-4e3a-9dd0-2c2d98cb1776,http://www.palisadesfm.org
1019723,268a80c2-c4ce-4768-b89a-d5083ad5a450,https://www.facebook.com/Palisades-Indoor-Farmers-Market-NY-198235466870315/
1019723,87b4577e-e26a-47a6-8a32-b6bd1a56c06b,
1019723,a2af1d35-6709-4551-a3a6-a161bfd74966,
1019723,f07ddbf1-8408-450e-bacb-174c1716fc81,https://www.instagram.com/palisadescommunitycenterny/
1021648,3232b375-3959-4e3a-9dd0-2c2d98cb1776,https://palmasfarmersmarket.com/
1021648,268a80c2-c4ce-4768-b89a-d5083ad5a450,https://www.facebook.com/PalmasFarmersMarket
1021648,87b4577e-e26a-47a6-8a32-b6bd1a56c06b,https://twitter.com/wegrowpr
1021648,a2af1d35-6709-4551-a3a6-a161bfd74966,
1021648,f07ddbf1-8408-450e-bacb-174c1716fc81,https://www.instagram.com/palmasfarmersmarket/
1019102,3232b375-3959-4e3a-9dd0-2c2d98cb1776,
1019102,268a80c2-c4ce-4768-b89a-d5083ad5a450,
1019102,87b4577e-e26a-47a6-8a32-b6bd1a56c06b,
1019102,a2af1d35-6709-4551-a3a6-a161bfd74966,
1019102,f07ddbf1-8408-450e-bacb-174c1716fc81,
1005248,3232b375-3959-4e3a-9dd0-2c2d98cb1776,http://www.honolulu.gov/parks/program/pom
1005248,268a80c2-c4ce-4768-b89a-d5083ad5a450,
1005248,87b4577e-e26a-47a6-8a32-b6bd1a56c06b,
1005248,a2af1d35-6709-4551-a3a6-a161bfd74966,
1005248,f07ddbf1-8408-450e-bacb-174c1716fc81,
1018687,3232b375-3959-4e3a-9dd0-2c2d98cb1776,http://www.palosheights.org
1018687,268a80c2-c4ce-4768-b89a-d5083ad5a450,palosheightsfarmersmarket
1018687,87b4577e-e26a-47a6-8a32-b6bd1a56c06b,
1018687,a2af1d35-6709-4551-a3a6-a161bfd74966,
1018687,f07ddbf1-8408-450e-bacb-174c1716fc81,
1011995,3232b375-3959-4e3a-9dd0-2c2d98cb1776,
1011995,268a80c2-c4ce-4768-b89a-d5083ad5a450,https://www.facebook.com/palosverdesfarmersmarket/
1011995,87b4577e-e26a-47a6-8a32-b6bd1a56c06b,@farmersmarketpv
1011995,a2af1d35-6709-4551-a3a6-a161bfd74966,
1011995,f07ddbf1-8408-450e-bacb-174c1716fc81,http://instagram.com/palosverdesfarmersmarket
1021491,3232b375-3959-4e3a-9dd0-2c2d98cb1776,http://paolafarmersmarket.org
1021491,268a80c2-c4ce-4768-b89a-d5083ad5a450,facebook.com/paolafarmersmarket
1021491,87b4577e-e26a-47a6-8a32-b6bd1a56c06b,
1021491,a2af1d35-6709-4551-a3a6-a161bfd74966,
1021491,f07ddbf1-8408-450e-bacb-174c1716fc81,
1021398,3232b375-3959-4e3a-9dd0-2c2d98cb1776,
1021398,268a80c2-c4ce-4768-b89a-d5083ad5a450,https://www.facebook.com/paragouldmarket
1021398,87b4577e-e26a-47a6-8a32-b6bd1a56c06b,
1021398,a2af1d35-6709-4551-a3a6-a161bfd74966,
1021398,f07ddbf1-8408-450e-bacb-174c1716fc81,
1019755,3232b375-3959-4e3a-9dd0-2c2d98cb1776,
1019755,268a80c2-c4ce-4768-b89a-d5083ad5a450,https://www.facebook.com/Parkviewfarmersmarket/
1019755,87b4577e-e26a-47a6-8a32-b6bd1a56c06b,https://twitter.com/parkview_market
1019755,a2af1d35-6709-4551-a3a6-a161bfd74966,
1019755,f07ddbf1-8408-450e-bacb-174c1716fc81,https://www.instagram.com/parkviewfarmersmarket/
1019761,3232b375-3959-4e3a-9dd0-2c2d98cb1776,
1019761,268a80c2-c4ce-4768-b89a-d5083ad5a450,https://www.facebook.com/Parkviewfarmersmarket/
1019761,87b4577e-e26a-47a6-8a32-b6bd1a56c06b,https://twitter.com/parkview_market
1019761,a2af1d35-6709-4551-a3a6-a161bfd74966,
1019761,f07ddbf1-8408-450e-bacb-174c1716fc81,https://www.instagram.com/parkviewfarmersmarket/
1006927,3232b375-3959-4e3a-9dd0-2c2d98cb1776,http://www.parkvillefarmersmarket.com
1006927,268a80c2-c4ce-4768-b89a-d5083ad5a450,https://www.facebook.com/pages/Parkville-Farmers-Market
1006927,87b4577e-e26a-47a6-8a32-b6bd1a56c06b,
1006927,a2af1d35-6709-4551-a3a6-a161bfd74966,
1006927,f07ddbf1-8408-450e-bacb-174c1716fc81,
1019939,3232b375-3959-4e3a-9dd0-2c2d98cb1776,http://www.paseofarmersmarket.com
1019939,268a80c2-c4ce-4768-b89a-d5083ad5a450,paseofarmersmkt
1019939,87b4577e-e26a-47a6-8a32-b6bd1a56c06b,
1019939,a2af1d35-6709-4551-a3a6-a161bfd74966,
1019939,f07ddbf1-8408-450e-bacb-174c1716fc81,Instagram
1021417,3232b375-3959-4e3a-9dd0-2c2d98cb1776,
1021417,268a80c2-c4ce-4768-b89a-d5083ad5a450,https://www.facebook.com/patchandpasture/
1021417,87b4577e-e26a-47a6-8a32-b6bd1a56c06b,
1021417,a2af1d35-6709-4551-a3a6-a161bfd74966,
1021417,f07ddbf1-8408-450e-bacb-174c1716fc81,
1019674,3232b375-3959-4e3a-9dd0-2c2d98cb1776,http://www.pawlingfarmersmarket.org
1019674,268a80c2-c4ce-4768-b89a-d5083ad5a450,Pawling Farmer's Market - Saturdays 9am-1pm
1019674,87b4577e-e26a-47a6-8a32-b6bd1a56c06b,
1019674,a2af1d35-6709-4551-a3a6-a161bfd74966,
1019674,f07ddbf1-8408-450e-bacb-174c1716fc81,pawlingfarmersmarket
1019910,3232b375-3959-4e3a-9dd0-2c2d98cb1776,https://guide.farmfreshri.org/food/farmersmarkets_details.php?market=30
1019910,268a80c2-c4ce-4768-b89a-d5083ad5a450,https://www.facebook.com/farmfreshri/
1019910,87b4577e-e26a-47a6-8a32-b6bd1a56c06b,
1019910,a2af1d35-6709-4551-a3a6-a161bfd74966,
1019910,f07ddbf1-8408-450e-bacb-174c1716fc81,
1018944,3232b375-3959-4e3a-9dd0-2c2d98cb1776,https://guide.farmfreshri.org/food/farmersmarkets_details.php?market=29
1018944,268a80c2-c4ce-4768-b89a-d5083ad5a450,
1018944,87b4577e-e26a-47a6-8a32-b6bd1a56c06b,
1018944,a2af1d35-6709-4551-a3a6-a161bfd74966,
1018944,f07ddbf1-8408-450e-bacb-174c1716fc81,
1021735,3232b375-3959-4e3a-9dd0-2c2d98cb1776,https://pawtuxetmarket.com/
1021735,268a80c2-c4ce-4768-b89a-d5083ad5a450,https://www.facebook.com/pawtuxetvillagefarmersmarket
1021735,87b4577e-e26a-47a6-8a32-b6bd1a56c06b,
1021735,a2af1d35-6709-4551-a3a6-a161bfd74966,
1021735,f07ddbf1-8408-450e-bacb-174c1716fc81,https://www.instagram.com/pawtuxet_farmers_market/
1019068,3232b375-3959-4e3a-9dd0-2c2d98cb1776,http://www.payettevalleyfoodconnection.com
1019068,268a80c2-c4ce-4768-b89a-d5083ad5a450,www.facebook.com/payettefarmersmarket/
1019068,87b4577e-e26a-47a6-8a32-b6bd1a56c06b,
1019068,a2af1d35-6709-4551-a3a6-a161bfd74966,
1019068,f07ddbf1-8408-450e-bacb-174c1716fc81,
1021389,3232b375-3959-4e3a-9dd0-2c2d98cb1776,https://www.paysonfarmersmarket.com/
1021389,268a80c2-c4ce-4768-b89a-d5083ad5a450,https://www.facebook.com/PaysonFarmersMarket
1021389,87b4577e-e26a-47a6-8a32-b6bd1a56c06b,
1021389,a2af1d35-6709-4551-a3a6-a161bfd74966,
1021389,f07ddbf1-8408-450e-bacb-174c1716fc81,https://www.instagram.com/payson_farmers_market_/
1021718,3232b375-3959-4e3a-9dd0-2c2d98cb1776,http://PCSundayMarket.com
1021718,268a80c2-c4ce-4768-b89a-d5083ad5a450,https://www.facebook.com/thesundaymarketPC
1021718,87b4577e-e26a-47a6-8a32-b6bd1a56c06b,
1021718,a2af1d35-6709-4551-a3a6-a161bfd74966,
1021718,f07ddbf1-8408-450e-bacb-174c1716fc81,
1020175,3232b375-3959-4e3a-9dd0-2c2d98cb1776,http://www.peacefulvalleyfarmersmarket.com
1020175,268a80c2-c4ce-4768-b89a-d5083ad5a450,@CertifiedPVFM
1020175,87b4577e-e26a-47a6-8a32-b6bd1a56c06b,
1020175,a2af1d35-6709-4551-a3a6-a161bfd74966,
1020175,f07ddbf1-8408-450e-bacb-174c1716fc81,Instagram:  peacefulvalleyfarmersmarket
1019685,3232b375-3959-4e3a-9dd0-2c2d98cb1776,http://Www.psfmarket.org
1019685,268a80c2-c4ce-4768-b89a-d5083ad5a450,Peach Street Farmers Market
1019685,87b4577e-e26a-47a6-8a32-b6bd1a56c06b,Psfmarket
1019685,a2af1d35-6709-4551-a3a6-a161bfd74966,
1019685,f07ddbf1-8408-450e-bacb-174c1716fc81,IG Peach Street Farmers Market
1018466,3232b375-3959-4e3a-9dd0-2c2d98cb1776,http://www.peachamfarmersmarket.com/
1018466,268a80c2-c4ce-4768-b89a-d5083ad5a450,https://m.facebook.com/PeachamFarmersMarket/
1018466,87b4577e-e26a-47a6-8a32-b6bd1a56c06b,
1018466,a2af1d35-6709-4551-a3a6-a161bfd74966,
1018466,f07ddbf1-8408-450e-bacb-174c1716fc81,
1019454,3232b375-3959-4e3a-9dd0-2c2d98cb1776,
1019454,268a80c2-c4ce-4768-b89a-d5083ad5a450,facebook.com/pedernalesfarmersmarket
1019454,87b4577e-e26a-47a6-8a32-b6bd1a56c06b,
1019454,a2af1d35-6709-4551-a3a6-a161bfd74966,
1019454,f07ddbf1-8408-450e-bacb-174c1716fc81,@pedernalesfarmersmarket (instagram)
1020072,3232b375-3959-4e3a-9dd0-2c2d98cb1776,https://www.pcfarmersmarket.com/
1020072,268a80c2-c4ce-4768-b89a-d5083ad5a450,https://m.facebook.com/PendletonFarmersMarket/?tsid=0.44193321945021247&source=result
1020072,87b4577e-e26a-47a6-8a32-b6bd1a56c06b,
1020072,a2af1d35-6709-4551-a3a6-a161bfd74966,
1020072,f07ddbf1-8408-450e-bacb-174c1716fc81,Pencofarmersmarket - Instagram 
1021688,3232b375-3959-4e3a-9dd0-2c2d98cb1776,
1021688,268a80c2-c4ce-4768-b89a-d5083ad5a450,Facebook.com/Pendletonindfarmersmarket
1021688,87b4577e-e26a-47a6-8a32-b6bd1a56c06b,
1021688,a2af1d35-6709-4551-a3a6-a161bfd74966,
1021688,f07ddbf1-8408-450e-bacb-174c1716fc81,Instagram.com/Pendletonindianafarmersmarket
1019854,3232b375-3959-4e3a-9dd0-2c2d98cb1776,http://penningtonfarmersmarket.org
1019854,268a80c2-c4ce-4768-b89a-d5083ad5a450,@PenningtonFarmersMkt
1019854,87b4577e-e26a-47a6-8a32-b6bd1a56c06b,PenngtnFarmMkt
1019854,a2af1d35-6709-4551-a3a6-a161bfd74966,
1019854,f07ddbf1-8408-450e-bacb-174c1716fc81,
1021746,3232b375-3959-4e3a-9dd0-2c2d98cb1776,
1021746,268a80c2-c4ce-4768-b89a-d5083ad5a450,
1021746,87b4577e-e26a-47a6-8a32-b6bd1a56c06b,
1021746,a2af1d35-6709-4551-a3a6-a161bfd74966,
1021746,f07ddbf1-8408-450e-bacb-174c1716fc81,
1019822,3232b375-3959-4e3a-9dd0-2c2d98cb1776,http://www.perrylecomptonfarmersmarket.com
1019822,268a80c2-c4ce-4768-b89a-d5083ad5a450,@perrylecomptonfarmersmarket
1019822,87b4577e-e26a-47a6-8a32-b6bd1a56c06b,
1019822,a2af1d35-6709-4551-a3a6-a161bfd74966,
1019822,f07ddbf1-8408-450e-bacb-174c1716fc81,
1018626,3232b375-3959-4e3a-9dd0-2c2d98cb1776,http://www.ilovefarmersmarkets.org
1018626,268a80c2-c4ce-4768-b89a-d5083ad5a450,https://www.facebook.com/PetalumaFarmersMarket/
1018626,87b4577e-e26a-47a6-8a32-b6bd1a56c06b,
1018626,a2af1d35-6709-4551-a3a6-a161bfd74966,
1018626,f07ddbf1-8408-450e-bacb-174c1716fc81,Instagram communitymarkets
1018627,3232b375-3959-4e3a-9dd0-2c2d98cb1776,http://www.ilovefarmersmarkets.org
1018627,268a80c2-c4ce-4768-b89a-d5083ad5a450,https://www.facebook.com/PetalumaFarmersMarket/
1018627,87b4577e-e26a-47a6-8a32-b6bd1a56c06b,
1018627,a2af1d35-6709-4551-a3a6-a161bfd74966,
1018627,f07ddbf1-8408-450e-bacb-174c1716fc81,ins
1012060,3232b375-3959-4e3a-9dd0-2c2d98cb1776,http://www.petershamcommon.com/fridaymarket.htm
1012060,268a80c2-c4ce-4768-b89a-d5083ad5a450,
1012060,87b4577e-e26a-47a6-8a32-b6bd1a56c06b,
1012060,a2af1d35-6709-4551-a3a6-a161bfd74966,
1012060,f07ddbf1-8408-450e-bacb-174c1716fc81,
1010839,3232b375-3959-4e3a-9dd0-2c2d98cb1776,https://petworthcmarket.wordpress.com/
1010839,268a80c2-c4ce-4768-b89a-d5083ad5a450,https://www.facebook.com/petworthcommunitymarket
1010839,87b4577e-e26a-47a6-8a32-b6bd1a56c06b,https://twitter.com/petworthmarket
1010839,a2af1d35-6709-4551-a3a6-a161bfd74966,
1010839,f07ddbf1-8408-450e-bacb-174c1716fc81,https://www.instagram.com/petworthmarket/
1019128,3232b375-3959-4e3a-9dd0-2c2d98cb1776,https://www.instagram.com/pfafftownfarmersmarket/?hl=en
1019128,268a80c2-c4ce-4768-b89a-d5083ad5a450,
1019128,87b4577e-e26a-47a6-8a32-b6bd1a56c06b,
1019128,a2af1d35-6709-4551-a3a6-a161bfd74966,
1019128,f07ddbf1-8408-450e-bacb-174c1716fc81,
1001260,3232b375-3959-4e3a-9dd0-2c2d98cb1776,http://www.pflugervilletx.gov/pfarmersmarket
1001260,268a80c2-c4ce-4768-b89a-d5083ad5a450,
1001260,87b4577e-e26a-47a6-8a32-b6bd1a56c06b,
1001260,a2af1d35-6709-4551-a3a6-a161bfd74966,
1001260,f07ddbf1-8408-450e-bacb-174c1716fc81,
1020126,3232b375-3959-4e3a-9dd0-2c2d98cb1776,https://www.phelancertifiedfarmersmarket.org
1020126,268a80c2-c4ce-4768-b89a-d5083ad5a450,https://www.facebook.com/PhelanCertifiedFarmersMarket/
1020126,87b4577e-e26a-47a6-8a32-b6bd1a56c06b,phelanfarmers
1020126,a2af1d35-6709-4551-a3a6-a161bfd74966,
1020126,f07ddbf1-8408-450e-bacb-174c1716fc81,https://www.instagram.com/explore/locations/322486348/phelan-certified-farmers-market/
1002060,3232b375-3959-4e3a-9dd0-2c2d98cb1776,http://www.philmontcooperative.com
1002060,268a80c2-c4ce-4768-b89a-d5083ad5a450,
1002060,87b4577e-e26a-47a6-8a32-b6bd1a56c06b,
1002060,a2af1d35-6709-4551-a3a6-a161bfd74966,
1002060,f07ddbf1-8408-450e-bacb-174c1716fc81,
1020177,3232b375-3959-4e3a-9dd0-2c2d98cb1776,
1020177,268a80c2-c4ce-4768-b89a-d5083ad5a450,Phoenix Hill NuLu Farmer's Market
1020177,87b4577e-e26a-47a6-8a32-b6bd1a56c06b,
1020177,a2af1d35-6709-4551-a3a6-a161bfd74966,
1020177,f07ddbf1-8408-450e-bacb-174c1716fc81,Instagram - phoenixhillnulufarmersmarket
1021494,3232b375-3959-4e3a-9dd0-2c2d98cb1776,
1021494,268a80c2-c4ce-4768-b89a-d5083ad5a450,
1021494,87b4577e-e26a-47a6-8a32-b6bd1a56c06b,
1021494,a2af1d35-6709-4551-a3a6-a161bfd74966,
1021494,f07ddbf1-8408-450e-bacb-174c1716fc81,
1007245,3232b375-3959-4e3a-9dd0-2c2d98cb1776,http://www.triadfarmersmarket.com
1007245,268a80c2-c4ce-4768-b89a-d5083ad5a450,https://www.facebook.com/pages/Robert-G-Shaw-Piedmont-Triad-Farmers-Market/144426648949461
1007245,87b4577e-e26a-47a6-8a32-b6bd1a56c06b,
1007245,a2af1d35-6709-4551-a3a6-a161bfd74966,
1007245,f07ddbf1-8408-450e-bacb-174c1716fc81,
1010408,3232b375-3959-4e3a-9dd0-2c2d98cb1776,http://www.centralfarmmarkets.com
1010408,268a80c2-c4ce-4768-b89a-d5083ad5a450,www.facebook.com/CentralFarmMarkets
1010408,87b4577e-e26a-47a6-8a32-b6bd1a56c06b,@CentralFarmMKTs
1010408,a2af1d35-6709-4551-a3a6-a161bfd74966,
1010408,f07ddbf1-8408-450e-bacb-174c1716fc81,http://dishingthedirtblog.wordpress.com/
1021731,3232b375-3959-4e3a-9dd0-2c2d98cb1776,http:// www.pikefarmersmarket.org/
1021731,268a80c2-c4ce-4768-b89a-d5083ad5a450,https://www.facebook.com/PikeFarmersMarket
1021731,87b4577e-e26a-47a6-8a32-b6bd1a56c06b,
1021731,a2af1d35-6709-4551-a3a6-a161bfd74966,
1021731,f07ddbf1-8408-450e-bacb-174c1716fc81,https://www.instagram.com/pikefarmersmarket/
1020165,3232b375-3959-4e3a-9dd0-2c2d98cb1776,
1020165,268a80c2-c4ce-4768-b89a-d5083ad5a450,Pikeville Farmers Market
1020165,87b4577e-e26a-47a6-8a32-b6bd1a56c06b,
1020165,a2af1d35-6709-4551-a3a6-a161bfd74966,
1020165,f07ddbf1-8408-450e-bacb-174c1716fc81,
1021380,3232b375-3959-4e3a-9dd0-2c2d98cb1776,http://www.pinecitychamber.com
1021380,268a80c2-c4ce-4768-b89a-d5083ad5a450,@PineCityFarmersMarket
1021380,87b4577e-e26a-47a6-8a32-b6bd1a56c06b,
1021380,a2af1d35-6709-4551-a3a6-a161bfd74966,
1021380,f07ddbf1-8408-450e-bacb-174c1716fc81,
1010638,3232b375-3959-4e3a-9dd0-2c2d98cb1776,http://www.greenmarketco-op.org
1010638,268a80c2-c4ce-4768-b89a-d5083ad5a450,https://www.facebook.com/greenmarketco.op/
1010638,87b4577e-e26a-47a6-8a32-b6bd1a56c06b,https://twitter.com/GreenMarket_FL
1010638,a2af1d35-6709-4551-a3a6-a161bfd74966,https://www.youtube.com/channel/UC-evWnGLPGDR9y-HNqku7yQ
1010638,f07ddbf1-8408-450e-bacb-174c1716fc81,https://www.instagram.com/greenmarketco.op/
1016803,3232b375-3959-4e3a-9dd0-2c2d98cb1776,http://www.cypresshills.org
1016803,268a80c2-c4ce-4768-b89a-d5083ad5a450,www.facebook.com/CHLDC
1016803,87b4577e-e26a-47a6-8a32-b6bd1a56c06b,twitter.com/CHLDC
1016803,a2af1d35-6709-4551-a3a6-a161bfd74966,
1016803,f07ddbf1-8408-450e-bacb-174c1716fc81,
1021641,3232b375-3959-4e3a-9dd0-2c2d98cb1776,http://pittsburgfarmersmarket.org
1021641,268a80c2-c4ce-4768-b89a-d5083ad5a450,Pittsburg Farmers' Market
1021641,87b4577e-e26a-47a6-8a32-b6bd1a56c06b,
1021641,a2af1d35-6709-4551-a3a6-a161bfd74966,
1021641,f07ddbf1-8408-450e-bacb-174c1716fc81,Instagram: pittsburgfarmersmarket
1018921,3232b375-3959-4e3a-9dd0-2c2d98cb1776,http://oces.okstate.edu/pittsburg/farmers-market
1018921,268a80c2-c4ce-4768-b89a-d5083ad5a450,
1018921,87b4577e-e26a-47a6-8a32-b6bd1a56c06b,
1018921,a2af1d35-6709-4551-a3a6-a161bfd74966,
1018921,f07ddbf1-8408-450e-bacb-174c1716fc81,
1020005,3232b375-3959-4e3a-9dd0-2c2d98cb1776,https://www.pittsfield-mi.gov/Index.aspx?NID=760
1020005,268a80c2-c4ce-4768-b89a-d5083ad5a450,https://www.facebook.com/pittsfieldtwpfarmersmarket
1020005,87b4577e-e26a-47a6-8a32-b6bd1a56c06b,
1020005,a2af1d35-6709-4551-a3a6-a161bfd74966,
1020005,f07ddbf1-8408-450e-bacb-174c1716fc81,https://www.instagram.com/pittsfieldtwpparksandrec/
1021572,3232b375-3959-4e3a-9dd0-2c2d98cb1776,http://eldoradofarmersmarket.com
1021572,268a80c2-c4ce-4768-b89a-d5083ad5a450,
1021572,87b4577e-e26a-47a6-8a32-b6bd1a56c06b,
1021572,a2af1d35-6709-4551-a3a6-a161bfd74966,
1021572,f07ddbf1-8408-450e-bacb-174c1716fc81,
1019328,3232b375-3959-4e3a-9dd0-2c2d98cb1776,
1019328,268a80c2-c4ce-4768-b89a-d5083ad5a450,
1019328,87b4577e-e26a-47a6-8a32-b6bd1a56c06b,
1019328,a2af1d35-6709-4551-a3a6-a161bfd74966,
1019328,f07ddbf1-8408-450e-bacb-174c1716fc81,
1019885,3232b375-3959-4e3a-9dd0-2c2d98cb1776,
1019885,268a80c2-c4ce-4768-b89a-d5083ad5a450,
1019885,87b4577e-e26a-47a6-8a32-b6bd1a56c06b,
1019885,a2af1d35-6709-4551-a3a6-a161bfd74966,
1019885,f07ddbf1-8408-450e-bacb-174c1716fc81,
1012268,3232b375-3959-4e3a-9dd0-2c2d98cb1776,http://plainwell.org
1012268,268a80c2-c4ce-4768-b89a-d5083ad5a450,Plainwell Farmers Market Official
1012268,87b4577e-e26a-47a6-8a32-b6bd1a56c06b,
1012268,a2af1d35-6709-4551-a3a6-a161bfd74966,
1012268,f07ddbf1-8408-450e-bacb-174c1716fc81,
1019344,3232b375-3959-4e3a-9dd0-2c2d98cb1776,http://plainwell.org 
1019344,268a80c2-c4ce-4768-b89a-d5083ad5a450,Plainwell Farmers Market Official
1019344,87b4577e-e26a-47a6-8a32-b6bd1a56c06b,
1019344,a2af1d35-6709-4551-a3a6-a161bfd74966,
1019344,f07ddbf1-8408-450e-bacb-174c1716fc81,
1019478,3232b375-3959-4e3a-9dd0-2c2d98cb1776,
1019478,268a80c2-c4ce-4768-b89a-d5083ad5a450,
1019478,87b4577e-e26a-47a6-8a32-b6bd1a56c06b,
1019478,a2af1d35-6709-4551-a3a6-a161bfd74966,
1019478,f07ddbf1-8408-450e-bacb-174c1716fc81,
1019616,3232b375-3959-4e3a-9dd0-2c2d98cb1776,https://plattevillefarmersmarketwi.com/
1019616,268a80c2-c4ce-4768-b89a-d5083ad5a450,www.facebook.com/PlattevilleFarmersMarket/
1019616,87b4577e-e26a-47a6-8a32-b6bd1a56c06b,
1019616,a2af1d35-6709-4551-a3a6-a161bfd74966,
1019616,f07ddbf1-8408-450e-bacb-174c1716fc81,ttps://www.instagram.com/plattevillefarmersmarketwi/
1019615,3232b375-3959-4e3a-9dd0-2c2d98cb1776,https://plattevillefarmersmarketwi.com/
1019615,268a80c2-c4ce-4768-b89a-d5083ad5a450,www.facebook.com/PlattevilleFarmersMarket/
1019615,87b4577e-e26a-47a6-8a32-b6bd1a56c06b,
1019615,a2af1d35-6709-4551-a3a6-a161bfd74966,
1019615,f07ddbf1-8408-450e-bacb-174c1716fc81,ttps://www.instagram.com/plattevillefarmersmarketwi/
1019884,3232b375-3959-4e3a-9dd0-2c2d98cb1776,
1019884,268a80c2-c4ce-4768-b89a-d5083ad5a450,
1019884,87b4577e-e26a-47a6-8a32-b6bd1a56c06b,
1019884,a2af1d35-6709-4551-a3a6-a161bfd74966,
1019884,f07ddbf1-8408-450e-bacb-174c1716fc81,
1020019,3232b375-3959-4e3a-9dd0-2c2d98cb1776,http://www.farmermark.com/playavista
1020019,268a80c2-c4ce-4768-b89a-d5083ad5a450,https://www.facebook.com/playavistaFM
1020019,87b4577e-e26a-47a6-8a32-b6bd1a56c06b,
1020019,a2af1d35-6709-4551-a3a6-a161bfd74966,
1020019,f07ddbf1-8408-450e-bacb-174c1716fc81,@farmermarkpv
1008213,3232b375-3959-4e3a-9dd0-2c2d98cb1776,
1008213,268a80c2-c4ce-4768-b89a-d5083ad5a450,Pleasants Area Farmers Market
1008213,87b4577e-e26a-47a6-8a32-b6bd1a56c06b,N/A
1008213,a2af1d35-6709-4551-a3a6-a161bfd74966,N/A
1008213,f07ddbf1-8408-450e-bacb-174c1716fc81,N/A
1021455,3232b375-3959-4e3a-9dd0-2c2d98cb1776,https://www.pleasantvillefarmersmarket.org/
1021455,268a80c2-c4ce-4768-b89a-d5083ad5a450,https://www.facebook.com/PvilleFarmMarket
1021455,87b4577e-e26a-47a6-8a32-b6bd1a56c06b,
1021455,a2af1d35-6709-4551-a3a6-a161bfd74966,
1021455,f07ddbf1-8408-450e-bacb-174c1716fc81,
1004602,3232b375-3959-4e3a-9dd0-2c2d98cb1776,http://www.plymouthfarmersmarket.com
1004602,268a80c2-c4ce-4768-b89a-d5083ad5a450,https://www.facebook.com/pages/Plymouth-Farmers-Market-Inc/136145306459265
1004602,87b4577e-e26a-47a6-8a32-b6bd1a56c06b,
1004602,a2af1d35-6709-4551-a3a6-a161bfd74966,
1004602,f07ddbf1-8408-450e-bacb-174c1716fc81,
1011146,3232b375-3959-4e3a-9dd0-2c2d98cb1776,http://www.poestenkillfarmersmarket.com
1011146,268a80c2-c4ce-4768-b89a-d5083ad5a450,http://www.facebook.com/poestenkillfarmersmarket
1011146,87b4577e-e26a-47a6-8a32-b6bd1a56c06b,
1011146,a2af1d35-6709-4551-a3a6-a161bfd74966,
1011146,f07ddbf1-8408-450e-bacb-174c1716fc81,
1005259,3232b375-3959-4e3a-9dd0-2c2d98cb1776,http://www.honolulu.gov/parks/programs/pom
1005259,268a80c2-c4ce-4768-b89a-d5083ad5a450,
1005259,87b4577e-e26a-47a6-8a32-b6bd1a56c06b,
1005259,a2af1d35-6709-4551-a3a6-a161bfd74966,
1005259,f07ddbf1-8408-450e-bacb-174c1716fc81,
1021485,3232b375-3959-4e3a-9dd0-2c2d98cb1776,https://cfmatl.org/markets/
1021485,268a80c2-c4ce-4768-b89a-d5083ad5a450,https://www.facebook.com/pcfmbeltline
1021485,87b4577e-e26a-47a6-8a32-b6bd1a56c06b,
1021485,a2af1d35-6709-4551-a3a6-a161bfd74966,
1021485,f07ddbf1-8408-450e-bacb-174c1716fc81,
1021462,3232b375-3959-4e3a-9dd0-2c2d98cb1776,https://downtownpontiacil.com/farmers-market-about/
1021462,268a80c2-c4ce-4768-b89a-d5083ad5a450,https://www.facebook.com/pontiac.farmers.market/
1021462,87b4577e-e26a-47a6-8a32-b6bd1a56c06b,
1021462,a2af1d35-6709-4551-a3a6-a161bfd74966,
1021462,f07ddbf1-8408-450e-bacb-174c1716fc81,
1019027,3232b375-3959-4e3a-9dd0-2c2d98cb1776,https://www.portchesterfarmersmarket.com
1019027,268a80c2-c4ce-4768-b89a-d5083ad5a450,https://www.facebook/Port-Chester-Farmers-Market-1440567712732869/
1019027,87b4577e-e26a-47a6-8a32-b6bd1a56c06b,https://www.twitter.com/cgmarketsllc
1019027,a2af1d35-6709-4551-a3a6-a161bfd74966,
1019027,f07ddbf1-8408-450e-bacb-174c1716fc81,https://www.instagram.com/portchesterfarmersmarket/
1018986,3232b375-3959-4e3a-9dd0-2c2d98cb1776,
1018986,268a80c2-c4ce-4768-b89a-d5083ad5a450,https://m.facebook.com/portsanilacfarmersmarket
1018986,87b4577e-e26a-47a6-8a32-b6bd1a56c06b,
1018986,a2af1d35-6709-4551-a3a6-a161bfd74966,
1018986,f07ddbf1-8408-450e-bacb-174c1716fc81,
1020037,3232b375-3959-4e3a-9dd0-2c2d98cb1776,http://jcfmarkets.org
1020037,268a80c2-c4ce-4768-b89a-d5083ad5a450, https://www.facebook.com/PortTownsendFarmersMarket/
1020037,87b4577e-e26a-47a6-8a32-b6bd1a56c06b,
1020037,a2af1d35-6709-4551-a3a6-a161bfd74966,
1020037,f07ddbf1-8408-450e-bacb-174c1716fc81,jeffcofarmersmarkets
1018474,3232b375-3959-4e3a-9dd0-2c2d98cb1776,https://www.portlandfarmersmarket.org/
1018474,268a80c2-c4ce-4768-b89a-d5083ad5a450,https://www.facebook.com/portlandfarmersmarket/
1018474,87b4577e-e26a-47a6-8a32-b6bd1a56c06b,https://twitter.com/portlandfarmers?lang=en
1018474,a2af1d35-6709-4551-a3a6-a161bfd74966,
1018474,f07ddbf1-8408-450e-bacb-174c1716fc81,https://www.instagram.com/portlandfarmers/?hl=en
1018477,3232b375-3959-4e3a-9dd0-2c2d98cb1776,https://www.portlandfarmersmarket.org/
1018477,268a80c2-c4ce-4768-b89a-d5083ad5a450,https://www.facebook.com/portlandfarmersmarket/
1018477,87b4577e-e26a-47a6-8a32-b6bd1a56c06b,https://twitter.com/portlandfarmers?lang=en
1018477,a2af1d35-6709-4551-a3a6-a161bfd74966,
1018477,f07ddbf1-8408-450e-bacb-174c1716fc81,https://www.instagram.com/portlandfarmers/?hl=en
1018478,3232b375-3959-4e3a-9dd0-2c2d98cb1776,https://www.portlandfarmersmarket.org/
1018478,268a80c2-c4ce-4768-b89a-d5083ad5a450,https://www.facebook.com/portlandfarmersmarket/
1018478,87b4577e-e26a-47a6-8a32-b6bd1a56c06b,https://twitter.com/portlandfarmers?lang=en
1018478,a2af1d35-6709-4551-a3a6-a161bfd74966,
1018478,f07ddbf1-8408-450e-bacb-174c1716fc81,https://www.instagram.com/portlandfarmers/?hl=en
1018482,3232b375-3959-4e3a-9dd0-2c2d98cb1776,https://www.portlandfarmersmarket.org/
1018482,268a80c2-c4ce-4768-b89a-d5083ad5a450,https://www.facebook.com/portlandfarmersmarket/
1018482,87b4577e-e26a-47a6-8a32-b6bd1a56c06b,https://twitter.com/portlandfarmers?lang=en
1018482,a2af1d35-6709-4551-a3a6-a161bfd74966,
1018482,f07ddbf1-8408-450e-bacb-174c1716fc81,https://www.instagram.com/portlandfarmers/?hl=en
1018483,3232b375-3959-4e3a-9dd0-2c2d98cb1776,https://www.portlandfarmersmarket.org/
1018483,268a80c2-c4ce-4768-b89a-d5083ad5a450,https://www.facebook.com/portlandfarmersmarket/
1018483,87b4577e-e26a-47a6-8a32-b6bd1a56c06b,https://twitter.com/portlandfarmers?lang=en
1018483,a2af1d35-6709-4551-a3a6-a161bfd74966,
1018483,f07ddbf1-8408-450e-bacb-174c1716fc81,https://www.instagram.com/portlandfarmers/?hl=en
1007797,3232b375-3959-4e3a-9dd0-2c2d98cb1776,http://www.seacoastgrowers.org
1007797,268a80c2-c4ce-4768-b89a-d5083ad5a450,https://www.facebook.com/Market03801
1007797,87b4577e-e26a-47a6-8a32-b6bd1a56c06b,https://twitter.com/market03801
1007797,a2af1d35-6709-4551-a3a6-a161bfd74966,
1007797,f07ddbf1-8408-450e-bacb-174c1716fc81,
1018963,3232b375-3959-4e3a-9dd0-2c2d98cb1776,
1018963,268a80c2-c4ce-4768-b89a-d5083ad5a450,https://www.facebook.com/PrairieLakesSunPrairie/
1018963,87b4577e-e26a-47a6-8a32-b6bd1a56c06b,
1018963,a2af1d35-6709-4551-a3a6-a161bfd74966,
1018963,f07ddbf1-8408-450e-bacb-174c1716fc81,
1019807,3232b375-3959-4e3a-9dd0-2c2d98cb1776,http://oh-prairietownship2.civicplus.com/219/Farmers-Market
1019807,268a80c2-c4ce-4768-b89a-d5083ad5a450,
1019807,87b4577e-e26a-47a6-8a32-b6bd1a56c06b,
1019807,a2af1d35-6709-4551-a3a6-a161bfd74966,
1019807,f07ddbf1-8408-450e-bacb-174c1716fc81,
1021263,3232b375-3959-4e3a-9dd0-2c2d98cb1776,https://www.prescottfarmersmarket.org/
1021263,268a80c2-c4ce-4768-b89a-d5083ad5a450,https://www.facebook.com/prescottfarmersmarket
1021263,87b4577e-e26a-47a6-8a32-b6bd1a56c06b,
1021263,a2af1d35-6709-4551-a3a6-a161bfd74966,
1021263,f07ddbf1-8408-450e-bacb-174c1716fc81,https://www.instagram.com/prescottfarmersmarket/
1021501,3232b375-3959-4e3a-9dd0-2c2d98cb1776,http://www.friendsofpretzelpark.org
1021501,268a80c2-c4ce-4768-b89a-d5083ad5a450,https://www.facebook.com/pretzelparkfarmersmarket
1021501,87b4577e-e26a-47a6-8a32-b6bd1a56c06b,
1021501,a2af1d35-6709-4551-a3a6-a161bfd74966,
1021501,f07ddbf1-8408-450e-bacb-174c1716fc81,
1019149,3232b375-3959-4e3a-9dd0-2c2d98cb1776,
1019149,268a80c2-c4ce-4768-b89a-d5083ad5a450,https://www.facebook.com/Price-Farmers-Market-217357654964801/
1019149,87b4577e-e26a-47a6-8a32-b6bd1a56c06b,
1019149,a2af1d35-6709-4551-a3a6-a161bfd74966,
1019149,f07ddbf1-8408-450e-bacb-174c1716fc81,
1019793,3232b375-3959-4e3a-9dd0-2c2d98cb1776,https://www.princegeorgecountyva.gov/farmersmarket/index.php
1019793,268a80c2-c4ce-4768-b89a-d5083ad5a450,https://www.facebook.com/PrinceGeorgeFarmersMarket/
1019793,87b4577e-e26a-47a6-8a32-b6bd1a56c06b,
1019793,a2af1d35-6709-4551-a3a6-a161bfd74966,
1019793,f07ddbf1-8408-450e-bacb-174c1716fc81,
1020086,3232b375-3959-4e3a-9dd0-2c2d98cb1776,
1020086,268a80c2-c4ce-4768-b89a-d5083ad5a450,
1020086,87b4577e-e26a-47a6-8a32-b6bd1a56c06b,
1020086,a2af1d35-6709-4551-a3a6-a161bfd74966,
1020086,f07ddbf1-8408-450e-bacb-174c1716fc81,
1018215,3232b375-3959-4e3a-9dd0-2c2d98cb1776,
1018215,268a80c2-c4ce-4768-b89a-d5083ad5a450,
1018215,87b4577e-e26a-47a6-8a32-b6bd1a56c06b,
1018215,a2af1d35-6709-4551-a3a6-a161bfd74966,
1018215,f07ddbf1-8408-450e-bacb-174c1716fc81,
1021617,3232b375-3959-4e3a-9dd0-2c2d98cb1776,https://pullmanchamber.com/live-in-pullman/farmers-market/
1021617,268a80c2-c4ce-4768-b89a-d5083ad5a450,https://www.facebook.com/pullmanmarket/
1021617,87b4577e-e26a-47a6-8a32-b6bd1a56c06b,
1021617,a2af1d35-6709-4551-a3a6-a161bfd74966,
1021617,f07ddbf1-8408-450e-bacb-174c1716fc81,
1019868,3232b375-3959-4e3a-9dd0-2c2d98cb1776,https://www.purcellvillefarmersmarket.com/
1019868,268a80c2-c4ce-4768-b89a-d5083ad5a450,https://www.facebook.com/PurcellvilleFarmersMarket/
1019868,87b4577e-e26a-47a6-8a32-b6bd1a56c06b,
1019868,a2af1d35-6709-4551-a3a6-a161bfd74966,
1019868,f07ddbf1-8408-450e-bacb-174c1716fc81,https://www.instagram.com/purcellvillefarmersmarket/
1021266,3232b375-3959-4e3a-9dd0-2c2d98cb1776,http://www.pfmwv.com
1021266,268a80c2-c4ce-4768-b89a-d5083ad5a450,Putnam Farmers Market
1021266,87b4577e-e26a-47a6-8a32-b6bd1a56c06b,
1021266,a2af1d35-6709-4551-a3a6-a161bfd74966,
1021266,f07ddbf1-8408-450e-bacb-174c1716fc81,
1011596,3232b375-3959-4e3a-9dd0-2c2d98cb1776,https://www.pfmwv.com
1011596,268a80c2-c4ce-4768-b89a-d5083ad5a450,putnamfarmersmarket
1011596,87b4577e-e26a-47a6-8a32-b6bd1a56c06b,
1011596,a2af1d35-6709-4551-a3a6-a161bfd74966,
1011596,f07ddbf1-8408-450e-bacb-174c1716fc81,
1003402,3232b375-3959-4e3a-9dd0-2c2d98cb1776,http://www.puyallupmainstreet.com/farmersmarket
1003402,268a80c2-c4ce-4768-b89a-d5083ad5a450,Puyallup Farmers Market
1003402,87b4577e-e26a-47a6-8a32-b6bd1a56c06b,
1003402,a2af1d35-6709-4551-a3a6-a161bfd74966,
1003402,f07ddbf1-8408-450e-bacb-174c1716fc81,
1021618,3232b375-3959-4e3a-9dd0-2c2d98cb1776,
1021618,268a80c2-c4ce-4768-b89a-d5083ad5a450,http://www.facebook.com/qcfarmersmarket
1021618,87b4577e-e26a-47a6-8a32-b6bd1a56c06b,
1021618,a2af1d35-6709-4551-a3a6-a161bfd74966,
1021618,f07ddbf1-8408-450e-bacb-174c1716fc81,http://www.instagram.com/qcfarmersmarket
1019477,3232b375-3959-4e3a-9dd0-2c2d98cb1776,
1019477,268a80c2-c4ce-4768-b89a-d5083ad5a450,https://www.facebook.com/QuapawFarmersMarket/
1019477,87b4577e-e26a-47a6-8a32-b6bd1a56c06b,
1019477,a2af1d35-6709-4551-a3a6-a161bfd74966,
1019477,f07ddbf1-8408-450e-bacb-174c1716fc81,
1010145,3232b375-3959-4e3a-9dd0-2c2d98cb1776,http://www.qafm.org
1010145,268a80c2-c4ce-4768-b89a-d5083ad5a450,https://www.facebook.com/QAFarmersMkt
1010145,87b4577e-e26a-47a6-8a32-b6bd1a56c06b,
1010145,a2af1d35-6709-4551-a3a6-a161bfd74966,
1010145,f07ddbf1-8408-450e-bacb-174c1716fc81,https://www.instagram.com/queenannefarmersmarket/?hl=en
1005260,3232b375-3959-4e3a-9dd0-2c2d98cb1776,http://www.honolulu.gov/parks/programs/pom
1005260,268a80c2-c4ce-4768-b89a-d5083ad5a450,
1005260,87b4577e-e26a-47a6-8a32-b6bd1a56c06b,
1005260,a2af1d35-6709-4551-a3a6-a161bfd74966,
1005260,f07ddbf1-8408-450e-bacb-174c1716fc81,
1019122,3232b375-3959-4e3a-9dd0-2c2d98cb1776,http://www.quincyfarmersmarket.org
1019122,268a80c2-c4ce-4768-b89a-d5083ad5a450,
1019122,87b4577e-e26a-47a6-8a32-b6bd1a56c06b,
1019122,a2af1d35-6709-4551-a3a6-a161bfd74966,
1019122,f07ddbf1-8408-450e-bacb-174c1716fc81,
1019315,3232b375-3959-4e3a-9dd0-2c2d98cb1776,https://www.thedistrictquincy.com/farmers-market/
1019315,268a80c2-c4ce-4768-b89a-d5083ad5a450,https://www.thedistrictquincy.com/farmers-market/
1019315,87b4577e-e26a-47a6-8a32-b6bd1a56c06b,
1019315,a2af1d35-6709-4551-a3a6-a161bfd74966,
1019315,f07ddbf1-8408-450e-bacb-174c1716fc81,
1021579,3232b375-3959-4e3a-9dd0-2c2d98cb1776,http://www.railyardsmarket.org
1021579,268a80c2-c4ce-4768-b89a-d5083ad5a450,https://www.facebook.com/RailYardsMarket/
1021579,87b4577e-e26a-47a6-8a32-b6bd1a56c06b,
1021579,a2af1d35-6709-4551-a3a6-a161bfd74966,
1021579,f07ddbf1-8408-450e-bacb-174c1716fc81,https://www.instagram.com/railyardsmarket.abq/?hl=en
1011310,3232b375-3959-4e3a-9dd0-2c2d98cb1776,
1011310,268a80c2-c4ce-4768-b89a-d5083ad5a450,https://www.facebook.com/randolphcountymarket/
1011310,87b4577e-e26a-47a6-8a32-b6bd1a56c06b,
1011310,a2af1d35-6709-4551-a3a6-a161bfd74966,
1011310,f07ddbf1-8408-450e-bacb-174c1716fc81,
1019204,3232b375-3959-4e3a-9dd0-2c2d98cb1776,
1019204,268a80c2-c4ce-4768-b89a-d5083ad5a450,Randolph County Farmers' Market
1019204,87b4577e-e26a-47a6-8a32-b6bd1a56c06b,
1019204,a2af1d35-6709-4551-a3a6-a161bfd74966,
1019204,f07ddbf1-8408-450e-bacb-174c1716fc81,
1020093,3232b375-3959-4e3a-9dd0-2c2d98cb1776,
1020093,268a80c2-c4ce-4768-b89a-d5083ad5a450,
1020093,87b4577e-e26a-47a6-8a32-b6bd1a56c06b,
1020093,a2af1d35-6709-4551-a3a6-a161bfd74966,
1020093,f07ddbf1-8408-450e-bacb-174c1716fc81,
1019500,3232b375-3959-4e3a-9dd0-2c2d98cb1776,http://www.redlodgefarmersmarket.com
1019500,268a80c2-c4ce-4768-b89a-d5083ad5a450,redlodgefarmersmarket
1019500,87b4577e-e26a-47a6-8a32-b6bd1a56c06b,
1019500,a2af1d35-6709-4551-a3a6-a161bfd74966,
1019500,f07ddbf1-8408-450e-bacb-174c1716fc81,
1001766,3232b375-3959-4e3a-9dd0-2c2d98cb1776,http://redoakfarmersmarket.com
1001766,268a80c2-c4ce-4768-b89a-d5083ad5a450,facebook.com@redoakfarmersmarket
1001766,87b4577e-e26a-47a6-8a32-b6bd1a56c06b,
1001766,a2af1d35-6709-4551-a3a6-a161bfd74966,
1001766,f07ddbf1-8408-450e-bacb-174c1716fc81,
1020024,3232b375-3959-4e3a-9dd0-2c2d98cb1776,http://breada@earthlink.net
1020024,268a80c2-c4ce-4768-b89a-d5083ad5a450,Facebook.com/breada
1020024,87b4577e-e26a-47a6-8a32-b6bd1a56c06b,
1020024,a2af1d35-6709-4551-a3a6-a161bfd74966,
1020024,f07ddbf1-8408-450e-bacb-174c1716fc81,Instagram: @redstickfarmersmarket
1021277,3232b375-3959-4e3a-9dd0-2c2d98cb1776,http://www.breada.org
1021277,268a80c2-c4ce-4768-b89a-d5083ad5a450,https://www.facebook.com/breada
1021277,87b4577e-e26a-47a6-8a32-b6bd1a56c06b,
1021277,a2af1d35-6709-4551-a3a6-a161bfd74966,https://www.youtube.com/user/breadaweb
1021277,f07ddbf1-8408-450e-bacb-174c1716fc81,https://www.instagram.com/redstickfarmersmarket/?hl=en
1003610,3232b375-3959-4e3a-9dd0-2c2d98cb1776,http://www.breada.org
1003610,268a80c2-c4ce-4768-b89a-d5083ad5a450,https://www.facebook.com/breada
1003610,87b4577e-e26a-47a6-8a32-b6bd1a56c06b,
1003610,a2af1d35-6709-4551-a3a6-a161bfd74966,
1003610,f07ddbf1-8408-450e-bacb-174c1716fc81,Instagram: @redstickfarmersmarket
1019410,3232b375-3959-4e3a-9dd0-2c2d98cb1776,
1019410,268a80c2-c4ce-4768-b89a-d5083ad5a450,https://www.facebook.com/RedlandCommunityFAM/
1019410,87b4577e-e26a-47a6-8a32-b6bd1a56c06b,
1019410,a2af1d35-6709-4551-a3a6-a161bfd74966,
1019410,f07ddbf1-8408-450e-bacb-174c1716fc81,https://www.instagram.com/redlandcommunityfam/
1019411,3232b375-3959-4e3a-9dd0-2c2d98cb1776,
1019411,268a80c2-c4ce-4768-b89a-d5083ad5a450,https://www.facebook.com/RedlandCommunityFAM/
1019411,87b4577e-e26a-47a6-8a32-b6bd1a56c06b,
1019411,a2af1d35-6709-4551-a3a6-a161bfd74966,
1019411,f07ddbf1-8408-450e-bacb-174c1716fc81,https://www.instagram.com/redlandcommunityfam/
1004750,3232b375-3959-4e3a-9dd0-2c2d98cb1776,http://www.cityofredlands.org/redlandsmarketnight
1004750,268a80c2-c4ce-4768-b89a-d5083ad5a450,
1004750,87b4577e-e26a-47a6-8a32-b6bd1a56c06b,
1004750,a2af1d35-6709-4551-a3a6-a161bfd74966,
1004750,f07ddbf1-8408-450e-bacb-174c1716fc81,
1004751,3232b375-3959-4e3a-9dd0-2c2d98cb1776,https://www.cityofredlands.org/cms/One.aspx?portalId=6255746&pageId=7211257
1004751,268a80c2-c4ce-4768-b89a-d5083ad5a450,
1004751,87b4577e-e26a-47a6-8a32-b6bd1a56c06b,
1004751,a2af1d35-6709-4551-a3a6-a161bfd74966,
1004751,f07ddbf1-8408-450e-bacb-174c1716fc81,
1000712,3232b375-3959-4e3a-9dd0-2c2d98cb1776,http://www.ramchealth.com
1000712,268a80c2-c4ce-4768-b89a-d5083ad5a450,
1000712,87b4577e-e26a-47a6-8a32-b6bd1a56c06b,
1000712,a2af1d35-6709-4551-a3a6-a161bfd74966,
1000712,f07ddbf1-8408-450e-bacb-174c1716fc81,
1019235,3232b375-3959-4e3a-9dd0-2c2d98cb1776,http://www.ci.reidsville.nc.us/planning_a_visit/market_square/farmer_market.php
1019235,268a80c2-c4ce-4768-b89a-d5083ad5a450,https://www.facebook.com/reidsvillefarmersmarket/
1019235,87b4577e-e26a-47a6-8a32-b6bd1a56c06b,
1019235,a2af1d35-6709-4551-a3a6-a161bfd74966,
1019235,f07ddbf1-8408-450e-bacb-174c1716fc81,
1021615,3232b375-3959-4e3a-9dd0-2c2d98cb1776,http://reisterstown.com
1021615,268a80c2-c4ce-4768-b89a-d5083ad5a450,https://www.facebook.com/ReisterstownFarmersMarket/
1021615,87b4577e-e26a-47a6-8a32-b6bd1a56c06b,
1021615,a2af1d35-6709-4551-a3a6-a161bfd74966,
1021615,f07ddbf1-8408-450e-bacb-174c1716fc81,https://www.instagram.com/reisterstownfarmersmarket/
1009020,3232b375-3959-4e3a-9dd0-2c2d98cb1776,
1009020,268a80c2-c4ce-4768-b89a-d5083ad5a450,https://www.facebook.com/pages/Rensselaer-Farmers-Market/120400308005878
1009020,87b4577e-e26a-47a6-8a32-b6bd1a56c06b,
1009020,a2af1d35-6709-4551-a3a6-a161bfd74966,
1009020,f07ddbf1-8408-450e-bacb-174c1716fc81,
1019493,3232b375-3959-4e3a-9dd0-2c2d98cb1776,https://www.fairfaxcounty.gov/parks/farmersmarkets/reston
1019493,268a80c2-c4ce-4768-b89a-d5083ad5a450,https://www.facebook.com/events/2109984659095016/
1019493,87b4577e-e26a-47a6-8a32-b6bd1a56c06b,
1019493,a2af1d35-6709-4551-a3a6-a161bfd74966,
1019493,f07ddbf1-8408-450e-bacb-174c1716fc81,@fairfaxfarmmarkets
1002843,3232b375-3959-4e3a-9dd0-2c2d98cb1776,http://www.rexburgfarmersmarket.org/
1002843,268a80c2-c4ce-4768-b89a-d5083ad5a450,https://www.facebook.com/rexburgfarmersmarket/
1002843,87b4577e-e26a-47a6-8a32-b6bd1a56c06b,https://twitter.com/RexburgMarket
1002843,a2af1d35-6709-4551-a3a6-a161bfd74966,
1002843,f07ddbf1-8408-450e-bacb-174c1716fc81,https://www.pinterest.com/rexburgmarket/
1018549,3232b375-3959-4e3a-9dd0-2c2d98cb1776,https://www.richmondindiana.gov/resources/farmers-market
1018549,268a80c2-c4ce-4768-b89a-d5083ad5a450,https://www.facebook.com/RichmondFarmersMarketIN/
1018549,87b4577e-e26a-47a6-8a32-b6bd1a56c06b,
1018549,a2af1d35-6709-4551-a3a6-a161bfd74966,
1018549,f07ddbf1-8408-450e-bacb-174c1716fc81,https://www.instagram.com/richmondinfarmersmarket/
1021272,3232b375-3959-4e3a-9dd0-2c2d98cb1776,https://www.richmondindiana.gov/resources/farmers-market
1021272,268a80c2-c4ce-4768-b89a-d5083ad5a450,https://www.facebook.com/RichmondFarmersMarketIN/
1021272,87b4577e-e26a-47a6-8a32-b6bd1a56c06b,
1021272,a2af1d35-6709-4551-a3a6-a161bfd74966,
1021272,f07ddbf1-8408-450e-bacb-174c1716fc81,https://www.instagram.com/richmondinfarmersmarket/
1019930,3232b375-3959-4e3a-9dd0-2c2d98cb1776,http://ridgewayfarmersmarket.org
1019930,268a80c2-c4ce-4768-b89a-d5083ad5a450,https://www.facebook.com/ridgewayfarmersmarketwi/
1019930,87b4577e-e26a-47a6-8a32-b6bd1a56c06b,
1019930,a2af1d35-6709-4551-a3a6-a161bfd74966,
1019930,f07ddbf1-8408-450e-bacb-174c1716fc81,
1019142,3232b375-3959-4e3a-9dd0-2c2d98cb1776,http://www.myfhc.org
1019142,268a80c2-c4ce-4768-b89a-d5083ad5a450,https://www.facebook.com/Family-Health-Centers-Farmers-Market-243660653033996/
1019142,87b4577e-e26a-47a6-8a32-b6bd1a56c06b,
1019142,a2af1d35-6709-4551-a3a6-a161bfd74966,
1019142,f07ddbf1-8408-450e-bacb-174c1716fc81,
1019145,3232b375-3959-4e3a-9dd0-2c2d98cb1776,http://www.myfhc.org
1019145,268a80c2-c4ce-4768-b89a-d5083ad5a450,https://www.facebook.com/Family-Health-Centers-Farmers-Market-243660653033996/
1019145,87b4577e-e26a-47a6-8a32-b6bd1a56c06b,
1019145,a2af1d35-6709-4551-a3a6-a161bfd74966,
1019145,f07ddbf1-8408-450e-bacb-174c1716fc81,
1005060,3232b375-3959-4e3a-9dd0-2c2d98cb1776,
1005060,268a80c2-c4ce-4768-b89a-d5083ad5a450,https://www.facebook.com/pages/Rindge-Farmers-and-Crafters-Market/131621310193301
1005060,87b4577e-e26a-47a6-8a32-b6bd1a56c06b,
1005060,a2af1d35-6709-4551-a3a6-a161bfd74966,
1005060,f07ddbf1-8408-450e-bacb-174c1716fc81,
1021312,3232b375-3959-4e3a-9dd0-2c2d98cb1776,http://www.farmtocitymarkets.com
1021312,268a80c2-c4ce-4768-b89a-d5083ad5a450,https://www.facebook.com/RittenhouseFarmersMarket
1021312,87b4577e-e26a-47a6-8a32-b6bd1a56c06b,
1021312,a2af1d35-6709-4551-a3a6-a161bfd74966,
1021312,f07ddbf1-8408-450e-bacb-174c1716fc81,
1021302,3232b375-3959-4e3a-9dd0-2c2d98cb1776,http://www.farmtocitymarkets.com
1021302,268a80c2-c4ce-4768-b89a-d5083ad5a450,https://www.facebook.com/RittenhouseFarmersMarket
1021302,87b4577e-e26a-47a6-8a32-b6bd1a56c06b,
1021302,a2af1d35-6709-4551-a3a6-a161bfd74966,
1021302,f07ddbf1-8408-450e-bacb-174c1716fc81,
1019419,3232b375-3959-4e3a-9dd0-2c2d98cb1776,http://www.riverstreetmarket.com
1019419,268a80c2-c4ce-4768-b89a-d5083ad5a450,www.facebook.com/riverstreetfarmersmarket
1019419,87b4577e-e26a-47a6-8a32-b6bd1a56c06b,@rsmpetersburg
1019419,a2af1d35-6709-4551-a3a6-a161bfd74966,
1019419,f07ddbf1-8408-450e-bacb-174c1716fc81,Instagram - @riverstreetmarket
1019312,3232b375-3959-4e3a-9dd0-2c2d98cb1776,http://www.farmersmarketonline.com/fm/RiverValleyFarmersMarketMT.html
1019312,268a80c2-c4ce-4768-b89a-d5083ad5a450,
1019312,87b4577e-e26a-47a6-8a32-b6bd1a56c06b,
1019312,a2af1d35-6709-4551-a3a6-a161bfd74966,
1019312,f07ddbf1-8408-450e-bacb-174c1716fc81,
1004073,3232b375-3959-4e3a-9dd0-2c2d98cb1776,
1004073,268a80c2-c4ce-4768-b89a-d5083ad5a450,https://www.facebook.com/RPFMarket
1004073,87b4577e-e26a-47a6-8a32-b6bd1a56c06b,https://twitter.com/rpfm
1004073,a2af1d35-6709-4551-a3a6-a161bfd74966,
1004073,f07ddbf1-8408-450e-bacb-174c1716fc81,
1019418,3232b375-3959-4e3a-9dd0-2c2d98cb1776,http://www.riverfrontfarmersmarket.org
1019418,268a80c2-c4ce-4768-b89a-d5083ad5a450,www.facebook.com/riverfrontfarmersmarket
1019418,87b4577e-e26a-47a6-8a32-b6bd1a56c06b,www.twitter.com@RFMWilmingtonNC
1019418,a2af1d35-6709-4551-a3a6-a161bfd74966,
1019418,f07ddbf1-8408-450e-bacb-174c1716fc81,www.facebook.com/riverfrontfarmersmarket/
1018284,3232b375-3959-4e3a-9dd0-2c2d98cb1776,
1018284,268a80c2-c4ce-4768-b89a-d5083ad5a450,
1018284,87b4577e-e26a-47a6-8a32-b6bd1a56c06b,
1018284,a2af1d35-6709-4551-a3a6-a161bfd74966,
1018284,f07ddbf1-8408-450e-bacb-174c1716fc81,
1021409,3232b375-3959-4e3a-9dd0-2c2d98cb1776,
1021409,268a80c2-c4ce-4768-b89a-d5083ad5a450,
1021409,87b4577e-e26a-47a6-8a32-b6bd1a56c06b,
1021409,a2af1d35-6709-4551-a3a6-a161bfd74966,
1021409,f07ddbf1-8408-450e-bacb-174c1716fc81,
1000194,3232b375-3959-4e3a-9dd0-2c2d98cb1776,http://justeatlocal.wordpress.com/
1000194,268a80c2-c4ce-4768-b89a-d5083ad5a450,https://www.facebook.com/Riverside.Farmers.Mkt
1000194,87b4577e-e26a-47a6-8a32-b6bd1a56c06b,
1000194,a2af1d35-6709-4551-a3a6-a161bfd74966,
1000194,f07ddbf1-8408-450e-bacb-174c1716fc81,
1019259,3232b375-3959-4e3a-9dd0-2c2d98cb1776,http://www.crescentcityfarmersmarket.org/
1019259,268a80c2-c4ce-4768-b89a-d5083ad5a450,https://www.facebook.com/rivertownfarmersmarketkenner/
1019259,87b4577e-e26a-47a6-8a32-b6bd1a56c06b,
1019259,a2af1d35-6709-4551-a3a6-a161bfd74966,
1019259,f07ddbf1-8408-450e-bacb-174c1716fc81,https://www.instagram.com/rivertownfarmersmarket/
1019927,3232b375-3959-4e3a-9dd0-2c2d98cb1776,http://www.riverviewfarmersmarket.org/
1019927,268a80c2-c4ce-4768-b89a-d5083ad5a450,https://www.facebook.com/farmsintheheights/
1019927,87b4577e-e26a-47a6-8a32-b6bd1a56c06b,https://twitter.com/JCHeightsMarket
1019927,a2af1d35-6709-4551-a3a6-a161bfd74966,
1019927,f07ddbf1-8408-450e-bacb-174c1716fc81,https://www.instagram.com/riverviewfarmersmarket/
1019635,3232b375-3959-4e3a-9dd0-2c2d98cb1776,http://downtownmilford.org/farmersmarket
1019635,268a80c2-c4ce-4768-b89a-d5083ad5a450,Facebook@riverwalkfarmersmarket
1019635,87b4577e-e26a-47a6-8a32-b6bd1a56c06b,
1019635,a2af1d35-6709-4551-a3a6-a161bfd74966,
1019635,f07ddbf1-8408-450e-bacb-174c1716fc81,
1019070,3232b375-3959-4e3a-9dd0-2c2d98cb1776,http://discoverroanoke.org/events/farmers-market
1019070,268a80c2-c4ce-4768-b89a-d5083ad5a450,https://www.facebook.com/RoanokeFarmersMarket/
1019070,87b4577e-e26a-47a6-8a32-b6bd1a56c06b,
1019070,a2af1d35-6709-4551-a3a6-a161bfd74966,
1019070,f07ddbf1-8408-450e-bacb-174c1716fc81,
1019899,3232b375-3959-4e3a-9dd0-2c2d98cb1776,
1019899,268a80c2-c4ce-4768-b89a-d5083ad5a450,Rock Valley Farmers Market (group)
1019899,87b4577e-e26a-47a6-8a32-b6bd1a56c06b,
1019899,a2af1d35-6709-4551-a3a6-a161bfd74966,
1019899,f07ddbf1-8408-450e-bacb-174c1716fc81,Instagram - Rock_Valley_Farmers_Market
1020173,3232b375-3959-4e3a-9dd0-2c2d98cb1776,http://rockfordmidtownmarket.com
1020173,268a80c2-c4ce-4768-b89a-d5083ad5a450,https://www.facebook.com/RockfordMidtownMarket
1020173,87b4577e-e26a-47a6-8a32-b6bd1a56c06b,https://twitter.com/marketmidtown
1020173,a2af1d35-6709-4551-a3a6-a161bfd74966,
1020173,f07ddbf1-8408-450e-bacb-174c1716fc81,https://www.instagram.com/rockfordmidtownmarket/
1019033,3232b375-3959-4e3a-9dd0-2c2d98cb1776,http://RockmartFarmersMarket.com
1019033,268a80c2-c4ce-4768-b89a-d5083ad5a450,https://www.facebook.com/rockmartfarmersmarket/
1019033,87b4577e-e26a-47a6-8a32-b6bd1a56c06b,@rockmartfarmmkt
1019033,a2af1d35-6709-4551-a3a6-a161bfd74966,
1019033,f07ddbf1-8408-450e-bacb-174c1716fc81,Instagram: @rockmartfarmersmarket
1012576,3232b375-3959-4e3a-9dd0-2c2d98cb1776,http://www.rockvillemd.gov/farmers
1012576,268a80c2-c4ce-4768-b89a-d5083ad5a450,facebook.com/RockvilleFarmersMarket
1012576,87b4577e-e26a-47a6-8a32-b6bd1a56c06b,
1012576,a2af1d35-6709-4551-a3a6-a161bfd74966,
1012576,f07ddbf1-8408-450e-bacb-174c1716fc81,
1021623,3232b375-3959-4e3a-9dd0-2c2d98cb1776,http://www.rockybuttemarket.com
1021623,268a80c2-c4ce-4768-b89a-d5083ad5a450,https://www.facebook.com/RockyButteFM/
1021623,87b4577e-e26a-47a6-8a32-b6bd1a56c06b,
1021623,a2af1d35-6709-4551-a3a6-a161bfd74966,
1021623,f07ddbf1-8408-450e-bacb-174c1716fc81,https://www.instagram.com/rockybuttefm/
1021606,3232b375-3959-4e3a-9dd0-2c2d98cb1776,
1021606,268a80c2-c4ce-4768-b89a-d5083ad5a450,
1021606,87b4577e-e26a-47a6-8a32-b6bd1a56c06b,
1021606,a2af1d35-6709-4551-a3a6-a161bfd74966,
1021606,f07ddbf1-8408-450e-bacb-174c1716fc81,
1019048,3232b375-3959-4e3a-9dd0-2c2d98cb1776,
1019048,268a80c2-c4ce-4768-b89a-d5083ad5a450,Rocky Mountain Front Farmers Market
1019048,87b4577e-e26a-47a6-8a32-b6bd1a56c06b,
1019048,a2af1d35-6709-4551-a3a6-a161bfd74966,
1019048,f07ddbf1-8408-450e-bacb-174c1716fc81,
1011286,3232b375-3959-4e3a-9dd0-2c2d98cb1776,http://rogersmn.gov/farmers-market
1011286,268a80c2-c4ce-4768-b89a-d5083ad5a450,www.facebook.com/RogersFarmersMarket
1011286,87b4577e-e26a-47a6-8a32-b6bd1a56c06b,
1011286,a2af1d35-6709-4551-a3a6-a161bfd74966,
1011286,f07ddbf1-8408-450e-bacb-174c1716fc81,
1019747,3232b375-3959-4e3a-9dd0-2c2d98cb1776,
1019747,268a80c2-c4ce-4768-b89a-d5083ad5a450,https://www.facebook.com/rogersvillefriendsofthepark/
1019747,87b4577e-e26a-47a6-8a32-b6bd1a56c06b,
1019747,a2af1d35-6709-4551-a3a6-a161bfd74966,
1019747,f07ddbf1-8408-450e-bacb-174c1716fc81,
1003969,3232b375-3959-4e3a-9dd0-2c2d98cb1776,http://www.rvgrowersmarket.com
1003969,268a80c2-c4ce-4768-b89a-d5083ad5a450,https://www.facebook.com/rvgrowersmarket/
1003969,87b4577e-e26a-47a6-8a32-b6bd1a56c06b,
1003969,a2af1d35-6709-4551-a3a6-a161bfd74966,
1003969,f07ddbf1-8408-450e-bacb-174c1716fc81,https://www.instagram.com/rvgrowersmarket/
1003970,3232b375-3959-4e3a-9dd0-2c2d98cb1776,http://www.rvgrowersmarket.com
1003970,268a80c2-c4ce-4768-b89a-d5083ad5a450,https://www.facebook.com/rvgrowersmarket/
1003970,87b4577e-e26a-47a6-8a32-b6bd1a56c06b,
1003970,a2af1d35-6709-4551-a3a6-a161bfd74966,
1003970,f07ddbf1-8408-450e-bacb-174c1716fc81,https://www.instagram.com/rvgrowersmarket/
1003971,3232b375-3959-4e3a-9dd0-2c2d98cb1776,http://www.rvgrowersmarket.com
1003971,268a80c2-c4ce-4768-b89a-d5083ad5a450,https://www.facebook.com/rvgrowersmarket
1003971,87b4577e-e26a-47a6-8a32-b6bd1a56c06b,https://twitter.com/rvgrowersmarket
1003971,a2af1d35-6709-4551-a3a6-a161bfd74966,
1003971,f07ddbf1-8408-450e-bacb-174c1716fc81,https://www.instagram.com/rvgrowersmarket/
1018637,3232b375-3959-4e3a-9dd0-2c2d98cb1776,http://www.ilovefarmersmarkets.org
1018637,268a80c2-c4ce-4768-b89a-d5083ad5a450,https://www.facebook.com/rohnertparkfarmersmarket/
1018637,87b4577e-e26a-47a6-8a32-b6bd1a56c06b,
1018637,a2af1d35-6709-4551-a3a6-a161bfd74966,
1018637,f07ddbf1-8408-450e-bacb-174c1716fc81,Instagram communitymarkets
1011778,3232b375-3959-4e3a-9dd0-2c2d98cb1776,http://www.cityrm.org
1011778,268a80c2-c4ce-4768-b89a-d5083ad5a450,cityofrollingmeadows
1011778,87b4577e-e26a-47a6-8a32-b6bd1a56c06b,@CityofRM1
1011778,a2af1d35-6709-4551-a3a6-a161bfd74966,
1011778,f07ddbf1-8408-450e-bacb-174c1716fc81,
1019479,3232b375-3959-4e3a-9dd0-2c2d98cb1776,
1019479,268a80c2-c4ce-4768-b89a-d5083ad5a450,https://www.facebook.com/RonanFarmersMarket/
1019479,87b4577e-e26a-47a6-8a32-b6bd1a56c06b,
1019479,a2af1d35-6709-4551-a3a6-a161bfd74966,
1019479,f07ddbf1-8408-450e-bacb-174c1716fc81,
1018349,3232b375-3959-4e3a-9dd0-2c2d98cb1776,http://www.rooseveltfarmersmarket.com
1018349,268a80c2-c4ce-4768-b89a-d5083ad5a450,https://www.facebook.com/Roosevelt-Community-Farmers-Market-1412573385674026/?ref=bookmarks
1018349,87b4577e-e26a-47a6-8a32-b6bd1a56c06b,@RCRGLI
1018349,a2af1d35-6709-4551-a3a6-a161bfd74966,https://www.youtube.com/results?search_query=roosevelt+community+revitalization+group
1018349,f07ddbf1-8408-450e-bacb-174c1716fc81,
1019973,3232b375-3959-4e3a-9dd0-2c2d98cb1776,
1019973,268a80c2-c4ce-4768-b89a-d5083ad5a450,Friends of the Rosa Parks Farmers Market Community Advisory Council
1019973,87b4577e-e26a-47a6-8a32-b6bd1a56c06b,
1019973,a2af1d35-6709-4551-a3a6-a161bfd74966,
1019973,f07ddbf1-8408-450e-bacb-174c1716fc81,
1010821,3232b375-3959-4e3a-9dd0-2c2d98cb1776,http://www.foodcoalition.org
1010821,268a80c2-c4ce-4768-b89a-d5083ad5a450,www.facebook.com/rosecityfarmersmarket
1010821,87b4577e-e26a-47a6-8a32-b6bd1a56c06b,
1010821,a2af1d35-6709-4551-a3a6-a161bfd74966,
1010821,f07ddbf1-8408-450e-bacb-174c1716fc81,
1019194,3232b375-3959-4e3a-9dd0-2c2d98cb1776,http:// Roslindale.net
1019194,268a80c2-c4ce-4768-b89a-d5083ad5a450,https://www.facebook.com/roslindalevillagemainstreet/
1019194,87b4577e-e26a-47a6-8a32-b6bd1a56c06b,
1019194,a2af1d35-6709-4551-a3a6-a161bfd74966,
1019194,f07ddbf1-8408-450e-bacb-174c1716fc81,https://www.instagram.com/roslindalefarmersmarket/
1019791,3232b375-3959-4e3a-9dd0-2c2d98cb1776,
1019791,268a80c2-c4ce-4768-b89a-d5083ad5a450,https://www.facebook.com/Ross-Twp-Farmers-Market-414344225264700/
1019791,87b4577e-e26a-47a6-8a32-b6bd1a56c06b,
1019791,a2af1d35-6709-4551-a3a6-a161bfd74966,
1019791,f07ddbf1-8408-450e-bacb-174c1716fc81,
1021535,3232b375-3959-4e3a-9dd0-2c2d98cb1776,
1021535,268a80c2-c4ce-4768-b89a-d5083ad5a450,www.facebook.com/farmergeorge.market
1021535,87b4577e-e26a-47a6-8a32-b6bd1a56c06b,www.twitter.com/farmergeorgetx
1021535,a2af1d35-6709-4551-a3a6-a161bfd74966,www.youtube.com/channel/UCvxG2wYZ5ebpCgcr8tQtV_Q/featured
1021535,f07ddbf1-8408-450e-bacb-174c1716fc81,www.instagram.com/farmergeorge.market/?hl=en
1021218,3232b375-3959-4e3a-9dd0-2c2d98cb1776,
1021218,268a80c2-c4ce-4768-b89a-d5083ad5a450,facebook.com/routeonefarmersmarket
1021218,87b4577e-e26a-47a6-8a32-b6bd1a56c06b,
1021218,a2af1d35-6709-4551-a3a6-a161bfd74966,
1021218,f07ddbf1-8408-450e-bacb-174c1716fc81,
1005261,3232b375-3959-4e3a-9dd0-2c2d98cb1776,http://www.honolulu.gov/parks/programs/pom
1005261,268a80c2-c4ce-4768-b89a-d5083ad5a450,
1005261,87b4577e-e26a-47a6-8a32-b6bd1a56c06b,
1005261,a2af1d35-6709-4551-a3a6-a161bfd74966,
1005261,f07ddbf1-8408-450e-bacb-174c1716fc81,
1019119,3232b375-3959-4e3a-9dd0-2c2d98cb1776,
1019119,268a80c2-c4ce-4768-b89a-d5083ad5a450,https://www.facebook.com/groups/586850535001520
1019119,87b4577e-e26a-47a6-8a32-b6bd1a56c06b,
1019119,a2af1d35-6709-4551-a3a6-a161bfd74966,
1019119,f07ddbf1-8408-450e-bacb-174c1716fc81,
1021451,3232b375-3959-4e3a-9dd0-2c2d98cb1776,http://runningspringschamber.com
1021451,268a80c2-c4ce-4768-b89a-d5083ad5a450,RSfarmersmarket
1021451,87b4577e-e26a-47a6-8a32-b6bd1a56c06b,RSfarmersmarket
1021451,a2af1d35-6709-4551-a3a6-a161bfd74966,
1021451,f07ddbf1-8408-450e-bacb-174c1716fc81,Twitter @rs_farmersmarket
1003915,3232b375-3959-4e3a-9dd0-2c2d98cb1776,
1003915,268a80c2-c4ce-4768-b89a-d5083ad5a450,Rusk County Farmers Market
1003915,87b4577e-e26a-47a6-8a32-b6bd1a56c06b,
1003915,a2af1d35-6709-4551-a3a6-a161bfd74966,
1003915,f07ddbf1-8408-450e-bacb-174c1716fc81,
1019620,3232b375-3959-4e3a-9dd0-2c2d98cb1776,http://russellville.locallygrown.net
1019620,268a80c2-c4ce-4768-b89a-d5083ad5a450,@russellvilleCM
1019620,87b4577e-e26a-47a6-8a32-b6bd1a56c06b,
1019620,a2af1d35-6709-4551-a3a6-a161bfd74966,
1019620,f07ddbf1-8408-450e-bacb-174c1716fc81,Instagram: @russellvilleCM
1021646,3232b375-3959-4e3a-9dd0-2c2d98cb1776,http://russianriverfarmersmarket.com
1021646,268a80c2-c4ce-4768-b89a-d5083ad5a450,russianriverfarmersmarket 
1021646,87b4577e-e26a-47a6-8a32-b6bd1a56c06b,
1021646,a2af1d35-6709-4551-a3a6-a161bfd74966,
1021646,f07ddbf1-8408-450e-bacb-174c1716fc81,
1021503,3232b375-3959-4e3a-9dd0-2c2d98cb1776,
1021503,268a80c2-c4ce-4768-b89a-d5083ad5a450,https://www.facebook.com/RussiavilleFM
1021503,87b4577e-e26a-47a6-8a32-b6bd1a56c06b,
1021503,a2af1d35-6709-4551-a3a6-a161bfd74966,
1021503,f07ddbf1-8408-450e-bacb-174c1716fc81,
1018975,3232b375-3959-4e3a-9dd0-2c2d98cb1776,http://www.rustonfarmersmarket.org
1018975,268a80c2-c4ce-4768-b89a-d5083ad5a450,www.facebook.com/RustonFarmersMarket
1018975,87b4577e-e26a-47a6-8a32-b6bd1a56c06b,twitter.com/rustonfarmmkt
1018975,a2af1d35-6709-4551-a3a6-a161bfd74966,
1018975,f07ddbf1-8408-450e-bacb-174c1716fc81,www.instagram.com/rustonfarmersmarket
1019715,3232b375-3959-4e3a-9dd0-2c2d98cb1776,
1019715,268a80c2-c4ce-4768-b89a-d5083ad5a450,
1019715,87b4577e-e26a-47a6-8a32-b6bd1a56c06b,
1019715,a2af1d35-6709-4551-a3a6-a161bfd74966,
1019715,f07ddbf1-8408-450e-bacb-174c1716fc81,
1019825,3232b375-3959-4e3a-9dd0-2c2d98cb1776,
1019825,268a80c2-c4ce-4768-b89a-d5083ad5a450,https://m.facebook.com/saintmaryfarmersmarketgv/
1019825,87b4577e-e26a-47a6-8a32-b6bd1a56c06b,
1019825,a2af1d35-6709-4551-a3a6-a161bfd74966,
1019825,f07ddbf1-8408-450e-bacb-174c1716fc81,@saintmaryfarmersmarketgv
1019734,3232b375-3959-4e3a-9dd0-2c2d98cb1776,
1019734,268a80c2-c4ce-4768-b89a-d5083ad5a450,SaintParis FarmersMarket
1019734,87b4577e-e26a-47a6-8a32-b6bd1a56c06b,
1019734,a2af1d35-6709-4551-a3a6-a161bfd74966,
1019734,f07ddbf1-8408-450e-bacb-174c1716fc81,
1002062,3232b375-3959-4e3a-9dd0-2c2d98cb1776,
1002062,268a80c2-c4ce-4768-b89a-d5083ad5a450,
1002062,87b4577e-e26a-47a6-8a32-b6bd1a56c06b,
1002062,a2af1d35-6709-4551-a3a6-a161bfd74966,
1002062,f07ddbf1-8408-450e-bacb-174c1716fc81,
1005214,3232b375-3959-4e3a-9dd0-2c2d98cb1776,http://market.salemva.gov
1005214,268a80c2-c4ce-4768-b89a-d5083ad5a450,https://www.facebook.com/SalemVaMarket
1005214,87b4577e-e26a-47a6-8a32-b6bd1a56c06b,https://twitter.com/SalemVaMarket
1005214,a2af1d35-6709-4551-a3a6-a161bfd74966,
1005214,f07ddbf1-8408-450e-bacb-174c1716fc81,https://www.instagram.com/salemfarmersmarket/
1021613,3232b375-3959-4e3a-9dd0-2c2d98cb1776,http://www.salemfarmersmarket.org
1021613,268a80c2-c4ce-4768-b89a-d5083ad5a450,www.facebook.com/SalemMAFarmersMarket
1021613,87b4577e-e26a-47a6-8a32-b6bd1a56c06b,
1021613,a2af1d35-6709-4551-a3a6-a161bfd74966,
1021613,f07ddbf1-8408-450e-bacb-174c1716fc81,
1019211,3232b375-3959-4e3a-9dd0-2c2d98cb1776,http://www.salemnhfarmersmarket.org
1019211,268a80c2-c4ce-4768-b89a-d5083ad5a450,https://www.facebook.com/salemnhfarmersmarket/?ref=bookmarks
1019211,87b4577e-e26a-47a6-8a32-b6bd1a56c06b,
1019211,a2af1d35-6709-4551-a3a6-a161bfd74966,
1019211,f07ddbf1-8408-450e-bacb-174c1716fc81,
1021546,3232b375-3959-4e3a-9dd0-2c2d98cb1776,
1021546,268a80c2-c4ce-4768-b89a-d5083ad5a450,
1021546,87b4577e-e26a-47a6-8a32-b6bd1a56c06b,
1021546,a2af1d35-6709-4551-a3a6-a161bfd74966,
1021546,f07ddbf1-8408-450e-bacb-174c1716fc81,
1004988,3232b375-3959-4e3a-9dd0-2c2d98cb1776,http://www.cityofsaline.org/farmersmarket
1004988,268a80c2-c4ce-4768-b89a-d5083ad5a450,https://www.facebook.com/pages/Saline-Farmers-Market/199592293395735
1004988,87b4577e-e26a-47a6-8a32-b6bd1a56c06b,
1004988,a2af1d35-6709-4551-a3a6-a161bfd74966,
1004988,f07ddbf1-8408-450e-bacb-174c1716fc81,
1004990,3232b375-3959-4e3a-9dd0-2c2d98cb1776,http://www.cityofsaline.org/farmersmarket
1004990,268a80c2-c4ce-4768-b89a-d5083ad5a450,https://www.facebook.com/pages/Saline-Farmers-Market/199592293395735
1004990,87b4577e-e26a-47a6-8a32-b6bd1a56c06b,
1004990,a2af1d35-6709-4551-a3a6-a161bfd74966,
1004990,f07ddbf1-8408-450e-bacb-174c1716fc81,
1021724,3232b375-3959-4e3a-9dd0-2c2d98cb1776,http://salisburyfarmersmarket.org/
1021724,268a80c2-c4ce-4768-b89a-d5083ad5a450,@SalisburyMAFarmers 
1021724,87b4577e-e26a-47a6-8a32-b6bd1a56c06b,@SalisburyParks
1021724,a2af1d35-6709-4551-a3a6-a161bfd74966,
1021724,f07ddbf1-8408-450e-bacb-174c1716fc81,Insta: salisburyrecreation
1002485,3232b375-3959-4e3a-9dd0-2c2d98cb1776,http://www.salmoncreekfarmersmarket.com
1002485,268a80c2-c4ce-4768-b89a-d5083ad5a450,https://www.facebook.com/SalmonCreekFarmersMarket
1002485,87b4577e-e26a-47a6-8a32-b6bd1a56c06b,
1002485,a2af1d35-6709-4551-a3a6-a161bfd74966,
1002485,f07ddbf1-8408-450e-bacb-174c1716fc81,
1019428,3232b375-3959-4e3a-9dd0-2c2d98cb1776,http://www.fortwayneparks.org
1019428,268a80c2-c4ce-4768-b89a-d5083ad5a450,https://www.facebook.com/Salomon-Farm-Park-134187289927760/
1019428,87b4577e-e26a-47a6-8a32-b6bd1a56c06b,
1019428,a2af1d35-6709-4551-a3a6-a161bfd74966,
1019428,f07ddbf1-8408-450e-bacb-174c1716fc81,
1005262,3232b375-3959-4e3a-9dd0-2c2d98cb1776,http://www.honolulu.gov/parks/programs/pom
1005262,268a80c2-c4ce-4768-b89a-d5083ad5a450,
1005262,87b4577e-e26a-47a6-8a32-b6bd1a56c06b,
1005262,a2af1d35-6709-4551-a3a6-a161bfd74966,
1005262,f07ddbf1-8408-450e-bacb-174c1716fc81,
1021468,3232b375-3959-4e3a-9dd0-2c2d98cb1776,https://safoodbank.org/farmersmarket
1021468,268a80c2-c4ce-4768-b89a-d5083ad5a450,
1021468,87b4577e-e26a-47a6-8a32-b6bd1a56c06b,
1021468,a2af1d35-6709-4551-a3a6-a161bfd74966,
1021468,f07ddbf1-8408-450e-bacb-174c1716fc81,
1009080,3232b375-3959-4e3a-9dd0-2c2d98cb1776,
1009080,268a80c2-c4ce-4768-b89a-d5083ad5a450,
1009080,87b4577e-e26a-47a6-8a32-b6bd1a56c06b,
1009080,a2af1d35-6709-4551-a3a6-a161bfd74966,
1009080,f07ddbf1-8408-450e-bacb-174c1716fc81,
1018449,3232b375-3959-4e3a-9dd0-2c2d98cb1776,http://www.sanfordfarmersmarket.org/
1018449,268a80c2-c4ce-4768-b89a-d5083ad5a450,https://www.facebook.com/SanfordFarmersMarket/
1018449,87b4577e-e26a-47a6-8a32-b6bd1a56c06b,https://twitter.com/SanfrdFarmrsMkt
1018449,a2af1d35-6709-4551-a3a6-a161bfd74966,
1018449,f07ddbf1-8408-450e-bacb-174c1716fc81,
1019913,3232b375-3959-4e3a-9dd0-2c2d98cb1776,
1019913,268a80c2-c4ce-4768-b89a-d5083ad5a450,
1019913,87b4577e-e26a-47a6-8a32-b6bd1a56c06b,
1019913,a2af1d35-6709-4551-a3a6-a161bfd74966,
1019913,f07ddbf1-8408-450e-bacb-174c1716fc81,
1020185,3232b375-3959-4e3a-9dd0-2c2d98cb1776,http://www.uvfm.org
1020185,268a80c2-c4ce-4768-b89a-d5083ad5a450,https://www.facebook.com/UrbanVillageOnFB
1020185,87b4577e-e26a-47a6-8a32-b6bd1a56c06b,
1020185,a2af1d35-6709-4551-a3a6-a161bfd74966,
1020185,f07ddbf1-8408-450e-bacb-174c1716fc81,https://www.instagram.com/urbanvillage/
1021645,3232b375-3959-4e3a-9dd0-2c2d98cb1776,http://Thesantarosafarmersmarket.com
1021645,268a80c2-c4ce-4768-b89a-d5083ad5a450,@santarosaoriginalfarmersmarket
1021645,87b4577e-e26a-47a6-8a32-b6bd1a56c06b,
1021645,a2af1d35-6709-4551-a3a6-a161bfd74966,
1021645,f07ddbf1-8408-450e-bacb-174c1716fc81,@santarosafarmersmarket 
1018625,3232b375-3959-4e3a-9dd0-2c2d98cb1776,http://www.ilovefarmersmarkets.org
1018625,268a80c2-c4ce-4768-b89a-d5083ad5a450,https://www.facebook.com/santarosacommunityfarmersmarket/
1018625,87b4577e-e26a-47a6-8a32-b6bd1a56c06b,
1018625,a2af1d35-6709-4551-a3a6-a161bfd74966,
1018625,f07ddbf1-8408-450e-bacb-174c1716fc81,Instagram communitymarkets
1018315,3232b375-3959-4e3a-9dd0-2c2d98cb1776,http://www.wednesdaynightmarket.org
1018315,268a80c2-c4ce-4768-b89a-d5083ad5a450,https://www.facebook.com/Santa-Rosa-Downtown-Market-Wednesday-Night-Market-293742913694/
1018315,87b4577e-e26a-47a6-8a32-b6bd1a56c06b,
1018315,a2af1d35-6709-4551-a3a6-a161bfd74966,
1018315,f07ddbf1-8408-450e-bacb-174c1716fc81,https://www.instagram.com/wednesdaynightmarket/
1011160,3232b375-3959-4e3a-9dd0-2c2d98cb1776,
1011160,268a80c2-c4ce-4768-b89a-d5083ad5a450,https://www.facebook.com/FarmersMarketSantaRosa
1011160,87b4577e-e26a-47a6-8a32-b6bd1a56c06b,https://twitter.com/NWFLfarmersmkt
1011160,a2af1d35-6709-4551-a3a6-a161bfd74966,
1011160,f07ddbf1-8408-450e-bacb-174c1716fc81,https://instagram.com/nwflfarmersmkt/
1007261,3232b375-3959-4e3a-9dd0-2c2d98cb1776,http://www.downtowntc.com
1007261,268a80c2-c4ce-4768-b89a-d5083ad5a450,https://www.facebook.com/SaraHardyFarmersMarket
1007261,87b4577e-e26a-47a6-8a32-b6bd1a56c06b,https://twitter.com/downtowntc
1007261,a2af1d35-6709-4551-a3a6-a161bfd74966,
1007261,f07ddbf1-8408-450e-bacb-174c1716fc81,Instagram: @downtown_tc
1008303,3232b375-3959-4e3a-9dd0-2c2d98cb1776,
1008303,268a80c2-c4ce-4768-b89a-d5083ad5a450,https://www.facebook.com/pages/Saracen-Landing-Farmers-Market/384646718262191
1008303,87b4577e-e26a-47a6-8a32-b6bd1a56c06b,
1008303,a2af1d35-6709-4551-a3a6-a161bfd74966,
1008303,f07ddbf1-8408-450e-bacb-174c1716fc81,
1012203,3232b375-3959-4e3a-9dd0-2c2d98cb1776,http://www.ausablevalleygrangefarmersmarkets.com
1012203,268a80c2-c4ce-4768-b89a-d5083ad5a450,https://www.facebook.com/ausablevalleygrangefarmersmarkets/
1012203,87b4577e-e26a-47a6-8a32-b6bd1a56c06b,
1012203,a2af1d35-6709-4551-a3a6-a161bfd74966,
1012203,f07ddbf1-8408-450e-bacb-174c1716fc81,
1021577,3232b375-3959-4e3a-9dd0-2c2d98cb1776,http://www.lakecountyfarmersfinest.org
1021577,268a80c2-c4ce-4768-b89a-d5083ad5a450,https://www.facebook.com/Lake-County-Farmers-Finest-124667697570982
1021577,87b4577e-e26a-47a6-8a32-b6bd1a56c06b,
1021577,a2af1d35-6709-4551-a3a6-a161bfd74966,
1021577,f07ddbf1-8408-450e-bacb-174c1716fc81,
1007250,3232b375-3959-4e3a-9dd0-2c2d98cb1776,http://www.saugertiesfarmersmarket.com/
1007250,268a80c2-c4ce-4768-b89a-d5083ad5a450,https://www.facebook.com/SaugertiesFarmersMarket
1007250,87b4577e-e26a-47a6-8a32-b6bd1a56c06b,
1007250,a2af1d35-6709-4551-a3a6-a161bfd74966,
1007250,f07ddbf1-8408-450e-bacb-174c1716fc81,Instagram: @saugertiesfarmersmarket
1021558,3232b375-3959-4e3a-9dd0-2c2d98cb1776,http://www.ScituateFarmersMarket.com
1021558,268a80c2-c4ce-4768-b89a-d5083ad5a450,https://www.facebook.com/ScituateFarmersMarket
1021558,87b4577e-e26a-47a6-8a32-b6bd1a56c06b,
1021558,a2af1d35-6709-4551-a3a6-a161bfd74966,
1021558,f07ddbf1-8408-450e-bacb-174c1716fc81,https://www.instagram.com/scituatefarmersmarket/
1021707,3232b375-3959-4e3a-9dd0-2c2d98cb1776,https://www.scituatefarmersmarketri.org/
1021707,268a80c2-c4ce-4768-b89a-d5083ad5a450,@scituatefarmersmarketri  
1021707,87b4577e-e26a-47a6-8a32-b6bd1a56c06b,
1021707,a2af1d35-6709-4551-a3a6-a161bfd74966,
1021707,f07ddbf1-8408-450e-bacb-174c1716fc81,Instagram - northscituatefarmersmarket
1012037,3232b375-3959-4e3a-9dd0-2c2d98cb1776,http://SCOTCHPLAINSFARMERSMARKET.COM
1012037,268a80c2-c4ce-4768-b89a-d5083ad5a450,https://www.facebook.com/ScotchPlainsFarmersMarket/
1012037,87b4577e-e26a-47a6-8a32-b6bd1a56c06b,
1012037,a2af1d35-6709-4551-a3a6-a161bfd74966,
1012037,f07ddbf1-8408-450e-bacb-174c1716fc81,
1019627,3232b375-3959-4e3a-9dd0-2c2d98cb1776,
1019627,268a80c2-c4ce-4768-b89a-d5083ad5a450,Scotland Farmer's Market
1019627,87b4577e-e26a-47a6-8a32-b6bd1a56c06b,
1019627,a2af1d35-6709-4551-a3a6-a161bfd74966,
1019627,f07ddbf1-8408-450e-bacb-174c1716fc81,
1020088,3232b375-3959-4e3a-9dd0-2c2d98cb1776,https://scott.ca.uky.edu/content/farmers-market
1020088,268a80c2-c4ce-4768-b89a-d5083ad5a450,hhttps://www.facebook.com/gtown.scottco.farmersmarket/
1020088,87b4577e-e26a-47a6-8a32-b6bd1a56c06b,
1020088,a2af1d35-6709-4551-a3a6-a161bfd74966,
1020088,f07ddbf1-8408-450e-bacb-174c1716fc81,
1019515,3232b375-3959-4e3a-9dd0-2c2d98cb1776,
1019515,268a80c2-c4ce-4768-b89a-d5083ad5a450,Scottsville Midweek Farmers' Market
1019515,87b4577e-e26a-47a6-8a32-b6bd1a56c06b,
1019515,a2af1d35-6709-4551-a3a6-a161bfd74966,
1019515,f07ddbf1-8408-450e-bacb-174c1716fc81,
1019445,3232b375-3959-4e3a-9dd0-2c2d98cb1776,
1019445,268a80c2-c4ce-4768-b89a-d5083ad5a450,https://www.facebook.com/Southeastfarmersgrowers43232/
1019445,87b4577e-e26a-47a6-8a32-b6bd1a56c06b,
1019445,a2af1d35-6709-4551-a3a6-a161bfd74966,
1019445,f07ddbf1-8408-450e-bacb-174c1716fc81,
1018167,3232b375-3959-4e3a-9dd0-2c2d98cb1776,http://www.seacoasteatlocal.org
1018167,268a80c2-c4ce-4768-b89a-d5083ad5a450,facebook.com/seacoasteatlocal
1018167,87b4577e-e26a-47a6-8a32-b6bd1a56c06b,@SeacoastEatLocl
1018167,a2af1d35-6709-4551-a3a6-a161bfd74966,Seacoast Eat Local
1018167,f07ddbf1-8408-450e-bacb-174c1716fc81,Instagram: @SeacoastEatLocal
1018172,3232b375-3959-4e3a-9dd0-2c2d98cb1776,http://seacoasteatlocal.org
1018172,268a80c2-c4ce-4768-b89a-d5083ad5a450,facebook.com/seacoasteatlocal
1018172,87b4577e-e26a-47a6-8a32-b6bd1a56c06b,@SeacoastEatLocl
1018172,a2af1d35-6709-4551-a3a6-a161bfd74966,
1018172,f07ddbf1-8408-450e-bacb-174c1716fc81,
1019237,3232b375-3959-4e3a-9dd0-2c2d98cb1776,
1019237,268a80c2-c4ce-4768-b89a-d5083ad5a450,https://www.facebook.com/sealyfm/
1019237,87b4577e-e26a-47a6-8a32-b6bd1a56c06b,
1019237,a2af1d35-6709-4551-a3a6-a161bfd74966,
1019237,f07ddbf1-8408-450e-bacb-174c1716fc81,
1021693,3232b375-3959-4e3a-9dd0-2c2d98cb1776,
1021693,268a80c2-c4ce-4768-b89a-d5083ad5a450,https://www.facebook.com/Searcy-County-Farmers-Market-1581639858749229
1021693,87b4577e-e26a-47a6-8a32-b6bd1a56c06b,
1021693,a2af1d35-6709-4551-a3a6-a161bfd74966,
1021693,f07ddbf1-8408-450e-bacb-174c1716fc81,
1021664,3232b375-3959-4e3a-9dd0-2c2d98cb1776,https://www.seasidemarket.org/
1021664,268a80c2-c4ce-4768-b89a-d5083ad5a450,https://www.facebook.com/SeasideORFarmersMarket
1021664,87b4577e-e26a-47a6-8a32-b6bd1a56c06b,
1021664,a2af1d35-6709-4551-a3a6-a161bfd74966,https://www.youtube.com/channel/UCw5cRH_iA8uw0TnKjOvsS9A
1021664,f07ddbf1-8408-450e-bacb-174c1716fc81,https://www.instagram.com/seasidefarmermarket/
1021233,3232b375-3959-4e3a-9dd0-2c2d98cb1776,https://secotanmarket.com/
1021233,268a80c2-c4ce-4768-b89a-d5083ad5a450,https://www.facebook.com/secotanmarket/
1021233,87b4577e-e26a-47a6-8a32-b6bd1a56c06b,
1021233,a2af1d35-6709-4551-a3a6-a161bfd74966,
1021233,f07ddbf1-8408-450e-bacb-174c1716fc81,https://www.instagram.com/secotanmarket/
1018773,3232b375-3959-4e3a-9dd0-2c2d98cb1776,http://www.sedaliaareafarmersmarket.com/
1018773,268a80c2-c4ce-4768-b89a-d5083ad5a450,https://www.facebook.com/SedaliaFarmersMarket/
1018773,87b4577e-e26a-47a6-8a32-b6bd1a56c06b,
1018773,a2af1d35-6709-4551-a3a6-a161bfd74966,
1018773,f07ddbf1-8408-450e-bacb-174c1716fc81,https://www.instagram.com/sedalia_farmers_market/
1019610,3232b375-3959-4e3a-9dd0-2c2d98cb1776,
1019610,268a80c2-c4ce-4768-b89a-d5083ad5a450,https://m.facebook.com/Seed2Seed-Farmers-Market-2419667011596134/
1019610,87b4577e-e26a-47a6-8a32-b6bd1a56c06b,
1019610,a2af1d35-6709-4551-a3a6-a161bfd74966,
1019610,f07ddbf1-8408-450e-bacb-174c1716fc81,
1019442,3232b375-3959-4e3a-9dd0-2c2d98cb1776,http://senecamarket.com
1019442,268a80c2-c4ce-4768-b89a-d5083ad5a450,https://www.facebook.com/SenecaFallsFarmersMarket/
1019442,87b4577e-e26a-47a6-8a32-b6bd1a56c06b,
1019442,a2af1d35-6709-4551-a3a6-a161bfd74966,
1019442,f07ddbf1-8408-450e-bacb-174c1716fc81,
1019395,3232b375-3959-4e3a-9dd0-2c2d98cb1776,
1019395,268a80c2-c4ce-4768-b89a-d5083ad5a450,https://m.facebook.com/SevierCountyFarmersMarketDeQueenArkansas
1019395,87b4577e-e26a-47a6-8a32-b6bd1a56c06b,
1019395,a2af1d35-6709-4551-a3a6-a161bfd74966,
1019395,f07ddbf1-8408-450e-bacb-174c1716fc81,
1021700,3232b375-3959-4e3a-9dd0-2c2d98cb1776,
1021700,268a80c2-c4ce-4768-b89a-d5083ad5a450,https://www.facebook.com/sewardnefarmersmarket/
1021700,87b4577e-e26a-47a6-8a32-b6bd1a56c06b,
1021700,a2af1d35-6709-4551-a3a6-a161bfd74966,
1021700,f07ddbf1-8408-450e-bacb-174c1716fc81,
1010838,3232b375-3959-4e3a-9dd0-2c2d98cb1776,http://www.townofshallotte.org
1010838,268a80c2-c4ce-4768-b89a-d5083ad5a450,https://www.facebook.com/ShallotteFarmersMarket
1010838,87b4577e-e26a-47a6-8a32-b6bd1a56c06b,
1010838,a2af1d35-6709-4551-a3a6-a161bfd74966,
1010838,f07ddbf1-8408-450e-bacb-174c1716fc81,
1019455,3232b375-3959-4e3a-9dd0-2c2d98cb1776,http://www.thefreshproject.org
1019455,268a80c2-c4ce-4768-b89a-d5083ad5a450,https://www.facebook.com/shawanofarmersmarket
1019455,87b4577e-e26a-47a6-8a32-b6bd1a56c06b,https://twitter.com/shawanomarket
1019455,a2af1d35-6709-4551-a3a6-a161bfd74966,
1019455,f07ddbf1-8408-450e-bacb-174c1716fc81,
1021429,3232b375-3959-4e3a-9dd0-2c2d98cb1776,http://www.cityofshawnee.org
1021429,268a80c2-c4ce-4768-b89a-d5083ad5a450,www.facebook.com/cityofshawnee
1021429,87b4577e-e26a-47a6-8a32-b6bd1a56c06b,
1021429,a2af1d35-6709-4551-a3a6-a161bfd74966,
1021429,f07ddbf1-8408-450e-bacb-174c1716fc81,
1001280,3232b375-3959-4e3a-9dd0-2c2d98cb1776,
1001280,268a80c2-c4ce-4768-b89a-d5083ad5a450,https://www.facebook.com/pages/Shelby-County-Farmers-Market/
1001280,87b4577e-e26a-47a6-8a32-b6bd1a56c06b,
1001280,a2af1d35-6709-4551-a3a6-a161bfd74966,
1001280,f07ddbf1-8408-450e-bacb-174c1716fc81,
1019976,3232b375-3959-4e3a-9dd0-2c2d98cb1776,https://www.mainstreetshelbyville.org/mainstreet-farmers-market/
1019976,268a80c2-c4ce-4768-b89a-d5083ad5a450,https://www.facebook.com/shelbycofarmersmarket
1019976,87b4577e-e26a-47a6-8a32-b6bd1a56c06b,
1019976,a2af1d35-6709-4551-a3a6-a161bfd74966,
1019976,f07ddbf1-8408-450e-bacb-174c1716fc81,
1020103,3232b375-3959-4e3a-9dd0-2c2d98cb1776,
1020103,268a80c2-c4ce-4768-b89a-d5083ad5a450,Shepherdsville Farmer's Market 
1020103,87b4577e-e26a-47a6-8a32-b6bd1a56c06b,
1020103,a2af1d35-6709-4551-a3a6-a161bfd74966,
1020103,f07ddbf1-8408-450e-bacb-174c1716fc81,
1018988,3232b375-3959-4e3a-9dd0-2c2d98cb1776,http://www.shilohfarmersmarket.com/
1018988,268a80c2-c4ce-4768-b89a-d5083ad5a450,https://www.facebook.com/Shiloh-Farmers-Market-508150235911225/
1018988,87b4577e-e26a-47a6-8a32-b6bd1a56c06b,
1018988,a2af1d35-6709-4551-a3a6-a161bfd74966,
1018988,f07ddbf1-8408-450e-bacb-174c1716fc81,
1019319,3232b375-3959-4e3a-9dd0-2c2d98cb1776,http://www.shorelinefarmersmarket.org
1019319,268a80c2-c4ce-4768-b89a-d5083ad5a450,https://www.facebook.com/shorelinefarmersmarket
1019319,87b4577e-e26a-47a6-8a32-b6bd1a56c06b,
1019319,a2af1d35-6709-4551-a3a6-a161bfd74966,
1019319,f07ddbf1-8408-450e-bacb-174c1716fc81,https://www.instagram.com/shoreline.farmers.market/
1012179,3232b375-3959-4e3a-9dd0-2c2d98cb1776,http://www.shorewoodfarmersmarket.com/
1012179,268a80c2-c4ce-4768-b89a-d5083ad5a450,https://www.facebook.com/shorewoodfarmersmarket/
1012179,87b4577e-e26a-47a6-8a32-b6bd1a56c06b,
1012179,a2af1d35-6709-4551-a3a6-a161bfd74966,
1012179,f07ddbf1-8408-450e-bacb-174c1716fc81,
1020004,3232b375-3959-4e3a-9dd0-2c2d98cb1776,https://redriverrevel.com/shreveport-farmers-market/
1020004,268a80c2-c4ce-4768-b89a-d5083ad5a450,https://www.facebook.com/ShreveportFarmersMarket
1020004,87b4577e-e26a-47a6-8a32-b6bd1a56c06b,
1020004,a2af1d35-6709-4551-a3a6-a161bfd74966,
1020004,f07ddbf1-8408-450e-bacb-174c1716fc81,https://www.instagram.com/shreveport_farmers_market/
1021397,3232b375-3959-4e3a-9dd0-2c2d98cb1776,http://www.mainstreetsiloam.org/farmersmarket
1021397,268a80c2-c4ce-4768-b89a-d5083ad5a450,Facebook.com/SiloamSpringsFarmersMarket
1021397,87b4577e-e26a-47a6-8a32-b6bd1a56c06b,
1021397,a2af1d35-6709-4551-a3a6-a161bfd74966,
1021397,f07ddbf1-8408-450e-bacb-174c1716fc81,Instagram.com/siloam_farmersmarket
1018771,3232b375-3959-4e3a-9dd0-2c2d98cb1776,
1018771,268a80c2-c4ce-4768-b89a-d5083ad5a450,www.facebook.com/silvercityfarmersmarket/
1018771,87b4577e-e26a-47a6-8a32-b6bd1a56c06b,
1018771,a2af1d35-6709-4551-a3a6-a161bfd74966,www.youtube.com/channel/UCTxVmxGRNXyVphALQ9b4KiA
1018771,f07ddbf1-8408-450e-bacb-174c1716fc81,
1021219,3232b375-3959-4e3a-9dd0-2c2d98cb1776,
1021219,268a80c2-c4ce-4768-b89a-d5083ad5a450,https://www.facebook.com/silvercityfarmersmarket
1021219,87b4577e-e26a-47a6-8a32-b6bd1a56c06b,
1021219,a2af1d35-6709-4551-a3a6-a161bfd74966,
1021219,f07ddbf1-8408-450e-bacb-174c1716fc81,
1011044,3232b375-3959-4e3a-9dd0-2c2d98cb1776,
1011044,268a80c2-c4ce-4768-b89a-d5083ad5a450,wwww.facebook.com/silverlake.cfm
1011044,87b4577e-e26a-47a6-8a32-b6bd1a56c06b,
1011044,a2af1d35-6709-4551-a3a6-a161bfd74966,
1011044,f07ddbf1-8408-450e-bacb-174c1716fc81,
1016822,3232b375-3959-4e3a-9dd0-2c2d98cb1776,http://www.silvervalleychamber.com/farmers-market.htm
1016822,268a80c2-c4ce-4768-b89a-d5083ad5a450,https://business.facebook.com/silvervalleymarket/?business_id=522814814564925
1016822,87b4577e-e26a-47a6-8a32-b6bd1a56c06b,
1016822,a2af1d35-6709-4551-a3a6-a161bfd74966,
1016822,f07ddbf1-8408-450e-bacb-174c1716fc81,@silvervalleyfarmersmarket
1018601,3232b375-3959-4e3a-9dd0-2c2d98cb1776,http://www.SilverdaleFarmersMarket.com
1018601,268a80c2-c4ce-4768-b89a-d5083ad5a450,Facebook/SilverdaleFarmersMarket
1018601,87b4577e-e26a-47a6-8a32-b6bd1a56c06b,
1018601,a2af1d35-6709-4551-a3a6-a161bfd74966,
1018601,f07ddbf1-8408-450e-bacb-174c1716fc81,
1011811,3232b375-3959-4e3a-9dd0-2c2d98cb1776,
1011811,268a80c2-c4ce-4768-b89a-d5083ad5a450,https://www.facebook.com/simivalleycertifiedfarmersmarket/
1011811,87b4577e-e26a-47a6-8a32-b6bd1a56c06b,
1011811,a2af1d35-6709-4551-a3a6-a161bfd74966,
1011811,f07ddbf1-8408-450e-bacb-174c1716fc81,
1010560,3232b375-3959-4e3a-9dd0-2c2d98cb1776,http://www.farmersmarketsiouxcity.com
1010560,268a80c2-c4ce-4768-b89a-d5083ad5a450,Sioux City Farmers Market
1010560,87b4577e-e26a-47a6-8a32-b6bd1a56c06b,@SiouxCityFarmersMarket
1010560,a2af1d35-6709-4551-a3a6-a161bfd74966,
1010560,f07ddbf1-8408-450e-bacb-174c1716fc81,@siouxcityfm
1003169,3232b375-3959-4e3a-9dd0-2c2d98cb1776,http://www.sitkalocalfoodsnetwork.org/
1003169,268a80c2-c4ce-4768-b89a-d5083ad5a450,www.facebook.com/SitkaLocalFoodsNetwork
1003169,87b4577e-e26a-47a6-8a32-b6bd1a56c06b,@SitkaLocalFoods
1003169,a2af1d35-6709-4551-a3a6-a161bfd74966,
1003169,f07ddbf1-8408-450e-bacb-174c1716fc81,www.facebook.com/SitkaFarmersMarket
1018814,3232b375-3959-4e3a-9dd0-2c2d98cb1776,http://www.davmid.com
1018814,268a80c2-c4ce-4768-b89a-d5083ad5a450,www.facebook.com/sleepingdragonfarmersoutlet
1018814,87b4577e-e26a-47a6-8a32-b6bd1a56c06b,
1018814,a2af1d35-6709-4551-a3a6-a161bfd74966,
1018814,f07ddbf1-8408-450e-bacb-174c1716fc81,
1019869,3232b375-3959-4e3a-9dd0-2c2d98cb1776,
1019869,268a80c2-c4ce-4768-b89a-d5083ad5a450,https://www.facebook.com/SRCFM/
1019869,87b4577e-e26a-47a6-8a32-b6bd1a56c06b,
1019869,a2af1d35-6709-4551-a3a6-a161bfd74966,
1019869,f07ddbf1-8408-450e-bacb-174c1716fc81,Instagram: slipperyrockfarmers 
1020163,3232b375-3959-4e3a-9dd0-2c2d98cb1776,
1020163,268a80c2-c4ce-4768-b89a-d5083ad5a450,https://www.facebook.com/farmsupplyfarmersmarket/
1020163,87b4577e-e26a-47a6-8a32-b6bd1a56c06b,
1020163,a2af1d35-6709-4551-a3a6-a161bfd74966,
1020163,f07ddbf1-8408-450e-bacb-174c1716fc81,https://www.instagram.com/farmsupplyfarmersmarket/
1010014,3232b375-3959-4e3a-9dd0-2c2d98cb1776,
1010014,268a80c2-c4ce-4768-b89a-d5083ad5a450,https://www.facebook.com/pages/Smith-County-Farmers-Market/253009170501
1010014,87b4577e-e26a-47a6-8a32-b6bd1a56c06b,
1010014,a2af1d35-6709-4551-a3a6-a161bfd74966,
1010014,f07ddbf1-8408-450e-bacb-174c1716fc81,
1021675,3232b375-3959-4e3a-9dd0-2c2d98cb1776,
1021675,268a80c2-c4ce-4768-b89a-d5083ad5a450,
1021675,87b4577e-e26a-47a6-8a32-b6bd1a56c06b,
1021675,a2af1d35-6709-4551-a3a6-a161bfd74966,
1021675,f07ddbf1-8408-450e-bacb-174c1716fc81,
1020022,3232b375-3959-4e3a-9dd0-2c2d98cb1776,http://www.farmermark.com/soco
1020022,268a80c2-c4ce-4768-b89a-d5083ad5a450,https://www.facebook.com/socofm
1020022,87b4577e-e26a-47a6-8a32-b6bd1a56c06b,
1020022,a2af1d35-6709-4551-a3a6-a161bfd74966,
1020022,f07ddbf1-8408-450e-bacb-174c1716fc81,@farmermarksoco
1019926,3232b375-3959-4e3a-9dd0-2c2d98cb1776,https://www.sutmc.org/sodus-farmers-market
1019926,268a80c2-c4ce-4768-b89a-d5083ad5a450,https://www.facebook.com/SodusFarmersMarket/?eid=ARAx1anugPLGTuAOgrSyAlxV8qSLvqleZBvkN3fo2Pe5yANpwQzvWSFcv6MK2K1anPvrVy_2sGgpGRfe
1019926,87b4577e-e26a-47a6-8a32-b6bd1a56c06b,
1019926,a2af1d35-6709-4551-a3a6-a161bfd74966,
1019926,f07ddbf1-8408-450e-bacb-174c1716fc81,Instagram - sodusfm
1020159,3232b375-3959-4e3a-9dd0-2c2d98cb1776,
1020159,268a80c2-c4ce-4768-b89a-d5083ad5a450,SoKY Marketplace
1020159,87b4577e-e26a-47a6-8a32-b6bd1a56c06b,
1020159,a2af1d35-6709-4551-a3a6-a161bfd74966,
1020159,f07ddbf1-8408-450e-bacb-174c1716fc81,
1003836,3232b375-3959-4e3a-9dd0-2c2d98cb1776,http://www.solanabeachfarmersmarket.com
1003836,268a80c2-c4ce-4768-b89a-d5083ad5a450,https://www.facebook.com/SolanaBeachFarmersMarket
1003836,87b4577e-e26a-47a6-8a32-b6bd1a56c06b,
1003836,a2af1d35-6709-4551-a3a6-a161bfd74966,
1003836,f07ddbf1-8408-450e-bacb-174c1716fc81,
1019829,3232b375-3959-4e3a-9dd0-2c2d98cb1776,http://soldotnasaturdayfarmersmarket.com
1019829,268a80c2-c4ce-4768-b89a-d5083ad5a450,Facebook.com/soldotnasaturdayfarmersmarket
1019829,87b4577e-e26a-47a6-8a32-b6bd1a56c06b,
1019829,a2af1d35-6709-4551-a3a6-a161bfd74966,
1019829,f07ddbf1-8408-450e-bacb-174c1716fc81,
1019671,3232b375-3959-4e3a-9dd0-2c2d98cb1776,http://somersetcountyfarmersmarket.com
1019671,268a80c2-c4ce-4768-b89a-d5083ad5a450,https://www.facebook.com/Somerset-County-Farmers-Market-139142146101195/
1019671,87b4577e-e26a-47a6-8a32-b6bd1a56c06b,
1019671,a2af1d35-6709-4551-a3a6-a161bfd74966,
1019671,f07ddbf1-8408-450e-bacb-174c1716fc81,
1020039,3232b375-3959-4e3a-9dd0-2c2d98cb1776,
1020039,268a80c2-c4ce-4768-b89a-d5083ad5a450,www.facebook.com/shapeupsomerville
1020039,87b4577e-e26a-47a6-8a32-b6bd1a56c06b,@shapeupsville
1020039,a2af1d35-6709-4551-a3a6-a161bfd74966,
1020039,f07ddbf1-8408-450e-bacb-174c1716fc81,
1020040,3232b375-3959-4e3a-9dd0-2c2d98cb1776,
1020040,268a80c2-c4ce-4768-b89a-d5083ad5a450,www.facebook.com/shapeupsomerville
1020040,87b4577e-e26a-47a6-8a32-b6bd1a56c06b,@shapeupsville
1020040,a2af1d35-6709-4551-a3a6-a161bfd74966,
1020040,f07ddbf1-8408-450e-bacb-174c1716fc81,
1011934,3232b375-3959-4e3a-9dd0-2c2d98cb1776,
1011934,268a80c2-c4ce-4768-b89a-d5083ad5a450,facebook.com/shapeupsomerville
1011934,87b4577e-e26a-47a6-8a32-b6bd1a56c06b,twitter.com/shapeupsville
1011934,a2af1d35-6709-4551-a3a6-a161bfd74966,
1011934,f07ddbf1-8408-450e-bacb-174c1716fc81,
1011935,3232b375-3959-4e3a-9dd0-2c2d98cb1776,
1011935,268a80c2-c4ce-4768-b89a-d5083ad5a450,facebook.com/shapeupsomerville
1011935,87b4577e-e26a-47a6-8a32-b6bd1a56c06b,twitter.com/shapeupsville
1011935,a2af1d35-6709-4551-a3a6-a161bfd74966,
1011935,f07ddbf1-8408-450e-bacb-174c1716fc81,
1019803,3232b375-3959-4e3a-9dd0-2c2d98cb1776,
1019803,268a80c2-c4ce-4768-b89a-d5083ad5a450,https://www.facebook.com/SoutelCommunityMarket/
1019803,87b4577e-e26a-47a6-8a32-b6bd1a56c06b,https://twitter.com/SoutelM
1019803,a2af1d35-6709-4551-a3a6-a161bfd74966,
1019803,f07ddbf1-8408-450e-bacb-174c1716fc81,
1020067,3232b375-3959-4e3a-9dd0-2c2d98cb1776,http://www.ecologycenter.org/fm
1020067,268a80c2-c4ce-4768-b89a-d5083ad5a450,
1020067,87b4577e-e26a-47a6-8a32-b6bd1a56c06b,
1020067,a2af1d35-6709-4551-a3a6-a161bfd74966,
1020067,f07ddbf1-8408-450e-bacb-174c1716fc81,
1021697,3232b375-3959-4e3a-9dd0-2c2d98cb1776,https://SouthCollierFarmersMarket.com
1021697,268a80c2-c4ce-4768-b89a-d5083ad5a450,https://www.facebook.com/SouthCollierFarmersMarket
1021697,87b4577e-e26a-47a6-8a32-b6bd1a56c06b,https://twitter.com/southcollierfm
1021697,a2af1d35-6709-4551-a3a6-a161bfd74966,https://www.youtube.com/channel/UCkpRnTwmz-Ioac8TrDURbvw
1021697,f07ddbf1-8408-450e-bacb-174c1716fc81,https://www.instagram.com/southcollierfarmersmarket/
1019385,3232b375-3959-4e3a-9dd0-2c2d98cb1776,https://sewanee.locallygrown.net/
1019385,268a80c2-c4ce-4768-b89a-d5083ad5a450,South Cumberland Farmers Market
1019385,87b4577e-e26a-47a6-8a32-b6bd1a56c06b,
1019385,a2af1d35-6709-4551-a3a6-a161bfd74966,
1019385,f07ddbf1-8408-450e-bacb-174c1716fc81,
1018138,3232b375-3959-4e3a-9dd0-2c2d98cb1776,https://oktjustice.org/resources/
1018138,268a80c2-c4ce-4768-b89a-d5083ad5a450,https://www.facebook.com/seafmfarmermarket/
1018138,87b4577e-e26a-47a6-8a32-b6bd1a56c06b,
1018138,a2af1d35-6709-4551-a3a6-a161bfd74966,
1018138,f07ddbf1-8408-450e-bacb-174c1716fc81,
1021214,3232b375-3959-4e3a-9dd0-2c2d98cb1776,https://southendmkt.com/
1021214,268a80c2-c4ce-4768-b89a-d5083ad5a450,https://www.facebook.com/southendmarketclt
1021214,87b4577e-e26a-47a6-8a32-b6bd1a56c06b,
1021214,a2af1d35-6709-4551-a3a6-a161bfd74966,
1021214,f07ddbf1-8408-450e-bacb-174c1716fc81,https://www.instagram.com/southendmarketclt/
1019599,3232b375-3959-4e3a-9dd0-2c2d98cb1776,
1019599,268a80c2-c4ce-4768-b89a-d5083ad5a450,https://www.facebook.com/southforkgtx/
1019599,87b4577e-e26a-47a6-8a32-b6bd1a56c06b,
1019599,a2af1d35-6709-4551-a3a6-a161bfd74966,
1019599,f07ddbf1-8408-450e-bacb-174c1716fc81,
1002526,3232b375-3959-4e3a-9dd0-2c2d98cb1776,http://www.southhillva.org
1002526,268a80c2-c4ce-4768-b89a-d5083ad5a450,https://www.facebook.com/southhillfarmersmarket
1002526,87b4577e-e26a-47a6-8a32-b6bd1a56c06b,
1002526,a2af1d35-6709-4551-a3a6-a161bfd74966,
1002526,f07ddbf1-8408-450e-bacb-174c1716fc81,
1019915,3232b375-3959-4e3a-9dd0-2c2d98cb1776,https://www.southkingstownfarmersmarket.org/
1019915,268a80c2-c4ce-4768-b89a-d5083ad5a450,
1019915,87b4577e-e26a-47a6-8a32-b6bd1a56c06b,
1019915,a2af1d35-6709-4551-a3a6-a161bfd74966,
1019915,f07ddbf1-8408-450e-bacb-174c1716fc81,
1021573,3232b375-3959-4e3a-9dd0-2c2d98cb1776,http://eldoradofarmersmarket.com
1021573,268a80c2-c4ce-4768-b89a-d5083ad5a450,
1021573,87b4577e-e26a-47a6-8a32-b6bd1a56c06b,
1021573,a2af1d35-6709-4551-a3a6-a161bfd74966,
1021573,f07ddbf1-8408-450e-bacb-174c1716fc81,
1019511,3232b375-3959-4e3a-9dd0-2c2d98cb1776,http://www.southlyonfarmersmarket.org
1019511,268a80c2-c4ce-4768-b89a-d5083ad5a450,South Lyon Farmers and Artisans Market 
1019511,87b4577e-e26a-47a6-8a32-b6bd1a56c06b,
1019511,a2af1d35-6709-4551-a3a6-a161bfd74966,
1019511,f07ddbf1-8408-450e-bacb-174c1716fc81,
1010997,3232b375-3959-4e3a-9dd0-2c2d98cb1776,http://www.urbanoasisproject.org/farmers-markets.html
1010997,268a80c2-c4ce-4768-b89a-d5083ad5a450,
1010997,87b4577e-e26a-47a6-8a32-b6bd1a56c06b,
1010997,a2af1d35-6709-4551-a3a6-a161bfd74966,
1010997,f07ddbf1-8408-450e-bacb-174c1716fc81,IG @urban_oasis_project
1010445,3232b375-3959-4e3a-9dd0-2c2d98cb1776,http://www.smmarket.org
1010445,268a80c2-c4ce-4768-b89a-d5083ad5a450,https://www.facebook.com/smdowntownmarket
1010445,87b4577e-e26a-47a6-8a32-b6bd1a56c06b,
1010445,a2af1d35-6709-4551-a3a6-a161bfd74966,
1010445,f07ddbf1-8408-450e-bacb-174c1716fc81,
1021553,3232b375-3959-4e3a-9dd0-2c2d98cb1776,https://www.sovillagecenter.org/pub/event/story/2557/
1021553,268a80c2-c4ce-4768-b89a-d5083ad5a450,https://www.facebook.com/SOVillageCenter
1021553,87b4577e-e26a-47a6-8a32-b6bd1a56c06b,
1021553,a2af1d35-6709-4551-a3a6-a161bfd74966,
1021553,f07ddbf1-8408-450e-bacb-174c1716fc81,https://www.instagram.com/sovillagecenter/
1019091,3232b375-3959-4e3a-9dd0-2c2d98cb1776,http://www.facebook.com/southsidefarmersmarket
1019091,268a80c2-c4ce-4768-b89a-d5083ad5a450,www.facebook.com/southsidefarmersmarket
1019091,87b4577e-e26a-47a6-8a32-b6bd1a56c06b,
1019091,a2af1d35-6709-4551-a3a6-a161bfd74966,
1019091,f07ddbf1-8408-450e-bacb-174c1716fc81,instagram.com/southsidefarmersmarket
1018098,3232b375-3959-4e3a-9dd0-2c2d98cb1776,
1018098,268a80c2-c4ce-4768-b89a-d5083ad5a450,Southside Junction Farmers Market
1018098,87b4577e-e26a-47a6-8a32-b6bd1a56c06b,
1018098,a2af1d35-6709-4551-a3a6-a161bfd74966,
1018098,f07ddbf1-8408-450e-bacb-174c1716fc81,
1021563,3232b375-3959-4e3a-9dd0-2c2d98cb1776,https://www.southwaterfront.com/farmers-market
1021563,268a80c2-c4ce-4768-b89a-d5083ad5a450,https://www.facebook.com/SouthWaterfrontFarmersMarket
1021563,87b4577e-e26a-47a6-8a32-b6bd1a56c06b,
1021563,a2af1d35-6709-4551-a3a6-a161bfd74966,https://www.youtube.com/watch?v=jmREHSrfXGQ
1021563,f07ddbf1-8408-450e-bacb-174c1716fc81,https://www.instagram.com/southwaterfrontfarmersmarket/
1021589,3232b375-3959-4e3a-9dd0-2c2d98cb1776,https://southwindsor.recdesk.com/Community/Page?pageId=28812
1021589,268a80c2-c4ce-4768-b89a-d5083ad5a450,https://www.facebook.com/SWPRD
1021589,87b4577e-e26a-47a6-8a32-b6bd1a56c06b,
1021589,a2af1d35-6709-4551-a3a6-a161bfd74966,
1021589,f07ddbf1-8408-450e-bacb-174c1716fc81,instagram :  southwindsorparksandrecreation
1002063,3232b375-3959-4e3a-9dd0-2c2d98cb1776,
1002063,268a80c2-c4ce-4768-b89a-d5083ad5a450,https://www.facebook.com/pages/Southern-Tier-Farmers-Market/165092373544019
1002063,87b4577e-e26a-47a6-8a32-b6bd1a56c06b,
1002063,a2af1d35-6709-4551-a3a6-a161bfd74966,
1002063,f07ddbf1-8408-450e-bacb-174c1716fc81,
1019979,3232b375-3959-4e3a-9dd0-2c2d98cb1776,
1019979,268a80c2-c4ce-4768-b89a-d5083ad5a450,https://www.facebook.com/MondayMorningMarket/
1019979,87b4577e-e26a-47a6-8a32-b6bd1a56c06b,
1019979,a2af1d35-6709-4551-a3a6-a161bfd74966,
1019979,f07ddbf1-8408-450e-bacb-174c1716fc81,
1021326,3232b375-3959-4e3a-9dd0-2c2d98cb1776,http://denverfarmersmarket.com
1021326,268a80c2-c4ce-4768-b89a-d5083ad5a450,Metro Denver Farmers' Market
1021326,87b4577e-e26a-47a6-8a32-b6bd1a56c06b,
1021326,a2af1d35-6709-4551-a3a6-a161bfd74966,
1021326,f07ddbf1-8408-450e-bacb-174c1716fc81,
1005560,3232b375-3959-4e3a-9dd0-2c2d98cb1776,http://www.swvafarmersmarket.org/
1005560,268a80c2-c4ce-4768-b89a-d5083ad5a450,https://www.facebook.com/swvafarmersmarket
1005560,87b4577e-e26a-47a6-8a32-b6bd1a56c06b,
1005560,a2af1d35-6709-4551-a3a6-a161bfd74966,
1005560,f07ddbf1-8408-450e-bacb-174c1716fc81,
1019305,3232b375-3959-4e3a-9dd0-2c2d98cb1776,https://www.joysouthfield.org/
1019305,268a80c2-c4ce-4768-b89a-d5083ad5a450,
1019305,87b4577e-e26a-47a6-8a32-b6bd1a56c06b,
1019305,a2af1d35-6709-4551-a3a6-a161bfd74966,
1019305,f07ddbf1-8408-450e-bacb-174c1716fc81,
1018952,3232b375-3959-4e3a-9dd0-2c2d98cb1776,
1018952,268a80c2-c4ce-4768-b89a-d5083ad5a450,Spanish Peaks Farm Stand
1018952,87b4577e-e26a-47a6-8a32-b6bd1a56c06b,
1018952,a2af1d35-6709-4551-a3a6-a161bfd74966,
1018952,f07ddbf1-8408-450e-bacb-174c1716fc81,
1021568,3232b375-3959-4e3a-9dd0-2c2d98cb1776,
1021568,268a80c2-c4ce-4768-b89a-d5083ad5a450,www.facebook.com/sparksumcevents
1021568,87b4577e-e26a-47a6-8a32-b6bd1a56c06b,
1021568,a2af1d35-6709-4551-a3a6-a161bfd74966,
1021568,f07ddbf1-8408-450e-bacb-174c1716fc81,@sparksumcevents
1019173,3232b375-3959-4e3a-9dd0-2c2d98cb1776,
1019173,268a80c2-c4ce-4768-b89a-d5083ad5a450,Speedway Farmers Market
1019173,87b4577e-e26a-47a6-8a32-b6bd1a56c06b,
1019173,a2af1d35-6709-4551-a3a6-a161bfd74966,
1019173,f07ddbf1-8408-450e-bacb-174c1716fc81,
1019784,3232b375-3959-4e3a-9dd0-2c2d98cb1776,https://www.spotsylvaniafarmersmarket.com/
1019784,268a80c2-c4ce-4768-b89a-d5083ad5a450,https://www.facebook.com/SpotsyFarmersMarket/
1019784,87b4577e-e26a-47a6-8a32-b6bd1a56c06b,@SpotsyFarmMkt
1019784,a2af1d35-6709-4551-a3a6-a161bfd74966,
1019784,f07ddbf1-8408-450e-bacb-174c1716fc81,
1019452,3232b375-3959-4e3a-9dd0-2c2d98cb1776,http://www.spotsylvaniafarmersmarket.com
1019452,268a80c2-c4ce-4768-b89a-d5083ad5a450,https://www.facebook.com/SpotsyFarmersMarket/
1019452,87b4577e-e26a-47a6-8a32-b6bd1a56c06b,@spotsyfarmmkt
1019452,a2af1d35-6709-4551-a3a6-a161bfd74966,
1019452,f07ddbf1-8408-450e-bacb-174c1716fc81,
1019782,3232b375-3959-4e3a-9dd0-2c2d98cb1776,http://SpotsylvaniaFarmersMarket.com
1019782,268a80c2-c4ce-4768-b89a-d5083ad5a450,https://www.facebook.com/SpotsyFarmersMarket/
1019782,87b4577e-e26a-47a6-8a32-b6bd1a56c06b,@spotsyfarmmkt
1019782,a2af1d35-6709-4551-a3a6-a161bfd74966,
1019782,f07ddbf1-8408-450e-bacb-174c1716fc81,
1021394,3232b375-3959-4e3a-9dd0-2c2d98cb1776,http://springdale.locallygrown.net
1021394,268a80c2-c4ce-4768-b89a-d5083ad5a450,Springdale FarmersвЂ™ Market at the Jones Center 
1021394,87b4577e-e26a-47a6-8a32-b6bd1a56c06b,
1021394,a2af1d35-6709-4551-a3a6-a161bfd74966,
1021394,f07ddbf1-8408-450e-bacb-174c1716fc81,
1003588,3232b375-3959-4e3a-9dd0-2c2d98cb1776,http://www.batesvillemainstreet.com/events/
1003588,268a80c2-c4ce-4768-b89a-d5083ad5a450,
1003588,87b4577e-e26a-47a6-8a32-b6bd1a56c06b,
1003588,a2af1d35-6709-4551-a3a6-a161bfd74966,
1003588,f07ddbf1-8408-450e-bacb-174c1716fc81,
1021670,3232b375-3959-4e3a-9dd0-2c2d98cb1776,
1021670,268a80c2-c4ce-4768-b89a-d5083ad5a450,www.facebook.com/stjohnmarket
1021670,87b4577e-e26a-47a6-8a32-b6bd1a56c06b,
1021670,a2af1d35-6709-4551-a3a6-a161bfd74966,
1021670,f07ddbf1-8408-450e-bacb-174c1716fc81,
1018312,3232b375-3959-4e3a-9dd0-2c2d98cb1776,http://www.stjohnsopportunity.org/
1018312,268a80c2-c4ce-4768-b89a-d5083ad5a450,https://www.facebook.com/stjohnsfarmersmarket/
1018312,87b4577e-e26a-47a6-8a32-b6bd1a56c06b,https://twitter.com/pdxsjfm
1018312,a2af1d35-6709-4551-a3a6-a161bfd74966,
1018312,f07ddbf1-8408-450e-bacb-174c1716fc81,
1021466,3232b375-3959-4e3a-9dd0-2c2d98cb1776,http://www.gratiotfarmersmarkets.com/st-louis
1021466,268a80c2-c4ce-4768-b89a-d5083ad5a450,www.facebook.com/stlouisfm
1021466,87b4577e-e26a-47a6-8a32-b6bd1a56c06b,
1021466,a2af1d35-6709-4551-a3a6-a161bfd74966,
1021466,f07ddbf1-8408-450e-bacb-174c1716fc81,www.instagram.com/stlouisfm
1019628,3232b375-3959-4e3a-9dd0-2c2d98cb1776,
1019628,268a80c2-c4ce-4768-b89a-d5083ad5a450,https://www.facebook.com/stmariesfarmersmarkets/
1019628,87b4577e-e26a-47a6-8a32-b6bd1a56c06b,
1019628,a2af1d35-6709-4551-a3a6-a161bfd74966,
1019628,f07ddbf1-8408-450e-bacb-174c1716fc81,https://www.instagram.com/stmariesfarmersmarket/
1020176,3232b375-3959-4e3a-9dd0-2c2d98cb1776,http://www.smfarmersmarket.com
1020176,268a80c2-c4ce-4768-b89a-d5083ad5a450,https://www.facebook.com/SMFarmersMarket/
1020176,87b4577e-e26a-47a6-8a32-b6bd1a56c06b,https://twitter.com/farmersmarketsm
1020176,a2af1d35-6709-4551-a3a6-a161bfd74966,
1020176,f07ddbf1-8408-450e-bacb-174c1716fc81,
1019675,3232b375-3959-4e3a-9dd0-2c2d98cb1776,
1019675,268a80c2-c4ce-4768-b89a-d5083ad5a450,https://www.facebook.com/loveyourfarmer/
1019675,87b4577e-e26a-47a6-8a32-b6bd1a56c06b,
1019675,a2af1d35-6709-4551-a3a6-a161bfd74966,
1019675,f07ddbf1-8408-450e-bacb-174c1716fc81,https://www.instagram.com/explore/locations/92355524/st-michaels-farmers-market/
1007810,3232b375-3959-4e3a-9dd0-2c2d98cb1776,http://www.stpaulfarmersmarket.com
1007810,268a80c2-c4ce-4768-b89a-d5083ad5a450,
1007810,87b4577e-e26a-47a6-8a32-b6bd1a56c06b,
1007810,a2af1d35-6709-4551-a3a6-a161bfd74966,
1007810,f07ddbf1-8408-450e-bacb-174c1716fc81,
1012278,3232b375-3959-4e3a-9dd0-2c2d98cb1776,http://www.saturdaymorningmarket.com
1012278,268a80c2-c4ce-4768-b89a-d5083ad5a450,https://www.facebook.com/Saturday-Morning-Market
1012278,87b4577e-e26a-47a6-8a32-b6bd1a56c06b,SPSatAMMkt
1012278,a2af1d35-6709-4551-a3a6-a161bfd74966,
1012278,f07ddbf1-8408-450e-bacb-174c1716fc81,
1021483,3232b375-3959-4e3a-9dd0-2c2d98cb1776,
1021483,268a80c2-c4ce-4768-b89a-d5083ad5a450,https://www.facebook.com/stphilipsplazamarket/
1021483,87b4577e-e26a-47a6-8a32-b6bd1a56c06b,
1021483,a2af1d35-6709-4551-a3a6-a161bfd74966,
1021483,f07ddbf1-8408-450e-bacb-174c1716fc81,
1012766,3232b375-3959-4e3a-9dd0-2c2d98cb1776,http://Www.staffordcommunityfarmersmarket.com
1012766,268a80c2-c4ce-4768-b89a-d5083ad5a450,Stafford Community Farmers Market
1012766,87b4577e-e26a-47a6-8a32-b6bd1a56c06b,
1012766,a2af1d35-6709-4551-a3a6-a161bfd74966,
1012766,f07ddbf1-8408-450e-bacb-174c1716fc81,
1018211,3232b375-3959-4e3a-9dd0-2c2d98cb1776,
1018211,268a80c2-c4ce-4768-b89a-d5083ad5a450,Stanly Commons Farmers Market
1018211,87b4577e-e26a-47a6-8a32-b6bd1a56c06b,
1018211,a2af1d35-6709-4551-a3a6-a161bfd74966,
1018211,f07ddbf1-8408-450e-bacb-174c1716fc81,Instagram:  stanlycommonsfarmersmarket
1021526,3232b375-3959-4e3a-9dd0-2c2d98cb1776,http://Downtownstayton.org
1021526,268a80c2-c4ce-4768-b89a-d5083ad5a450,@staytonfarmersmarket
1021526,87b4577e-e26a-47a6-8a32-b6bd1a56c06b,
1021526,a2af1d35-6709-4551-a3a6-a161bfd74966,
1021526,f07ddbf1-8408-450e-bacb-174c1716fc81,#staytonfarmersmarket
1012100,3232b375-3959-4e3a-9dd0-2c2d98cb1776,
1012100,268a80c2-c4ce-4768-b89a-d5083ad5a450,https://www.facebook.com/pages/Springfield-Technical-Community-College/109746082384737?fref=ts
1012100,87b4577e-e26a-47a6-8a32-b6bd1a56c06b,
1012100,a2af1d35-6709-4551-a3a6-a161bfd74966,
1012100,f07ddbf1-8408-450e-bacb-174c1716fc81,
1018918,3232b375-3959-4e3a-9dd0-2c2d98cb1776,
1018918,268a80c2-c4ce-4768-b89a-d5083ad5a450,https://www.facebook.com/STCCOpenAirMarket/
1018918,87b4577e-e26a-47a6-8a32-b6bd1a56c06b,https://twitter.com/StccOAM
1018918,a2af1d35-6709-4551-a3a6-a161bfd74966,
1018918,f07ddbf1-8408-450e-bacb-174c1716fc81,https://www.instagram.com/stccopenairmarket/
1021333,3232b375-3959-4e3a-9dd0-2c2d98cb1776,
1021333,268a80c2-c4ce-4768-b89a-d5083ad5a450,https://www.facebook.com/SteelvilleMarket/
1021333,87b4577e-e26a-47a6-8a32-b6bd1a56c06b,
1021333,a2af1d35-6709-4551-a3a6-a161bfd74966,
1021333,f07ddbf1-8408-450e-bacb-174c1716fc81,https://www.instagram.com/steelvillemarket
1021334,3232b375-3959-4e3a-9dd0-2c2d98cb1776,
1021334,268a80c2-c4ce-4768-b89a-d5083ad5a450,https://www.facebook.com/SteelvilleMarket/
1021334,87b4577e-e26a-47a6-8a32-b6bd1a56c06b,
1021334,a2af1d35-6709-4551-a3a6-a161bfd74966,
1021334,f07ddbf1-8408-450e-bacb-174c1716fc81,https://www.instagram.com/steelvillemarket
1010057,3232b375-3959-4e3a-9dd0-2c2d98cb1776,http://stonesriver.locallygrown.net/
1010057,268a80c2-c4ce-4768-b89a-d5083ad5a450,https://www.facebook.com/StonesRiverMarket
1010057,87b4577e-e26a-47a6-8a32-b6bd1a56c06b,
1010057,a2af1d35-6709-4551-a3a6-a161bfd74966,
1010057,f07ddbf1-8408-450e-bacb-174c1716fc81,
1019526,3232b375-3959-4e3a-9dd0-2c2d98cb1776,http://www.stowfarmersmarket.com
1019526,268a80c2-c4ce-4768-b89a-d5083ad5a450,@StowCommunityFarmersMarket
1019526,87b4577e-e26a-47a6-8a32-b6bd1a56c06b,
1019526,a2af1d35-6709-4551-a3a6-a161bfd74966,
1019526,f07ddbf1-8408-450e-bacb-174c1716fc81,
1018451,3232b375-3959-4e3a-9dd0-2c2d98cb1776,http://www.stowefarmersmarket.com
1018451,268a80c2-c4ce-4768-b89a-d5083ad5a450,https://www.facebook.com/stowefarmersmarket
1018451,87b4577e-e26a-47a6-8a32-b6bd1a56c06b,
1018451,a2af1d35-6709-4551-a3a6-a161bfd74966,
1018451,f07ddbf1-8408-450e-bacb-174c1716fc81,https://www.instagram.com/stowefarmersmarket/
1012116,3232b375-3959-4e3a-9dd0-2c2d98cb1776,http://www.suffolkvafarmersmarket.com/
1012116,268a80c2-c4ce-4768-b89a-d5083ad5a450,https://www.facebook.com/SuffolkFarmersMarketVirginia/
1012116,87b4577e-e26a-47a6-8a32-b6bd1a56c06b,
1012116,a2af1d35-6709-4551-a3a6-a161bfd74966,
1012116,f07ddbf1-8408-450e-bacb-174c1716fc81,https://www.instagram.com/suffolkvafarmersmarket/
1019545,3232b375-3959-4e3a-9dd0-2c2d98cb1776,http://www.letsgrowakron.org
1019545,268a80c2-c4ce-4768-b89a-d5083ad5a450,https://www.facebook.com/LetsGrowAkron/
1019545,87b4577e-e26a-47a6-8a32-b6bd1a56c06b,letsgrowakron
1019545,a2af1d35-6709-4551-a3a6-a161bfd74966,
1019545,f07ddbf1-8408-450e-bacb-174c1716fc81,letsgrowakron_ on Instagram
1019036,3232b375-3959-4e3a-9dd0-2c2d98cb1776,http://Sumterfarmersmarket.com
1019036,268a80c2-c4ce-4768-b89a-d5083ad5a450,Sumter Farmers Market
1019036,87b4577e-e26a-47a6-8a32-b6bd1a56c06b,
1019036,a2af1d35-6709-4551-a3a6-a161bfd74966,
1019036,f07ddbf1-8408-450e-bacb-174c1716fc81,Instagram
1019112,3232b375-3959-4e3a-9dd0-2c2d98cb1776,http://www.ColoradoFeedAndGrain.com/SundayMarket
1019112,268a80c2-c4ce-4768-b89a-d5083ad5a450,Facebook.com/COFeedGrain
1019112,87b4577e-e26a-47a6-8a32-b6bd1a56c06b,
1019112,a2af1d35-6709-4551-a3a6-a161bfd74966,
1019112,f07ddbf1-8408-450e-bacb-174c1716fc81,
1007271,3232b375-3959-4e3a-9dd0-2c2d98cb1776,http://www.ardovinos.com
1007271,268a80c2-c4ce-4768-b89a-d5083ad5a450,https://www.facebook.com/FarmersMarketAtADC
1007271,87b4577e-e26a-47a6-8a32-b6bd1a56c06b,
1007271,a2af1d35-6709-4551-a3a6-a161bfd74966,
1007271,f07ddbf1-8408-450e-bacb-174c1716fc81,
1020186,3232b375-3959-4e3a-9dd0-2c2d98cb1776,https://uvfm.org/sunnyvale-saturday
1020186,268a80c2-c4ce-4768-b89a-d5083ad5a450,https://www.facebook.com/UrbanVillageOnFB
1020186,87b4577e-e26a-47a6-8a32-b6bd1a56c06b,
1020186,a2af1d35-6709-4551-a3a6-a161bfd74966,
1020186,f07ddbf1-8408-450e-bacb-174c1716fc81,https://www.instagram.com/urbanvillage/
1021432,3232b375-3959-4e3a-9dd0-2c2d98cb1776,
1021432,268a80c2-c4ce-4768-b89a-d5083ad5a450,Superior Farm-to-Fantastic Farmer's Market
1021432,87b4577e-e26a-47a6-8a32-b6bd1a56c06b,
1021432,a2af1d35-6709-4551-a3a6-a161bfd74966,
1021432,f07ddbf1-8408-450e-bacb-174c1716fc81,
1009707,3232b375-3959-4e3a-9dd0-2c2d98cb1776,http://www.waccamawmarkets.org
1009707,268a80c2-c4ce-4768-b89a-d5083ad5a450,https://www.facebook.com/WaccamawMarketCooperative/
1009707,87b4577e-e26a-47a6-8a32-b6bd1a56c06b,
1009707,a2af1d35-6709-4551-a3a6-a161bfd74966,
1009707,f07ddbf1-8408-450e-bacb-174c1716fc81,
1008173,3232b375-3959-4e3a-9dd0-2c2d98cb1776,
1008173,268a80c2-c4ce-4768-b89a-d5083ad5a450,https://www.facebook.com/SurfsideSunsetMarket
1008173,87b4577e-e26a-47a6-8a32-b6bd1a56c06b,https://twitter.com/capecoralfarmer
1008173,a2af1d35-6709-4551-a3a6-a161bfd74966,
1008173,f07ddbf1-8408-450e-bacb-174c1716fc81,
1020149,3232b375-3959-4e3a-9dd0-2c2d98cb1776,http://svsaturdaymarket.org/
1020149,268a80c2-c4ce-4768-b89a-d5083ad5a450,https://www.facebook.com/ModocCFM/
1020149,87b4577e-e26a-47a6-8a32-b6bd1a56c06b,
1020149,a2af1d35-6709-4551-a3a6-a161bfd74966,
1020149,f07ddbf1-8408-450e-bacb-174c1716fc81,
1019481,3232b375-3959-4e3a-9dd0-2c2d98cb1776,http://www.sustaingreenville.org/
1019481,268a80c2-c4ce-4768-b89a-d5083ad5a450,https://www.facebook.com/Sustain.Greenville.Market/
1019481,87b4577e-e26a-47a6-8a32-b6bd1a56c06b,
1019481,a2af1d35-6709-4551-a3a6-a161bfd74966,
1019481,f07ddbf1-8408-450e-bacb-174c1716fc81,
1021643,3232b375-3959-4e3a-9dd0-2c2d98cb1776,https://sustainablefoodcenter.org/farmers-market
1021643,268a80c2-c4ce-4768-b89a-d5083ad5a450,https://www.facebook.com/SFCFarmersMarket/
1021643,87b4577e-e26a-47a6-8a32-b6bd1a56c06b,
1021643,a2af1d35-6709-4551-a3a6-a161bfd74966,
1021643,f07ddbf1-8408-450e-bacb-174c1716fc81,https://www.instagram.com/sfcfarmersmarket/
1021644,3232b375-3959-4e3a-9dd0-2c2d98cb1776,https://sustainablefoodcenter.org/farmers-market
1021644,268a80c2-c4ce-4768-b89a-d5083ad5a450,https://www.facebook.com/SFCFarmersMarket/
1021644,87b4577e-e26a-47a6-8a32-b6bd1a56c06b,
1021644,a2af1d35-6709-4551-a3a6-a161bfd74966,
1021644,f07ddbf1-8408-450e-bacb-174c1716fc81,https://www.instagram.com/sfcfarmersmarket/
1002765,3232b375-3959-4e3a-9dd0-2c2d98cb1776,http://www.leelanaufarmersmarkets.com
1002765,268a80c2-c4ce-4768-b89a-d5083ad5a450,https://www.facebook.com/leelanaufarmersmarkets/
1002765,87b4577e-e26a-47a6-8a32-b6bd1a56c06b,
1002765,a2af1d35-6709-4551-a3a6-a161bfd74966,
1002765,f07ddbf1-8408-450e-bacb-174c1716fc81,
1019981,3232b375-3959-4e3a-9dd0-2c2d98cb1776,http://www.suwanee.com
1019981,268a80c2-c4ce-4768-b89a-d5083ad5a450,@cityofsuwaneeGA
1019981,87b4577e-e26a-47a6-8a32-b6bd1a56c06b,cityofsuwaneeGA
1019981,a2af1d35-6709-4551-a3a6-a161bfd74966,
1019981,f07ddbf1-8408-450e-bacb-174c1716fc81,
1021313,3232b375-3959-4e3a-9dd0-2c2d98cb1776,http://www.farmtocitymarkets.com
1021313,268a80c2-c4ce-4768-b89a-d5083ad5a450,https://www.facebook.com/swarthmorefarmersmarket
1021313,87b4577e-e26a-47a6-8a32-b6bd1a56c06b,
1021313,a2af1d35-6709-4551-a3a6-a161bfd74966,
1021313,f07ddbf1-8408-450e-bacb-174c1716fc81,
1018923,3232b375-3959-4e3a-9dd0-2c2d98cb1776,http://sweetwater-organic.org/
1018923,268a80c2-c4ce-4768-b89a-d5083ad5a450,https://www.facebook.com/sundaymarket/
1018923,87b4577e-e26a-47a6-8a32-b6bd1a56c06b,https://twitter.com/SweetwaterTampa
1018923,a2af1d35-6709-4551-a3a6-a161bfd74966,
1018923,f07ddbf1-8408-450e-bacb-174c1716fc81,https://www.instagram.com/sweetwater_organic_farm/
1019015,3232b375-3959-4e3a-9dd0-2c2d98cb1776,http://www.tahoecityfarmersmarket.com
1019015,268a80c2-c4ce-4768-b89a-d5083ad5a450,https://www.facebook.com/tahoecityfarmersmarket/
1019015,87b4577e-e26a-47a6-8a32-b6bd1a56c06b,
1019015,a2af1d35-6709-4551-a3a6-a161bfd74966,
1019015,f07ddbf1-8408-450e-bacb-174c1716fc81,https://www.instagram.com/tahoefarmersmarket/
1020036,3232b375-3959-4e3a-9dd0-2c2d98cb1776,http://shirleysfarmersmarkets@gmail.com
1020036,268a80c2-c4ce-4768-b89a-d5083ad5a450,Shirley's Farmers' Markets
1020036,87b4577e-e26a-47a6-8a32-b6bd1a56c06b,
1020036,a2af1d35-6709-4551-a3a6-a161bfd74966,
1020036,f07ddbf1-8408-450e-bacb-174c1716fc81,Instagram
1018476,3232b375-3959-4e3a-9dd0-2c2d98cb1776,http://www.taosfarmersmarket.org
1018476,268a80c2-c4ce-4768-b89a-d5083ad5a450,Www.facebook.com/taosfarmersmarket
1018476,87b4577e-e26a-47a6-8a32-b6bd1a56c06b,
1018476,a2af1d35-6709-4551-a3a6-a161bfd74966,
1018476,f07ddbf1-8408-450e-bacb-174c1716fc81,Www.instagram.com/taos_farmers_market
1020073,3232b375-3959-4e3a-9dd0-2c2d98cb1776,http://www.spencerextension.com/farmersmarket
1020073,268a80c2-c4ce-4768-b89a-d5083ad5a450,Facebook.com/TaylorsvilleFarmersMarket
1020073,87b4577e-e26a-47a6-8a32-b6bd1a56c06b,
1020073,a2af1d35-6709-4551-a3a6-a161bfd74966,
1020073,f07ddbf1-8408-450e-bacb-174c1716fc81,
1011738,3232b375-3959-4e3a-9dd0-2c2d98cb1776,http://www.saturdaymarketlive.com/
1011738,268a80c2-c4ce-4768-b89a-d5083ad5a450,https://www.facebook.com/saturdaymarket
1011738,87b4577e-e26a-47a6-8a32-b6bd1a56c06b,https://twitter.com/gvillesatmarket
1011738,a2af1d35-6709-4551-a3a6-a161bfd74966,
1011738,f07ddbf1-8408-450e-bacb-174c1716fc81,https://www.instagram.com/gvillesatmarket/
1019138,3232b375-3959-4e3a-9dd0-2c2d98cb1776,http://www.teamjaffrey.org
1019138,268a80c2-c4ce-4768-b89a-d5083ad5a450,Teamjaffreymarket
1019138,87b4577e-e26a-47a6-8a32-b6bd1a56c06b,
1019138,a2af1d35-6709-4551-a3a6-a161bfd74966,
1019138,f07ddbf1-8408-450e-bacb-174c1716fc81,
1003982,3232b375-3959-4e3a-9dd0-2c2d98cb1776,http://www.thetelluridefarmersmarket.com
1003982,268a80c2-c4ce-4768-b89a-d5083ad5a450,https://www.facebook.com/thetelluridefarmersmarket/?modal=admin_todo_tour
1003982,87b4577e-e26a-47a6-8a32-b6bd1a56c06b,
1003982,a2af1d35-6709-4551-a3a6-a161bfd74966,
1003982,f07ddbf1-8408-450e-bacb-174c1716fc81,@telluridefarmersmarket on Instagram
1020147,3232b375-3959-4e3a-9dd0-2c2d98cb1776,https://uvfm.org
1020147,268a80c2-c4ce-4768-b89a-d5083ad5a450,https://www.facebook.com/UrbanVillageOnFB
1020147,87b4577e-e26a-47a6-8a32-b6bd1a56c06b,
1020147,a2af1d35-6709-4551-a3a6-a161bfd74966,
1020147,f07ddbf1-8408-450e-bacb-174c1716fc81,https://www.instagram.com/urbanvillage
1019075,3232b375-3959-4e3a-9dd0-2c2d98cb1776,https://www.ttfarmersmarket.com/
1019075,268a80c2-c4ce-4768-b89a-d5083ad5a450,https://www.facebook.com/ttfarmersmarket/
1019075,87b4577e-e26a-47a6-8a32-b6bd1a56c06b,
1019075,a2af1d35-6709-4551-a3a6-a161bfd74966,
1019075,f07ddbf1-8408-450e-bacb-174c1716fc81,
1021694,3232b375-3959-4e3a-9dd0-2c2d98cb1776,https://teninofarmersmarket.org/
1021694,268a80c2-c4ce-4768-b89a-d5083ad5a450,https://www.facebook.com/teninofarmersmarket
1021694,87b4577e-e26a-47a6-8a32-b6bd1a56c06b,
1021694,a2af1d35-6709-4551-a3a6-a161bfd74966,
1021694,f07ddbf1-8408-450e-bacb-174c1716fc81,instagram- Teninofarmersmarket
1018994,3232b375-3959-4e3a-9dd0-2c2d98cb1776,http://Terrasquare.com
1018994,268a80c2-c4ce-4768-b89a-d5083ad5a450,
1018994,87b4577e-e26a-47a6-8a32-b6bd1a56c06b,
1018994,a2af1d35-6709-4551-a3a6-a161bfd74966,
1018994,f07ddbf1-8408-450e-bacb-174c1716fc81,
1010998,3232b375-3959-4e3a-9dd0-2c2d98cb1776,http://www.terrehautefarmersmarket.com
1010998,268a80c2-c4ce-4768-b89a-d5083ad5a450,https://www.facebook.com/Terrehautedowntownfarmersmarket
1010998,87b4577e-e26a-47a6-8a32-b6bd1a56c06b,
1010998,a2af1d35-6709-4551-a3a6-a161bfd74966,
1010998,f07ddbf1-8408-450e-bacb-174c1716fc81,
1000710,3232b375-3959-4e3a-9dd0-2c2d98cb1776,http://www.TexasFarmersMarket.org
1000710,268a80c2-c4ce-4768-b89a-d5083ad5a450,https://www.facebook.com/TFMLakeline
1000710,87b4577e-e26a-47a6-8a32-b6bd1a56c06b,
1000710,a2af1d35-6709-4551-a3a6-a161bfd74966,
1000710,f07ddbf1-8408-450e-bacb-174c1716fc81,"https://www.instagram.com/texasfarmersmarket/, our new farmers' market app:  https://texasfarmersmarket.spnd.st/join"
1021616,3232b375-3959-4e3a-9dd0-2c2d98cb1776,http://texasfarmersmarket.org/
1021616,268a80c2-c4ce-4768-b89a-d5083ad5a450,www.facebook.com/TFMMueller/
1021616,87b4577e-e26a-47a6-8a32-b6bd1a56c06b,
1021616,a2af1d35-6709-4551-a3a6-a161bfd74966,https://www.youtube.com/channel/UCbO6zX0lGYi2BdwdbJiwjwA
1021616,f07ddbf1-8408-450e-bacb-174c1716fc81,www.instagram.com/texasfarmersmarket/
1018279,3232b375-3959-4e3a-9dd0-2c2d98cb1776,http://www.texastownship.org/farmers-market/
1018279,268a80c2-c4ce-4768-b89a-d5083ad5a450,https://www.facebook.com/TexasTownshipFarmersMarket/
1018279,87b4577e-e26a-47a6-8a32-b6bd1a56c06b,https://twitter.com/freshonQ
1018279,a2af1d35-6709-4551-a3a6-a161bfd74966,
1018279,f07ddbf1-8408-450e-bacb-174c1716fc81,https://www.instagram.com/texastwpfm/
1021235,3232b375-3959-4e3a-9dd0-2c2d98cb1776,http://thewheemarket.org
1021235,268a80c2-c4ce-4768-b89a-d5083ad5a450,https://www.facebook.com/WheeMarket/?view_public_for=461052543905947
1021235,87b4577e-e26a-47a6-8a32-b6bd1a56c06b,
1021235,a2af1d35-6709-4551-a3a6-a161bfd74966,
1021235,f07ddbf1-8408-450e-bacb-174c1716fc81,
1021204,3232b375-3959-4e3a-9dd0-2c2d98cb1776,http://Www.facebook.com/albemarlefarmersmarket
1021204,268a80c2-c4ce-4768-b89a-d5083ad5a450,Albemarle farmersmarket
1021204,87b4577e-e26a-47a6-8a32-b6bd1a56c06b,
1021204,a2af1d35-6709-4551-a3a6-a161bfd74966,
1021204,f07ddbf1-8408-450e-bacb-174c1716fc81,
1020049,3232b375-3959-4e3a-9dd0-2c2d98cb1776,http://americanlegionfarmersmarket.com
1020049,268a80c2-c4ce-4768-b89a-d5083ad5a450,https://www.facebook.com/Americanlegionfarmersmarket/
1020049,87b4577e-e26a-47a6-8a32-b6bd1a56c06b,n/a
1020049,a2af1d35-6709-4551-a3a6-a161bfd74966,n/a
1020049,f07ddbf1-8408-450e-bacb-174c1716fc81,americanlegion_farmersmarket
1019047,3232b375-3959-4e3a-9dd0-2c2d98cb1776,http://oobballpark.com
1019047,268a80c2-c4ce-4768-b89a-d5083ad5a450,
1019047,87b4577e-e26a-47a6-8a32-b6bd1a56c06b,
1019047,a2af1d35-6709-4551-a3a6-a161bfd74966,
1019047,f07ddbf1-8408-450e-bacb-174c1716fc81,
1019933,3232b375-3959-4e3a-9dd0-2c2d98cb1776,https://www.berlinmainstreet.com/farmersmarket/
1019933,268a80c2-c4ce-4768-b89a-d5083ad5a450,https://www.facebook.com/theberlinfarmersmarket
1019933,87b4577e-e26a-47a6-8a32-b6bd1a56c06b,
1019933,a2af1d35-6709-4551-a3a6-a161bfd74966,
1019933,f07ddbf1-8408-450e-bacb-174c1716fc81,
1021203,3232b375-3959-4e3a-9dd0-2c2d98cb1776,
1021203,268a80c2-c4ce-4768-b89a-d5083ad5a450,https://www.facebook.com/TheBlvdFarmersMarket
1021203,87b4577e-e26a-47a6-8a32-b6bd1a56c06b,
1021203,a2af1d35-6709-4551-a3a6-a161bfd74966,
1021203,f07ddbf1-8408-450e-bacb-174c1716fc81,
1019596,3232b375-3959-4e3a-9dd0-2c2d98cb1776,https://www.instagram.com/thecapitalmarket20743
1019596,268a80c2-c4ce-4768-b89a-d5083ad5a450,https://www.facebook.com/thecapitalmarket20743
1019596,87b4577e-e26a-47a6-8a32-b6bd1a56c06b,
1019596,a2af1d35-6709-4551-a3a6-a161bfd74966,
1019596,f07ddbf1-8408-450e-bacb-174c1716fc81,
1018959,3232b375-3959-4e3a-9dd0-2c2d98cb1776,http://www.cityofclarksville.com/index.aspx?page=406
1018959,268a80c2-c4ce-4768-b89a-d5083ad5a450,https://www.facebook.com/ClarksvilleDowntownMarket/
1018959,87b4577e-e26a-47a6-8a32-b6bd1a56c06b,
1018959,a2af1d35-6709-4551-a3a6-a161bfd74966,
1018959,f07ddbf1-8408-450e-bacb-174c1716fc81,
1021254,3232b375-3959-4e3a-9dd0-2c2d98cb1776,http://www.cornermarketgso.com
1021254,268a80c2-c4ce-4768-b89a-d5083ad5a450,https://www.facebook.com/walkerelamcornermarket/
1021254,87b4577e-e26a-47a6-8a32-b6bd1a56c06b,
1021254,a2af1d35-6709-4551-a3a6-a161bfd74966,https://youtube.com/c/Walkerelammarket
1021254,f07ddbf1-8408-450e-bacb-174c1716fc81,https://www.instagram.com/cornermarketgso/
1019181,3232b375-3959-4e3a-9dd0-2c2d98cb1776,
1019181,268a80c2-c4ce-4768-b89a-d5083ad5a450,
1019181,87b4577e-e26a-47a6-8a32-b6bd1a56c06b,
1019181,a2af1d35-6709-4551-a3a6-a161bfd74966,
1019181,f07ddbf1-8408-450e-bacb-174c1716fc81,
1019303,3232b375-3959-4e3a-9dd0-2c2d98cb1776,http://www.creedefarmersmarket.com
1019303,268a80c2-c4ce-4768-b89a-d5083ad5a450,www.facebook.com/creedefarmersmarket
1019303,87b4577e-e26a-47a6-8a32-b6bd1a56c06b,www.twitter.com/creedemarket
1019303,a2af1d35-6709-4551-a3a6-a161bfd74966,
1019303,f07ddbf1-8408-450e-bacb-174c1716fc81,
1019544,3232b375-3959-4e3a-9dd0-2c2d98cb1776,http://www.eastendfm.com
1019544,268a80c2-c4ce-4768-b89a-d5083ad5a450,http://www.facebook.com/eastendfm
1019544,87b4577e-e26a-47a6-8a32-b6bd1a56c06b,
1019544,a2af1d35-6709-4551-a3a6-a161bfd74966,
1019544,f07ddbf1-8408-450e-bacb-174c1716fc81,http://www.instagram.com/eastendfm
1019775,3232b375-3959-4e3a-9dd0-2c2d98cb1776,
1019775,268a80c2-c4ce-4768-b89a-d5083ad5a450,http://bit.ly/thefairfieldfarmersmarket
1019775,87b4577e-e26a-47a6-8a32-b6bd1a56c06b,
1019775,a2af1d35-6709-4551-a3a6-a161bfd74966,
1019775,f07ddbf1-8408-450e-bacb-174c1716fc81,https://www.instagram.com/fairfieldoh/
1019931,3232b375-3959-4e3a-9dd0-2c2d98cb1776,
1019931,268a80c2-c4ce-4768-b89a-d5083ad5a450,the Farm Market
1019931,87b4577e-e26a-47a6-8a32-b6bd1a56c06b,
1019931,a2af1d35-6709-4551-a3a6-a161bfd74966,
1019931,f07ddbf1-8408-450e-bacb-174c1716fc81,
1019948,3232b375-3959-4e3a-9dd0-2c2d98cb1776,https://millno5.com/the-farm-market/
1019948,268a80c2-c4ce-4768-b89a-d5083ad5a450,https://www.facebook.com/thefarmmarket/
1019948,87b4577e-e26a-47a6-8a32-b6bd1a56c06b,
1019948,a2af1d35-6709-4551-a3a6-a161bfd74966,
1019948,f07ddbf1-8408-450e-bacb-174c1716fc81,https://www.instagram.com/farmlowell
1019166,3232b375-3959-4e3a-9dd0-2c2d98cb1776,http://farmersmarket.umd.edu
1019166,268a80c2-c4ce-4768-b89a-d5083ad5a450,https://www.facebook.com/farmersmarket.umd/
1019166,87b4577e-e26a-47a6-8a32-b6bd1a56c06b,https://twitter.com/farmersmarketum
1019166,a2af1d35-6709-4551-a3a6-a161bfd74966,
1019166,f07ddbf1-8408-450e-bacb-174c1716fc81,https://www.instagram.com/farmersmarketum/
1019626,3232b375-3959-4e3a-9dd0-2c2d98cb1776,https://www.tiffanyfarmsct.com/new-page
1019626,268a80c2-c4ce-4768-b89a-d5083ad5a450,"From the Farm, LLC"
1019626,87b4577e-e26a-47a6-8a32-b6bd1a56c06b,
1019626,a2af1d35-6709-4551-a3a6-a161bfd74966,
1019626,f07ddbf1-8408-450e-bacb-174c1716fc81,@fromthefarmllc
1019751,3232b375-3959-4e3a-9dd0-2c2d98cb1776,http://AgresticAcres.com
1019751,268a80c2-c4ce-4768-b89a-d5083ad5a450,@FarmMarketRutherfurdHall
1019751,87b4577e-e26a-47a6-8a32-b6bd1a56c06b,
1019751,a2af1d35-6709-4551-a3a6-a161bfd74966,
1019751,f07ddbf1-8408-450e-bacb-174c1716fc81,
1021304,3232b375-3959-4e3a-9dd0-2c2d98cb1776,http://www.farmtocitymarkets.com
1021304,268a80c2-c4ce-4768-b89a-d5083ad5a450,https://www.facebook.com/FarmToCity
1021304,87b4577e-e26a-47a6-8a32-b6bd1a56c06b,
1021304,a2af1d35-6709-4551-a3a6-a161bfd74966,
1021304,f07ddbf1-8408-450e-bacb-174c1716fc81,
1019697,3232b375-3959-4e3a-9dd0-2c2d98cb1776,https://www.itsmarta.com/marta-market.aspx
1019697,268a80c2-c4ce-4768-b89a-d5083ad5a450,https://www.facebook.com/MARTAFresh/
1019697,87b4577e-e26a-47a6-8a32-b6bd1a56c06b,
1019697,a2af1d35-6709-4551-a3a6-a161bfd74966,
1019697,f07ddbf1-8408-450e-bacb-174c1716fc81,
1019700,3232b375-3959-4e3a-9dd0-2c2d98cb1776,https://www.itsmarta.com/marta-market.aspx
1019700,268a80c2-c4ce-4768-b89a-d5083ad5a450,https://www.facebook.com/MARTAFresh/
1019700,87b4577e-e26a-47a6-8a32-b6bd1a56c06b,
1019700,a2af1d35-6709-4551-a3a6-a161bfd74966,
1019700,f07ddbf1-8408-450e-bacb-174c1716fc81,
1019699,3232b375-3959-4e3a-9dd0-2c2d98cb1776,https://www.itsmarta.com/marta-market.aspx
1019699,268a80c2-c4ce-4768-b89a-d5083ad5a450,https://www.facebook.com/MARTAFresh/
1019699,87b4577e-e26a-47a6-8a32-b6bd1a56c06b,
1019699,a2af1d35-6709-4551-a3a6-a161bfd74966,
1019699,f07ddbf1-8408-450e-bacb-174c1716fc81,
1019698,3232b375-3959-4e3a-9dd0-2c2d98cb1776,https://www.itsmarta.com/marta-market.aspx
1019698,268a80c2-c4ce-4768-b89a-d5083ad5a450,https://www.facebook.com/MARTAFresh/
1019698,87b4577e-e26a-47a6-8a32-b6bd1a56c06b,
1019698,a2af1d35-6709-4551-a3a6-a161bfd74966,
1019698,f07ddbf1-8408-450e-bacb-174c1716fc81,
1019696,3232b375-3959-4e3a-9dd0-2c2d98cb1776,https://www.itsmarta.com/marta-market.aspx
1019696,268a80c2-c4ce-4768-b89a-d5083ad5a450,https://www.facebook.com/MARTAFresh/
1019696,87b4577e-e26a-47a6-8a32-b6bd1a56c06b,
1019696,a2af1d35-6709-4551-a3a6-a161bfd74966,
1019696,f07ddbf1-8408-450e-bacb-174c1716fc81,
1021276,3232b375-3959-4e3a-9dd0-2c2d98cb1776,https://www.buylocalmarket.org/the-groves-marketplace
1021276,268a80c2-c4ce-4768-b89a-d5083ad5a450,https://www.facebook.com/TheGrovesMarketplace
1021276,87b4577e-e26a-47a6-8a32-b6bd1a56c06b,
1021276,a2af1d35-6709-4551-a3a6-a161bfd74966,
1021276,f07ddbf1-8408-450e-bacb-174c1716fc81,https://www.instagram.com/thegrovesmarketplace/
1021619,3232b375-3959-4e3a-9dd0-2c2d98cb1776,http://Downtownroanoke.org
1021619,268a80c2-c4ce-4768-b89a-d5083ad5a450,The Historic City Market
1021619,87b4577e-e26a-47a6-8a32-b6bd1a56c06b,
1021619,a2af1d35-6709-4551-a3a6-a161bfd74966,
1021619,f07ddbf1-8408-450e-bacb-174c1716fc81,
1012357,3232b375-3959-4e3a-9dd0-2c2d98cb1776,http://www.TheBeachMarkets.com
1012357,268a80c2-c4ce-4768-b89a-d5083ad5a450,https://www.facebook.com/IndianShoresSundayMarket/
1012357,87b4577e-e26a-47a6-8a32-b6bd1a56c06b,
1012357,a2af1d35-6709-4551-a3a6-a161bfd74966,
1012357,f07ddbf1-8408-450e-bacb-174c1716fc81,
1019001,3232b375-3959-4e3a-9dd0-2c2d98cb1776,
1019001,268a80c2-c4ce-4768-b89a-d5083ad5a450,The Lewis Co. Farmers Market
1019001,87b4577e-e26a-47a6-8a32-b6bd1a56c06b,
1019001,a2af1d35-6709-4551-a3a6-a161bfd74966,
1019001,f07ddbf1-8408-450e-bacb-174c1716fc81,
1021659,3232b375-3959-4e3a-9dd0-2c2d98cb1776,
1021659,268a80c2-c4ce-4768-b89a-d5083ad5a450,https://www.facebook.com/thelmhmarket/photos/?ref=page_internal
1021659,87b4577e-e26a-47a6-8a32-b6bd1a56c06b,
1021659,a2af1d35-6709-4551-a3a6-a161bfd74966,
1021659,f07ddbf1-8408-450e-bacb-174c1716fc81,https://www.instagram.com/lmh_market
1019504,3232b375-3959-4e3a-9dd0-2c2d98cb1776,http://themarketlvnj.wixsite.com/themarket-longvalley
1019504,268a80c2-c4ce-4768-b89a-d5083ad5a450,https://www.facebook.com/TheMarketatLongValley/
1019504,87b4577e-e26a-47a6-8a32-b6bd1a56c06b,
1019504,a2af1d35-6709-4551-a3a6-a161bfd74966,
1019504,f07ddbf1-8408-450e-bacb-174c1716fc81,
1019966,3232b375-3959-4e3a-9dd0-2c2d98cb1776,https://secondstageamherst.org/markets
1019966,268a80c2-c4ce-4768-b89a-d5083ad5a450,https://www.facebook.com/The-Market-at-Second-Stage-994201827398686
1019966,87b4577e-e26a-47a6-8a32-b6bd1a56c06b,
1019966,a2af1d35-6709-4551-a3a6-a161bfd74966,
1019966,f07ddbf1-8408-450e-bacb-174c1716fc81,
1018422,3232b375-3959-4e3a-9dd0-2c2d98cb1776,http://greenlakerenewal.org/
1018422,268a80c2-c4ce-4768-b89a-d5083ad5a450,
1018422,87b4577e-e26a-47a6-8a32-b6bd1a56c06b,
1018422,a2af1d35-6709-4551-a3a6-a161bfd74966,
1018422,f07ddbf1-8408-450e-bacb-174c1716fc81,
1021702,3232b375-3959-4e3a-9dd0-2c2d98cb1776,http://www.whiteriverstatepark.org/
1021702,268a80c2-c4ce-4768-b89a-d5083ad5a450,www.facebook.com/WhiteRiverStatePark/
1021702,87b4577e-e26a-47a6-8a32-b6bd1a56c06b,twitter.com/WhiteRiverStPrk
1021702,a2af1d35-6709-4551-a3a6-a161bfd74966,
1021702,f07ddbf1-8408-450e-bacb-174c1716fc81,www.instagram.com/whiteriverstprk/
1016917,3232b375-3959-4e3a-9dd0-2c2d98cb1776,
1016917,268a80c2-c4ce-4768-b89a-d5083ad5a450,facebook.com/petersburgmarket
1016917,87b4577e-e26a-47a6-8a32-b6bd1a56c06b,
1016917,a2af1d35-6709-4551-a3a6-a161bfd74966,
1016917,f07ddbf1-8408-450e-bacb-174c1716fc81,
1019928,3232b375-3959-4e3a-9dd0-2c2d98cb1776,http://www.themarketplaceatleebranch.com
1019928,268a80c2-c4ce-4768-b89a-d5083ad5a450,@themarketplaceatleebranch
1019928,87b4577e-e26a-47a6-8a32-b6bd1a56c06b,
1019928,a2af1d35-6709-4551-a3a6-a161bfd74966,
1019928,f07ddbf1-8408-450e-bacb-174c1716fc81,
1011497,3232b375-3959-4e3a-9dd0-2c2d98cb1776,http://www.marketsatshrewsbury.com
1011497,268a80c2-c4ce-4768-b89a-d5083ad5a450,The Markets at Shrewsbury
1011497,87b4577e-e26a-47a6-8a32-b6bd1a56c06b,The Markets at Shrewsbury
1011497,a2af1d35-6709-4551-a3a6-a161bfd74966,
1011497,f07ddbf1-8408-450e-bacb-174c1716fc81,
1019517,3232b375-3959-4e3a-9dd0-2c2d98cb1776,https://www.monroefarmersmarket.org/
1019517,268a80c2-c4ce-4768-b89a-d5083ad5a450,https://facebook.com/monroectfarmersmarket
1019517,87b4577e-e26a-47a6-8a32-b6bd1a56c06b,https://twitter.com/ctfarmersmarket
1019517,a2af1d35-6709-4551-a3a6-a161bfd74966,
1019517,f07ddbf1-8408-450e-bacb-174c1716fc81,https://instagram.com/monroectfarmersmarket
1002101,3232b375-3959-4e3a-9dd0-2c2d98cb1776,
1002101,268a80c2-c4ce-4768-b89a-d5083ad5a450,https://www.facebook.com/OrangeFarmersMarket
1002101,87b4577e-e26a-47a6-8a32-b6bd1a56c06b,
1002101,a2af1d35-6709-4551-a3a6-a161bfd74966,
1002101,f07ddbf1-8408-450e-bacb-174c1716fc81,
1019739,3232b375-3959-4e3a-9dd0-2c2d98cb1776,
1019739,268a80c2-c4ce-4768-b89a-d5083ad5a450,https://facebook.com/orchardfarmersmarket/
1019739,87b4577e-e26a-47a6-8a32-b6bd1a56c06b,
1019739,a2af1d35-6709-4551-a3a6-a161bfd74966,
1019739,f07ddbf1-8408-450e-bacb-174c1716fc81,
1019826,3232b375-3959-4e3a-9dd0-2c2d98cb1776,https://www.greshamfarmersmarket.com/
1019826,268a80c2-c4ce-4768-b89a-d5083ad5a450,https://www.facebook.com/GreshamFarmersMarket
1019826,87b4577e-e26a-47a6-8a32-b6bd1a56c06b,https://twitter.com/greshamfarmersmarket
1019826,a2af1d35-6709-4551-a3a6-a161bfd74966,
1019826,f07ddbf1-8408-450e-bacb-174c1716fc81,https://www.instagram.com/greshamfarmersmarket/
1019975,3232b375-3959-4e3a-9dd0-2c2d98cb1776,http://www.peoplesmarketbtown.org
1019975,268a80c2-c4ce-4768-b89a-d5083ad5a450,The PeopleвЂ™s Market
1019975,87b4577e-e26a-47a6-8a32-b6bd1a56c06b,
1019975,a2af1d35-6709-4551-a3a6-a161bfd74966,
1019975,f07ddbf1-8408-450e-bacb-174c1716fc81,peoplesmarketbtown on Instagram
1018628,3232b375-3959-4e3a-9dd0-2c2d98cb1776,http://www.ilovefarmersmarkets.org
1018628,268a80c2-c4ce-4768-b89a-d5083ad5a450,https://www.facebook.com/petalumaeastsidefarmersmarket/
1018628,87b4577e-e26a-47a6-8a32-b6bd1a56c06b,
1018628,a2af1d35-6709-4551-a3a6-a161bfd74966,
1018628,f07ddbf1-8408-450e-bacb-174c1716fc81,Instagram communitymarkets
1018624,3232b375-3959-4e3a-9dd0-2c2d98cb1776,http://www.ilovefarmersmarkets.org
1018624,268a80c2-c4ce-4768-b89a-d5083ad5a450,https://www.facebook.com/TheSpringsCommunityFarmersMarket/
1018624,87b4577e-e26a-47a6-8a32-b6bd1a56c06b,
1018624,a2af1d35-6709-4551-a3a6-a161bfd74966,
1018624,f07ddbf1-8408-450e-bacb-174c1716fc81,Instagram communitymarkets
1021499,3232b375-3959-4e3a-9dd0-2c2d98cb1776,
1021499,268a80c2-c4ce-4768-b89a-d5083ad5a450,
1021499,87b4577e-e26a-47a6-8a32-b6bd1a56c06b,
1021499,a2af1d35-6709-4551-a3a6-a161bfd74966,
1021499,f07ddbf1-8408-450e-bacb-174c1716fc81,
1000278,3232b375-3959-4e3a-9dd0-2c2d98cb1776,
1000278,268a80c2-c4ce-4768-b89a-d5083ad5a450,www.facebook.com/TheTerritoryFarmersMarket
1000278,87b4577e-e26a-47a6-8a32-b6bd1a56c06b,
1000278,a2af1d35-6709-4551-a3a6-a161bfd74966,
1000278,f07ddbf1-8408-450e-bacb-174c1716fc81,
1020015,3232b375-3959-4e3a-9dd0-2c2d98cb1776,
1020015,268a80c2-c4ce-4768-b89a-d5083ad5a450,Facebook.com/LittleFallsFarmersMarket
1020015,87b4577e-e26a-47a6-8a32-b6bd1a56c06b,
1020015,a2af1d35-6709-4551-a3a6-a161bfd74966,
1020015,f07ddbf1-8408-450e-bacb-174c1716fc81,Instagram.com/LittleFallsFarmersMarket
1010798,3232b375-3959-4e3a-9dd0-2c2d98cb1776,http://www.shirleysfarmersmarkets.com
1010798,268a80c2-c4ce-4768-b89a-d5083ad5a450,htwww.facebook.com/ShirleysFarmersMarketsNV
1010798,87b4577e-e26a-47a6-8a32-b6bd1a56c06b,
1010798,a2af1d35-6709-4551-a3a6-a161bfd74966,
1010798,f07ddbf1-8408-450e-bacb-174c1716fc81,Instagram
1012799,3232b375-3959-4e3a-9dd0-2c2d98cb1776,http://westriverfarmersmarket.com
1012799,268a80c2-c4ce-4768-b89a-d5083ad5a450,@westriverfarmersmarket
1012799,87b4577e-e26a-47a6-8a32-b6bd1a56c06b,
1012799,a2af1d35-6709-4551-a3a6-a161bfd74966,
1012799,f07ddbf1-8408-450e-bacb-174c1716fc81,Instagram - westriverfarmersmarket
1021586,3232b375-3959-4e3a-9dd0-2c2d98cb1776,http://www.thewilmingtonfarmersmarket@gmail.com
1021586,268a80c2-c4ce-4768-b89a-d5083ad5a450,https://www.facebook.com/thewilmingtonfarmersmarket/
1021586,87b4577e-e26a-47a6-8a32-b6bd1a56c06b,
1021586,a2af1d35-6709-4551-a3a6-a161bfd74966,
1021586,f07ddbf1-8408-450e-bacb-174c1716fc81,https://instagram.com/thewilmingtonfarmersmarket?r=nametag
1008826,3232b375-3959-4e3a-9dd0-2c2d98cb1776,http://www.thewoodlandfarmersmarket.org
1008826,268a80c2-c4ce-4768-b89a-d5083ad5a450,https://www.facebook.com/pages/The-Woodland-Farmers-Market/128409933892000
1008826,87b4577e-e26a-47a6-8a32-b6bd1a56c06b,
1008826,a2af1d35-6709-4551-a3a6-a161bfd74966,
1008826,f07ddbf1-8408-450e-bacb-174c1716fc81,
1008827,3232b375-3959-4e3a-9dd0-2c2d98cb1776,http://www.thewoodlandfarmersmarket.org
1008827,268a80c2-c4ce-4768-b89a-d5083ad5a450,https://www.facebook.com/pages/The-Woodland-Farmers-Market/128409933892000
1008827,87b4577e-e26a-47a6-8a32-b6bd1a56c06b,
1008827,a2af1d35-6709-4551-a3a6-a161bfd74966,
1008827,f07ddbf1-8408-450e-bacb-174c1716fc81,
1019228,3232b375-3959-4e3a-9dd0-2c2d98cb1776,
1019228,268a80c2-c4ce-4768-b89a-d5083ad5a450,www.facebook.com/thiefriverfallsfarmersmarket
1019228,87b4577e-e26a-47a6-8a32-b6bd1a56c06b,
1019228,a2af1d35-6709-4551-a3a6-a161bfd74966,
1019228,f07ddbf1-8408-450e-bacb-174c1716fc81,
1017961,3232b375-3959-4e3a-9dd0-2c2d98cb1776,http://agriculturalinstitue.org
1017961,268a80c2-c4ce-4768-b89a-d5083ad5a450,https://www.facebook.com/MarinFarmersMarkets/
1017961,87b4577e-e26a-47a6-8a32-b6bd1a56c06b,
1017961,a2af1d35-6709-4551-a3a6-a161bfd74966,
1017961,f07ddbf1-8408-450e-bacb-174c1716fc81,https://www.instagram.com/aim_farmers_markets/
1009802,3232b375-3959-4e3a-9dd0-2c2d98cb1776,http://www.tigardfarmersmarket.org
1009802,268a80c2-c4ce-4768-b89a-d5083ad5a450,https://www.facebook.com/tigardfarmersmarket
1009802,87b4577e-e26a-47a6-8a32-b6bd1a56c06b,https://twitter.com/Tigardfarmers
1009802,a2af1d35-6709-4551-a3a6-a161bfd74966,https://www.youtube.com/channel/UC_Xs5DT42SQxkh9ZHeYJtCw
1009802,f07ddbf1-8408-450e-bacb-174c1716fc81,https://www.instagram.com/tigardfarmersmarket/
1021562,3232b375-3959-4e3a-9dd0-2c2d98cb1776,
1021562,268a80c2-c4ce-4768-b89a-d5083ad5a450,https://www.facebook.com/titusvilleopenairmarket
1021562,87b4577e-e26a-47a6-8a32-b6bd1a56c06b,
1021562,a2af1d35-6709-4551-a3a6-a161bfd74966,
1021562,f07ddbf1-8408-450e-bacb-174c1716fc81,
1021744,3232b375-3959-4e3a-9dd0-2c2d98cb1776,http://www.TivertonFarmersmarket.com
1021744,268a80c2-c4ce-4768-b89a-d5083ad5a450,https://www.facebook.com/TivertonFarmersMarket
1021744,87b4577e-e26a-47a6-8a32-b6bd1a56c06b,
1021744,a2af1d35-6709-4551-a3a6-a161bfd74966,
1021744,f07ddbf1-8408-450e-bacb-174c1716fc81,https://www.instagram.com/TivertonFarmersMarket
1021447,3232b375-3959-4e3a-9dd0-2c2d98cb1776,https://www.tontitown.com/tontitown-farmers-market/
1021447,268a80c2-c4ce-4768-b89a-d5083ad5a450,https://www.facebook.com/Tontitown-Farmers-Market-101353608349771/
1021447,87b4577e-e26a-47a6-8a32-b6bd1a56c06b,https://twitter.com/TontitownM
1021447,a2af1d35-6709-4551-a3a6-a161bfd74966,
1021447,f07ddbf1-8408-450e-bacb-174c1716fc81,
1019963,3232b375-3959-4e3a-9dd0-2c2d98cb1776,
1019963,268a80c2-c4ce-4768-b89a-d5083ad5a450,https://www.facebook.com/torringtonwyfarmersmarket/
1019963,87b4577e-e26a-47a6-8a32-b6bd1a56c06b,
1019963,a2af1d35-6709-4551-a3a6-a161bfd74966,
1019963,f07ddbf1-8408-450e-bacb-174c1716fc81,
1021490,3232b375-3959-4e3a-9dd0-2c2d98cb1776,https://www.tosafarmersmarket.com
1021490,268a80c2-c4ce-4768-b89a-d5083ad5a450,https://www.facebook.com/TosaFarmersMarket
1021490,87b4577e-e26a-47a6-8a32-b6bd1a56c06b,
1021490,a2af1d35-6709-4551-a3a6-a161bfd74966,
1021490,f07ddbf1-8408-450e-bacb-174c1716fc81,https://www.instagram.com/tosafarmersmarket/
1019393,3232b375-3959-4e3a-9dd0-2c2d98cb1776,https://hillsvillefarmersm.wixsite.com/mysite 
1019393,268a80c2-c4ce-4768-b89a-d5083ad5a450,www.facebook.com/townofhillsvillefarmersmarket/
1019393,87b4577e-e26a-47a6-8a32-b6bd1a56c06b,
1019393,a2af1d35-6709-4551-a3a6-a161bfd74966,
1019393,f07ddbf1-8408-450e-bacb-174c1716fc81,
1019213,3232b375-3959-4e3a-9dd0-2c2d98cb1776,
1019213,268a80c2-c4ce-4768-b89a-d5083ad5a450,https://www.facebook.com/wadleyfarmersmarket/
1019213,87b4577e-e26a-47a6-8a32-b6bd1a56c06b,
1019213,a2af1d35-6709-4551-a3a6-a161bfd74966,
1019213,f07ddbf1-8408-450e-bacb-174c1716fc81,
1006324,3232b375-3959-4e3a-9dd0-2c2d98cb1776,
1006324,268a80c2-c4ce-4768-b89a-d5083ad5a450,Townshend Farmers Market
1006324,87b4577e-e26a-47a6-8a32-b6bd1a56c06b,
1006324,a2af1d35-6709-4551-a3a6-a161bfd74966,
1006324,f07ddbf1-8408-450e-bacb-174c1716fc81,
1021745,3232b375-3959-4e3a-9dd0-2c2d98cb1776,http://travelersrestfarmersmarket.com
1021745,268a80c2-c4ce-4768-b89a-d5083ad5a450,facebook.com/travelersrestfarmersmarket
1021745,87b4577e-e26a-47a6-8a32-b6bd1a56c06b,
1021745,a2af1d35-6709-4551-a3a6-a161bfd74966,
1021745,f07ddbf1-8408-450e-bacb-174c1716fc81,instagram.com/trfarmersmarket
1019638,3232b375-3959-4e3a-9dd0-2c2d98cb1776,
1019638,268a80c2-c4ce-4768-b89a-d5083ad5a450,
1019638,87b4577e-e26a-47a6-8a32-b6bd1a56c06b,
1019638,a2af1d35-6709-4551-a3a6-a161bfd74966,
1019638,f07ddbf1-8408-450e-bacb-174c1716fc81,
1021343,3232b375-3959-4e3a-9dd0-2c2d98cb1776,https://experiencetremont.com/featured-events/farmers-market/
1021343,268a80c2-c4ce-4768-b89a-d5083ad5a450,https://www.facebook.com/search/top?q=tremont%20farmers%27%20market
1021343,87b4577e-e26a-47a6-8a32-b6bd1a56c06b,
1021343,a2af1d35-6709-4551-a3a6-a161bfd74966,
1021343,f07ddbf1-8408-450e-bacb-174c1716fc81,
1018933,3232b375-3959-4e3a-9dd0-2c2d98cb1776,https://www.troutcreekcia.org/farmers-market/
1018933,268a80c2-c4ce-4768-b89a-d5083ad5a450,https://www.facebook.com/troutcreekfarmersmarket/
1018933,87b4577e-e26a-47a6-8a32-b6bd1a56c06b,
1018933,a2af1d35-6709-4551-a3a6-a161bfd74966,
1018933,f07ddbf1-8408-450e-bacb-174c1716fc81,
1020002,3232b375-3959-4e3a-9dd0-2c2d98cb1776,http://troymarket.org
1020002,268a80c2-c4ce-4768-b89a-d5083ad5a450,facebook.com/troywaterfrontfarmersmarket
1020002,87b4577e-e26a-47a6-8a32-b6bd1a56c06b,
1020002,a2af1d35-6709-4551-a3a6-a161bfd74966,
1020002,f07ddbf1-8408-450e-bacb-174c1716fc81,instagram.com/troymarket
1019632,3232b375-3959-4e3a-9dd0-2c2d98cb1776,http://tuesdayfarmersmarket.com
1019632,268a80c2-c4ce-4768-b89a-d5083ad5a450,Tuesday Farmers Market at Meridianville
1019632,87b4577e-e26a-47a6-8a32-b6bd1a56c06b,Mville Farmers Market
1019632,a2af1d35-6709-4551-a3a6-a161bfd74966,
1019632,f07ddbf1-8408-450e-bacb-174c1716fc81,
1018397,3232b375-3959-4e3a-9dd0-2c2d98cb1776,http://bloomington.in.gov/farmersmarket
1018397,268a80c2-c4ce-4768-b89a-d5083ad5a450,https://www.facebook.com/pages/Bloomington-Community-Farmers-Market/130635957114110
1018397,87b4577e-e26a-47a6-8a32-b6bd1a56c06b,
1018397,a2af1d35-6709-4551-a3a6-a161bfd74966,
1018397,f07ddbf1-8408-450e-bacb-174c1716fc81,
1021576,3232b375-3959-4e3a-9dd0-2c2d98cb1776,http://www.lakecountyfarmersfinest.org
1021576,268a80c2-c4ce-4768-b89a-d5083ad5a450,https://www.facebook.com/Tuesday-Farmers-Market-at-Library-Park-238157099542658/?ref=pages_you_manage
1021576,87b4577e-e26a-47a6-8a32-b6bd1a56c06b,
1021576,a2af1d35-6709-4551-a3a6-a161bfd74966,
1021576,f07ddbf1-8408-450e-bacb-174c1716fc81,
1018283,3232b375-3959-4e3a-9dd0-2c2d98cb1776,http://www.tupelomainstreet.com
1018283,268a80c2-c4ce-4768-b89a-d5083ad5a450,tupelo farmers depot
1018283,87b4577e-e26a-47a6-8a32-b6bd1a56c06b,
1018283,a2af1d35-6709-4551-a3a6-a161bfd74966,
1018283,f07ddbf1-8408-450e-bacb-174c1716fc81,
1019349,3232b375-3959-4e3a-9dd0-2c2d98cb1776,http://www.tuscaloosarivermarket.com/
1019349,268a80c2-c4ce-4768-b89a-d5083ad5a450,https://www.facebook.com/TuscaloosaFarmersMarket/
1019349,87b4577e-e26a-47a6-8a32-b6bd1a56c06b,https://twitter.com/TuscRiverMarket
1019349,a2af1d35-6709-4551-a3a6-a161bfd74966,
1019349,f07ddbf1-8408-450e-bacb-174c1716fc81,https://www.instagram.com/tuscaloosarivermarket/
1012573,3232b375-3959-4e3a-9dd0-2c2d98cb1776,
1012573,268a80c2-c4ce-4768-b89a-d5083ad5a450,Twin Bridges ALL YEAR Farmers Market
1012573,87b4577e-e26a-47a6-8a32-b6bd1a56c06b,
1012573,a2af1d35-6709-4551-a3a6-a161bfd74966,
1012573,f07ddbf1-8408-450e-bacb-174c1716fc81,
1005493,3232b375-3959-4e3a-9dd0-2c2d98cb1776,http://www.twincityfarmersmarket.com
1005493,268a80c2-c4ce-4768-b89a-d5083ad5a450,https://www.facebook.com/twincityfarmersmarket
1005493,87b4577e-e26a-47a6-8a32-b6bd1a56c06b,@twincitymarket
1005493,a2af1d35-6709-4551-a3a6-a161bfd74966,
1005493,f07ddbf1-8408-450e-bacb-174c1716fc81,www.instagram.com/twincitymarket
1006169,3232b375-3959-4e3a-9dd0-2c2d98cb1776,
1006169,268a80c2-c4ce-4768-b89a-d5083ad5a450,
1006169,87b4577e-e26a-47a6-8a32-b6bd1a56c06b,
1006169,a2af1d35-6709-4551-a3a6-a161bfd74966,
1006169,f07ddbf1-8408-450e-bacb-174c1716fc81,
1018968,3232b375-3959-4e3a-9dd0-2c2d98cb1776,
1018968,268a80c2-c4ce-4768-b89a-d5083ad5a450,Union County Farm & Craft Market
1018968,87b4577e-e26a-47a6-8a32-b6bd1a56c06b,
1018968,a2af1d35-6709-4551-a3a6-a161bfd74966,
1018968,f07ddbf1-8408-450e-bacb-174c1716fc81,
1019215,3232b375-3959-4e3a-9dd0-2c2d98cb1776,http://ucfarmersmarket.com
1019215,268a80c2-c4ce-4768-b89a-d5083ad5a450,facebook.com/unioncountyfm
1019215,87b4577e-e26a-47a6-8a32-b6bd1a56c06b,
1019215,a2af1d35-6709-4551-a3a6-a161bfd74966,
1019215,f07ddbf1-8408-450e-bacb-174c1716fc81,
1019925,3232b375-3959-4e3a-9dd0-2c2d98cb1776,
1019925,268a80c2-c4ce-4768-b89a-d5083ad5a450,https://www.facebook.com/UnionCountyFarmersMarket/
1019925,87b4577e-e26a-47a6-8a32-b6bd1a56c06b,
1019925,a2af1d35-6709-4551-a3a6-a161bfd74966,
1019925,f07ddbf1-8408-450e-bacb-174c1716fc81,https://www.instagram.com/unioncountytnfarmersmarket/
1010158,3232b375-3959-4e3a-9dd0-2c2d98cb1776,http://www.unionfarmersmarket.org/
1010158,268a80c2-c4ce-4768-b89a-d5083ad5a450,
1010158,87b4577e-e26a-47a6-8a32-b6bd1a56c06b,
1010158,a2af1d35-6709-4551-a3a6-a161bfd74966,
1010158,f07ddbf1-8408-450e-bacb-174c1716fc81,
1019540,3232b375-3959-4e3a-9dd0-2c2d98cb1776,http://www.unionsquaremain.org
1019540,268a80c2-c4ce-4768-b89a-d5083ad5a450,https://www.facebook.com/unionsquaremarkets/
1019540,87b4577e-e26a-47a6-8a32-b6bd1a56c06b,https://twitter.com/unionsquarefm
1019540,a2af1d35-6709-4551-a3a6-a161bfd74966,
1019540,f07ddbf1-8408-450e-bacb-174c1716fc81,https://www.instagram.com/unionsqmarket/
1018634,3232b375-3959-4e3a-9dd0-2c2d98cb1776,http://unionstreetfarmersmkt.com
1018634,268a80c2-c4ce-4768-b89a-d5083ad5a450,Union Street Farmers Market
1018634,87b4577e-e26a-47a6-8a32-b6bd1a56c06b,
1018634,a2af1d35-6709-4551-a3a6-a161bfd74966,
1018634,f07ddbf1-8408-450e-bacb-174c1716fc81,instagram @director_unionstreetfarmersmkt
1021305,3232b375-3959-4e3a-9dd0-2c2d98cb1776,http://www.farmtocitymarkets.com
1021305,268a80c2-c4ce-4768-b89a-d5083ad5a450,https://www.facebook.com/FarmToCity
1021305,87b4577e-e26a-47a6-8a32-b6bd1a56c06b,
1021305,a2af1d35-6709-4551-a3a6-a161bfd74966,
1021305,f07ddbf1-8408-450e-bacb-174c1716fc81,
1019764,3232b375-3959-4e3a-9dd0-2c2d98cb1776,http://www.getfreshmarkets.org
1019764,268a80c2-c4ce-4768-b89a-d5083ad5a450,
1019764,87b4577e-e26a-47a6-8a32-b6bd1a56c06b,
1019764,a2af1d35-6709-4551-a3a6-a161bfd74966,
1019764,f07ddbf1-8408-450e-bacb-174c1716fc81,
1021726,3232b375-3959-4e3a-9dd0-2c2d98cb1776,http://uptownfarmersmarket.org
1021726,268a80c2-c4ce-4768-b89a-d5083ad5a450,https://www.facebook.com/chicagomarket
1021726,87b4577e-e26a-47a6-8a32-b6bd1a56c06b,
1021726,a2af1d35-6709-4551-a3a6-a161bfd74966,
1021726,f07ddbf1-8408-450e-bacb-174c1716fc81,https://www.instagram.com/chicago_market/
1001886,3232b375-3959-4e3a-9dd0-2c2d98cb1776,http://uptowngreenville.com/play/umbrella-market/
1001886,268a80c2-c4ce-4768-b89a-d5083ad5a450,https://www.facebook.com/uptownumbrellamarket/
1001886,87b4577e-e26a-47a6-8a32-b6bd1a56c06b,https://twitter.com/Umbrella_Market
1001886,a2af1d35-6709-4551-a3a6-a161bfd74966,
1001886,f07ddbf1-8408-450e-bacb-174c1716fc81,https://www.instagram.com/umbrella_market/
1019105,3232b375-3959-4e3a-9dd0-2c2d98cb1776,http://www.uptowngreenwood.com/uptown-market
1019105,268a80c2-c4ce-4768-b89a-d5083ad5a450,https://www.facebook.com/uptowngreenwoodmarket/
1019105,87b4577e-e26a-47a6-8a32-b6bd1a56c06b,https://twitter.com/UptownGwdMarket?lang=en
1019105,a2af1d35-6709-4551-a3a6-a161bfd74966,
1019105,f07ddbf1-8408-450e-bacb-174c1716fc81,https://www.instagram.com/uptowngwdmarket/
1019448,3232b375-3959-4e3a-9dd0-2c2d98cb1776,https://www.marketwednesday.com/
1019448,268a80c2-c4ce-4768-b89a-d5083ad5a450,https://www.facebook.com/MarketWednesday/
1019448,87b4577e-e26a-47a6-8a32-b6bd1a56c06b,https://twitter.com/marketwednesday
1019448,a2af1d35-6709-4551-a3a6-a161bfd74966,
1019448,f07ddbf1-8408-450e-bacb-174c1716fc81,https://uptownwestervillefarmersmarket.blogspot.com/
1019342,3232b375-3959-4e3a-9dd0-2c2d98cb1776,http://www.urbanharvest.org
1019342,268a80c2-c4ce-4768-b89a-d5083ad5a450,https://www.facebook.com/UrbanHarvestHouston/
1019342,87b4577e-e26a-47a6-8a32-b6bd1a56c06b,
1019342,a2af1d35-6709-4551-a3a6-a161bfd74966,
1019342,f07ddbf1-8408-450e-bacb-174c1716fc81,
1018852,3232b375-3959-4e3a-9dd0-2c2d98cb1776,
1018852,268a80c2-c4ce-4768-b89a-d5083ad5a450,urbanafarmersmarket
1018852,87b4577e-e26a-47a6-8a32-b6bd1a56c06b,urbanaiafm
1018852,a2af1d35-6709-4551-a3a6-a161bfd74966,
1018852,f07ddbf1-8408-450e-bacb-174c1716fc81,
1019498,3232b375-3959-4e3a-9dd0-2c2d98cb1776,
1019498,268a80c2-c4ce-4768-b89a-d5083ad5a450,https://www.facebook.com/UrbanaLibraryFarmersMarket/
1019498,87b4577e-e26a-47a6-8a32-b6bd1a56c06b,
1019498,a2af1d35-6709-4551-a3a6-a161bfd74966,
1019498,f07ddbf1-8408-450e-bacb-174c1716fc81,
1005631,3232b375-3959-4e3a-9dd0-2c2d98cb1776,http://www.usda.gov/farmersmarket
1005631,268a80c2-c4ce-4768-b89a-d5083ad5a450,
1005631,87b4577e-e26a-47a6-8a32-b6bd1a56c06b,
1005631,a2af1d35-6709-4551-a3a6-a161bfd74966,
1005631,f07ddbf1-8408-450e-bacb-174c1716fc81,
1001999,3232b375-3959-4e3a-9dd0-2c2d98cb1776,http://www.CityofUtica.com
1001999,268a80c2-c4ce-4768-b89a-d5083ad5a450,
1001999,87b4577e-e26a-47a6-8a32-b6bd1a56c06b,
1001999,a2af1d35-6709-4551-a3a6-a161bfd74966,
1001999,f07ddbf1-8408-450e-bacb-174c1716fc81,
1018535,3232b375-3959-4e3a-9dd0-2c2d98cb1776,http://vancecounty.org
1018535,268a80c2-c4ce-4768-b89a-d5083ad5a450,Vance County Regional Farmers Market
1018535,87b4577e-e26a-47a6-8a32-b6bd1a56c06b,Vance County Regional Farmers Market
1018535,a2af1d35-6709-4551-a3a6-a161bfd74966,
1018535,f07ddbf1-8408-450e-bacb-174c1716fc81,
1019692,3232b375-3959-4e3a-9dd0-2c2d98cb1776,https://www.vanderbiltfarmersmarket.com/
1019692,268a80c2-c4ce-4768-b89a-d5083ad5a450,https://www.facebook.com/vanderbiltfarmersmarket
1019692,87b4577e-e26a-47a6-8a32-b6bd1a56c06b,
1019692,a2af1d35-6709-4551-a3a6-a161bfd74966,
1019692,f07ddbf1-8408-450e-bacb-174c1716fc81,https://www.instagram.com/vanderbiltmarket/
1012325,3232b375-3959-4e3a-9dd0-2c2d98cb1776,http://www.vashonfarmersmarket.org
1012325,268a80c2-c4ce-4768-b89a-d5083ad5a450,www.facebook.com/vashonfarmersmarket
1012325,87b4577e-e26a-47a6-8a32-b6bd1a56c06b,
1012325,a2af1d35-6709-4551-a3a6-a161bfd74966,
1012325,f07ddbf1-8408-450e-bacb-174c1716fc81,https://www.instagram.com/viga_vashonfresh/
1018597,3232b375-3959-4e3a-9dd0-2c2d98cb1776,http://www.vermillionfarmersmarket.org
1018597,268a80c2-c4ce-4768-b89a-d5083ad5a450,https://www.facebook.com/groups/VAFarmersMarket/
1018597,87b4577e-e26a-47a6-8a32-b6bd1a56c06b,https://twitter.com/VAFarmMkt
1018597,a2af1d35-6709-4551-a3a6-a161bfd74966,https://www.youtube.com/channel/UCoZ5JxA7x2CKzsVmdUxySFg
1018597,f07ddbf1-8408-450e-bacb-174c1716fc81,
1018598,3232b375-3959-4e3a-9dd0-2c2d98cb1776,http://www.vermillionfarmersmarket.org
1018598,268a80c2-c4ce-4768-b89a-d5083ad5a450,https://www.facebook.com/groups/VAFarmersMarket/
1018598,87b4577e-e26a-47a6-8a32-b6bd1a56c06b,https://twitter.com/VAFarmMkt
1018598,a2af1d35-6709-4551-a3a6-a161bfd74966,https://www.youtube.com/channel/UCoZ5JxA7x2CKzsVmdUxySFg
1018598,f07ddbf1-8408-450e-bacb-174c1716fc81,
1019078,3232b375-3959-4e3a-9dd0-2c2d98cb1776,https://vtfarmersmarket.org/
1019078,268a80c2-c4ce-4768-b89a-d5083ad5a450,The Vermont Farmers Market
1019078,87b4577e-e26a-47a6-8a32-b6bd1a56c06b,@VFMRutland
1019078,a2af1d35-6709-4551-a3a6-a161bfd74966,
1019078,f07ddbf1-8408-450e-bacb-174c1716fc81,
1019080,3232b375-3959-4e3a-9dd0-2c2d98cb1776,https://vtfarmersmarket.org/
1019080,268a80c2-c4ce-4768-b89a-d5083ad5a450,The Vermont Farmers Market
1019080,87b4577e-e26a-47a6-8a32-b6bd1a56c06b,@VFMRutland
1019080,a2af1d35-6709-4551-a3a6-a161bfd74966,
1019080,f07ddbf1-8408-450e-bacb-174c1716fc81,
1019182,3232b375-3959-4e3a-9dd0-2c2d98cb1776,
1019182,268a80c2-c4ce-4768-b89a-d5083ad5a450,Nevada Vernon County Farmers Market
1019182,87b4577e-e26a-47a6-8a32-b6bd1a56c06b,
1019182,a2af1d35-6709-4551-a3a6-a161bfd74966,
1019182,f07ddbf1-8408-450e-bacb-174c1716fc81,
1019952,3232b375-3959-4e3a-9dd0-2c2d98cb1776,http://vhpdfarmersmarket.org
1019952,268a80c2-c4ce-4768-b89a-d5083ad5a450,
1019952,87b4577e-e26a-47a6-8a32-b6bd1a56c06b,
1019952,a2af1d35-6709-4551-a3a6-a161bfd74966,
1019952,f07ddbf1-8408-450e-bacb-174c1716fc81,
1020048,3232b375-3959-4e3a-9dd0-2c2d98cb1776,https://www.projectgrows.org/food-access/north-augusta-farmers-market/
1020048,268a80c2-c4ce-4768-b89a-d5083ad5a450,https://www.facebook.com/NAFarmMarket/?ref=bookmarks
1020048,87b4577e-e26a-47a6-8a32-b6bd1a56c06b,
1020048,a2af1d35-6709-4551-a3a6-a161bfd74966,
1020048,f07ddbf1-8408-450e-bacb-174c1716fc81,
1012247,3232b375-3959-4e3a-9dd0-2c2d98cb1776,
1012247,268a80c2-c4ce-4768-b89a-d5083ad5a450,Vicksburg Farmers' Market
1012247,87b4577e-e26a-47a6-8a32-b6bd1a56c06b,
1012247,a2af1d35-6709-4551-a3a6-a161bfd74966,
1012247,f07ddbf1-8408-450e-bacb-174c1716fc81,
1019513,3232b375-3959-4e3a-9dd0-2c2d98cb1776,http://www.tfbgc.org/farmers-market
1019513,268a80c2-c4ce-4768-b89a-d5083ad5a450,https://www.facebook.com/VictoriaFarmersMarket/
1019513,87b4577e-e26a-47a6-8a32-b6bd1a56c06b,
1019513,a2af1d35-6709-4551-a3a6-a161bfd74966,
1019513,f07ddbf1-8408-450e-bacb-174c1716fc81,Instagram: @victoriafarmersmarket
1012297,3232b375-3959-4e3a-9dd0-2c2d98cb1776,http://slavicvillage.org/villagemarket
1012297,268a80c2-c4ce-4768-b89a-d5083ad5a450,https://www.facebook.com/VillageMarketSlavicVillage/
1012297,87b4577e-e26a-47a6-8a32-b6bd1a56c06b,
1012297,a2af1d35-6709-4551-a3a6-a161bfd74966,
1012297,f07ddbf1-8408-450e-bacb-174c1716fc81,
1018155,3232b375-3959-4e3a-9dd0-2c2d98cb1776,
1018155,268a80c2-c4ce-4768-b89a-d5083ad5a450,Constantine Farmers' Market
1018155,87b4577e-e26a-47a6-8a32-b6bd1a56c06b,
1018155,a2af1d35-6709-4551-a3a6-a161bfd74966,
1018155,f07ddbf1-8408-450e-bacb-174c1716fc81,
1019645,3232b375-3959-4e3a-9dd0-2c2d98cb1776,http://www.lemont.il.us/FarmersMarket
1019645,268a80c2-c4ce-4768-b89a-d5083ad5a450,http://www.facebook.com/VillageofLemont
1019645,87b4577e-e26a-47a6-8a32-b6bd1a56c06b,
1019645,a2af1d35-6709-4551-a3a6-a161bfd74966,
1019645,f07ddbf1-8408-450e-bacb-174c1716fc81,
1019156,3232b375-3959-4e3a-9dd0-2c2d98cb1776,http://www.skokie.org/FarmersMarket.cfm
1019156,268a80c2-c4ce-4768-b89a-d5083ad5a450,
1019156,87b4577e-e26a-47a6-8a32-b6bd1a56c06b,
1019156,a2af1d35-6709-4551-a3a6-a161bfd74966,
1019156,f07ddbf1-8408-450e-bacb-174c1716fc81,https://www.instagram.com/skokiefarmersmarket/?hl=en
1006342,3232b375-3959-4e3a-9dd0-2c2d98cb1776,http://www.vincennes.org
1006342,268a80c2-c4ce-4768-b89a-d5083ad5a450,Vincennes Historic Farmers Market
1006342,87b4577e-e26a-47a6-8a32-b6bd1a56c06b,
1006342,a2af1d35-6709-4551-a3a6-a161bfd74966,
1006342,f07ddbf1-8408-450e-bacb-174c1716fc81,Facebook
1021297,3232b375-3959-4e3a-9dd0-2c2d98cb1776,https://ofallonstation.com/vine-street-market/
1021297,268a80c2-c4ce-4768-b89a-d5083ad5a450,@vinestreetmarketofallon
1021297,87b4577e-e26a-47a6-8a32-b6bd1a56c06b,
1021297,a2af1d35-6709-4551-a3a6-a161bfd74966,
1021297,f07ddbf1-8408-450e-bacb-174c1716fc81,Instagram:  @vinestreetmarketofallon 
1018214,3232b375-3959-4e3a-9dd0-2c2d98cb1776,http://www.vineyardfarmersmarket.com
1018214,268a80c2-c4ce-4768-b89a-d5083ad5a450,https://www.facebook.com/VineyardFarmersMarket/
1018214,87b4577e-e26a-47a6-8a32-b6bd1a56c06b,
1018214,a2af1d35-6709-4551-a3a6-a161bfd74966,
1018214,f07ddbf1-8408-450e-bacb-174c1716fc81,
1021487,3232b375-3959-4e3a-9dd0-2c2d98cb1776,https://cfmatl.org/virginia-highland/
1021487,268a80c2-c4ce-4768-b89a-d5083ad5a450,www.facebook.com/VirginiaHighlandFarmersMarket
1021487,87b4577e-e26a-47a6-8a32-b6bd1a56c06b,
1021487,a2af1d35-6709-4551-a3a6-a161bfd74966,
1021487,f07ddbf1-8408-450e-bacb-174c1716fc81,
1021251,3232b375-3959-4e3a-9dd0-2c2d98cb1776,http://urbanoasisproject.org
1021251,268a80c2-c4ce-4768-b89a-d5083ad5a450,https://www.facebook.com/urbanoasisproject
1021251,87b4577e-e26a-47a6-8a32-b6bd1a56c06b,
1021251,a2af1d35-6709-4551-a3a6-a161bfd74966,
1021251,f07ddbf1-8408-450e-bacb-174c1716fc81,
1018504,3232b375-3959-4e3a-9dd0-2c2d98cb1776,
1018504,268a80c2-c4ce-4768-b89a-d5083ad5a450,https://www.facebook.com/VoluntownFarmersArtisansMarket/
1018504,87b4577e-e26a-47a6-8a32-b6bd1a56c06b,
1018504,a2af1d35-6709-4551-a3a6-a161bfd74966,
1018504,f07ddbf1-8408-450e-bacb-174c1716fc81,https://www.instagram.com/voluntown_farmers_market/
1001925,3232b375-3959-4e3a-9dd0-2c2d98cb1776,
1001925,268a80c2-c4ce-4768-b89a-d5083ad5a450,https://www.facebook.com/VoorheesvilleFarmersMarket
1001925,87b4577e-e26a-47a6-8a32-b6bd1a56c06b,
1001925,a2af1d35-6709-4551-a3a6-a161bfd74966,
1001925,f07ddbf1-8408-450e-bacb-174c1716fc81,
1010394,3232b375-3959-4e3a-9dd0-2c2d98cb1776,
1010394,268a80c2-c4ce-4768-b89a-d5083ad5a450,www.facebook.com/wabashafm
1010394,87b4577e-e26a-47a6-8a32-b6bd1a56c06b,
1010394,a2af1d35-6709-4551-a3a6-a161bfd74966,
1010394,f07ddbf1-8408-450e-bacb-174c1716fc81,
1019155,3232b375-3959-4e3a-9dd0-2c2d98cb1776,http://wacodowntownfarmersmarket.org
1019155,268a80c2-c4ce-4768-b89a-d5083ad5a450,https://www.facebook.com/WacoDowntownFarmersMarket/
1019155,87b4577e-e26a-47a6-8a32-b6bd1a56c06b,
1019155,a2af1d35-6709-4551-a3a6-a161bfd74966,
1019155,f07ddbf1-8408-450e-bacb-174c1716fc81,https://www.instagram.com/wacofarmersmkt/
1021537,3232b375-3959-4e3a-9dd0-2c2d98cb1776,
1021537,268a80c2-c4ce-4768-b89a-d5083ad5a450,@wagonermarket
1021537,87b4577e-e26a-47a6-8a32-b6bd1a56c06b,
1021537,a2af1d35-6709-4551-a3a6-a161bfd74966,
1021537,f07ddbf1-8408-450e-bacb-174c1716fc81,
1005268,3232b375-3959-4e3a-9dd0-2c2d98cb1776,http://www.honolulu.gov/parks/programs/pom
1005268,268a80c2-c4ce-4768-b89a-d5083ad5a450,
1005268,87b4577e-e26a-47a6-8a32-b6bd1a56c06b,
1005268,a2af1d35-6709-4551-a3a6-a161bfd74966,
1005268,f07ddbf1-8408-450e-bacb-174c1716fc81,
1004574,3232b375-3959-4e3a-9dd0-2c2d98cb1776,
1004574,268a80c2-c4ce-4768-b89a-d5083ad5a450,
1004574,87b4577e-e26a-47a6-8a32-b6bd1a56c06b,
1004574,a2af1d35-6709-4551-a3a6-a161bfd74966,
1004574,f07ddbf1-8408-450e-bacb-174c1716fc81,
1005263,3232b375-3959-4e3a-9dd0-2c2d98cb1776,http://www.co.honolulu.hi.us/parks/programs/pom
1005263,268a80c2-c4ce-4768-b89a-d5083ad5a450,
1005263,87b4577e-e26a-47a6-8a32-b6bd1a56c06b,
1005263,a2af1d35-6709-4551-a3a6-a161bfd74966,
1005263,f07ddbf1-8408-450e-bacb-174c1716fc81,
1005269,3232b375-3959-4e3a-9dd0-2c2d98cb1776,http://www.honolulu.gov/parks/programs/pom
1005269,268a80c2-c4ce-4768-b89a-d5083ad5a450,
1005269,87b4577e-e26a-47a6-8a32-b6bd1a56c06b,
1005269,a2af1d35-6709-4551-a3a6-a161bfd74966,
1005269,f07ddbf1-8408-450e-bacb-174c1716fc81,
1005264,3232b375-3959-4e3a-9dd0-2c2d98cb1776,http://www.honolulu.gov/parks/programs/pom
1005264,268a80c2-c4ce-4768-b89a-d5083ad5a450,
1005264,87b4577e-e26a-47a6-8a32-b6bd1a56c06b,
1005264,a2af1d35-6709-4551-a3a6-a161bfd74966,
1005264,f07ddbf1-8408-450e-bacb-174c1716fc81,
1005266,3232b375-3959-4e3a-9dd0-2c2d98cb1776,http://www.honolulu.gov/parks/programs/pom
1005266,268a80c2-c4ce-4768-b89a-d5083ad5a450,
1005266,87b4577e-e26a-47a6-8a32-b6bd1a56c06b,
1005266,a2af1d35-6709-4551-a3a6-a161bfd74966,
1005266,f07ddbf1-8408-450e-bacb-174c1716fc81,
1019489,3232b375-3959-4e3a-9dd0-2c2d98cb1776,https://www.fairfaxcounty.gov/parks/farmersmarkets/wakefield
1019489,268a80c2-c4ce-4768-b89a-d5083ad5a450,https://www.facebook.com/events/420079218795888/
1019489,87b4577e-e26a-47a6-8a32-b6bd1a56c06b,
1019489,a2af1d35-6709-4551-a3a6-a161bfd74966,
1019489,f07ddbf1-8408-450e-bacb-174c1716fc81,@fairfaxfarmmarkets
1021340,3232b375-3959-4e3a-9dd0-2c2d98cb1776,http://www.sfmamarkets.com/visit-wallingford-farmers-market
1021340,268a80c2-c4ce-4768-b89a-d5083ad5a450,https://www.facebook.com/WallingfordFarmersMarket
1021340,87b4577e-e26a-47a6-8a32-b6bd1a56c06b,
1021340,a2af1d35-6709-4551-a3a6-a161bfd74966,
1021340,f07ddbf1-8408-450e-bacb-174c1716fc81,https://www.instagram.com/sfmamarkets/
1020197,3232b375-3959-4e3a-9dd0-2c2d98cb1776,http://www.cccfm.org/
1020197,268a80c2-c4ce-4768-b89a-d5083ad5a450,https://www.facebook.com/WalnutCreekFarmersMarket
1020197,87b4577e-e26a-47a6-8a32-b6bd1a56c06b,
1020197,a2af1d35-6709-4551-a3a6-a161bfd74966,
1020197,f07ddbf1-8408-450e-bacb-174c1716fc81,https://www.instagram.com/walnutcreekfarmersmarket/
1018219,3232b375-3959-4e3a-9dd0-2c2d98cb1776,
1018219,268a80c2-c4ce-4768-b89a-d5083ad5a450,Wapello County  Farmers Market
1018219,87b4577e-e26a-47a6-8a32-b6bd1a56c06b,
1018219,a2af1d35-6709-4551-a3a6-a161bfd74966,
1018219,f07ddbf1-8408-450e-bacb-174c1716fc81,
1021366,3232b375-3959-4e3a-9dd0-2c2d98cb1776,http://www.wheretexasbecametexas.org
1021366,268a80c2-c4ce-4768-b89a-d5083ad5a450,https://www.facebook.com/events/2544980005810836
1021366,87b4577e-e26a-47a6-8a32-b6bd1a56c06b,
1021366,a2af1d35-6709-4551-a3a6-a161bfd74966,
1021366,f07ddbf1-8408-450e-bacb-174c1716fc81,
1018552,3232b375-3959-4e3a-9dd0-2c2d98cb1776,http://www.waterfrontfarmersmarket.org
1018552,268a80c2-c4ce-4768-b89a-d5083ad5a450,www.facebook.com/waterfrontfarmersmarketgigharbor/
1018552,87b4577e-e26a-47a6-8a32-b6bd1a56c06b,@WaterfrontMktGH
1018552,a2af1d35-6709-4551-a3a6-a161bfd74966,
1018552,f07ddbf1-8408-450e-bacb-174c1716fc81,Instagram: @waterfrontfarmersmarket
1020021,3232b375-3959-4e3a-9dd0-2c2d98cb1776,
1020021,268a80c2-c4ce-4768-b89a-d5083ad5a450,https://www.facebook.com/rotaryfarmarket
1020021,87b4577e-e26a-47a6-8a32-b6bd1a56c06b,
1020021,a2af1d35-6709-4551-a3a6-a161bfd74966,
1020021,f07ddbf1-8408-450e-bacb-174c1716fc81,
1019394,3232b375-3959-4e3a-9dd0-2c2d98cb1776,
1019394,268a80c2-c4ce-4768-b89a-d5083ad5a450,https://www.facebook.com/Watertown-CT-Farmers-Market-296552447624881/
1019394,87b4577e-e26a-47a6-8a32-b6bd1a56c06b,
1019394,a2af1d35-6709-4551-a3a6-a161bfd74966,
1019394,f07ddbf1-8408-450e-bacb-174c1716fc81,
1018319,3232b375-3959-4e3a-9dd0-2c2d98cb1776,
1018319,268a80c2-c4ce-4768-b89a-d5083ad5a450,https://www.facebook.com/watfordmarket/
1018319,87b4577e-e26a-47a6-8a32-b6bd1a56c06b,
1018319,a2af1d35-6709-4551-a3a6-a161bfd74966,
1018319,f07ddbf1-8408-450e-bacb-174c1716fc81,
1001962,3232b375-3959-4e3a-9dd0-2c2d98cb1776,
1001962,268a80c2-c4ce-4768-b89a-d5083ad5a450,https://www.facebook.com/WaukonFM
1001962,87b4577e-e26a-47a6-8a32-b6bd1a56c06b,
1001962,a2af1d35-6709-4551-a3a6-a161bfd74966,
1001962,f07ddbf1-8408-450e-bacb-174c1716fc81,
1011229,3232b375-3959-4e3a-9dd0-2c2d98cb1776,http://www.waygreeninc.org
1011229,268a80c2-c4ce-4768-b89a-d5083ad5a450,https://www.facebook.com/WayxGreen/
1011229,87b4577e-e26a-47a6-8a32-b6bd1a56c06b,
1011229,a2af1d35-6709-4551-a3a6-a161bfd74966,
1011229,f07ddbf1-8408-450e-bacb-174c1716fc81,Instagram @WayxGreen
1019613,3232b375-3959-4e3a-9dd0-2c2d98cb1776,
1019613,268a80c2-c4ce-4768-b89a-d5083ad5a450,https://www.facebook.com/groups/marketonmainstreet/
1019613,87b4577e-e26a-47a6-8a32-b6bd1a56c06b,
1019613,a2af1d35-6709-4551-a3a6-a161bfd74966,
1019613,f07ddbf1-8408-450e-bacb-174c1716fc81,
1004499,3232b375-3959-4e3a-9dd0-2c2d98cb1776,https://www.russellsgc.com/farmersmarket
1004499,268a80c2-c4ce-4768-b89a-d5083ad5a450,https://www.facebook.com/pages/Wayland-Summer-Farmers-Market/216269755070032
1004499,87b4577e-e26a-47a6-8a32-b6bd1a56c06b,Wayland Wint/Sum Mkt
1004499,a2af1d35-6709-4551-a3a6-a161bfd74966,
1004499,f07ddbf1-8408-450e-bacb-174c1716fc81,Instagram: waylandfarmersmarket
1019016,3232b375-3959-4e3a-9dd0-2c2d98cb1776,
1019016,268a80c2-c4ce-4768-b89a-d5083ad5a450,Wayne County Farmers Market
1019016,87b4577e-e26a-47a6-8a32-b6bd1a56c06b,
1019016,a2af1d35-6709-4551-a3a6-a161bfd74966,
1019016,f07ddbf1-8408-450e-bacb-174c1716fc81,
1021559,3232b375-3959-4e3a-9dd0-2c2d98cb1776,
1021559,268a80c2-c4ce-4768-b89a-d5083ad5a450,Wayne County Farmers Market 
1021559,87b4577e-e26a-47a6-8a32-b6bd1a56c06b,
1021559,a2af1d35-6709-4551-a3a6-a161bfd74966,
1021559,f07ddbf1-8408-450e-bacb-174c1716fc81,
1012485,3232b375-3959-4e3a-9dd0-2c2d98cb1776,http://coe.wayne.edu/centerforhealthandcommunityimpact/farmersmarket.php
1012485,268a80c2-c4ce-4768-b89a-d5083ad5a450,https://facebook.com/WSUFarmersMarket/
1012485,87b4577e-e26a-47a6-8a32-b6bd1a56c06b,@wsufarmersmkt
1012485,a2af1d35-6709-4551-a3a6-a161bfd74966,
1012485,f07ddbf1-8408-450e-bacb-174c1716fc81,Instagram: wsufarmersmarket
1020047,3232b375-3959-4e3a-9dd0-2c2d98cb1776,https://www.projectgrows.org
1020047,268a80c2-c4ce-4768-b89a-d5083ad5a450,https://www.facebook.com/WboroFM/
1020047,87b4577e-e26a-47a6-8a32-b6bd1a56c06b,
1020047,a2af1d35-6709-4551-a3a6-a161bfd74966,
1020047,f07ddbf1-8408-450e-bacb-174c1716fc81,
1019124,3232b375-3959-4e3a-9dd0-2c2d98cb1776,http://waynesbugpa.org
1019124,268a80c2-c4ce-4768-b89a-d5083ad5a450,https://www.facebook.com/Waynesburg-Farmers-Market-236396956398280/
1019124,87b4577e-e26a-47a6-8a32-b6bd1a56c06b,
1019124,a2af1d35-6709-4551-a3a6-a161bfd74966,
1019124,f07ddbf1-8408-450e-bacb-174c1716fc81,
1021709,3232b375-3959-4e3a-9dd0-2c2d98cb1776,http://www.eastprovidencelibrary.org
1021709,268a80c2-c4ce-4768-b89a-d5083ad5a450,https://www.facebook.com/weaverlibraryfarmersmarket
1021709,87b4577e-e26a-47a6-8a32-b6bd1a56c06b,
1021709,a2af1d35-6709-4551-a3a6-a161bfd74966,
1021709,f07ddbf1-8408-450e-bacb-174c1716fc81,
1021452,3232b375-3959-4e3a-9dd0-2c2d98cb1776,http://www.webbcityfarmersmarket.com/
1021452,268a80c2-c4ce-4768-b89a-d5083ad5a450,https://www.facebook.com/WebbCityFarmersMarket
1021452,87b4577e-e26a-47a6-8a32-b6bd1a56c06b,
1021452,a2af1d35-6709-4551-a3a6-a161bfd74966,https://www.youtube.com/channel/UCcFOS0YzbUDbb_dj5xQXcZg
1021452,f07ddbf1-8408-450e-bacb-174c1716fc81,http://webbcityfarmersmarket.blogspot.com/
1006093,3232b375-3959-4e3a-9dd0-2c2d98cb1776,
1006093,268a80c2-c4ce-4768-b89a-d5083ad5a450,
1006093,87b4577e-e26a-47a6-8a32-b6bd1a56c06b,
1006093,a2af1d35-6709-4551-a3a6-a161bfd74966,
1006093,f07ddbf1-8408-450e-bacb-174c1716fc81,
1000384,3232b375-3959-4e3a-9dd0-2c2d98cb1776,http://www.webstersjoeobbiefarmersmarketinc.org
1000384,268a80c2-c4ce-4768-b89a-d5083ad5a450,https://www.facebook.com/pages/Websters-Joe-Obbie-Farmers-Market-Inc/271407932889827
1000384,87b4577e-e26a-47a6-8a32-b6bd1a56c06b,
1000384,a2af1d35-6709-4551-a3a6-a161bfd74966,
1000384,f07ddbf1-8408-450e-bacb-174c1716fc81,
1019864,3232b375-3959-4e3a-9dd0-2c2d98cb1776,https://indianafarmmarket.blogspot.com/
1019864,268a80c2-c4ce-4768-b89a-d5083ad5a450,https://www.facebook.com/indianafarmmarket/
1019864,87b4577e-e26a-47a6-8a32-b6bd1a56c06b,
1019864,a2af1d35-6709-4551-a3a6-a161bfd74966,
1019864,f07ddbf1-8408-450e-bacb-174c1716fc81,
1012212,3232b375-3959-4e3a-9dd0-2c2d98cb1776,
1012212,268a80c2-c4ce-4768-b89a-d5083ad5a450,Weiser Farmers Market
1012212,87b4577e-e26a-47a6-8a32-b6bd1a56c06b,
1012212,a2af1d35-6709-4551-a3a6-a161bfd74966,
1012212,f07ddbf1-8408-450e-bacb-174c1716fc81,
1019641,3232b375-3959-4e3a-9dd0-2c2d98cb1776,
1019641,268a80c2-c4ce-4768-b89a-d5083ad5a450,https://www.facebook.com/Harrison-County-Iowa-Welcome-Center-198265796855610/
1019641,87b4577e-e26a-47a6-8a32-b6bd1a56c06b,
1019641,a2af1d35-6709-4551-a3a6-a161bfd74966,
1019641,f07ddbf1-8408-450e-bacb-174c1716fc81,
1019114,3232b375-3959-4e3a-9dd0-2c2d98cb1776,http://www.wellfleetfarmersmarket.com/
1019114,268a80c2-c4ce-4768-b89a-d5083ad5a450,https://www.facebook.com/WellfleetFarmersMarket/
1019114,87b4577e-e26a-47a6-8a32-b6bd1a56c06b,
1019114,a2af1d35-6709-4551-a3a6-a161bfd74966,
1019114,f07ddbf1-8408-450e-bacb-174c1716fc81,https://www.instagram.com/wellfleetfarmersmarket/
1002890,3232b375-3959-4e3a-9dd0-2c2d98cb1776,http://www.wellingtonsquarefarmersmarket.com
1002890,268a80c2-c4ce-4768-b89a-d5083ad5a450,https://www.facebook.com/wellingtonsquarefarmersmarket
1002890,87b4577e-e26a-47a6-8a32-b6bd1a56c06b,https://twitter.com/wsfarmersmarket
1002890,a2af1d35-6709-4551-a3a6-a161bfd74966,
1002890,f07ddbf1-8408-450e-bacb-174c1716fc81,
1002280,3232b375-3959-4e3a-9dd0-2c2d98cb1776,
1002280,268a80c2-c4ce-4768-b89a-d5083ad5a450,https://www.facebook.com/pages/WesMar-Farms
1002280,87b4577e-e26a-47a6-8a32-b6bd1a56c06b,
1002280,a2af1d35-6709-4551-a3a6-a161bfd74966,
1002280,f07ddbf1-8408-450e-bacb-174c1716fc81,
1019067,3232b375-3959-4e3a-9dd0-2c2d98cb1776,http://leapforlocalfood.org/westend
1019067,268a80c2-c4ce-4768-b89a-d5083ad5a450,https://www.facebook.com/WestEndCommunityMarket/
1019067,87b4577e-e26a-47a6-8a32-b6bd1a56c06b,http://twitter.com/leap4local
1019067,a2af1d35-6709-4551-a3a6-a161bfd74966,
1019067,f07ddbf1-8408-450e-bacb-174c1716fc81,http://instagram.com/leapmarkets
1021569,3232b375-3959-4e3a-9dd0-2c2d98cb1776,
1021569,268a80c2-c4ce-4768-b89a-d5083ad5a450,https://www.facebook.com/WestHavenFarmersMarket/
1021569,87b4577e-e26a-47a6-8a32-b6bd1a56c06b,
1021569,a2af1d35-6709-4551-a3a6-a161bfd74966,
1021569,f07ddbf1-8408-450e-bacb-174c1716fc81,
1018650,3232b375-3959-4e3a-9dd0-2c2d98cb1776,http://www.wlafarmersmarket.com
1018650,268a80c2-c4ce-4768-b89a-d5083ad5a450,https://www.facebook.com/WestLaFarmersMarket/
1018650,87b4577e-e26a-47a6-8a32-b6bd1a56c06b,
1018650,a2af1d35-6709-4551-a3a6-a161bfd74966,
1018650,f07ddbf1-8408-450e-bacb-174c1716fc81,https://www.instagram.com/westlafarmersmarket/?hl=en
1011203,3232b375-3959-4e3a-9dd0-2c2d98cb1776,http://wlfarmersmarket.com/
1011203,268a80c2-c4ce-4768-b89a-d5083ad5a450,www.facebook.com/westlafayettefarmersmarket
1011203,87b4577e-e26a-47a6-8a32-b6bd1a56c06b,@WLFarmersMkt
1011203,a2af1d35-6709-4551-a3a6-a161bfd74966,
1011203,f07ddbf1-8408-450e-bacb-174c1716fc81,Instagram: wlfarmersmarket
1019424,3232b375-3959-4e3a-9dd0-2c2d98cb1776,http://WOFarmersMarket.com
1019424,268a80c2-c4ce-4768-b89a-d5083ad5a450,https://www.facebook.com/WestOrangeFM
1019424,87b4577e-e26a-47a6-8a32-b6bd1a56c06b,
1019424,a2af1d35-6709-4551-a3a6-a161bfd74966,
1019424,f07ddbf1-8408-450e-bacb-174c1716fc81,
1019657,3232b375-3959-4e3a-9dd0-2c2d98cb1776,
1019657,268a80c2-c4ce-4768-b89a-d5083ad5a450,www.facebook.com/WestPlainsAreaFarmersMarket/
1019657,87b4577e-e26a-47a6-8a32-b6bd1a56c06b,
1019657,a2af1d35-6709-4551-a3a6-a161bfd74966,
1019657,f07ddbf1-8408-450e-bacb-174c1716fc81,
1019877,3232b375-3959-4e3a-9dd0-2c2d98cb1776,
1019877,268a80c2-c4ce-4768-b89a-d5083ad5a450,
1019877,87b4577e-e26a-47a6-8a32-b6bd1a56c06b,
1019877,a2af1d35-6709-4551-a3a6-a161bfd74966,
1019877,f07ddbf1-8408-450e-bacb-174c1716fc81,
1002177,3232b375-3959-4e3a-9dd0-2c2d98cb1776,
1002177,268a80c2-c4ce-4768-b89a-d5083ad5a450,https://www.facebook.com/pages/WestPointTownofHighlandsFarmersMarket
1002177,87b4577e-e26a-47a6-8a32-b6bd1a56c06b,
1002177,a2af1d35-6709-4551-a3a6-a161bfd74966,
1002177,f07ddbf1-8408-450e-bacb-174c1716fc81,
1016908,3232b375-3959-4e3a-9dd0-2c2d98cb1776,http://www.presencehealth.org/west-town-health-market
1016908,268a80c2-c4ce-4768-b89a-d5083ad5a450,https://www.facebook.com/PresenceHealth/
1016908,87b4577e-e26a-47a6-8a32-b6bd1a56c06b,
1016908,a2af1d35-6709-4551-a3a6-a161bfd74966,
1016908,f07ddbf1-8408-450e-bacb-174c1716fc81,
1019911,3232b375-3959-4e3a-9dd0-2c2d98cb1776,https://guide.farmfreshri.org/food/farmersmarkets_details.php?market=30
1019911,268a80c2-c4ce-4768-b89a-d5083ad5a450,https://www.facebook.com/farmfreshri/
1019911,87b4577e-e26a-47a6-8a32-b6bd1a56c06b,
1019911,a2af1d35-6709-4551-a3a6-a161bfd74966,
1019911,f07ddbf1-8408-450e-bacb-174c1716fc81,
1012204,3232b375-3959-4e3a-9dd0-2c2d98cb1776,http://www.westbrookvillage.org
1012204,268a80c2-c4ce-4768-b89a-d5083ad5a450,
1012204,87b4577e-e26a-47a6-8a32-b6bd1a56c06b,
1012204,a2af1d35-6709-4551-a3a6-a161bfd74966,
1012204,f07ddbf1-8408-450e-bacb-174c1716fc81,
1010319,3232b375-3959-4e3a-9dd0-2c2d98cb1776,http://westchasedistrictfarmersmarket.com
1010319,268a80c2-c4ce-4768-b89a-d5083ad5a450,https://www.facebook.com/westchasedistrictfarmersmarket
1010319,87b4577e-e26a-47a6-8a32-b6bd1a56c06b,
1010319,a2af1d35-6709-4551-a3a6-a161bfd74966,
1010319,f07ddbf1-8408-450e-bacb-174c1716fc81,
1019509,3232b375-3959-4e3a-9dd0-2c2d98cb1776,http://www.westcliffefarmersmarket.com
1019509,268a80c2-c4ce-4768-b89a-d5083ad5a450,www.facebook.com/WestcliffeFarmersMarket
1019509,87b4577e-e26a-47a6-8a32-b6bd1a56c06b,
1019509,a2af1d35-6709-4551-a3a6-a161bfd74966,
1019509,f07ddbf1-8408-450e-bacb-174c1716fc81,
1021367,3232b375-3959-4e3a-9dd0-2c2d98cb1776,http://www.westerlylandtrust.org
1021367,268a80c2-c4ce-4768-b89a-d5083ad5a450,@westerlypawcatuckfarmersmarket
1021367,87b4577e-e26a-47a6-8a32-b6bd1a56c06b,
1021367,a2af1d35-6709-4551-a3a6-a161bfd74966,
1021367,f07ddbf1-8408-450e-bacb-174c1716fc81,
1019364,3232b375-3959-4e3a-9dd0-2c2d98cb1776,
1019364,268a80c2-c4ce-4768-b89a-d5083ad5a450,https://www.facebook.com/RainelleRupertQuinwood/
1019364,87b4577e-e26a-47a6-8a32-b6bd1a56c06b,
1019364,a2af1d35-6709-4551-a3a6-a161bfd74966,
1019364,f07ddbf1-8408-450e-bacb-174c1716fc81,
1019444,3232b375-3959-4e3a-9dd0-2c2d98cb1776,http://www.UptownWestervilleInc.com
1019444,268a80c2-c4ce-4768-b89a-d5083ad5a450,Westerville Saturday Farmers Market
1019444,87b4577e-e26a-47a6-8a32-b6bd1a56c06b,
1019444,a2af1d35-6709-4551-a3a6-a161bfd74966,
1019444,f07ddbf1-8408-450e-bacb-174c1716fc81,Instagram: Westerville Farmers Market
1021274,3232b375-3959-4e3a-9dd0-2c2d98cb1776,http://www.westfieldfarmersmarket.org
1021274,268a80c2-c4ce-4768-b89a-d5083ad5a450,Westfieldfarmersmarket
1021274,87b4577e-e26a-47a6-8a32-b6bd1a56c06b,
1021274,a2af1d35-6709-4551-a3a6-a161bfd74966,
1021274,f07ddbf1-8408-450e-bacb-174c1716fc81,
1019797,3232b375-3959-4e3a-9dd0-2c2d98cb1776,http://www.westgatefarmersmarket.com
1019797,268a80c2-c4ce-4768-b89a-d5083ad5a450, https://www.facebook.com/WestgateFarmersMarket/
1019797,87b4577e-e26a-47a6-8a32-b6bd1a56c06b,
1019797,a2af1d35-6709-4551-a3a6-a161bfd74966,
1019797,f07ddbf1-8408-450e-bacb-174c1716fc81,https://www.instagram.com/westgatefarmersmarket/
1021246,3232b375-3959-4e3a-9dd0-2c2d98cb1776,http://www.westlandfarmersmarket.com/
1021246,268a80c2-c4ce-4768-b89a-d5083ad5a450,https://www.facebook.com/WestlandFarmersMarket
1021246,87b4577e-e26a-47a6-8a32-b6bd1a56c06b,
1021246,a2af1d35-6709-4551-a3a6-a161bfd74966,
1021246,f07ddbf1-8408-450e-bacb-174c1716fc81,https://www.instagram.com/westlandfarmersmarket
1002816,3232b375-3959-4e3a-9dd0-2c2d98cb1776,http://www.westminstermafarmersmarket.com/
1002816,268a80c2-c4ce-4768-b89a-d5083ad5a450,https://www.facebook.com/pages/Westminster-Farmers-Market/133750303302808?ref=hl
1002816,87b4577e-e26a-47a6-8a32-b6bd1a56c06b,
1002816,a2af1d35-6709-4551-a3a6-a161bfd74966,https://www.youtube.com/watch?v=vJdhQocOYCg
1002816,f07ddbf1-8408-450e-bacb-174c1716fc81,
1020070,3232b375-3959-4e3a-9dd0-2c2d98cb1776,
1020070,268a80c2-c4ce-4768-b89a-d5083ad5a450,https://www.facebook.com/westportrdbaptistfarmersmarket
1020070,87b4577e-e26a-47a6-8a32-b6bd1a56c06b,
1020070,a2af1d35-6709-4551-a3a6-a161bfd74966,
1020070,f07ddbf1-8408-450e-bacb-174c1716fc81,
1001661,3232b375-3959-4e3a-9dd0-2c2d98cb1776,http://www.westsidecommunitymarket.org
1001661,268a80c2-c4ce-4768-b89a-d5083ad5a450,https://www.facebook.com/WestsideCommunityMarket
1001661,87b4577e-e26a-47a6-8a32-b6bd1a56c06b,@WCM_Market
1001661,a2af1d35-6709-4551-a3a6-a161bfd74966,
1001661,f07ddbf1-8408-450e-bacb-174c1716fc81,Instagram: westside_community_market
1021217,3232b375-3959-4e3a-9dd0-2c2d98cb1776,http://www.westsidecommunitymarket.org
1021217,268a80c2-c4ce-4768-b89a-d5083ad5a450,www.facebook.com/WestsideCommunityMarket
1021217,87b4577e-e26a-47a6-8a32-b6bd1a56c06b,@WCM_Market
1021217,a2af1d35-6709-4551-a3a6-a161bfd74966,
1021217,f07ddbf1-8408-450e-bacb-174c1716fc81,Instagram: @westside_community_market
1004515,3232b375-3959-4e3a-9dd0-2c2d98cb1776,http://www.nwlansing.org
1004515,268a80c2-c4ce-4768-b89a-d5083ad5a450,https://www.facebook.com/nwlansing
1004515,87b4577e-e26a-47a6-8a32-b6bd1a56c06b,https://twitter.com/NWIlansing
1004515,a2af1d35-6709-4551-a3a6-a161bfd74966,
1004515,f07ddbf1-8408-450e-bacb-174c1716fc81,
1005280,3232b375-3959-4e3a-9dd0-2c2d98cb1776,http://www.santacruzfarmersmarket.org
1005280,268a80c2-c4ce-4768-b89a-d5083ad5a450,www.facebook.com/santacruzfarmersmarket/
1005280,87b4577e-e26a-47a6-8a32-b6bd1a56c06b,
1005280,a2af1d35-6709-4551-a3a6-a161bfd74966,
1005280,f07ddbf1-8408-450e-bacb-174c1716fc81,www.instagram.com/santacruzfarmersmkts/
1020020,3232b375-3959-4e3a-9dd0-2c2d98cb1776,http://www.farmermark.com/westwood
1020020,268a80c2-c4ce-4768-b89a-d5083ad5a450,https://www.facebook.com/farmermarkwv
1020020,87b4577e-e26a-47a6-8a32-b6bd1a56c06b,
1020020,a2af1d35-6709-4551-a3a6-a161bfd74966,
1020020,f07ddbf1-8408-450e-bacb-174c1716fc81,@farmermarkwv
1021258,3232b375-3959-4e3a-9dd0-2c2d98cb1776,https://www.weymouth.ma.us/farmers-market
1021258,268a80c2-c4ce-4768-b89a-d5083ad5a450,https://www.facebook.com/weyfarmersmarketprograms
1021258,87b4577e-e26a-47a6-8a32-b6bd1a56c06b,
1021258,a2af1d35-6709-4551-a3a6-a161bfd74966,
1021258,f07ddbf1-8408-450e-bacb-174c1716fc81,https://www.instagram.com/weymouthfarmersmarket/
1020010,3232b375-3959-4e3a-9dd0-2c2d98cb1776,
1020010,268a80c2-c4ce-4768-b89a-d5083ad5a450,https://www.facebook.com/WHFarmersMarket/
1020010,87b4577e-e26a-47a6-8a32-b6bd1a56c06b,
1020010,a2af1d35-6709-4551-a3a6-a161bfd74966,
1020010,f07ddbf1-8408-450e-bacb-174c1716fc81,
1021488,3232b375-3959-4e3a-9dd0-2c2d98cb1776,http://www.whitemountainsmarket.com
1021488,268a80c2-c4ce-4768-b89a-d5083ad5a450,https://www.facebook.com/AZWhiteMountainsMarket
1021488,87b4577e-e26a-47a6-8a32-b6bd1a56c06b,
1021488,a2af1d35-6709-4551-a3a6-a161bfd74966,
1021488,f07ddbf1-8408-450e-bacb-174c1716fc81,
1019955,3232b375-3959-4e3a-9dd0-2c2d98cb1776,
1019955,268a80c2-c4ce-4768-b89a-d5083ad5a450,https://www.facebook.com/SaturdayFarmersMarket
1019955,87b4577e-e26a-47a6-8a32-b6bd1a56c06b,
1019955,a2af1d35-6709-4551-a3a6-a161bfd74966,
1019955,f07ddbf1-8408-450e-bacb-174c1716fc81,
1019392,3232b375-3959-4e3a-9dd0-2c2d98cb1776,https://whitehavenkulliye.org/the-suq/
1019392,268a80c2-c4ce-4768-b89a-d5083ad5a450,
1019392,87b4577e-e26a-47a6-8a32-b6bd1a56c06b,
1019392,a2af1d35-6709-4551-a3a6-a161bfd74966,
1019392,f07ddbf1-8408-450e-bacb-174c1716fc81,
1020157,3232b375-3959-4e3a-9dd0-2c2d98cb1776,https://whitley.ca.uky.edu/FarmersMarket?fbclid=IwAR2QSgyjtKtnyLgqukENwHG2MaAa48SJY_RLeZqGPX-i9cqVHBrR2qmSo9c
1020157,268a80c2-c4ce-4768-b89a-d5083ad5a450,WCfarmersmarket
1020157,87b4577e-e26a-47a6-8a32-b6bd1a56c06b,
1020157,a2af1d35-6709-4551-a3a6-a161bfd74966,
1020157,f07ddbf1-8408-450e-bacb-174c1716fc81,Instagram: Whitleycountyfarmersmarket
1020156,3232b375-3959-4e3a-9dd0-2c2d98cb1776,https://whitley.ca.uky.edu/FarmersMarket?fbclid=IwAR2QSgyjtKtnyLgqukENwHG2MaAa48SJY_RLeZqGPX-i9cqVHBrR2qmSo9c
1020156,268a80c2-c4ce-4768-b89a-d5083ad5a450,WCfarmersmarket
1020156,87b4577e-e26a-47a6-8a32-b6bd1a56c06b,
1020156,a2af1d35-6709-4551-a3a6-a161bfd74966,
1020156,f07ddbf1-8408-450e-bacb-174c1716fc81,Instagram: whitleycountyfarmersmarket
1019221,3232b375-3959-4e3a-9dd0-2c2d98cb1776,http://whittierfarmersmarket.com
1019221,268a80c2-c4ce-4768-b89a-d5083ad5a450,@whittierfarmersmarket
1019221,87b4577e-e26a-47a6-8a32-b6bd1a56c06b,
1019221,a2af1d35-6709-4551-a3a6-a161bfd74966,
1019221,f07ddbf1-8408-450e-bacb-174c1716fc81,
1021495,3232b375-3959-4e3a-9dd0-2c2d98cb1776,
1021495,268a80c2-c4ce-4768-b89a-d5083ad5a450,
1021495,87b4577e-e26a-47a6-8a32-b6bd1a56c06b,
1021495,a2af1d35-6709-4551-a3a6-a161bfd74966,
1021495,f07ddbf1-8408-450e-bacb-174c1716fc81,
1021497,3232b375-3959-4e3a-9dd0-2c2d98cb1776,
1021497,268a80c2-c4ce-4768-b89a-d5083ad5a450,
1021497,87b4577e-e26a-47a6-8a32-b6bd1a56c06b,
1021497,a2af1d35-6709-4551-a3a6-a161bfd74966,
1021497,f07ddbf1-8408-450e-bacb-174c1716fc81,
1021498,3232b375-3959-4e3a-9dd0-2c2d98cb1776,
1021498,268a80c2-c4ce-4768-b89a-d5083ad5a450,
1021498,87b4577e-e26a-47a6-8a32-b6bd1a56c06b,
1021498,a2af1d35-6709-4551-a3a6-a161bfd74966,
1021498,f07ddbf1-8408-450e-bacb-174c1716fc81,
1021496,3232b375-3959-4e3a-9dd0-2c2d98cb1776,
1021496,268a80c2-c4ce-4768-b89a-d5083ad5a450,
1021496,87b4577e-e26a-47a6-8a32-b6bd1a56c06b,
1021496,a2af1d35-6709-4551-a3a6-a161bfd74966,
1021496,f07ddbf1-8408-450e-bacb-174c1716fc81,
1019878,3232b375-3959-4e3a-9dd0-2c2d98cb1776,
1019878,268a80c2-c4ce-4768-b89a-d5083ad5a450,
1019878,87b4577e-e26a-47a6-8a32-b6bd1a56c06b,
1019878,a2af1d35-6709-4551-a3a6-a161bfd74966,
1019878,f07ddbf1-8408-450e-bacb-174c1716fc81,
1019069,3232b375-3959-4e3a-9dd0-2c2d98cb1776,http://WTGPA.org
1019069,268a80c2-c4ce-4768-b89a-d5083ad5a450,WTGPA 
1019069,87b4577e-e26a-47a6-8a32-b6bd1a56c06b,
1019069,a2af1d35-6709-4551-a3a6-a161bfd74966,
1019069,f07ddbf1-8408-450e-bacb-174c1716fc81,
1018274,3232b375-3959-4e3a-9dd0-2c2d98cb1776,http://www.downtownnorthwilkesboro.com
1018274,268a80c2-c4ce-4768-b89a-d5083ad5a450,https://www.facebook.com/wilkescountyfarmersmarket/
1018274,87b4577e-e26a-47a6-8a32-b6bd1a56c06b,
1018274,a2af1d35-6709-4551-a3a6-a161bfd74966,
1018274,f07ddbf1-8408-450e-bacb-174c1716fc81,
1019652,3232b375-3959-4e3a-9dd0-2c2d98cb1776,http://wilkinsburgchamber.com
1019652,268a80c2-c4ce-4768-b89a-d5083ad5a450,
1019652,87b4577e-e26a-47a6-8a32-b6bd1a56c06b,
1019652,a2af1d35-6709-4551-a3a6-a161bfd74966,
1019652,f07ddbf1-8408-450e-bacb-174c1716fc81,
1021720,3232b375-3959-4e3a-9dd0-2c2d98cb1776,https://williamsburgfarmersmarket.com
1021720,268a80c2-c4ce-4768-b89a-d5083ad5a450,https://www.facebook.com/WilliamsburgFM
1021720,87b4577e-e26a-47a6-8a32-b6bd1a56c06b,https://twitter.com/WilliamsburgFM
1021720,a2af1d35-6709-4551-a3a6-a161bfd74966,
1021720,f07ddbf1-8408-450e-bacb-174c1716fc81,https://www.instagram.com/williamsburgfarmersmarket
1019337,3232b375-3959-4e3a-9dd0-2c2d98cb1776,http://www.healthyinthehills.com
1019337,268a80c2-c4ce-4768-b89a-d5083ad5a450,https://www.facebook.com/WilliamsonFarmersMarket/
1019337,87b4577e-e26a-47a6-8a32-b6bd1a56c06b,
1019337,a2af1d35-6709-4551-a3a6-a161bfd74966,
1019337,f07ddbf1-8408-450e-bacb-174c1716fc81,
1020187,3232b375-3959-4e3a-9dd0-2c2d98cb1776,https://uvfm.org/willow-glen-saturday
1020187,268a80c2-c4ce-4768-b89a-d5083ad5a450,https://www.facebook.com/UrbanVillageOnFB
1020187,87b4577e-e26a-47a6-8a32-b6bd1a56c06b,
1020187,a2af1d35-6709-4551-a3a6-a161bfd74966,
1020187,f07ddbf1-8408-450e-bacb-174c1716fc81,https://www.instagram.com/urbanvillage/
1019433,3232b375-3959-4e3a-9dd0-2c2d98cb1776,http://winchesterfarmersmarket.org
1019433,268a80c2-c4ce-4768-b89a-d5083ad5a450,winchfarmmkt
1019433,87b4577e-e26a-47a6-8a32-b6bd1a56c06b,winchfarmmkt
1019433,a2af1d35-6709-4551-a3a6-a161bfd74966,
1019433,f07ddbf1-8408-450e-bacb-174c1716fc81,instagram.com/winchesterfmkt
1019369,3232b375-3959-4e3a-9dd0-2c2d98cb1776,https://winchesterinfarmersmarket.blogspot.com/
1019369,268a80c2-c4ce-4768-b89a-d5083ad5a450,WinchesterMainStreet
1019369,87b4577e-e26a-47a6-8a32-b6bd1a56c06b,
1019369,a2af1d35-6709-4551-a3a6-a161bfd74966,
1019369,f07ddbf1-8408-450e-bacb-174c1716fc81,
1011274,3232b375-3959-4e3a-9dd0-2c2d98cb1776,http://www.tvwomeninag.com
1011274,268a80c2-c4ce-4768-b89a-d5083ad5a450,@winchesterrdfarmersmarket
1011274,87b4577e-e26a-47a6-8a32-b6bd1a56c06b,
1011274,a2af1d35-6709-4551-a3a6-a161bfd74966,
1011274,f07ddbf1-8408-450e-bacb-174c1716fc81,
1021231,3232b375-3959-4e3a-9dd0-2c2d98cb1776,
1021231,268a80c2-c4ce-4768-b89a-d5083ad5a450,https://www.facebook.com/WindmillParkFarmersMarket
1021231,87b4577e-e26a-47a6-8a32-b6bd1a56c06b,
1021231,a2af1d35-6709-4551-a3a6-a161bfd74966,
1021231,f07ddbf1-8408-450e-bacb-174c1716fc81,
1019229,3232b375-3959-4e3a-9dd0-2c2d98cb1776,http://winnsborofarmersmarket.com
1019229,268a80c2-c4ce-4768-b89a-d5083ad5a450,Winnsboro Farmers' Market
1019229,87b4577e-e26a-47a6-8a32-b6bd1a56c06b,
1019229,a2af1d35-6709-4551-a3a6-a161bfd74966,
1019229,f07ddbf1-8408-450e-bacb-174c1716fc81,
1019848,3232b375-3959-4e3a-9dd0-2c2d98cb1776,https://growoakridge.org/markets
1019848,268a80c2-c4ce-4768-b89a-d5083ad5a450,https://www.facebook.com/GrowOakRidge/
1019848,87b4577e-e26a-47a6-8a32-b6bd1a56c06b,https://twitter.com/ORWinterMarket
1019848,a2af1d35-6709-4551-a3a6-a161bfd74966,https://www.youtube.com/channel/UChY4t88TFXQ2HoE4JMk0ekQ
1019848,f07ddbf1-8408-450e-bacb-174c1716fc81,https://instagram.com/growoakridge
1019653,3232b375-3959-4e3a-9dd0-2c2d98cb1776,https://downtowngreenbay.com/explore/downtown-events/winter-farmers-market
1019653,268a80c2-c4ce-4768-b89a-d5083ad5a450,facebook.com/downtowngreenbay
1019653,87b4577e-e26a-47a6-8a32-b6bd1a56c06b,twitter.com/downtowngb
1019653,a2af1d35-6709-4551-a3a6-a161bfd74966,
1019653,f07ddbf1-8408-450e-bacb-174c1716fc81,
1019449,3232b375-3959-4e3a-9dd0-2c2d98cb1776,http://www.wyfftp.org/wintermarket
1019449,268a80c2-c4ce-4768-b89a-d5083ad5a450,www.facebook.com/foodforthoughtmarkets
1019449,87b4577e-e26a-47a6-8a32-b6bd1a56c06b,
1019449,a2af1d35-6709-4551-a3a6-a161bfd74966,
1019449,f07ddbf1-8408-450e-bacb-174c1716fc81,www.instagram.com/foodforthoughtmarkets
1018925,3232b375-3959-4e3a-9dd0-2c2d98cb1776,
1018925,268a80c2-c4ce-4768-b89a-d5083ad5a450,
1018925,87b4577e-e26a-47a6-8a32-b6bd1a56c06b,
1018925,a2af1d35-6709-4551-a3a6-a161bfd74966,
1018925,f07ddbf1-8408-450e-bacb-174c1716fc81,
1019463,3232b375-3959-4e3a-9dd0-2c2d98cb1776,
1019463,268a80c2-c4ce-4768-b89a-d5083ad5a450,https://www.facebook.com/WRDowntownFM/
1019463,87b4577e-e26a-47a6-8a32-b6bd1a56c06b,
1019463,a2af1d35-6709-4551-a3a6-a161bfd74966,
1019463,f07ddbf1-8408-450e-bacb-174c1716fc81,
1008231,3232b375-3959-4e3a-9dd0-2c2d98cb1776,http://www.townofwise.net
1008231,268a80c2-c4ce-4768-b89a-d5083ad5a450,https://www.facebook.com/WiseSpecialEvents
1008231,87b4577e-e26a-47a6-8a32-b6bd1a56c06b,
1008231,a2af1d35-6709-4551-a3a6-a161bfd74966,
1008231,f07ddbf1-8408-450e-bacb-174c1716fc81,
1019845,3232b375-3959-4e3a-9dd0-2c2d98cb1776,https://www.ncagr.gov/markets/facilities/markets/asheville/
1019845,268a80c2-c4ce-4768-b89a-d5083ad5a450,https://www.facebook.com/WncFarmersMarket/
1019845,87b4577e-e26a-47a6-8a32-b6bd1a56c06b,
1019845,a2af1d35-6709-4551-a3a6-a161bfd74966,
1019845,f07ddbf1-8408-450e-bacb-174c1716fc81,Instagram  wncfarmersmarket
1020158,3232b375-3959-4e3a-9dd0-2c2d98cb1776,
1020158,268a80c2-c4ce-4768-b89a-d5083ad5a450,
1020158,87b4577e-e26a-47a6-8a32-b6bd1a56c06b,
1020158,a2af1d35-6709-4551-a3a6-a161bfd74966,
1020158,f07ddbf1-8408-450e-bacb-174c1716fc81,
1009027,3232b375-3959-4e3a-9dd0-2c2d98cb1776,http://www.wolfeboroareafarmersmarket.com
1009027,268a80c2-c4ce-4768-b89a-d5083ad5a450,https://www.facebook.com/wolfeboroareafarmersmarket
1009027,87b4577e-e26a-47a6-8a32-b6bd1a56c06b,
1009027,a2af1d35-6709-4551-a3a6-a161bfd74966,
1009027,f07ddbf1-8408-450e-bacb-174c1716fc81,Instagram.com/wolfeboroareafarmersmarket
1019098,3232b375-3959-4e3a-9dd0-2c2d98cb1776,http://wolfforthfarmersmarket.com
1019098,268a80c2-c4ce-4768-b89a-d5083ad5a450,Wolfforth Farmers Market
1019098,87b4577e-e26a-47a6-8a32-b6bd1a56c06b,
1019098,a2af1d35-6709-4551-a3a6-a161bfd74966,
1019098,f07ddbf1-8408-450e-bacb-174c1716fc81,Instagram Wolfforth Farmers Market
1020138,3232b375-3959-4e3a-9dd0-2c2d98cb1776,
1020138,268a80c2-c4ce-4768-b89a-d5083ad5a450,https://www.facebook.com/WoodfordCountyFarmersMarket/
1020138,87b4577e-e26a-47a6-8a32-b6bd1a56c06b,
1020138,a2af1d35-6709-4551-a3a6-a161bfd74966,
1020138,f07ddbf1-8408-450e-bacb-174c1716fc81,
1020168,3232b375-3959-4e3a-9dd0-2c2d98cb1776,
1020168,268a80c2-c4ce-4768-b89a-d5083ad5a450,https://www.facebook.com/WoodfordCountyFarmersMarket/
1020168,87b4577e-e26a-47a6-8a32-b6bd1a56c06b,
1020168,a2af1d35-6709-4551-a3a6-a161bfd74966,
1020168,f07ddbf1-8408-450e-bacb-174c1716fc81,
1019038,3232b375-3959-4e3a-9dd0-2c2d98cb1776,https://www.woodstockfarmfestival.org/
1019038,268a80c2-c4ce-4768-b89a-d5083ad5a450,https://www.facebook.com/woodstockfarmfestival/
1019038,87b4577e-e26a-47a6-8a32-b6bd1a56c06b,
1019038,a2af1d35-6709-4551-a3a6-a161bfd74966,
1019038,f07ddbf1-8408-450e-bacb-174c1716fc81,https://www.instagram.com/woodstockfarmfest/
1005140,3232b375-3959-4e3a-9dd0-2c2d98cb1776,http://www.visitwoodstockga.com
1005140,268a80c2-c4ce-4768-b89a-d5083ad5a450,https://www.facebook.com/dtwoodstock
1005140,87b4577e-e26a-47a6-8a32-b6bd1a56c06b,www.twitter.com/dtwoodstock
1005140,a2af1d35-6709-4551-a3a6-a161bfd74966,www.youtube.com/dtwoodstock
1005140,f07ddbf1-8408-450e-bacb-174c1716fc81,https://www.pinterest.com/downtownwoodstock
1021317,3232b375-3959-4e3a-9dd0-2c2d98cb1776,http://www.woodstockfarmersmarket.org
1021317,268a80c2-c4ce-4768-b89a-d5083ad5a450,https://www.facebook.com/woodstockfarmersmarket
1021317,87b4577e-e26a-47a6-8a32-b6bd1a56c06b,@woodstockfarmmk
1021317,a2af1d35-6709-4551-a3a6-a161bfd74966,
1021317,f07ddbf1-8408-450e-bacb-174c1716fc81,
1021386,3232b375-3959-4e3a-9dd0-2c2d98cb1776,http://www.woodstockfarmersmarket.org
1021386,268a80c2-c4ce-4768-b89a-d5083ad5a450,https://www.facebook.com/woodstockfarmersmarket
1021386,87b4577e-e26a-47a6-8a32-b6bd1a56c06b,@woodstockfarmmk
1021386,a2af1d35-6709-4551-a3a6-a161bfd74966,
1021386,f07ddbf1-8408-450e-bacb-174c1716fc81,
1021385,3232b375-3959-4e3a-9dd0-2c2d98cb1776,http://www.woodstockfarmersmarket.org
1021385,268a80c2-c4ce-4768-b89a-d5083ad5a450,https://www.facebook.com/woodstockfarmersmarket
1021385,87b4577e-e26a-47a6-8a32-b6bd1a56c06b,@woodstockfarmmk
1021385,a2af1d35-6709-4551-a3a6-a161bfd74966,
1021385,f07ddbf1-8408-450e-bacb-174c1716fc81,
1011337,3232b375-3959-4e3a-9dd0-2c2d98cb1776,http://www.woodwardfarmersmarket.com
1011337,268a80c2-c4ce-4768-b89a-d5083ad5a450,Woodward Farmers Market Association
1011337,87b4577e-e26a-47a6-8a32-b6bd1a56c06b,@wwfarmers
1011337,a2af1d35-6709-4551-a3a6-a161bfd74966,
1011337,f07ddbf1-8408-450e-bacb-174c1716fc81,
1021328,3232b375-3959-4e3a-9dd0-2c2d98cb1776,https://bloomingtonwinterfarmersmarket.com/bwfm-in-the-summer/about/
1021328,268a80c2-c4ce-4768-b89a-d5083ad5a450,https://www.facebook.com/wooleryfarmersmarket/
1021328,87b4577e-e26a-47a6-8a32-b6bd1a56c06b,
1021328,a2af1d35-6709-4551-a3a6-a161bfd74966,
1021328,f07ddbf1-8408-450e-bacb-174c1716fc81,https://www.instagram.com/wooleryfarmersmarket/
1019912,3232b375-3959-4e3a-9dd0-2c2d98cb1776,https://guide.farmfreshri.org/food/farmersmarkets_details.php?market=23
1019912,268a80c2-c4ce-4768-b89a-d5083ad5a450,https://www.facebook.com/farmfreshri/
1019912,87b4577e-e26a-47a6-8a32-b6bd1a56c06b,
1019912,a2af1d35-6709-4551-a3a6-a161bfd74966,
1019912,f07ddbf1-8408-450e-bacb-174c1716fc81,
1007309,3232b375-3959-4e3a-9dd0-2c2d98cb1776,http://www.wrightstownfarmersmarket.org
1007309,268a80c2-c4ce-4768-b89a-d5083ad5a450,https://www.facebook.com/WrightstownFarmersMarket
1007309,87b4577e-e26a-47a6-8a32-b6bd1a56c06b,https://twitter.com/WRmarket
1007309,a2af1d35-6709-4551-a3a6-a161bfd74966,
1007309,f07ddbf1-8408-450e-bacb-174c1716fc81,https://instagram.com/wrightstownmarket/
1017915,3232b375-3959-4e3a-9dd0-2c2d98cb1776,http://www.wythevillefarmersmarket.com
1017915,268a80c2-c4ce-4768-b89a-d5083ad5a450,Wytheville Farmers Market
1017915,87b4577e-e26a-47a6-8a32-b6bd1a56c06b,
1017915,a2af1d35-6709-4551-a3a6-a161bfd74966,
1017915,f07ddbf1-8408-450e-bacb-174c1716fc81,
1019708,3232b375-3959-4e3a-9dd0-2c2d98cb1776,http://www.yardleyfarmersmarket.com
1019708,268a80c2-c4ce-4768-b89a-d5083ad5a450,https://www.facebook.com/YardleyFarmersMarket/
1019708,87b4577e-e26a-47a6-8a32-b6bd1a56c06b,https://twitter.com/yardleyfarmmart
1019708,a2af1d35-6709-4551-a3a6-a161bfd74966,https://www.youtube.com/watch?v=rnt3Tcv_49A
1019708,f07ddbf1-8408-450e-bacb-174c1716fc81,https://www.instagram.com/yardleyfarmersmarket/
1018508,3232b375-3959-4e3a-9dd0-2c2d98cb1776,http://yardleyfarmersmarket.com/
1018508,268a80c2-c4ce-4768-b89a-d5083ad5a450,https://www.facebook.com/YardleyFarmersMarket/
1018508,87b4577e-e26a-47a6-8a32-b6bd1a56c06b,https://twitter.com/yardleyfarmmart
1018508,a2af1d35-6709-4551-a3a6-a161bfd74966,https://www.youtube.com/channel/UCPyEWf4FdNUFUWiVQfiJdIA
1018508,f07ddbf1-8408-450e-bacb-174c1716fc81,https://www.instagram.com/yardleyfarmersmarket/
1007259,3232b375-3959-4e3a-9dd0-2c2d98cb1776,https://www.facebook.com/PennYan.Farmers.Market
1007259,268a80c2-c4ce-4768-b89a-d5083ad5a450,https://www.facebook.com/PennYan.Farmers.Market
1007259,87b4577e-e26a-47a6-8a32-b6bd1a56c06b,
1007259,a2af1d35-6709-4551-a3a6-a161bfd74966,
1007259,f07ddbf1-8408-450e-bacb-174c1716fc81,
1002366,3232b375-3959-4e3a-9dd0-2c2d98cb1776,http://www.ygfarmersmarket.com
1002366,268a80c2-c4ce-4768-b89a-d5083ad5a450,https://www.facebook.com/YGFarmersMarket
1002366,87b4577e-e26a-47a6-8a32-b6bd1a56c06b,https://twitter.com/ygfarmersmarket
1002366,a2af1d35-6709-4551-a3a6-a161bfd74966,https://www.youtube.com/channel/UCvxcGswgI6TnAvlu3nSqB1g?
1002366,f07ddbf1-8408-450e-bacb-174c1716fc81,https://www.instagram.com/ygfarmersmarket/
1019508,3232b375-3959-4e3a-9dd0-2c2d98cb1776,
1019508,268a80c2-c4ce-4768-b89a-d5083ad5a450,https://www.facebook.com/yorktownfarmersmarketplace
1019508,87b4577e-e26a-47a6-8a32-b6bd1a56c06b,
1019508,a2af1d35-6709-4551-a3a6-a161bfd74966,
1019508,f07ddbf1-8408-450e-bacb-174c1716fc81,
1019247,3232b375-3959-4e3a-9dd0-2c2d98cb1776,http://www.YourNeighborhoodFarmersMarket.com
1019247,268a80c2-c4ce-4768-b89a-d5083ad5a450,https://www.facebook.com/yourneighborhoodfarmersmarket/
1019247,87b4577e-e26a-47a6-8a32-b6bd1a56c06b,
1019247,a2af1d35-6709-4551-a3a6-a161bfd74966,
1019247,f07ddbf1-8408-450e-bacb-174c1716fc81,
1019245,3232b375-3959-4e3a-9dd0-2c2d98cb1776,http://www.YourNeighborhoodFarmersMarket.com
1019245,268a80c2-c4ce-4768-b89a-d5083ad5a450,https://www.facebook.com/yourneighborhoodfarmersmarket/
1019245,87b4577e-e26a-47a6-8a32-b6bd1a56c06b,
1019245,a2af1d35-6709-4551-a3a6-a161bfd74966,
1019245,f07ddbf1-8408-450e-bacb-174c1716fc81,
1019246,3232b375-3959-4e3a-9dd0-2c2d98cb1776,http://www.YourNeighborhoodFarmersMarket.com
1019246,268a80c2-c4ce-4768-b89a-d5083ad5a450,https://www.facebook.com/yourneighborhoodfarmersmarket/
1019246,87b4577e-e26a-47a6-8a32-b6bd1a56c06b,
1019246,a2af1d35-6709-4551-a3a6-a161bfd74966,
1019246,f07ddbf1-8408-450e-bacb-174c1716fc81,
1019250,3232b375-3959-4e3a-9dd0-2c2d98cb1776,http://www.YourNeighborhoodFarmersMarket.com
1019250,268a80c2-c4ce-4768-b89a-d5083ad5a450,https://www.facebook.com/yourneighborhoodfarmersmarket/
1019250,87b4577e-e26a-47a6-8a32-b6bd1a56c06b,
1019250,a2af1d35-6709-4551-a3a6-a161bfd74966,
1019250,f07ddbf1-8408-450e-bacb-174c1716fc81,
1019242,3232b375-3959-4e3a-9dd0-2c2d98cb1776,http://www.YourNeighborhoodFarmersMarket.com
1019242,268a80c2-c4ce-4768-b89a-d5083ad5a450,https://www.facebook.com/yourneighborhoodfarmersmarket/
1019242,87b4577e-e26a-47a6-8a32-b6bd1a56c06b,
1019242,a2af1d35-6709-4551-a3a6-a161bfd74966,
1019242,f07ddbf1-8408-450e-bacb-174c1716fc81,
1019244,3232b375-3959-4e3a-9dd0-2c2d98cb1776,http://www.YourNeighborhoodFarmersMarket.com
1019244,268a80c2-c4ce-4768-b89a-d5083ad5a450,https://www.facebook.com/yourneighborhoodfarmersmarket/
1019244,87b4577e-e26a-47a6-8a32-b6bd1a56c06b,
1019244,a2af1d35-6709-4551-a3a6-a161bfd74966,
1019244,f07ddbf1-8408-450e-bacb-174c1716fc81,
1019327,3232b375-3959-4e3a-9dd0-2c2d98cb1776,http://growinghope.net/farmers-markets/ypsilanti/
1019327,268a80c2-c4ce-4768-b89a-d5083ad5a450,https://www.facebook.com/YpsilantiFarmersMarkets/
1019327,87b4577e-e26a-47a6-8a32-b6bd1a56c06b,
1019327,a2af1d35-6709-4551-a3a6-a161bfd74966,
1019327,f07ddbf1-8408-450e-bacb-174c1716fc81,https://www.instagram.com/growingthehope/
1016909,3232b375-3959-4e3a-9dd0-2c2d98cb1776,
1016909,268a80c2-c4ce-4768-b89a-d5083ad5a450,
1016909,87b4577e-e26a-47a6-8a32-b6bd1a56c06b,
1016909,a2af1d35-6709-4551-a3a6-a161bfd74966,
1016909,f07ddbf1-8408-450e-bacb-174c1716fc81,
1021545,3232b375-3959-4e3a-9dd0-2c2d98cb1776,
1021545,268a80c2-c4ce-4768-b89a-d5083ad5a450,https://www.facebook.com/29palmsfarmersmarket
1021545,87b4577e-e26a-47a6-8a32-b6bd1a56c06b,
1021545,a2af1d35-6709-4551-a3a6-a161bfd74966,
1021545,f07ddbf1-8408-450e-bacb-174c1716fc81,IG @yucaipa_farmers_market
1019863,3232b375-3959-4e3a-9dd0-2c2d98cb1776,https://www.townofzebulon.org/departments/parks-and-recreation/farm-fresh-market
1019863,268a80c2-c4ce-4768-b89a-d5083ad5a450,https://www.facebook.com/zebulonfarmfreshmarket/
1019863,87b4577e-e26a-47a6-8a32-b6bd1a56c06b,
1019863,a2af1d35-6709-4551-a3a6-a161bfd74966,
1019863,f07ddbf1-8408-450e-bacb-174c1716fc81,https://www.instagram.com/zebulonfarmfreshmarket/
1019792,3232b375-3959-4e3a-9dd0-2c2d98cb1776,
1019792,268a80c2-c4ce-4768-b89a-d5083ad5a450,https://www.facebook.com/ZelieHarmonyFarmersMarket/
1019792,87b4577e-e26a-47a6-8a32-b6bd1a56c06b,
1019792,a2af1d35-6709-4551-a3a6-a161bfd74966,
1019792,f07ddbf1-8408-450e-bacb-174c1716fc81,
