market_id,marketname,street,city,county,state,zip,season1date,season1time,season2date,season2time,season3date,season3time,season4date,season4time
1018261, Caledonia Farmers Market Association - Danville,,6af885e8-2502-4693-9666-656edcea73c9,5b559e39-2bc3-41f0-9f47-bf72730a95f6,faedd35b-2ba2-4753-b8f5-07a3892b9721,05828,06/10/2020 to 10/07/2020,Wed: 9:00 AM-1:00 PM;,,,,,,
1009994,18th Street Farmer's Market,18th and Broadway,eba75344-a2dc-4139-a762-d4a935694522,30be0fbb-fc03-481c-9449-dd512d697342,9d7cc9b4-b9db-4c4e-b267-425d9a3e46b4,69361,06/05/2021 to 06/05/2021,Sat: 8:00 AM-11:00 AM;,,,,,,
1000709,26th Annual Highlands Business Partnership's Farmers Market,71 Waterwitch Avenue,f38e0c46-62e9-438d-820b-e3dbf56d2559,d6ec1c58-9943-4e59-bfdd-59e145be0ba3,fb17e9e8-f8a8-4928-8ac2-94bbf6405d9f,07732,06/06/2020,Sat: 8:30 AM-2:00 PM;,,,,,,
1019956,29 Palms Farmers' Market,73484 Twentynine Palms Hwy,2de6b064-ebdb-443c-b0cc-d15222d36b8e,b1ebf502-5074-4954-93d9-29fa5b7b3225,7a557091-92bc-49e9-b58a-458458f87711,92277,01/01/2020 to 01/01/2020,Sat: 8:00 AM-1:00 PM;,,,,,,
1009959,2nd Street Market - Five Rivers MetroPark,600 E. 2nd Street,52c6ee79-1f31-4916-add4-b449e726758c,67f1ece3-06e3-4863-9005-e8741bf3d0fb,82136789-d0c5-4229-8cac-b731a5361c03,45402,01/01/2018 to 05/31/2018,Thu: 11:00 AM-3:00 PM;Fri: 11:00 AM-3:00 PM;Sat: 8:00 AM-3:00 PM;,06/01/2018 to 12/31/2018,Thu: 11:00 AM-3:00 PM;Fri: 11:00 AM-3:00 PM;Sat: 8:00 AM-3:00 PM;Sun: 11:00 AM-3:00 PM;,,,,
1004950,3 French Hens French Country Market,123 W. Illinois ave. ,8c5b4c5c-cc08-4b7f-b607-d0dfe264de64,f6ed7211-1a85-47de-8dfa-8142640c8e48,f3414562-68d9-4389-bd7c-0efe5455715f,60450,05/12/2018 to 10/13/2018,Sat: 8:00 AM-2:00 PM;,11/09/2018 to 11/10/2018,Fri: 4:00 PM-10:00 PM;Sat: 10:00 AM-3:00 PM;,,,,
1019938,3rd Day Farmer's Market,3234 S. LaChance Rd,1594f60e-8a66-4fd0-87ce-3964cd6ff21d,d23b7f4d-0047-49ef-b30d-2d8c2c5bf5e1,1567e172-94ab-4222-b635-6b669c2aa787,49651,,Tue: 10:00 AM-5:00 PM;Wed: 10:00 AM-5:00 PM;Thu: 10:00 AM-5:00 PM;Fri: 10:00 AM-5:00 PM;Sat: 10:00 AM-3:00 PM;,,,,,,
1021607,4 Veggies & 3 Fruits FarmerвЂ™s Market,140 W 62nd Street,cd9e4fb0-b7f2-4a06-a07d-8e40fa441305,d8223186-8ebb-45c5-a659-85e420d1a15f,f3414562-68d9-4389-bd7c-0efe5455715f,60621,01/01/2021 to 01/01/2021,Wed: 3:00 PM-8:00 PM;Sun: 9:00 AM-8:00 PM;,,,,,,
1018965,61st Street Farmers Market,6100 S. Blackstone Ave,db7e68cf-c6c3-4290-b899-378f5a538367,d8223186-8ebb-45c5-a659-85e420d1a15f,f3414562-68d9-4389-bd7c-0efe5455715f,60637,05/12/2018 to 12/15/2018,Sat: 9:00 AM-2:00 PM;,,,,,,
1009004,A Growers' Market,229 Lake Ella Drive,957721f4-8843-4b1b-b004-14cc437ffd1b,1f7238bf-342d-438e-86f7-2824917ab06d,7b0326e1-5b5a-47e8-8933-7dce24e815dc,32303,01/01/2018 to 12/31/2018,Wed: 12:00 PM-6:00 PM;Sat: 11:00 AM-3:00 PM;,,,,,,
1019473,Aberdeen Sunday Market,Broadway between Heron & State St,ca26e480-07f0-492f-96c9-5ea0e3598251,34c5e2d8-bad7-4fbc-9dcc-ac161b3ad387,e1b87cb5-fdcd-4e67-adf7-e25bd794503c,98520,05/26/2019 to 09/15/2019,Sun: 10:00 AM-3:00 PM;,,,,,,
1010487,Abingdon Farmers Market,Corner of Remsburg Drive & Cummings St,999616de-2e21-4835-b3b1-3662fb7f7fba,7a69ac97-4542-4a1a-a5c2-dd800abc9358,6dd53333-5181-463f-abcb-fcb91c8ec710,24212,,Sat: 10:00 AM-12:00 PM;,04/03/2021 to 04/03/2021,Tue: 3:00 PM-6:00 PM;Sat: 8:00 AM-1:00 PM;,10/02/2021 to 10/02/2021,Sat: 10:00 AM-12:00 PM;,,
1019695,Abita Springs Art & Farmers Market ,22049 Main Street,56ccdecd-b132-449d-bab0-0fc2210e8749,80b51147-5225-4357-8d9d-67986e5b0621,8eab0d88-b9c8-4da4-a6a4-9d4a0327af9c,70420,,Sun: 11:00 AM-3:00 PM;,,,,,,
1021442,Adams County Farmer's Market,110 W. Main St. ,1fb4286d-ffe1-4741-9e68-bcd6e904e173,cf916ba8-ae1e-4115-bb90-eb308de649bb,82136789-d0c5-4229-8cac-b731a5361c03,45693,05/08/2021 to 05/08/2021,Sat: 9:00 AM-1:00 PM;,,,,,,
1019676,Adams County Farmers Market,103 Carlisle Street,add73c6c-7bc6-48ab-9e40-511d316c0249,cf916ba8-ae1e-4115-bb90-eb308de649bb,3ffc900b-d7c0-4b07-8aba-7df870781580,17325,05/18/2019 to 10/26/2019,Sat: 8:00 AM-1:00 PM;,,,,,,
1019351,Adams County Farmers' Market Association,103 Carlisle Street,add73c6c-7bc6-48ab-9e40-511d316c0249,cf916ba8-ae1e-4115-bb90-eb308de649bb,3ffc900b-d7c0-4b07-8aba-7df870781580,17325,05/18/2019 to 10/26/2019,Thu: 11:30 AM-3:30 PM;Sat: 8:00 AM-1:00 PM;,,,,,,
1019847,Adams-Ricci Farmers Market,100 East Penn Drive,2fb21df2-f5db-481e-ad76-7e698bc0e749,417416b5-c759-4c08-9f96-5d16ad40176f,3ffc900b-d7c0-4b07-8aba-7df870781580,17025,05/21/2020 to 10/22/2020,Thu: 3:00 PM-7:00 PM;,,,,,,
1008961,Adaptations' Fresh Feast,"79-7500 Mamalahoa Highway, Unit 1",6fdb512d-a3a5-4ee4-bfd5-0d1e78b52451,8d0501ec-af4f-448d-8419-e38fe8a9a357,4c8a3dce-226c-409e-b551-8c6a90ecf266,96750,01/01/2021 to 01/01/2021,Mon: 8:00 AM-4:00 PM;Tue: 8:00 AM-4:00 PM;Wed: 8:00 AM-4:00 PM;Thu: 8:00 AM-4:00 PM;Fri: 8:00 AM-4:00 PM;Sun: 10:00 AM-4:00 PM;,,,,,,
1019203,AG Farmers' Market,108 Indian Head Road,c99c8324-2706-4b80-83dd-791c3c4b0040,053d937c-7698-4347-bcc9-0ea6c3527e41,fb17e9e8-f8a8-4928-8ac2-94bbf6405d9f,08753,08/02/2018 to 08/02/2018,Thu: 9:00 AM-5:00 PM;,,,,,,
1012233,Agricenter International Farmer's Market,7777 Walnut Grove Rd,bb139a89-e602-4a7c-87e0-735f46a522fe,afc68372-21d9-40de-ad2e-b45c9a691fc9,e7416093-d979-43e8-952c-06d2b35b5956,38120,05/01/2018 to 10/31/2018,Mon: 7:30 AM-5:30 PM;Tue: 7:30 AM-5:30 PM;Wed: 7:30 AM-5:30 PM;Thu: 7:30 AM-5:30 PM;Fri: 7:30 AM-5:30 PM;Sat: 7:00 AM-5:30 PM;,,,,,,
1005258,Aina Moana  Park (People's Open Market),1201 Ala Moana Boulevard,b98a099d-6f60-4831-83da-00380709ab2b,e9f50e89-e238-48ed-af04-05bddd9ae446,4c8a3dce-226c-409e-b551-8c6a90ecf266,96822,01/01/2019 to 12/31/2019,Mon: 10:00 AM-11:00 AM;,,,,,,
1008054,Airport Farmers and Flea Market,17375 Spring Hill Dr,5fe47793-2348-45cb-97c9-baba6a906e8f,484ed6ee-0534-4795-bea2-65655269f9ba,7b0326e1-5b5a-47e8-8933-7dce24e815dc,34604,01/01/2020 to 12/31/2020,Sat: 8:00 AM-3:00 PM;Sun: 8:00 AM-3:00 PM;,,,,,,
1008612,Alachua County Farmers' Market,5920 NW 13th Street,0655166d-4087-4939-9590-8f29bbf0ab8b,0b5c2c2d-ef39-4bab-bd5f-48486698bb1b,7b0326e1-5b5a-47e8-8933-7dce24e815dc,32653,01/01/2018 to 12/31/2018,Sun: 8:30 AM-12:00 PM;,,,,,,
1018304,Alamo Heights Farmers Market,255 E Basse,e2bb24af-b1b0-418a-98f6-93cfc42bee14,f2845a4d-815f-46eb-8b61-b33f457c962d,2c777c95-b197-4df6-b0e0-6637a1318fc2,78209,01/01/2018 to 12/31/2018,Sun: 9:00 AM-1:00 PM;,,,,,,
1004070,Alamosa Farmers Market,Corner of 6th Street and State Avenue's Parking Lot,37fe86b5-e2d2-42d0-a160-2afa00cc22ea,73992d03-0845-4b76-b64e-e9e9ba8b6b92,e1f09524-7ac6-416d-ba58-0c07f3d72e11,81101,07/11/2020 to 10/10/2020,Sat: 8:00 AM-1:30 PM;,,,,,,
1021689,Albany Farmers' Market,4th & Ellsworth,770bdadc-58d1-4b91-b7a8-f8f8e976b38d,e52ff94a-33f4-4782-90e8-0597859b779e,01127d9b-01aa-4ef1-9bd2-48f67f513459,97321,04/16/2022 to 04/16/2022,Sat: 9:00 AM-1:00 PM;,12/10/2022 to 12/10/2022,Sat: 10:00 AM-2:00 PM;,,,,
1019371,Albany IN Farmers Market,208 E. State Street,770bdadc-58d1-4b91-b7a8-f8f8e976b38d,418f174e-bf97-49e0-a75c-0d5414d30589,1f92cbc1-8f4b-4538-95dd-366fc23a8da5,47320,05/05/2019 to 10/13/2019,Sun: 2:00 PM-5:00 PM;,,,,,,
1021578,Albany Square Farmers Market,,770bdadc-58d1-4b91-b7a8-f8f8e976b38d,f1760c14-566a-4246-b6f3-55c82bb72692,743439a8-1642-4103-abcb-1ef114ce801a,64402,05/01/2021 to 05/01/2021,Thu: 4:30 PM-6:30 PM;,,,,,,
1000519,Alexandria Bay Farmers Market,Route 12,56d343e8-7faa-46f3-aba5-1450367ec4fd,04317b7e-1abf-4a2c-b4a7-e994c1d4c3c9,7dd79c73-5476-44d1-8d08-54ed1287ed03,13607,05/23/2014 to 05/23/2014,Fri: 9:00 AM-3:00 PM;,,,,,,
1019113,Alexandria Farmers Market,Broadway & Second Ave,368e4b79-da5f-4b97-9283-dd0041e3e01d,37ddd872-f1b0-4312-827f-f5f250946a61,775d2aa3-b0cf-4a6b-a862-16373a107431,56308,12/01/2020 to 12/01/2020,Tue: 9:00 AM-12:00 PM;Thu: 3:00 PM-6:00 PM;Sat: 9:00 AM-12:00 PM;,05/01/2020 to 10/01/2020,Sat: 9:00 AM-12:00 PM;,,,,
1021464,Alexandria Farmers Market,2727 JACKSON STREET,23d3a292-9000-47a1-9ad5-84ffd619a957,9cdb1db4-c324-445f-9ad5-31ebe35799c3,8eab0d88-b9c8-4da4-a6a4-9d4a0327af9c,71301,01/01/2021 to 01/01/2021,Tue: 3:00 PM-6:00 PM;,,,,,,
1021597,Algoma Sunday Farmers Market,Clark St. and Lake St.,b765e38b-c1fe-4bc0-8132-a2163d83611e,7b6afc13-3682-4bde-9cfd-608f330b1e9e,e8d05643-2a60-4ca6-a077-819f50879428,54201,07/11/2021 to 07/11/2021,Sun: 9:00 AM-12:00 PM;,,,,,,
1019831,Allen County Farmers' Market,Jefferson,07357b07-ade9-43bf-8952-b67c7307aca6,a8adcb66-7c0d-4d5d-98a3-849a434a5824,940abb8a-6d9b-46f0-b9b1-37ab0a387dac,66749,04/01/2021 to 04/01/2021,Thu: 5:30 PM-7:00 PM;,,,,,,
1019832,Allen County Farmers' Market,807  N. State,c74475f6-f4f5-4020-887f-b9ee92b52fdb,a8adcb66-7c0d-4d5d-98a3-849a434a5824,940abb8a-6d9b-46f0-b9b1-37ab0a387dac,66749,04/01/2021 to 04/01/2021,Thu: 5:30 PM-7:00 PM;,,,,,,
1012389,Aloha Community Farmers' Market,17675 SW Farmington Rd and SW Kinnaman Rd,2e4e62dc-3191-4155-bc90-43b237a36cd4,7a69ac97-4542-4a1a-a5c2-dd800abc9358,01127d9b-01aa-4ef1-9bd2-48f67f513459,97007,05/02/2019 to 09/26/2019,Thu: 3:00 PM-7:00 PM;,,,,,,
1020150,Alturas Farmers Market,108 S Main St,4066a91b-4cca-4e6d-ab76-5cffb538935a,b0be5426-e619-444e-b31f-6b9d85d1731e,7a557091-92bc-49e9-b58a-458458f87711,96101,07/04/2020 to 10/10/2020,Sun: 9:00 AM-12:00 PM;,,,,,,
1021309,Ambler Farmers' Market,29 West Butler Pike,d3579173-f83a-426c-9149-07e11e1da33a,67f1ece3-06e3-4863-9005-e8741bf3d0fb,3ffc900b-d7c0-4b07-8aba-7df870781580,19002,05/08/2021 to 05/08/2021,Sat: 9:00 AM-12:00 PM;,,,,,,
1011171,Ames Main Street Farmers' Market,300 & 400 Blocks of  Main Street,6ddb8ec6-3044-4149-8c29-d7c71fcdbf44,a2fd97b5-b2b5-4888-b85c-cbf11f36a4b4,02f30189-b9ba-40b5-bb18-c7d22d4b6d4b,50010,05/01/2021 to 05/01/2021,Sat: 8:00 AM-12:30 PM;,,,,,,
1003563,Amicalola Regional Farmers Market,186 Recreation Road,f9bb645c-3426-46fd-9ed4-2442cf12b85c,8afff12b-ebf6-4c9e-b3aa-b0117dbcc25a,4db220e9-057f-4385-bafb-37fbea280645,30534,05/04/2018 to 09/28/2018,Fri: 3:30 PM-7:00 PM;,,,,,,
1019438,Amqui Station Farmers Market,303 Madison Street,3ab8f410-c2f6-405a-9d6d-17cf3b770855,23b80faa-36b9-4b90-88f6-04affb18a55e,e7416093-d979-43e8-952c-06d2b35b5956,37115,05/05/2019 to 10/27/2019,Sun: 11:00 AM-2:00 PM;,,,,,,
1012157,Anaconda Community Market,Kennedy Common (306 Main),c6d38264-717e-4593-9f6f-135f013bad0f,b7ab0563-3828-4534-9ac5-5e5052ce7de8,e92d45e1-6b7b-45e4-aa71-592e5a597b61,59711,07/19/2016 to 09/08/2020,Tue: 4:00 PM-7:00 PM;,,,,,,
1005944,Anacortes Farmers Market,611 R Avenue,1ff3c1f0-43b6-4780-8caa-646e97588c31,ea673e32-f927-4de0-a887-75a800c274ba,e1b87cb5-fdcd-4e67-adf7-e25bd794503c,98221,05/02/2020 to 10/31/2020,Sat: 9:00 AM-2:00 PM;,11/21/2020 to 11/22/2020,Sat: 10:00 AM-4:00 PM;Sun: 10:00 AM-4:00 PM;,01/11/2020 to 04/11/2020,Sat: 9:00 AM-2:00 PM;,,
1019647,Anderson County Farmers Market,402 N. Murray Ave,970f7907-51d3-42c5-95d8-341abe2fe917,0da5df0d-ebfb-4435-902d-918d13b2abbd,25286054-2f43-4edf-9415-c089a5cfd371,29621,05/01/2019 to 05/25/2019,Sat: 10:00 AM-2:00 PM;,06/01/2019 to 11/26/2019,Tue: 8:00 AM-1:00 PM;Thu: 8:00 AM-1:00 PM;Sat: 8:00 AM-1:00 PM;,11/30/2019 to 12/21/2019,Sat: 10:00 AM-2:00 PM;,,
1020084,Anderson County Farmers Market ,1505 US-127 N,7151e9a8-2cd9-47a7-b197-e29729343c83,0da5df0d-ebfb-4435-902d-918d13b2abbd,26759049-be66-49a3-8617-64f28a0ad262,40342,05/02/2020 to 10/31/2020,Sat: 2:00 PM-5:00 PM;,,,,,,
1003516,Andersonville Farmers Market,1500 W. Catalpa Ave.,db7e68cf-c6c3-4290-b899-378f5a538367,d8223186-8ebb-45c5-a659-85e420d1a15f,f3414562-68d9-4389-bd7c-0efe5455715f,60640,06/10/2020 to 10/21/2020,Wed: 3:00 PM-7:00 PM;,,,,,,
1020060,Andover Farmers Market,41 Central Street,1ce7a5c8-67e6-4332-be3f-af0add41da4e,32b3456a-fa18-4d19-8296-c50b5727825e,fd0813ee-0dcf-4cef-8953-1e30d4412de6,01810,06/19/2021 to 06/19/2021,Sat: 10:00 AM-2:00 PM;,,,,,,
1019484,Annandale Farmers Market ,6621 Columbia Pike,51e0a187-9dd4-4bcd-81fc-c75dd9da8d5e,2f65e4d4-a27c-4c98-b725-d3331a4512c2,6dd53333-5181-463f-abcb-fcb91c8ec710,,05/02/2019 to ,Thu: 8:00 AM-12:00 PM;,,,,,,
1019096,Annandale Farmers Market - ACT,25 East Cedar St,51e0a187-9dd4-4bcd-81fc-c75dd9da8d5e,f2416f58-e92a-46c9-9059-07b87ed69dd3,775d2aa3-b0cf-4a6b-a862-16373a107431,55302,05/26/2018 to 10/06/2018,Sat: 8:00 AM-12:00 PM;,,,,,,
1018934,"Antigo Farmers Market, Inc.",420 Field Street,530b7193-3961-4313-a1da-84dc09cd0072,94bba00d-7ec5-4144-9782-736b47ed4a91,e8d05643-2a60-4ca6-a077-819f50879428,54409,06/01/2020 to 09/26/2020,Sat: 8:00 AM-12:00 PM;,,,,,,
1019350,Antioch's Farmers Market,900 Skidmore Drive,056f157f-3431-4efc-808e-6bbaaff31535,6fd20e39-6d74-4cf0-a565-2e5e7fe23342,f3414562-68d9-4389-bd7c-0efe5455715f,60002,,Thu: 2:00 PM-6:00 PM;,,,,,,
1000431,Appleton Downtown Farm Market,100 College Avenue,91d34ecf-10e0-400d-972e-c273737cf711,cec94c4b-9373-495b-bcec-471362f2955f,e8d05643-2a60-4ca6-a077-819f50879428,54911,06/19/2021 to 06/19/2021,Sat: 8:00 AM-12:30 PM;,11/06/2021 to 11/06/2021,Sat: 9:00 AM-12:30 PM;,,,,
1021359,Aquidneck Growers Market - Wednesday,Memorial Blvd,94c0b95d-9deb-41ba-897e-b15e38ba0a59,57589f10-e7bf-431f-a2d8-7e656eec8f2f,a8a2bc3a-b405-485c-a8b5-f2fb1841df29,02840,05/19/2021 to 05/19/2021,Wed: 2:00 PM-6:00 PM;,,,,,,
1021733,Aquidneck Growers Market Miantonomi Community Farmers Market,120 Hillside Avenue,94c0b95d-9deb-41ba-897e-b15e38ba0a59,57589f10-e7bf-431f-a2d8-7e656eec8f2f,a8a2bc3a-b405-485c-a8b5-f2fb1841df29,02840,07/11/2022 to 07/11/2022,Mon: 2:00 PM-6:00 PM;,,,,,,
1021732,Aquidneck Growers Market- Saturday Summer,35 Dexter St,94c0b95d-9deb-41ba-897e-b15e38ba0a59,57589f10-e7bf-431f-a2d8-7e656eec8f2f,a8a2bc3a-b405-485c-a8b5-f2fb1841df29,02840,05/07/2022 to 05/07/2022,Sat: 9:00 AM-12:00 PM;,,,,,,
1019662,Arlington Village Farmers Market,3904 VT-7A,02912005-6ff8-459c-b268-8f4ceb856a48,d4a0e96b-7381-4994-9f8e-7e2e2888f52b,faedd35b-2ba2-4753-b8f5-07a3892b9721,05250,06/21/2019 to 09/06/2019,Fri: 4:00 PM-7:00 PM;,,,,,,
1019904,Armory Farmers Market,85 Parade St,8fe83393-5fce-481b-a3ae-14dc2c46129c,798f9f6f-ec3b-4ae4-a619-3421addd2d51,a8a2bc3a-b405-485c-a8b5-f2fb1841df29,02909,06/11/2020 to 10/29/2020,Thu: 3:30 PM-7:00 PM;,,,,,,
1019222,Arnold Farmers Market,2400 Bradley Beach Road,99f06a01-bab9-4aa3-a254-62bc227f29d8,04317b7e-1abf-4a2c-b4a7-e994c1d4c3c9,743439a8-1642-4103-abcb-1ef114ce801a,63010,05/05/2018 to 10/20/2018,Sat: 8:00 AM-12:00 PM;,,,,,,
1019495,Artisan Alley Farmers and Makers Market,Artisan Alley,596070ec-d71c-4d60-babb-d8bcb35dfff3,2db5479c-40d6-4e59-9434-0ea3b9a6c0ba,7b0326e1-5b5a-47e8-8933-7dce24e815dc,32720,01/01/2019 to 12/31/2019,Fri: 6:00 PM-9:00 PM;,,,,,,
1020068,Artistlane Farmers Market,1966 Broad Street,f5c668b8-c305-4943-aa62-730bec3cb344,79f63bf9-444a-48de-af7b-0383780a514e,4db220e9-057f-4385-bafb-37fbea280645,30904,01/01/2020 to 12/31/2020,Thu: 12:00 PM-5:00 PM;Fri: 12:00 PM-5:00 PM;Sat: 12:00 PM-5:00 PM;,,,,,,
1009810,Ashland Farmers Market,125 Front St,245ad35c-7f3f-4f3b-8d64-8b837d3fc797,ceef5aa1-8ef7-4d6e-9360-fd847f814047,fd0813ee-0dcf-4cef-8953-1e30d4412de6,01721,06/12/2021 to 06/12/2021,Sat: 9:00 AM-1:00 PM;,,,,,,
1021627,Astoria Sunday Market,12th and Commercial St.,b2f9f48e-901e-4af8-b636-1e193559946c,fdd7729c-cb32-4308-9543-01315e25dfe3,01127d9b-01aa-4ef1-9bd2-48f67f513459,97103,05/08/2022 to 05/08/2022,Sun: 10:00 AM-3:00 PM;,,,,,,
1001245,ASU Regional Farmers' Market,3300 Aggie Road,f1bcc7c7-4102-462f-9db0-c4915243e55e,c81981cb-a591-4fa1-ba2a-c02fb3817331,7885258d-77c7-421e-a1e9-043ef91e8c26,72401,05/01/2021 to 05/01/2021,Sat: 8:00 AM-1:00 PM;,06/01/2021 to 06/01/2021,Tue: 12:00 PM-5:30 PM;Sat: 7:00 AM-1:00 PM;,,,,
1002984,Atchison Farmers Market,Between 5th and 6th Streets on the south side of Main Street,877de5c8-870f-417d-8af9-b78dcebded00,8f297b9f-a839-45b1-9de1-ce5d7b63fecb,940abb8a-6d9b-46f0-b9b1-37ab0a387dac,66002,05/19/2018 to 10/27/2018,Wed: 2:30 PM-5:30 PM;Sat: 8:00 AM-12:00 PM;,,,,,,
1005086,Athens Farmers Market,1002 East State Street,bb1de6da-cc25-477b-86aa-091c3b4800f7,c11f4116-58bf-41f9-bd15-7b16d33c7481,82136789-d0c5-4229-8cac-b731a5361c03,45701,01/01/2021 to 12/31/2021,Wed: 9:00 AM-12:00 PM;Sat: 9:00 AM-12:00 PM;,,,,,,
1018033,"Athens Farmers Market, L.L.C.",271 W Hancock Ave,bb1de6da-cc25-477b-86aa-091c3b4800f7,bac9657f-aca9-4548-ab33-99d92210222c,4db220e9-057f-4385-bafb-37fbea280645,30601,04/15/2020 to 11/18/2020,Wed: 4:00 PM-7:00 PM;,,,,,,
1018032,"Athens Farmers Market, LLC",705 Sunset Dr,bb1de6da-cc25-477b-86aa-091c3b4800f7,bac9657f-aca9-4548-ab33-99d92210222c,4db220e9-057f-4385-bafb-37fbea280645,30606,03/21/2020 to 12/19/2020,Sat: 8:00 AM-12:00 PM;,,,,,,
1021450,Athol Farmers Market,30355 N 3rd Street,d24eaf3b-4cae-435f-84a8-e536c4c826ef,13b8ccef-0089-4a64-8bdc-81b94fb60e4a,34db3808-70ee-4d72-96b7-31220659bda5,83801,05/07/2021 to 05/07/2021,Fri: 2:00 PM-6:00 PM;,,,,,,
1018330,"Attleboro Farmers Market, inc",201 County Street,37245274-3102-4dd9-bfaa-b97bbb8d1752,effde010-1378-444c-b68a-7dc24993fb92,fd0813ee-0dcf-4cef-8953-1e30d4412de6,02703,06/15/2019 to 10/19/2019,Sat: 9:00 AM-1:00 PM;,,,,,,
1021225,Atwater Village Farmers' Market,3528 Larga Ave,6ff8db60-b681-4738-8580-d243b33091e3,b66dd93f-9a8d-4056-8980-fc2698aa3c61,7a557091-92bc-49e9-b58a-458458f87711,90039,,Sun: 10:00 AM-2:00 PM;,,,,,,
1019789,Auburn Farmers Market,1140 Auburn Way S,2f7ed5bd-0d70-4640-8d50-09e3efac60c5,98ee5d73-cf74-4b82-b3c4-2a67ffc35a0e,e1b87cb5-fdcd-4e67-adf7-e25bd794503c,98002,06/07/2020 to 09/20/2020,Sun: 10:00 AM-3:00 PM;,,,,,,
1021329,Aurora Farmers Market,170 Main Street,23c4849d-7d84-4bb5-acb8-7f4a1c4e9302,6ad554d3-f67d-4075-9293-d5bb9f1ce01a,7dd79c73-5476-44d1-8d08-54ed1287ed03,13026,05/29/2021 to 05/29/2021,Sat: 10:00 AM-2:00 PM;,,,,,,
1000559,Aurora Local Farmer's Market - Summer Market,2031 S. Elliott Ave.,23c4849d-7d84-4bb5-acb8-7f4a1c4e9302,0ab80713-f8e0-4052-87de-e6b769941b8b,743439a8-1642-4103-abcb-1ef114ce801a,65605,05/05/2018 to 10/31/2018,Mon: -12:00 PM;Wed: 8:00 AM-12:00 PM;Sat: 7:00 AM-12:00 PM;,11/01/2018 to 05/03/2019,Sat: 9:00 AM-12:00 PM;,,,,
1021534,AUSTIN FARMERS MARKET ,9607 RESEARCH BLVD,dea22252-d46a-4fb7-a09f-44b05f4c7a20,28f75a97-8ca5-4c4b-acc4-445f39730843,2c777c95-b197-4df6-b0e0-6637a1318fc2,78759,01/01/2021 to 01/01/2021,Sun: 12:00 PM-4:00 PM;,,,,,,
1019396,Avon Farmers Market,8190 E US Highway 36,986d9a08-411a-42f4-b1fa-9efe1a35cfc4,934f0e1e-b5da-4c1d-943c-d7b12f724575,1f92cbc1-8f4b-4538-95dd-366fc23a8da5,,06/04/2019 to 08/27/2019,Tue: 4:00 PM-7:00 PM;,,,,,,
1019126,Avon Library Farmers Market,"281 COUNTRY CLUB RD., C/O AVON LIBRARY",fe4a9a7b-035f-4eb5-9e90-2d341dbc3b8e,bed440c0-e46f-4046-b888-e5f4dae0d2c8,e27aa654-8f84-43d8-bc72-d501fb165262,06001,07/02/2018 to 08/27/2018,Mon: 4:00 PM-7:00 PM;,,,,,,
1021528,Backyard Market in Black Forest ,12530 Black Forest Rd,cae45a11-1206-417c-a381-ed0cfd106502,bdb4adb6-937c-40d1-858b-e640f0748cac,e1f09524-7ac6-416d-ba58-0c07f3d72e11,80908,05/22/2021 to 05/22/2021,Sat: 9:00 AM-1:00 PM;,,,,,,
1021530,Backyard Market in Black Forest - Holiday ,13710 Black Forest Road ,cae45a11-1206-417c-a381-ed0cfd106502,bdb4adb6-937c-40d1-858b-e640f0748cac,e1f09524-7ac6-416d-ba58-0c07f3d72e11,80908,12/04/2021 to 12/04/2021,Sat: 1:00 PM-4:00 PM;,,,,,,
1021529,Backyard Market in Black Forest - Winter ,6845 Shoup Road ,61f008bf-7fc9-41c3-b3b6-4c61bab8ea27,bdb4adb6-937c-40d1-858b-e640f0748cac,e1f09524-7ac6-416d-ba58-0c07f3d72e11,80908,10/30/2021 to 10/30/2021,Sat: 1:00 PM-4:00 PM;,,,,,,
1019044,Bainbridge Farm Market,201 Grant Ave,2d3c5fd3-8ee7-47ef-af6d-77d051cb037f,33dca830-dae4-46e9-a77a-e82383c485bd,1f92cbc1-8f4b-4538-95dd-366fc23a8da5,46105,05/16/2018 to 10/10/2018,Wed: 4:00 PM-7:00 PM;,,,,,,
1019076,Baldwin's Main St. Farmers Market,Main St. and 6th Ave.,311d301a-a1a0-426b-bd62-b6de0b6b0654,0ed3e539-688d-489c-ba8b-8b5f7ac74d7a,e8d05643-2a60-4ca6-a077-819f50879428,54002,06/05/2020 to 10/01/2020,Sat: 9:00 AM-1:00 PM;,,,,,,
1021338,Ballard Farmers Market ,5300 Ballard AVE NW,e1ecddef-65d7-4187-9255-81cb55281f01,98ee5d73-cf74-4b82-b3c4-2a67ffc35a0e,e1b87cb5-fdcd-4e67-adf7-e25bd794503c,98107,01/01/2021 to 01/01/2021,Sun: 9:00 AM-2:00 PM;,,,,,,
1021521,Bamberg Farmers Market,12205 Heritage Hwy,41e2acc4-58c4-409d-91c6-740dde4055ff,b891fb82-a7db-4b0c-9eab-fa29b68b8fc2,25286054-2f43-4edf-9415-c089a5cfd371,29003,03/01/2021 to 03/01/2021,Sat: 10:00 AM-2:00 PM;,,,,,,
1012081,Bangor Farmers' Market,Corner of Franklin and Harlow Streets,ad2ed2f0-6e39-45b9-b70f-cfc422f2b4df,56bc73e0-6e06-4d68-9a44-26ef3cc5f6f5,2feeec2f-bc8c-40ae-9405-0f6d59707d93,04401,01/01/2021 to 01/01/2021,Sun: 11:00 AM-1:30 PM;,,,,,,
1021582,Barm Bargains Market,3782 Winding Creek Ln,314b4f61-d782-4d5d-afd6-94a93f9c6b07,1a0997e9-9077-4cb2-8a43-b037ce1e0bf9,7a557091-92bc-49e9-b58a-458458f87711,95633,01/01/2021 to 01/01/2021,Sun: 12:00 PM-4:00 PM;,,,,,,
1001604,Barnegat Farmers Market,14 Birdsall St.,5a825c3e-524d-422a-8279-442de5e2e4f3,053d937c-7698-4347-bcc9-0ea6c3527e41,fb17e9e8-f8a8-4928-8ac2-94bbf6405d9f,08005,06/17/2021 to 06/17/2021,Thu: 10:00 AM-3:00 PM;,,,,,,
1020029,Barrow County Farmers Market,30 N. Broad St,93d8c8b8-2c01-4ff4-ba37-1f4fc2eda1a7,95bb9bba-7d2c-40dd-a729-445011b0f851,4db220e9-057f-4385-bafb-37fbea280645,30680,05/02/2020 to 11/21/2020,Sat: 8:30 AM-12:30 PM;,,,,,,
1003335,Basalt Sunday Market,101 Midland Avenue,8296134c-d834-44e5-8c1c-e9191f8939f2,cf26b98e-040b-4de6-bd1b-cf443c34bdb5,e1f09524-7ac6-416d-ba58-0c07f3d72e11,81621,06/21/2020 to 09/27/2020,Sun: 10:00 AM-2:00 PM;,,,,,,
1019871,Bassett Farmers Market,200 Clark St.,3f4c4450-3e9f-4e99-aa2f-de09d67d841d,b13c32a1-936a-4fba-91b2-9ee4f3044b2d,9d7cc9b4-b9db-4c4e-b267-425d9a3e46b4,68714,07/01/2020 to 09/30/2020,Sat: 8:00 AM-11:00 AM;,,,,,,
1000436,Bastrop 1832 Farmers Market,1302 Chestnut Street,aa19c4a4-9887-40be-87fc-ea6aab3bfa3f,9c740aed-3a9a-4f1a-b8fe-3c02e258bd73,2c777c95-b197-4df6-b0e0-6637a1318fc2,78602,01/01/2021 to 01/01/2021,Sat: 10:00 AM-2:00 PM;,,,,,,
1021540,Batavia Farmers' Market,North River Street,030d38f2-243c-4a38-92a8-31beed00047d,abee85a3-b7e2-46ee-86ef-46f1c3954f87,f3414562-68d9-4389-bd7c-0efe5455715f,60510,06/05/2021 to 06/05/2021,Sat: 8:00 AM-12:00 PM;,,,,,,
1021265,Batesville Farmers Market,Main and Boehringer Street,e1c1dc1c-d9ac-41a9-8cac-efea24495a21,719f34eb-13fc-452f-b1e6-72bc959401eb,1f92cbc1-8f4b-4538-95dd-366fc23a8da5,47006,05/01/2021 to 05/01/2021,Sat: 8:00 AM-12:00 PM;,06/30/2021 to 06/30/2021,Wed: 3:00 PM-6:00 PM;,,,,
1021443,Battle Creek Farmers Market,25 S McCamly St,dd7fbb29-1c6f-438d-b540-511ee755cc5c,9ce667ba-24a8-410f-9a60-1b62887d69a7,1567e172-94ab-4222-b635-6b669c2aa787,49017,05/05/2021 to 05/05/2021,Wed: 9:00 AM-1:00 PM;Fri: 5:00 PM-8:00 PM;,,,,,,
1019617,Bay Area Farmers Market ,500 Baybrook Mall Drive,8633d13d-3859-4a42-9d4c-bfe37a68298d,ff978385-306d-4ba8-b3b0-e376e65a123a,2c777c95-b197-4df6-b0e0-6637a1318fc2,77546,01/01/2021 to 01/01/2021,Sun: 11:00 AM-3:00 PM;,,,,,,
1019874,Beatrice Farmers Market Indian Creek Mall,Indian Creek Mall 2205 N 6th St,cc0d525c-08b0-4ee5-aa68-69a16af9917a,e44cbb02-44d5-451b-bb7f-7062d65e9bc3,9d7cc9b4-b9db-4c4e-b267-425d9a3e46b4,68310,06/01/2020 to 10/31/2020,Sat: 9:00 AM-12:00 PM;,,,,,,
1020102,Beattyville Main Street Marketplace Locally Made Market,26 Hwy 52 W,098ef17d-65b3-4bda-953b-ea2a45beb9ab,98087b17-a8d4-4d82-bdb1-7d4294d4ea5f,26759049-be66-49a3-8617-64f28a0ad262,41311,01/01/2020 to 12/01/2020,Thu: 9:00 AM-4:00 PM;Fri: 9:00 AM-4:00 PM;,,,,,,
1018735,Beaumont Farmers' Market,,672caf1b-8ec8-404b-b1fb-b67dcf1a769a,04317b7e-1abf-4a2c-b4a7-e994c1d4c3c9,2c777c95-b197-4df6-b0e0-6637a1318fc2,77707,02/18/2017 to 12/16/2017,Sat: 8:00 AM-11:00 AM;,,,,,,
1019875,Beaver City Farmers Market,,d27c725f-ea05-40be-a719-7bb783c0f146,54a15979-ada7-4f96-b8b0-d95ebf5e2ed2,9d7cc9b4-b9db-4c4e-b267-425d9a3e46b4,,06/01/2020 to 09/30/2020,Sat: 8:30 AM-12:00 PM;,,,,,,
1020097,Beaver Dam Farmer's Market,Hwy 231 South ,5c22fef3-ec41-4652-83d2-abcaedcc1d98,cb5a7e91-bc43-4c95-8bd4-d7ec019aa4f7,26759049-be66-49a3-8617-64f28a0ad262,42320,05/23/2020 to 10/31/2020,Sat: 8:00 AM-12:00 PM;,,,,,,
1021630,Beaverdale Farmers Market,4801 Franklin Avenue,95402cc1-0fc3-4f4e-ab6d-992781c94580,4f687204-ec5f-4da3-9d3a-f5a95d65db22,02f30189-b9ba-40b5-bb18-c7d22d4b6d4b,50310,06/07/2022 to 06/07/2022,Tue: 4:00 PM-7:00 PM;,,,,,,
1019853,Bedford Farmers Market,209 Route 101,20904d88-0696-480f-b89b-a243b49b955e,ced2eb64-1890-4de9-826f-1dc043c00693,97451c0b-a2d4-4498-ba04-00201d9018f1,03110,06/15/2021 to 06/15/2021,Tue: 3:00 PM-6:00 PM;,,,,,,
1019400,Bedminster Farmers Market,3055 River Road,cca27ff6-f556-43ab-b0a5-98d9ec9ecdb8,e7d78930-1754-4304-a1ad-12ee4ba4c6d9,fb17e9e8-f8a8-4928-8ac2-94bbf6405d9f,07921,06/01/2019 to 10/26/2019,Sat: 9:00 AM-1:00 PM;,,,,,,
1010607,Bel Air Farmers' Market,2 South Bond Street,dc9997f2-8fd5-4e33-ac48-de1d8d896476,e42d66d3-e79f-448e-8664-e868854a3633,c5b0ab35-2326-49a5-b543-8e5bb1c71ed5,21014,04/14/2018 to 11/17/2018,Sat: 7:00 AM-11:00 AM;,11/24/2018 to 12/22/2018,Sat: 10:00 AM-12:00 PM;,,,,
1011902,Belleville Farmer's Market,1815 M St. ,0a67418b-fb7d-405c-8e14-f755b7a3922d,6ffa1ba1-5376-4122-8132-8ceff0414c3f,940abb8a-6d9b-46f0-b9b1-37ab0a387dac,66935,05/29/2021 to 05/29/2021,Sat: 8:00 AM-11:00 AM;,,,,,,
1021363,Belleville Farmers Market,Main and 4th,61b79d3d-5d23-4f66-82f9-e76b9dd08d74,8f722dc3-6e1e-4775-b2b3-c06cda821c68,1567e172-94ab-4222-b635-6b669c2aa787,48111,06/07/2021 to 06/07/2021,Mon: 4:00 PM-7:30 PM;,,,,,,
1008140,Bellingham Farmers Market,1207 10th Street,a9feb708-d7f0-465b-8326-c3149392f11b,cbbd7f68-635c-4c8a-8e4c-89f5b47f6547,e1b87cb5-fdcd-4e67-adf7-e25bd794503c,98226,06/06/2018 to 08/29/2018,Wed: 3:00 PM-7:00 PM;,,,,,,
1002064,Belmont Farmers Market,5429 State Route 19N,6476d771-f58d-4ab0-b819-535e9313c07a,73a955fb-aad9-4fce-b90f-72a67ce5c7d1,7dd79c73-5476-44d1-8d08-54ed1287ed03,14813,06/01/2021 to 06/01/2021,Thu: 11:00 AM-4:00 PM;,,,,,,
1011363,Belton Farmers Market,Memorial Park,897c5feb-6c3a-445b-9ef0-0d66b6df81e9,f3a6ce65-6dc4-4a56-b3fe-4f99e7cae417,743439a8-1642-4103-abcb-1ef114ce801a,64012,06/06/2019 to 09/26/2019,Thu: 4:00 PM-7:00 PM;,,,,,,
1001316,Bemidji's Natural Choice Farmers Market,Union Square Parking Lot--2nd Street & Paul Bunyan Drive,7a51270b-7cec-4b0b-85b1-bdf6b345c042,d51d2e88-09fd-4e7f-8924-0376ff70d886,775d2aa3-b0cf-4a6b-a862-16373a107431,56601,05/29/2021 to 05/29/2021,Sat: 9:00 AM-1:00 PM;,,,,,,
1001533,Benica Certified Farmers Market,First Street between B & D Streets,403bab4b-41cd-469f-b86b-b32c086ca140,b6f00cce-a149-4c83-b390-85de46691067,7a557091-92bc-49e9-b58a-458458f87711,94510,04/29/2021 to 04/29/2021,Thu: 4:00 PM-8:00 PM;,,,,,,
1018644,Bennet Farmers' Market,Elm and Harrison,0e8f2052-59a2-4b94-876e-1305e786f4c6,def1bb2a-1bbd-4220-91ef-33b125141474,9d7cc9b4-b9db-4c4e-b267-425d9a3e46b4,68317,05/02/2018 to 09/26/2018,Wed: 4:00 PM-7:00 PM;,,,,,,
1021403,Bentonville Farmers Market ,100 N. Main Street ,5afd7a53-fa57-4b65-9f5c-16e7aad0eb23,162e9307-c023-4792-9afa-4acab5ff724a,7885258d-77c7-421e-a1e9-043ef91e8c26,72712,04/10/2021 to 04/10/2021,Sat: 7:30 AM-1:00 PM;,,,,,,
1005183,Berkeley Springs Farmers Market,129 Fairfax Street at Washington Street/522,ca88dbdb-e786-424c-bf66-91ffef356adf,3875c15a-4b76-4cf0-a0ad-78922bab44db,72defe61-f5c8-4b4c-bd1c-a4081743a504,25411,04/01/2018 to 12/09/2018,Sun: 10:00 AM-2:00 PM;,,,,,,
1019005,Berkey Farmers Market,12290 Sylvania-Metamora Rd,c7525c1a-14c7-4ee3-8350-6fbe58c49024,c926f080-4e9a-4033-adb7-282856419bf4,82136789-d0c5-4229-8cac-b731a5361c03,43504,05/26/2018 to 10/31/2018,Sat: 8:00 AM-12:00 PM;,,,,,,
1021628,Berwick Winter Farmers Market,11 Sullivan St.,f55cd8a3-7885-474d-ace3-a17be2b4d869,ec543b7f-ee0b-41cf-a2f5-2c56ddb5c9a9,2feeec2f-bc8c-40ae-9405-0f6d59707d93,03901,11/21/2021 to 11/21/2021,Sun: 10:00 AM-1:30 PM;,12/12/2021 to 12/12/2021,Sun: 10:00 AM-1:30 PM;,01/09/2022 to 01/09/2022,Sun: 10:00 AM-1:30 PM;,,
1019168,BESSEMER FARMERS MARKET,1st Avenue N and 19th Street,89fd5be1-c2ee-47c3-9340-cee6689d8769,04317b7e-1abf-4a2c-b4a7-e994c1d4c3c9,a99466fa-d385-4f64-a230-de4dde953216,35020,06/07/2018 to 09/27/2018,Thu: 4:00 PM-6:30 PM;,,,,,,
1019169,Bessemer Farmers Market at Medical West,995 9th Ave SW,89fd5be1-c2ee-47c3-9340-cee6689d8769,04317b7e-1abf-4a2c-b4a7-e994c1d4c3c9,a99466fa-d385-4f64-a230-de4dde953216,35022,06/04/2018 to 09/24/2018,Mon: 11:00 AM-2:00 PM;,,,,,,
1019967,Bethalto Market In The Park,213 N Priaire St,c3786574-b42e-46ac-8c3b-b6ba5bd0a7ba,583cff19-3af2-45db-bf77-8993ee90ec35,f3414562-68d9-4389-bd7c-0efe5455715f,62010,05/10/2020 to 10/11/2020,Sun: 9:00 AM-1:00 PM;,,,,,,
1021322,"BETHANY BEACH FARMERS' MARKET, INC.",601 castle court,c9fea581-32de-4d44-a7d6-0e78463d94c6,985f0ef5-e262-432b-8ad0-ba5b06c195b7,6a510a5c-215e-446d-aabd-f5aec08cb7fb,19930,06/13/2021 to 06/13/2021,Sun: 8:00 AM-12:00 PM;,,,,,,
1010406,Bethesda Central Farm Market,7600 Arlington Road,528ddfe1-5b7c-4ed4-a9ea-067becf5d9df,67f1ece3-06e3-4863-9005-e8741bf3d0fb,c5b0ab35-2326-49a5-b543-8e5bb1c71ed5,20814,04/01/2020 to 12/31/2020,Sun: 9:00 AM-1:30 PM;,01/05/2020 to 03/29/2020,Sun: 9:30 AM-1:30 PM;,,,,
1012494,Bethlehem Farmers' Market,Intersection of New and Morton Streets,6ded2d8d-6935-419f-8dcd-791a3316b2ad,5a1f18f0-15e0-494f-b3cf-9d74fa616746,3ffc900b-d7c0-4b07-8aba-7df870781580,18015,04/01/2021 to 04/01/2021,Thu: 10:00 AM-2:00 PM;,,,,,,
1020196,Beverly Hills Farmers Market,9300 Civic Center Dr,6b292fa7-707f-4df4-b105-024d724c39ac,b66dd93f-9a8d-4056-8980-fc2698aa3c61,7a557091-92bc-49e9-b58a-458458f87711,90210,01/01/2020 to 12/31/2020,Sun: 9:00 AM-1:00 PM;,,,,,,
1019765,Bexley Farmers Market,E Main St and S Dawson Ave,a9eda6b2-49c6-4c5b-b864-d301c00c701e,944b15fd-d0f0-4def-9b76-0a8ab2987e68,82136789-d0c5-4229-8cac-b731a5361c03,43209,05/21/2020 to 10/29/2020,Thu: 4:00 PM-7:00 PM;,,,,,,
1005949,Big Bear Farmers Market,42900 Big Bear Blvd,d2c9b9dd-49d8-41ce-95f8-e361d84cf034,b1ebf502-5074-4954-93d9-29fa5b7b3225,7a557091-92bc-49e9-b58a-458458f87711,92315,04/01/2018 to 09/25/2018,Tue: 8:30 AM-1:00 PM;,,,,,,
1019338,Big Lake Farmers Market,101 Lakeshore Drive,724f752e-5e6e-4417-ae68-cce8f18da886,af88a8be-9164-47f5-81f4-bb96dcaa785b,775d2aa3-b0cf-4a6b-a862-16373a107431,55309,06/05/2019 to 09/25/2019,Wed: 3:00 PM-7:00 PM;,,,,,,
1019339,Big Lake Winter Farmers Market,311 Lake Street South,724f752e-5e6e-4417-ae68-cce8f18da886,af88a8be-9164-47f5-81f4-bb96dcaa785b,775d2aa3-b0cf-4a6b-a862-16373a107431,55309,11/09/2018 to 04/12/2019,Fri: 3:00 PM-6:00 PM;,,,,,,
1019591,Billerica Farmers Market,25 Concord Road,d150cda5-656d-48d8-9176-d60a57f9682d,ceef5aa1-8ef7-4d6e-9360-fd847f814047,fd0813ee-0dcf-4cef-8953-1e30d4412de6,01821,06/24/2019 to 10/07/2019,Mon: 3:00 PM-7:00 PM;,,,,,,
1021508,Birdsboro Farmers Market,226 N Water St,cbeb0b8d-c365-4b5a-91f9-de8ea5d72ed0,eeffad8f-68c4-4fc6-b2ca-530e63d126ae,3ffc900b-d7c0-4b07-8aba-7df870781580,19508,05/22/2021 to 05/22/2021,Sat: 9:00 AM-1:00 PM;,,,,,,
1011037,BisMarket,,d60ef37e-0f50-4fcd-bbc0-7f803ee96fad,bd6a1dd7-19f3-4ef7-b662-32d92e7b2603,ac4c2f77-5a52-4ffd-a7fb-4b7bcce19a99,58501,06/02/2018 to 10/20/2018,Sat: 10:00 AM-1:00 PM;,,,,,,
1012163,Blairstown Farmers' Market,5 Stillwater Road,79dbc760-6ae9-43a0-aa5b-3ac490c3719d,9aba9c3c-2ffa-4440-ae83-a1aa114aed45,fb17e9e8-f8a8-4928-8ac2-94bbf6405d9f,07825,06/02/2018 to 10/27/2018,Sat: 10:00 AM-1:00 PM;,,,,,,
1011829,Bloomfield Saturday Market,5050 Liberty Ave,3f421098-9675-43b2-92ac-f7d4d3a82914,68a3c528-92c0-49f7-9e91-8f87a45bb3f3,3ffc900b-d7c0-4b07-8aba-7df870781580,15224,05/08/2021 to 05/08/2021,Sat: 9:00 AM-1:00 PM;,12/04/2021 to 12/04/2021,Sat: 11:00 AM-2:00 PM;,,,,
1018396,Bloomington Community Farmers' Market,401 N MortonSt,23ed1ed8-64fd-4462-b536-5a47477eabb2,032e559b-c41b-49ee-9f3f-d45d6205d338,1f92cbc1-8f4b-4538-95dd-366fc23a8da5,47404,04/06/2019 to 09/28/2019,Sat: 8:00 AM-1:00 PM;,10/05/2019 to 11/30/2019,Sat: 9:00 AM-1:00 PM;,,,,
1018563,Bloomington Winter Farmers' Market,1601 S Rogers St,c11073e0-75f3-4ee8-9538-4248590d2fb4,032e559b-c41b-49ee-9f3f-d45d6205d338,1f92cbc1-8f4b-4538-95dd-366fc23a8da5,47403,12/02/2017 to 12/02/2017,Sat: 9:00 AM-12:30 PM;,,,,,,
1019932,Blue Ash Farmers Market,4335 Glendale Milford Road,21ad6835-c974-442e-941a-896442fbbeb9,fab72639-887a-412d-a8af-c7853d1b20f9,82136789-d0c5-4229-8cac-b731a5361c03,45242,,Wed: 3:30 PM-7:00 PM;,,,,,,
1020098,"Bluegrass Farmers Market, Inc",1837 Plaudit Place,a39c8004-7846-48bb-aa6b-1eccdc9d5b93,8702121e-a834-4d1f-8332-33d3af885646,26759049-be66-49a3-8617-64f28a0ad262,40509,05/01/2020 to 10/17/2020,Tue: 2:00 PM-5:00 PM;Sat: 9:00 AM-2:00 PM;,,,,,,
1019372,Bluffton Farmers Market,102 S Main St,89eda406-9ec1-47d6-a0b4-298e001d4fd1,a8adcb66-7c0d-4d5d-98a3-849a434a5824,82136789-d0c5-4229-8cac-b731a5361c03,45817,,Sun: 8:30 AM-12:00 PM;,,,,,,
1019440,Bluffton Farmers' & Artisans' Market,360 N Main St,89eda406-9ec1-47d6-a0b4-298e001d4fd1,c13e42f9-9b30-43e0-bd7e-f55ac6714cab,1f92cbc1-8f4b-4538-95dd-366fc23a8da5,46714,05/04/2019 to 09/14/2019,Wed: 3:00 PM-6:00 PM;Sat: 9:00 AM-1:00 PM;,,,,,,
1018092,BMI Farmers' Market,1415 Key Highway,2f622eb7-a60f-4cd2-98d3-323d095dee18,873e2bac-815d-4412-a23b-1f55014ad270,c5b0ab35-2326-49a5-b543-8e5bb1c71ed5,21230,05/23/2020 to 11/28/2020,Sat: 9:00 AM-1:00 PM;,,,,,,
1018313,Boise Farmers Market,10TH & GROVE  - SUMMER MARKET,02b679bf-fcac-4de5-8b09-7921f4f8b6c1,816b641c-87e5-461e-9565-2040809aa1dc,34db3808-70ee-4d72-96b7-31220659bda5,83702,04/07/2018 to 10/27/2018,Sat: 9:00 AM-1:00 PM;,,,,,,
1018316,BOISE FARMERS MARKET,516 S. 8th Street,02b679bf-fcac-4de5-8b09-7921f4f8b6c1,816b641c-87e5-461e-9565-2040809aa1dc,34db3808-70ee-4d72-96b7-31220659bda5,83702,11/03/2018 to 12/22/2018,Sat: 9:00 AM-2:00 PM;,,,,,,
1020101,Boone County Farmers Market,1961 Burlington Pike,4c881af2-1314-4de5-8d7b-1cf125c38091,da4c550d-6e3a-419e-bd25-b48ea01b662d,26759049-be66-49a3-8617-64f28a0ad262,41005,05/09/2020 to 10/31/2020,Mon: 9:00 AM-5:00 PM;Tue: 9:00 AM-5:00 PM;Wed: 9:00 AM-5:00 PM;Thu: 9:00 AM-5:00 PM;Fri: 9:00 AM-5:00 PM;Sat: 9:00 AM-5:00 PM;Sun: 9:00 AM-5:00 PM;,,,,,,
1006833,Boone Farmers Market Association,7th and Story Street,111127a9-a61b-42cc-b30b-8365a82362d3,da4c550d-6e3a-419e-bd25-b48ea01b662d,02f30189-b9ba-40b5-bb18-c7d22d4b6d4b,50036,06/06/2019 to 10/24/2019,Thu: 3:00 PM-6:00 PM;,,,,,,
1019318,Boonville Farmers Market Inc,1931 Boone Village Shopping Center,bbd214a8-2bbd-4eb6-8c5e-bdfa78b79eb4,502dcf66-a0e5-4d1e-be55-24c8251896b6,743439a8-1642-4103-abcb-1ef114ce801a,65233,04/06/2019 to 10/26/2019,Sat: 8:00 AM-12:00 PM;,,,,,,
1019693,Botetourt Farmer's Market ,90 Town Center St,532bb555-d6ea-47e1-a167-3c9b1b1d12fb,aaef0f3a-635f-45af-94cd-7d04877a501b,6dd53333-5181-463f-abcb-fcb91c8ec710,24083,05/01/2019 to 10/26/2019,Sat: 8:30 AM-12:30 PM;,,,,,,
1018394,Bottineau Farmers Market,6th Street and Main Street,0b6f8ba0-bd41-4d5f-bb1b-15782f8a8037,5d5cf820-84e0-4610-a1e0-017e2fc615c6,ac4c2f77-5a52-4ffd-a7fb-4b7bcce19a99,58318,,Sat: 8:00 AM-11:00 AM;,,,,,,
1001526,Boulder Farmers and Artisan's Market,304 N. Main Street,e8b30d82-bc55-49e1-95eb-a542a70b7cf0,04317b7e-1abf-4a2c-b4a7-e994c1d4c3c9,e92d45e1-6b7b-45e4-aa71-592e5a597b61,59632,07/08/2021 to 07/08/2021,Thu: 9:00 AM-2:00 PM;,07/07/2022 to 07/07/2022,Thu: 9:00 AM-2:00 PM;,07/06/2023 to 07/06/2023,Thu: 9:00 AM-2:00 PM;,,
1019165,Bowie Farmers' Market,15200 Annapolis Road ,5cd3936c-e2b7-4695-927b-70b851f6362f,016a61c2-2a1c-4f73-a19b-86c2d67348f3,c5b0ab35-2326-49a5-b543-8e5bb1c71ed5,20715,05/20/2018 to 10/28/2018,Sun: 8:00 AM-12:00 PM;,,,,,,
1020096,Boyd County Farmers Market - King's Daughters Medical Center,2420 Center Street,024e6171-d59b-419a-9323-bb63917453b6,d7b6648e-e720-43a8-b2b7-322f4bae95a7,26759049-be66-49a3-8617-64f28a0ad262,41129,06/04/2020 to 10/29/2020,Thu: 2:00 PM-6:00 PM;,,,,,,
1020099,Boyd County Farmers Market - KYOVA Mall ,10699 US-60,245ad35c-7f3f-4f3b-8d64-8b837d3fc797,d7b6648e-e720-43a8-b2b7-322f4bae95a7,26759049-be66-49a3-8617-64f28a0ad262,41102,06/06/2020 to 10/31/2020,Sat: 7:00 AM-2:00 PM;,,,,,,
1019205,Boyne City Farmers Market,319 N. Lake St,739203f5-815a-4c1a-8101-2af5ee526250,458f8ecd-10c6-43aa-8953-fdada3383164,1567e172-94ab-4222-b635-6b669c2aa787,49712,01/01/2018 to ,Wed: 8:00 AM-12:00 PM;Sat: 8:00 AM-12:00 PM;,,,,,,
1021248,Braeswood Farmers Market,5401 south braeswood,0a589e8e-a5ba-4006-943b-be9809517620,ff978385-306d-4ba8-b3b0-e376e65a123a,2c777c95-b197-4df6-b0e0-6637a1318fc2,77096,01/01/2020 to 12/31/2020,Wed: 3:00 PM-7:00 PM;Sat: 9:00 AM-1:00 PM;,,,,,,
1018227,Braintree Farmers Market,1 JFK Memorial Dr,75c31542-5f79-4042-8ecd-4944454f9f88,5bfbab83-dab7-408f-9979-cc8e503c4265,fd0813ee-0dcf-4cef-8953-1e30d4412de6,02184,11/01/2017 to 11/23/2019,Sat: 9:00 AM-1:00 PM;,02/02/2019 to 05/04/2019,Sat: 9:00 AM-1:00 PM;,,,,
1002407,Brattleboro Area Farmers' Market,570 Western Ave.,3b5d5f4f-f24d-4443-9f9a-90d1113c2981,795710b0-5433-4ea6-a6c6-0be3adcf4e0f,faedd35b-2ba2-4753-b8f5-07a3892b9721,05301,05/04/2019 to 10/26/2019,Sat: 9:00 AM-2:00 PM;,,,,,,
1011075,Brattleboro WInter Farmers' Market,80 Flat St.,26cd2f43-e372-4c21-b79e-d20d060499a0,795710b0-5433-4ea6-a6c6-0be3adcf4e0f,faedd35b-2ba2-4753-b8f5-07a3892b9721,05301,11/03/2018 to 03/30/2019,Sat: 10:00 AM-2:00 PM;,,,,,,
1020113,Breathitt County Farmers' Market,3215 Quicksand Road,5a5efb89-453a-4bd8-98bc-b3771ca7acca,23262257-e4cf-4775-a82e-d0f31733282c,26759049-be66-49a3-8617-64f28a0ad262,41339,05/20/2020 to 10/31/2020,Wed: 8:00 AM-2:00 PM;Sat: 8:00 AM-2:00 PM;,,,,,,
1018556,Bremerton Community Farmers Market,1400 Park Ave,442521d1-ac76-4512-9015-4a20edabbf3e,68a28bf5-34f2-4e91-9720-e87626c77422,e1b87cb5-fdcd-4e67-adf7-e25bd794503c,98337,05/06/2021 to 05/06/2021,Thu: 4:00 PM-7:00 PM;,,,,,,
1019146,Bridgewater Farmer's Market,1 Vogt Drive,a709e9a4-c965-432c-af44-ddbef7b38e15,e7d78930-1754-4304-a1ad-12ee4ba4c6d9,fb17e9e8-f8a8-4928-8ac2-94bbf6405d9f,08807,06/10/2018 to 10/21/2018,Sun: 11:00 AM-3:00 PM;,,,,,,
1018756,Brigham City Farmers Market,20 N Main Street,9ba6b9c2-0f92-4c2d-a5ab-2f767f8712f9,24bb85fd-8f03-4566-9a9d-fc41832cd4b8,2928c803-d886-473a-98cf-431cd912e2a0,84302,06/22/2019 to ,Sat: 4:00 PM-8:00 PM;,,,,,,
1005483,Brimfield at Hitchcock Free Academy,"Hitchcock Free Academy, a community center parking lot, at  2 Brookfield Rd.",b70210db-708d-4bc4-9b7d-f17f1d21e114,a151ecbf-e9ce-4417-9d45-50cf7b2464c0,fd0813ee-0dcf-4cef-8953-1e30d4412de6,01010,04/19/2014 to 10/27/2018,Sat: 9:00 AM-2:00 PM;,,,,,,
1019905,Broad St. Farmers Market,807 Broad St.,8fe83393-5fce-481b-a3ae-14dc2c46129c,798f9f6f-ec3b-4ae4-a619-3421addd2d51,a8a2bc3a-b405-485c-a8b5-f2fb1841df29,02907,06/20/2020 to 10/31/2020,Sat: 8:00 AM-12:00 PM;,,,,,,
1019257,Broadway Farmers Market,161 S Main St,be8fb370-1190-46e0-9491-57d248a470ac,4ccf2809-b4f4-4eaa-b46d-0beba0ea2e52,6dd53333-5181-463f-abcb-fcb91c8ec710,22815,05/05/2018 to 09/01/2018,Sat: 8:00 AM-1:00 PM;,,Sat: 9:00 AM-1:00 PM;,,,,
1019984,Brockton Farmers Market,45 School St,963ddae9-7390-4eff-a964-f6834a923c21,72a6d7ec-ec6e-4ad4-a08f-5451ed158f93,fd0813ee-0dcf-4cef-8953-1e30d4412de6,02301,07/10/2020 to ,Fri: 10:00 AM-2:00 PM;,,,,,,
1019794,Bronzeville Growers Market,925 E. Mt. Vernon Avenue,b94b9fb0-f02d-455f-a686-3b557a28d9a7,944b15fd-d0f0-4def-9b76-0a8ab2987e68,82136789-d0c5-4229-8cac-b731a5361c03,43203,07/02/2020 to 08/27/2020,Thu: 3:00 PM-6:00 PM;,,,,,,
1019527,BROOKINGS HARBOR FARMERS MARKET,15786 HWY 101 SOUTH,5caaad21-09da-436e-8ab8-aa71b0b0eb59,cc60a9a2-7994-4460-9766-3246d3e7d455,01127d9b-01aa-4ef1-9bd2-48f67f513459,97415,01/01/2019 to 12/31/2019,Wed: 10:00 AM-3:00 PM;Sat: 10:00 AM-3:00 PM;,,,,,,
1021210,Brookline Farmers' Market,Centre Street West PArking Lot,b8a1a3f1-f6c9-43df-ac7b-64184fa819dd,5bfbab83-dab7-408f-9979-cc8e503c4265,fd0813ee-0dcf-4cef-8953-1e30d4412de6,02446,06/04/2020 to 11/19/2020,Thu: 1:30 PM-6:30 PM;,,,,,,
1021736,Brookside Farmers' Market,6425 Wornall Road ,f57040cf-7ebb-4ebb-8536-19e0f751f6e0,938cfa52-1f29-46e2-8375-1af81cb89a13,743439a8-1642-4103-abcb-1ef114ce801a,64113,01/01/2022 to 01/01/2022,Sat: 8:00 AM-1:00 PM;,,,,,,
1018891,Brooksville Farmers' Market,15487 Citrus Way,5fe47793-2348-45cb-97c9-baba6a906e8f,484ed6ee-0534-4795-bea2-65655269f9ba,7b0326e1-5b5a-47e8-8933-7dce24e815dc,34614,01/01/2020 to 12/31/2020,Sun: 10:00 AM-3:00 PM;,,,,,,
1021515,Brookville Farmer's Market,116 Main Street,1f981c8b-fdb1-4456-855d-3fa2bb43dd1a,944b15fd-d0f0-4def-9b76-0a8ab2987e68,1f92cbc1-8f4b-4538-95dd-366fc23a8da5,47012,06/04/2021 to 06/04/2021,Fri: 3:30 PM-6:30 PM;,,,,,,
1021262,Broome County Regional Farmers Market,840 Upper Front St,bfdff1bf-c18e-4ee8-bcde-464e18580dd2,97e1b48e-6755-42ac-ba7e-6077519e7858,7dd79c73-5476-44d1-8d08-54ed1287ed03,13905,01/01/2021 to 12/31/2021,Sat: 9:00 AM-1:00 PM;,,,,,,
1019906,Brown University Farmers Market,201 Thayer St,8fe83393-5fce-481b-a3ae-14dc2c46129c,798f9f6f-ec3b-4ae4-a619-3421addd2d51,a8a2bc3a-b405-485c-a8b5-f2fb1841df29,02906,09/01/2020 to 10/28/2020,Wed: 10:30 AM-1:30 PM;,,,,,,
1019727,Brownsburg Farmers Market,61 N. Green Street,c925fc6e-8027-44b9-90c7-e828c4edb3c7,934f0e1e-b5da-4c1d-943c-d7b12f724575,1f92cbc1-8f4b-4538-95dd-366fc23a8da5,46112,06/04/2020 to 09/03/2020,Thu: 4:00 PM-7:00 PM;,,,,,,
1017968,Bruce Community Farmers Market,Corner of Hwy 8 and N Alvey Street,c18fc74e-ff5f-4a48-8b6f-bcbdcdc1cf26,5f24cd9b-678e-476c-b0e0-d0fc7a2d5c8a,e8d05643-2a60-4ca6-a077-819f50879428,54819,06/01/2018 to 10/26/2018,Fri: 1:00 PM-5:00 PM;,,,,,,
1008607,Brunswick-Topsham Land Trust Farmers' Market at Crystal Spring Farm,277 Pleasant Hill Rd,ccb8efbd-ec43-455e-8ca1-29fa594dfa5c,417416b5-c759-4c08-9f96-5d16ad40176f,2feeec2f-bc8c-40ae-9405-0f6d59707d93,04011,05/05/2018 to 11/03/2018,Sat: 8:30 AM-12:30 PM;,,,,,,
1021311,Bryn Mawr Farmers' Market,775 Lancaster Avenue,5c977ba6-2136-419b-85bc-9b3c728383e7,67f1ece3-06e3-4863-9005-e8741bf3d0fb,3ffc900b-d7c0-4b07-8aba-7df870781580,19010,01/01/2021 to 01/01/2021,Sat: 9:00 AM-1:00 PM;,,,,,,
1019218,Buckroe Beach Farmers Market,100 N. First Street,f9608c10-6ca5-4843-9222-ec3acf3c9529,051b6d87-7d11-4f1f-bb7c-446c73d36fd6,6dd53333-5181-463f-abcb-fcb91c8ec710,23664,05/05/2018 to 11/17/2018,Sat: 9:00 AM-1:00 PM;,,,,,,
1008953,Bucksport Bay Farmers' Market,99 Main Street,bdea98c7-ff13-48a3-8948-f833d37a6697,da970bac-055e-46d4-85ec-e614a4820fe2,2feeec2f-bc8c-40ae-9405-0f6d59707d93,04416,05/16/2019 to 10/24/2019,Thu: 2:00 PM-5:00 PM;,,,,,,
1000843,Burbank Certified Farmers' Market,"150 N. Third Street Burbank, CA 91502",703b75d6-9177-410b-bfc4-76cf6f94119c,b66dd93f-9a8d-4056-8980-fc2698aa3c61,7a557091-92bc-49e9-b58a-458458f87711,91502,,,01/01/2016 to 12/31/2016,Sat: 8:00 AM-12:30 PM;,,,,
1019492,Burke ,5671 Roberts Parkway,9a0f415d-7d95-480e-a18f-c37143400ede,2f65e4d4-a27c-4c98-b725-d3331a4512c2,6dd53333-5181-463f-abcb-fcb91c8ec710,22015,04/13/2019 to 12/21/2019,Sat: 8:00 AM-12:00 PM;,,,,,,
1021524,Burke Area Farmers Market,626 County Road,9a0f415d-7d95-480e-a18f-c37143400ede,dd4efc46-7ff0-4cbe-84a2-224aa4aebd85,4c471773-04a7-4eb6-b88f-4bac35ac23a4,57523,07/08/2021 to 07/08/2021,Thu: 5:30 PM-7:00 PM;,,,,,,
1019965,Burlington Farmers Market,345 Pine Street,4c881af2-1314-4de5-8d7b-1cf125c38091,752c53bc-2f42-4d24-b2f6-cc1be2605665,faedd35b-2ba2-4753-b8f5-07a3892b9721,05401,06/06/2020 to 10/17/2020,Sat: 9:00 AM-1:00 PM;,,,,,,
1021728,Burrillville Farmers Market,75 Tinkham Lane,cfdcc403-dd7c-4e7d-9e73-e98a83ea9adf,798f9f6f-ec3b-4ae4-a619-3421addd2d51,a8a2bc3a-b405-485c-a8b5-f2fb1841df29,02830,06/04/2022 to 06/04/2022,Sat: 9:30 AM-12:30 PM;,,,,,,
1002567,"Butler County Farmers Market, Greenville, AL",701 Cedar,027c5b29-1a67-41b3-af0a-9f47f54f20cf,fab72639-887a-412d-a8af-c7853d1b20f9,a99466fa-d385-4f64-a230-de4dde953216,36037,05/26/2018 to 12/15/2018,Tue: 7:00 AM-12:00 PM;Thu: 7:00 AM-12:00 PM;Sat: 7:00 AM-12:00 PM;,,,,,,
1001362,Butte Farmers Market,Uptown Butte,9ca1800d-8be0-4359-9056-03863616c0c6,18ab645e-0ca5-4a95-9a01-51f5608a1afa,e92d45e1-6b7b-45e4-aa71-592e5a597b61,59701,05/23/2020 to 10/03/2020,Sat: 8:00 AM-1:00 PM;,,,,,,
1021238,Buy Local Farmers Market - Fall Creek,7930 Fall Creek Bend,6d29e95d-c682-42eb-b9e2-5d41abfcb49a,ff978385-306d-4ba8-b3b0-e376e65a123a,2c777c95-b197-4df6-b0e0-6637a1318fc2,77396,08/01/2021 to 08/01/2021,Sun: 9:00 AM-1:00 PM;,,,,,,
1021614,C & C Garden,2022 S Scott St,faf1aad0-72bf-4079-94b1-8ad588a9b324,c00f768b-efa4-44a3-b344-82ce2ef342e1,1f92cbc1-8f4b-4538-95dd-366fc23a8da5,46613,07/12/2021 to 07/12/2021,Sat: 11:00 AM-3:00 PM;Sun: 1:00 PM-5:00 PM;,07/03/2022 to 07/03/2022,Sat: 10:00 AM-3:00 PM;Sun: 1:00 PM-5:00 PM;,,,,
1020089,Cadiz/Trigg County Farmers Market,7 0 Main Street,85b9d873-744f-49bc-8c91-475e5a9cab85,ecb89f21-8bc5-4179-be51-1a603336be2f,26759049-be66-49a3-8617-64f28a0ad262,42211,04/01/2020 to ,Wed: 7:00 AM-12:00 PM;Sat: 7:00 AM-12:00 PM;,,,,,,
1004927,Cagan Crossings Farmers' Market,600 Cagan Park Ave.,fa2118eb-574c-41e5-a5d5-d205f4df24f1,6fd20e39-6d74-4cf0-a565-2e5e7fe23342,7b0326e1-5b5a-47e8-8933-7dce24e815dc,34714,01/01/2018 to 12/31/2018,Fri: 9:00 AM-2:00 PM;,,,,,,
1019922,CalaverasGROWN Certified Farmers' Market San Andreas,891 Mountain Ranch Road,2b96861d-7a8f-4844-a1e8-c4b002fd993f,c09ff4ed-2a7d-4f23-b0cb-eff248a603a3,7a557091-92bc-49e9-b58a-458458f87711,95249,06/18/2020 to 10/29/2020,Thu: 4:00 PM-6:00 PM;,,,,,,
1019978,CalaverasGROWN Murphys Certified Farmers' Market ,505 S. Algiers St. ,cb386566-0c28-404b-8334-88146495a8ca,c09ff4ed-2a7d-4f23-b0cb-eff248a603a3,7a557091-92bc-49e9-b58a-458458f87711,95247,06/21/2020,Sun: 9:00 AM-1:00 PM;,,,,,,
1018263,Caledonia Farmers Market Association - Winter,Pearl St,3b5cc9b8-5da0-4f0e-b745-946f488a6a5a,5b559e39-2bc3-41f0-9f47-bf72730a95f6,faedd35b-2ba2-4753-b8f5-07a3892b9721,05819,11/07/2020 to 12/19/2020,Sat: 12:00 PM-1:00 PM;,,,,,,
1019980,Caledonia Outdoor Market,3920 N Greenbay Rd,d6108359-7d5d-4fd5-8f24-8e084e199e37,7b5c08b3-a68f-40e2-b576-65c9a3e6fe6e,e8d05643-2a60-4ca6-a077-819f50879428,53404,06/04/2020 to 10/22/2020,Thu: 2:00 PM-6:00 PM;,,,,,,
1020188,California Avenue Farmers' Market,"California Avenue, at El Camino",89ca8491-7b4d-4760-b3c8-33973cd635ae,91236836-0a9e-4e3e-96a5-786726e2ac3a,7a557091-92bc-49e9-b58a-458458f87711,94306,01/05/2020 to 12/27/2020,Sun: 9:00 AM-1:00 PM;,,,,,,
1018459,California Farmers Market,22810 Three Notch Road,b28e3b16-e609-46ea-a857-476fe961297e,5dd4d8a4-7f99-47e6-8f29-236f3313f458,c5b0ab35-2326-49a5-b543-8e5bb1c71ed5,20619,04/21/2018 to ,Sat: 9:00 AM-1:00 PM;,,,,,,
1019997,Camarillo Hospice Certified Farmers Market,2220 Ventura Blvd.,b4fc3240-85a4-414d-85e2-f080e2ba5a7c,2617586d-a9d8-4527-ae36-f622baa19fd3,7a557091-92bc-49e9-b58a-458458f87711,93010,01/01/2020 to 12/31/2020,Sat: 8:00 AM-12:00 PM;,,,,,,
1020160,Cambria Farmers Market,1000 Main Street,198439fe-cbe8-48d0-b084-84fef66380e0,a3dd6175-d6cc-402f-8bb2-f820367197af,7a557091-92bc-49e9-b58a-458458f87711,93428,01/01/2020 to 12/31/2020,Fri: 2:30 PM-5:30 PM;,,,,,,
1020183,Cambrian Park Farmers' Market,Camden Avenue and Union Avenue,f530d2ec-1f8a-4b8b-acad-cdaf0e765185,91236836-0a9e-4e3e-96a5-786726e2ac3a,7a557091-92bc-49e9-b58a-458458f87711,95124,05/06/2020 to 09/30/2020,Wed: 4:00 PM-8:00 PM;,,,,,,
1002674,Camellia City Farmers Market,333 Erlanger Ave. (corner of 3rd. St.),2ffdad05-d912-422b-81dc-654162515a53,80b51147-5225-4357-8d9d-67986e5b0621,8eab0d88-b9c8-4da4-a6a4-9d4a0327af9c,70458,01/01/2021 to 01/01/2021,Sat: 8:00 AM-12:00 PM;,,,,,,
1021575,Cameron Park Burke Junction Certified Farmers Market,Burke Junction Shopping Certer,c137cdc5-0bc0-4816-8976-f6879c5c1b41,1a0997e9-9077-4cb2-8a43-b037ce1e0bf9,7a557091-92bc-49e9-b58a-458458f87711,95672,05/11/2021 to 05/11/2021,Wed: 8:00 AM-12:00 PM;,,,,,,
1020117,Campbell County Farmers Market Association,7634 Alexandria Pike,23d3a292-9000-47a1-9ad5-84ffd619a957,fc1205d7-9f59-4f3a-b962-d5ee10a259a8,26759049-be66-49a3-8617-64f28a0ad262,41001,05/22/2020 to 10/30/2020,Fri: 3:00 PM-6:00 PM;,,,,,,
1020118,Campbell County Farmers Market Association,3504 Alexandria Pike,0ef369c4-1717-4ab4-b09a-c2cdb01fbe26,fc1205d7-9f59-4f3a-b962-d5ee10a259a8,26759049-be66-49a3-8617-64f28a0ad262,41075,05/19/2020 to 10/27/2020,Tue: 3:00 PM-6:00 PM;,,,,,,
1020119,Campbell County Farmers Market Association,709 Monmouth St,5ae4dba1-8181-45b4-9d82-bde097ca5cd3,fc1205d7-9f59-4f3a-b962-d5ee10a259a8,26759049-be66-49a3-8617-64f28a0ad262,41071,05/23/2020 to 10/31/2020,Sat: 9:00 AM-12:00 PM;,,,,,,
1020184,Campbell Farmers' Market,Campbell Avenue & Central Avenue,b3c9ae74-e231-4709-96d2-9c7adb0b4e40,91236836-0a9e-4e3e-96a5-786726e2ac3a,7a557091-92bc-49e9-b58a-458458f87711,95008,01/05/2020 to 12/27/2020,Sun: 9:00 AM-1:00 PM;,,,,,,
1009034,Canal District Farmers Market ,200 Harding Street,f755dc81-d547-48a8-bd24-9735922c9819,b0c667e5-f1d0-4254-9d83-d5470e538b04,fd0813ee-0dcf-4cef-8953-1e30d4412de6,01604,01/01/2018 to 12/31/2018,Sat: 9:00 AM-12:00 PM;,,,,,,
1019810,Canal Market District,36 East Canal Street,5d0311f0-3446-4dd7-81d2-e606b85f9599,fa4bc1ad-c14d-445f-9f6b-a53e828d222c,82136789-d0c5-4229-8cac-b731a5361c03,43055,05/01/2020 to 10/30/2020,Fri: 4:00 PM-7:00 PM;,06/02/2020 to 09/29/2020,Tue: 4:00 PM-7:00 PM;,,,,
1021202,Canal Village Farmers' Market,127 West Center Street,f1fbec9e-06de-4343-a25b-0f1261933460,ccaa7088-377b-4f80-ad92-c9cc84db0219,7dd79c73-5476-44d1-8d08-54ed1287ed03,14103,01/01/2020 to 12/31/2020,Sat: 9:00 AM-2:00 PM;,,,,,,
1012038,Canoga Park Certified Farmers Market,7248 Owensmouth st,880d3e20-c0f2-45eb-a947-f5b31b853aa5,b66dd93f-9a8d-4056-8980-fc2698aa3c61,7a557091-92bc-49e9-b58a-458458f87711,91303,01/01/2016 to 12/31/2016,Sat: 9:00 AM-1:30 PM;,,,,,,
1019772,Canton Farmers Market,500 North Ridge Road,d0042d01-6e5d-4c41-94b0-c953895234d9,8f722dc3-6e1e-4775-b2b3-c06cda821c68,1567e172-94ab-4222-b635-6b669c2aa787,48188,05/10/2020 to 10/04/2020,Sun: 9:00 AM-1:00 PM;,,,,,,
1021435,Canton Farmers' Market,300 Market Ave N,d0042d01-6e5d-4c41-94b0-c953895234d9,471e84ed-25ec-4b00-9788-fdfadfa6b086,82136789-d0c5-4229-8cac-b731a5361c03,44702,06/12/2021 to 06/12/2021,Sat: 10:00 AM-1:00 PM;,,,,,,
1021294,Cape Coral Farmers Market,SE 47th Terrace & SE 10th Place,5b580477-e2b9-4ccc-8edf-4ddd3d5c7fef,98087b17-a8d4-4d82-bdb1-7d4294d4ea5f,7b0326e1-5b5a-47e8-8933-7dce24e815dc,33904,01/01/2021 to 01/01/2021,Sat: 8:00 AM-1:00 PM;,,,,,,
1021655,Cape Riverfront Market,35 S Spanish Street,e242e084-e4b9-4550-93bb-3d225f8d4cb3,b89bcf18-4e89-4f38-8855-965d9bf89cac,743439a8-1642-4103-abcb-1ef114ce801a,63703,05/07/2022 to 05/07/2022,Sun: 8:00 AM-12:00 PM;,,,,,,
1011930,Capital City Farmers Market,126 West Loockerman Street (Loockerman Way Plaza),edd4e414-4aac-4611-a779-bb5fe5e5cb39,680b16b8-1f26-479c-b0b6-607dc4ccf122,6a510a5c-215e-446d-aabd-f5aec08cb7fb,19904,06/15/2016 to 09/14/2016,Wed: 3:00 PM-6:00 PM;,,,,,,
1018359,Capital Harvest on the Plaza,1300 Pennsylvania Avenue,86b475ae-b100-4ba1-b814-529b66e1d4e8,6553ba79-594c-47cd-a6f7-d5380b708f86,6b6ed003-0cca-4516-9dc2-71517407fa49,20004,05/19/2017 to 11/10/2017,Fri: 11:00 AM-3:00 PM;,,,,,,
1008450,Carmel Farmers Markets at the Barnyard Shopping Village,3690 The Barnyard,05e0208b-9c03-430f-973d-9c35d834229d,df155ecd-6c01-4979-b8ef-34bfce8b51ee,7a557091-92bc-49e9-b58a-458458f87711,93923,05/01/2018 to 09/25/2018,Tue: 9:00 AM-1:00 PM;,,,,,,
1006651,Carnation Farmers Market,Corner of Bird and Stossel,8f73e2d5-e1ad-4092-8113-521442e6a6e7,98ee5d73-cf74-4b82-b3c4-2a67ffc35a0e,e1b87cb5-fdcd-4e67-adf7-e25bd794503c,98014,05/07/2019 to 10/15/2019,Tue: 3:00 PM-7:00 PM;,,,,,,
1019417,Carolina fresh market and more,6619 hwy 29 north,1c9916e5-4fb4-40fc-87fd-34d685a8f779,0da5df0d-ebfb-4435-902d-918d13b2abbd,25286054-2f43-4edf-9415-c089a5cfd371,29669,01/01/2019 to 12/31/2019,Mon: 9:00 AM-6:00 PM;Tue: 9:00 AM-6:00 PM;Wed: 9:00 AM-6:00 PM;Thu: 9:00 AM-6:00 PM;Fri: 9:00 AM-6:00 PM;Sat: 9:00 AM-4:00 PM;Sun: 1:30 PM-4:30 PM;,,,,,,
1021269,Carrboro Farmers' Market,301 W Main St,8257d246-b4db-4a89-9aed-d8191d100541,90ee16f9-2d16-4ca0-8b4a-bdd55cd5f5a1,39f00a75-0499-4de4-9c99-0cb1fdb2568a,27510,01/01/2021 to 01/01/2021,Sat: 9:00 AM-12:00 PM;,03/17/2021 to 03/17/2021,Wed: 3:00 PM-6:00 PM;Sat: 7:00 AM-12:00 PM;,11/06/2021 to 11/06/2021,Sat: 9:00 AM-12:00 PM;,,
1008322,Carrollton Farmers Market,Carrollton Uptown Square,7304d36e-78ee-4570-bf74-6ee4e6bc81e4,572ddd95-75aa-46f2-ab06-c35803b4818c,743439a8-1642-4103-abcb-1ef114ce801a,64633,05/01/2020 to 09/30/2020,Fri: 8:00 AM-12:00 PM;,,,,,,
1021213,Carson Farmers Market @3rd & Curry St. ,3rd & Curry St. ,7195385c-7eee-42c7-811e-1f3a1001edec,82ddfb2f-ecac-45c1-8429-68a1fcd7e32f,5323b3eb-6022-4ac6-8bd8-67eb173075e4,89703,06/05/2021 to 06/05/2021,Sat: 8:30 AM-1:00 PM;,,,,,,
1020071,Carter County FarmersвЂ™ Market - Grayson,94 FAIRGROUND DR,620cbe85-f93a-4043-bf05-7f55cf4d846d,296f8093-76db-44b6-970f-6cf5ed65dbfc,26759049-be66-49a3-8617-64f28a0ad262,41143,07/04/2020 to 10/03/2020,Sat: 9:00 AM-12:00 PM;,,,,,,
1020074,Carter County FarmersвЂ™ Market - Olive Hill,131 Jessica Lane,642070b8-530d-47b6-b6f3-acf3b2838b13,296f8093-76db-44b6-970f-6cf5ed65dbfc,26759049-be66-49a3-8617-64f28a0ad262,41164,07/11/2020 to 10/10/2020,Mon: 3:00 PM-5:00 PM;Wed: 8:00 AM-11:00 AM;Sat: 8:00 AM-11:00 AM;,,,,,,
1012093,Carver Farmers Market,108 Main St.,472290b8-2e2c-43d2-a81b-30fe30f86ead,72a6d7ec-ec6e-4ad4-a08f-5451ed158f93,fd0813ee-0dcf-4cef-8953-1e30d4412de6,02330,06/13/2021 to 06/13/2021,Sun: 12:00 PM-4:00 PM;,,,,,,
1021740,Casey Farm Market,2325 Boston Neck Rd.,1fa62bc3-0ace-4883-92b9-3762fea9e4f5,7a69ac97-4542-4a1a-a5c2-dd800abc9358,a8a2bc3a-b405-485c-a8b5-f2fb1841df29,02874,05/14/2022 to 05/14/2022,Sat: 8:30 AM-12:30 PM;,,,,,,
1008276,Catawba County Public Health Farmers Market,3070 11th Ave Dr. SE,4c972e6f-d147-4de9-8313-ec2c7d2e435d,0bdbeb28-5920-44cc-8a50-7d19ade6d3dc,39f00a75-0499-4de4-9c99-0cb1fdb2568a,28602,06/03/2021 to 06/03/2021,Thu: 10:00 AM-1:00 PM;,,,,,,
1019159,Catawba Valley Farmers Market,4965 Catawba Creek Road,d116bac8-eb42-4a1c-b61d-494ebcb73964,87bef4b3-1b46-4ac9-9a01-b3c174acdf15,6dd53333-5181-463f-abcb-fcb91c8ec710,24070,05/10/2018 to 10/18/2018,Thu: 3:30 PM-7:00 PM;,11/17/2018 to 11/17/2018,Sat: 9:00 AM-3:00 PM;,,,,
1021242,CAVE SPRING FARMERS MARKET,6770 Cave Spring Rd SW,69dbbed4-176d-4c69-a170-f0bf88df8321,cd8c8617-8422-4cce-895c-7c687cfb883a,4db220e9-057f-4385-bafb-37fbea280645,30124,05/14/2022 to 05/14/2022,Sat: 8:00 AM-12:00 PM;,,,,,,
1012484,Cedar Mill Farmers Market,Corner Of NW Cornell and Murray Roads,f16c662e-12fb-4870-b21f-8ee8a8e37700,7a69ac97-4542-4a1a-a5c2-dd800abc9358,01127d9b-01aa-4ef1-9bd2-48f67f513459,97229,05/05/2018 to 10/13/2018,Sat: 9:00 AM-2:00 PM;,,,,,,
1019842,Cedar Point Farmers Market,1046 Cedar Point Blvd.,e1310295-4c45-4bce-a7c6-6dad6ffa9b37,b257f85a-0c8d-49d1-9324-7c7473c9985d,39f00a75-0499-4de4-9c99-0cb1fdb2568a,28584,01/01/2021 to 12/31/2021,Sat: 9:00 AM-1:00 PM;,,,,,,
1021362,Celina Farmers Market,1001 W Market St.,bedf56f3-7786-4199-b4ba-1f3a3e18fd16,c754485f-8ac8-49d9-ab3a-9a0bba049783,82136789-d0c5-4229-8cac-b731a5361c03,45822,05/01/2021 to 05/01/2021,Sat: 9:00 AM-12:00 PM;,,,,,,
1018734,Celina's Friday Night Market,142 N Ohio Street,bedf56f3-7786-4199-b4ba-1f3a3e18fd16,7e2f2d19-1f84-4ec5-8938-13980d78953a,2c777c95-b197-4df6-b0e0-6637a1318fc2,75009,03/06/2020 to 11/06/2020,Fri: 6:00 PM-9:00 PM;,,,,,,
1021226,Central Avenue Farmers' Market,4301 S Central Ave,6ff8db60-b681-4738-8580-d243b33091e3,b66dd93f-9a8d-4056-8980-fc2698aa3c61,7a557091-92bc-49e9-b58a-458458f87711,90011,01/01/2020 to 12/31/2020,Thu: 10:00 AM-3:00 PM;,,,,,,
1019907,Central Falls Farmers Market,559 Dexter St,ad976afd-31e9-4d56-bbbe-c5072093b661,798f9f6f-ec3b-4ae4-a619-3421addd2d51,a8a2bc3a-b405-485c-a8b5-f2fb1841df29,02863,07/07/2020 to 10/27/2020,Wed: 3:00 PM-6:30 PM;,,,,,,
1019618,Central Kitsap Farmers Market,2251 NW Bucklin Hill Rd,3f7a1991-c5e1-4269-9b09-c003d7914dce,68a28bf5-34f2-4e91-9720-e87626c77422,e1b87cb5-fdcd-4e67-adf7-e25bd794503c,98383,07/23/2019 to 10/08/2019,Tue: 3:00 PM-7:00 PM;,,,,,,
1020142,Certified Farmers' Market Palm Springs - Indoor,401 S. Pavilion Way,ecf87103-2887-468c-af79-ad289bb5ceb4,063bce94-716c-4430-966d-2035e28f8b2c,7a557091-92bc-49e9-b58a-458458f87711,92262,06/06/2020 to 09/19/2020,Sat: 8:00 AM-12:30 PM;,,,,,,
1020141,Certified Farmers' Market Palm Springs - Outdoor,2300 E. Baristo Rd,ecf87103-2887-468c-af79-ad289bb5ceb4,063bce94-716c-4430-966d-2035e28f8b2c,7a557091-92bc-49e9-b58a-458458f87711,92262,10/03/2020,Sat: 8:00 AM-12:30 PM;,,,,,,
1020058,CFFMA - Ft Washington Farmers Market - Sunday,NE Corner Friant and Ft Washington,f46509b7-2398-4a01-8f7a-f63e1e690512,6d8bf88d-0f4f-4803-a8eb-25877da3a429,7a557091-92bc-49e9-b58a-458458f87711,93730,01/01/2020 to 12/31/2020,Sun: 9:00 AM-2:00 PM;,,,,,,
1020057,CFFMA - River Park Farmers Market - Saturday,SE Corner Blackstone and Nees,8b70783e-4bac-40a7-85ec-bebb98aa5220,6d8bf88d-0f4f-4803-a8eb-25877da3a429,7a557091-92bc-49e9-b58a-458458f87711,93720,01/01/2020 to 12/31/2020,Sat: 10:00 AM-3:00 PM;,,,,,,
1020056,CFFMA - River Park Farmers Market - Tuesday,SE Corner Blackstone and Nees,f46509b7-2398-4a01-8f7a-f63e1e690512,6d8bf88d-0f4f-4803-a8eb-25877da3a429,7a557091-92bc-49e9-b58a-458458f87711,93720,01/01/2020 to 12/31/2020,Tue: 5:00 PM-9:00 PM;,,,,,,
1019225,Challis Community Farmers Market,Challis City Park,e3cda657-b362-4e2e-9f54-9f431f755956,6079604a-503c-4bbf-80e8-f70f4748617c,34db3808-70ee-4d72-96b7-31220659bda5,83226,,Sat: 10:00 AM-1:00 PM;,,,,,,
1021267,Champlain Islands Farmers' Market - Wednesday,501 U.S Route 2,9536afb5-6d02-4b1a-9241-93b17fcbc8e5,b87988e1-8bc6-4aa4-a8e4-5ca5ff3e9bbf,faedd35b-2ba2-4753-b8f5-07a3892b9721,05486,05/26/2021 to 05/26/2021,Wed: 3:00 PM-6:00 PM;,,,,,,
1021564,Champlain Islands Farmers' Market-Saturday,185 US Route 2,512c129a-3fbf-4628-8b2d-37d8bfea7428,b87988e1-8bc6-4aa4-a8e4-5ca5ff3e9bbf,faedd35b-2ba2-4753-b8f5-07a3892b9721,05458,05/22/2021 to 05/22/2021,Sat: 10:00 AM-2:00 PM;,,,,,,
1018886,Charles Town Farmers Market,100 block of South Samuel Street,d120cdbf-13ef-4c67-a373-932288cd4ad9,04317b7e-1abf-4a2c-b4a7-e994c1d4c3c9,72defe61-f5c8-4b4c-bd1c-a4081743a504,25414,05/02/2020 to 10/31/2020,Sat: 9:00 AM-12:00 PM;,,,,,,
1017995,Charleston Farmers Market,,1c2827d3-131f-4423-be52-7f901a38b2b8,944b15fd-d0f0-4def-9b76-0a8ab2987e68,7885258d-77c7-421e-a1e9-043ef91e8c26,72933,01/13/2018 to 11/24/2018,Sat: 8:00 AM-12:00 PM;,,,,,,
1021741,Charlestown Land Trust Farmers' Market,4150 Old Post Road,873ab61d-bacf-4192-bf7f-f9ddd8b83a8d,7a69ac97-4542-4a1a-a5c2-dd800abc9358,a8a2bc3a-b405-485c-a8b5-f2fb1841df29,02813,06/24/2022 to 06/24/2022,Fri: 9:00 AM-12:30 PM;,,,,,,
1011689,Charlotte Regional Farmers Market,1801 Yorkmont Road,b4cedb30-594a-4535-b116-9d41972ff781,3ef8efec-cf6c-4652-8521-e5e4dc6ded04,39f00a75-0499-4de4-9c99-0cb1fdb2568a,28217,01/01/2020 to 12/31/2020,Tue: 8:00 AM-5:00 PM;Wed: 8:00 AM-5:00 PM;Thu: 8:00 AM-5:00 PM;Fri: 8:00 AM-5:00 PM;Sat: 8:00 AM-5:00 PM;,,,,,,
1005834,Chatham Farmer's Market,1652 Main Street Rte 28,47beaa20-8f27-44f0-8a9e-fba013034e98,3735155e-dc3e-4ad6-9e70-494a513e747a,fd0813ee-0dcf-4cef-8953-1e30d4412de6,02633,05/19/2015 to 10/20/2015,Tue: 3:00 PM-6:00 PM;,,,,,,
1019881,Chatter Box Farmers Market in Tekamah,,b41452f7-530d-40ea-933e-1a56fb64e428,15d586f1-0c0b-443d-92b9-0b6f24075708,9d7cc9b4-b9db-4c4e-b267-425d9a3e46b4,,06/01/2020 to 09/30/2020,Thu: 4:00 PM-7:00 PM;,,,,,,
1004754,Chelsea Farmers' Market,Corner of Rte 110 and Rte 113,cfa61106-4bec-4e10-a9c2-2219b031e7d9,90ee16f9-2d16-4ca0-8b4a-bdd55cd5f5a1,faedd35b-2ba2-4753-b8f5-07a3892b9721,05038,05/21/2021 to 05/21/2021,Fri: 3:00 PM-6:00 PM;,,,,,,
1008606,Chesterfield County Farmers Market,near 6701 Mimms Loop,cb4c87c5-0c52-4156-8d0e-7226dbc91a2f,92dfe263-242a-4cda-a451-cbc4fdfc244c,6dd53333-5181-463f-abcb-fcb91c8ec710,23832,05/06/2020 to 08/26/2020,Wed: 11:00 AM-2:00 PM;,,,,,,
1021310,Chestnut Hill Farmers' Market,7673 Germantown Avenue,7a8448fb-98f0-4837-8ac9-280be43a76c9,30f2e6e8-02e2-4c37-b99f-1cf934694676,3ffc900b-d7c0-4b07-8aba-7df870781580,19118,01/01/2021 to 01/01/2021,Sat: 9:00 AM-1:00 PM;,,,,,,
1020128,Chico Certified Farmers Market - Chico Saturday,2nd and Wall Streets,df9f3e5d-c994-48c1-82d7-3c04d216ed4a,57ea2fa9-d6b1-4ef0-8659-4858bdcaac38,7a557091-92bc-49e9-b58a-458458f87711,95927,01/01/2020 to 12/31/2020,Sat: 7:30 AM-1:00 PM;,,,,,,
1020129,Chico Certified Farmers Market - Chico Wednesday,North Valley Plaza Mall,df9f3e5d-c994-48c1-82d7-3c04d216ed4a,57ea2fa9-d6b1-4ef0-8659-4858bdcaac38,7a557091-92bc-49e9-b58a-458458f87711,95926,01/01/2020 to 12/31/2020,Wed: 7:30 AM-1:00 PM;,,,,,,
1020127,Chico Certified Farmers Market - Paradise Tuesday,6491 Clark Road,654ce9ba-0375-4d7c-a8c9-88c02ee83cbb,57ea2fa9-d6b1-4ef0-8659-4858bdcaac38,7a557091-92bc-49e9-b58a-458458f87711,95969,06/02/2020 to 09/29/2020,Tue: 7:30 AM-12:00 PM;,,,,,,
1001763,Chilhowie Farmer's Market,East Lee Highway between Chestnut and Pine Avenues (Warrior Park),72c92324-e719-4f97-9dc5-20013a552577,0c315f01-5382-478c-87d4-5985d90e80c4,6dd53333-5181-463f-abcb-fcb91c8ec710,24319,04/17/2019 to 10/31/2019,Thu: 3:00 PM-6:00 PM;,,,,,,
1019104,China Grove Farmers Market,308 North Main Street,ba81b011-62b6-4f75-ba00-b4a0dd50a896,ee379a43-fb41-4dd1-8b77-bab762c7b182,39f00a75-0499-4de4-9c99-0cb1fdb2568a,28023,05/04/2018 to 09/28/2018,Fri: 4:00 PM-6:00 PM;,,,,,,
1008409,Chippewa Falls Farmers Market,1 S. Bridge Street,c1c0bf0d-9556-44f5-b4a3-6e2346753c09,19166354-fdd2-447b-af5b-4370f3b2a69a,e8d05643-2a60-4ca6-a077-819f50879428,54729,06/10/2021 to 06/10/2021,Thu: 12:00 PM-6:00 PM;,,,,,,
1021237,Church St Farmers Market,6730 Church St,8b43a6e5-38d1-49b9-b26c-c2dba2802f08,37ddd872-f1b0-4312-827f-f5f250946a61,4db220e9-057f-4385-bafb-37fbea280645,30134,06/09/2020 to 09/29/2020,Tue: 3:00 PM-7:00 PM;,,,,,,
1004360,Church Street Farmers' Market,603 Church Street,ab9360b7-578e-4a1e-a56f-298e5ea4dc73,c26d9f32-6719-4661-995e-0db9ca806c27,6dd53333-5181-463f-abcb-fcb91c8ec710,23824,05/05/2018 to 10/27/2018,Wed: 8:00 AM-12:00 PM;Sat: 8:00 AM-12:00 PM;,,,,,,
1021653,Circle Square Commons Farmers Market,8445 SW 80th Street,f9db44ef-fe23-43e2-84e1-24a328045677,d5028103-f10b-4f88-8424-6ead4335ae33,7b0326e1-5b5a-47e8-8933-7dce24e815dc,34481,01/01/2022 to 01/01/2022,Thu: 9:00 AM-1:00 PM;,,,,,,
1019141,City Center Farmers Market,200 Sanborn Street,dc51b975-2071-48aa-b3db-55dbafc5eeda,d6d56cad-b77d-470c-95cb-c7e64e47ceb3,25286054-2f43-4edf-9415-c089a5cfd371,29501,01/01/2021 to 01/01/2021,Sat: 9:00 AM-1:00 PM;,04/13/2021 to 04/13/2021,Tue: 4:00 PM-7:00 PM;,,,,
1005250,City Hall Parking Lot Deck (People's Open Market),Alapai & Beretania Street,b98a099d-6f60-4831-83da-00380709ab2b,e9f50e89-e238-48ed-af04-05bddd9ae446,4c8a3dce-226c-409e-b551-8c6a90ecf266,96813,01/01/2019 to 12/31/2019,Mon: 11:30 AM-12:30 PM;,,,,,,
1021199,City Heights Certified Farmers Market,4325 Wightman St.,5572ca20-a993-41ea-bcf1-8d49fe995ead,140caaf5-0e04-464d-a5b7-2874d1baff93,7a557091-92bc-49e9-b58a-458458f87711,92104,01/01/2020 to 12/31/2020,Sat: 9:00 AM-1:00 PM;,,,,,,
1019717,City Market,1150 South Gay Street,2f7ed5bd-0d70-4640-8d50-09e3efac60c5,98087b17-a8d4-4d82-bdb1-7d4294d4ea5f,a99466fa-d385-4f64-a230-de4dde953216,36830,10/05/2019 to 10/26/2019,Sat: 8:00 AM-12:00 PM;,05/16/2020 to 08/29/2020,Sat: 8:00 AM-11:00 AM;,,,,
1004255,City of Loveland Farmers Market,700 S. Railroad,4cb395e8-7fa2-410d-8b8b-c5a7e45d0b2b,26cfca0d-6e43-492b-ab35-c4ab88ffe16a,e1f09524-7ac6-416d-ba58-0c07f3d72e11,80537,06/07/2020 to 09/27/2020,Sun: 9:00 AM-1:00 PM;,,,,,,
1017956,City of North Adams Farmers' Market,"St. Anthony Municipal Parking Lot, at the intersection of Rte. 8 (Marshall St.) and St. Anthony Drive",2e057d5e-2657-41d7-9976-d8a45762cd19,f3a65e37-0487-4a60-a75d-3b9607844e07,fd0813ee-0dcf-4cef-8953-1e30d4412de6,01247,06/09/2018 to 10/20/2018,Sat: 9:00 AM-1:00 PM;,11/03/2018 to 05/03/2019,Sat: 9:00 AM-1:00 PM;,,,,
1017930,City of Pittsburgh Carrick Farmers Market,1529 Brownsville Road,a7424088-b009-46da-8f36-e9bf6192efc5,68a3c528-92c0-49f7-9e91-8f87a45bb3f3,3ffc900b-d7c0-4b07-8aba-7df870781580,15210,06/22/2017 to 09/14/2017,Wed: 3:00 PM-7:00 PM;,,,,,,
1000303,City of Plymouth Farmers Market,15500 County Road 6,fca6053a-9f72-4a30-b380-0b93b3b75e11,80eca9e2-aee8-4974-ad6c-6b1a90ce0795,775d2aa3-b0cf-4a6b-a862-16373a107431,55447,06/23/2021 to 06/23/2021,Wed: 2:30 PM-6:30 PM;,,,,,,
1021433,City of Seven Hills Farmers Market,7221 Broadview Road,177a89af-484a-41e3-807f-ebc9b573b273,0a0b619c-3b3d-40ef-ae23-e1cada5ff574,82136789-d0c5-4229-8cac-b731a5361c03,44131,07/01/2021 to 07/01/2021,Thu: 4:00 PM-7:00 PM;,,,,,,
1021420,City of St. Clair Shores Farmers Market,24800 Jeffereson,989affb0-3a32-4e34-806f-f669188b4645,4641b07d-ea3d-456c-811c-bf21322eecbb,1567e172-94ab-4222-b635-6b669c2aa787,48080,05/23/2021 to 05/23/2021,Thu: 5:00 PM-9:00 PM;Sun: 8:00 AM-2:00 PM;,,,,,,
1006460,City of White Bear Lake Farmer's Market,"Clark Avenue, between 2nd and 3rd Street",69f191fe-37e4-466e-940d-f52cc3c6c98d,e9dfd88a-cf95-4873-873e-6994941f0cde,775d2aa3-b0cf-4a6b-a862-16373a107431,55110,06/25/2021 to 06/25/2021,Fri: 8:00 AM-12:00 PM;,,,,,,
1005940,CitySeed Edgewood Park Farmers Market,corner of Whalley Ave. and West Rock Ave.,63a70a5d-3ca2-41b7-827c-789611c1dd8c,d4e029df-3da9-48be-8fcb-71ce66531fd7,e27aa654-8f84-43d8-bc72-d501fb165262,06515,05/06/2018 to 12/16/2018,Sun: 10:00 AM-1:00 PM;,,,,,,
1005941,CitySeed Fair Haven Farmers Market,Corner of Front St. and Grand Ave. ,63a70a5d-3ca2-41b7-827c-789611c1dd8c,d4e029df-3da9-48be-8fcb-71ce66531fd7,e27aa654-8f84-43d8-bc72-d501fb165262,06513,07/05/2018 to 10/25/2018,Thu: 3:00 PM-6:00 PM;,,,,,,
1019206,CitySeed Winter Market,115 Water St,63a70a5d-3ca2-41b7-827c-789611c1dd8c,d4e029df-3da9-48be-8fcb-71ce66531fd7,e27aa654-8f84-43d8-bc72-d501fb165262,06511,01/01/2018 to 04/01/2018,Sat: 10:00 AM-1:00 PM;,,,,,,
1005943,CitySeed Wooster Square Farmers Market,DePalma Ct. between Chapel St. and Wooster St.,63a70a5d-3ca2-41b7-827c-789611c1dd8c,d4e029df-3da9-48be-8fcb-71ce66531fd7,e27aa654-8f84-43d8-bc72-d501fb165262,06511,04/07/2018 to 12/15/2018,Sat: 9:00 AM-1:00 PM;,,,,,,
1002106,Claremont Farmers & Artisans Market,Harvard Avenue Between Bonita and First Streets,a514a3fd-e061-4dad-96d2-84c6240d9235,b66dd93f-9a8d-4056-8980-fc2698aa3c61,7a557091-92bc-49e9-b58a-458458f87711,91711,01/01/2021 to 01/01/2021,Sun: 8:00 AM-1:00 PM;,,,,,,
1019061,Claremont Farmers' Market,14 North Street,a514a3fd-e061-4dad-96d2-84c6240d9235,a8099063-abc0-4fb4-a4e7-e5e533ebfbd4,97451c0b-a2d4-4498-ba04-00201d9018f1,03743,05/26/2018 to 09/08/2018,Sat: 9:00 AM-1:00 PM;,,,,,,
1000579,Clarence Hollow Farmers' Market,"New Town lot, 10717 Main St. (route 5)",7b5d7ebd-7a38-4215-b160-1825a89159ce,33d2ff14-6b97-42fb-b643-9cd2ff72a666,7dd79c73-5476-44d1-8d08-54ed1287ed03,14031,06/01/2021 to 06/01/2021,Sat: 8:00 AM-1:00 PM;,,,,,,
1019840,Clarkston Farmers Market,"Beachview Park, Chestnut St",54f535bf-6bd0-486f-83e6-e082041e8db3,7ef61071-7e9b-44c2-a9cf-d83999e5c317,e1b87cb5-fdcd-4e67-adf7-e25bd794503c,99403,06/06/2020 to 09/26/2020,Sat: 8:00 AM-12:00 PM;,,,,,,
1021441,Clay Center Farmers Market,720 5th Street,afeca41e-9cbd-420a-a0f1-5c6dba21ef58,7df2d240-ec69-4828-a368-e877666a501f,940abb8a-6d9b-46f0-b9b1-37ab0a387dac,67432,04/17/2021 to 04/17/2021,Sat: 8:00 AM-11:30 PM;,,,,,,
1019110,Cleburne Farmers Market,141 S Ridgeway Drive,9ae775c3-210f-4e99-a521-a54c13918126,35b808c7-3b58-4261-b5a8-8193cebdb1c8,2c777c95-b197-4df6-b0e0-6637a1318fc2,76033,04/07/2018 to 10/27/2018,Sat: 9:00 AM-1:00 PM;,,,,,,
1019741,Clemmons Farmers Market,1150 S Peace Haven Road,ae3562f3-25f3-4986-958d-42663a49b96f,1b4664f4-10b0-4d25-a76d-f7e115833e9e,39f00a75-0499-4de4-9c99-0cb1fdb2568a,27012,05/09/2020 to 10/10/2020,Sun: 8:30 AM-11:30 AM;,,,,,,
1019704,Cleveland Park Farmers Market,"3400 Connecticut Ave NW, Washington, DC 20008",7acfc7b6-0678-45eb-ab68-a00a53481c51,6553ba79-594c-47cd-a6f7-d5380b708f86,6b6ed003-0cca-4516-9dc2-71517407fa49,20008,04/01/2021 to 04/01/2021,Sat: 9:00 AM-1:00 PM;,,,,,,
1018381,Clifton Park Farmers' Market,"971 Route 146, Shenendehowa United Methodist Church parking lot ",df13f028-935e-42fe-8547-da04c48bd6e7,040215f5-4b9f-4637-83e3-7e3bfce005ac,7dd79c73-5476-44d1-8d08-54ed1287ed03,12065,06/04/2018 to 10/29/2018,Mon: 2:00 PM-5:00 PM;,,,,,,
1019823,Clinton Farmers Market,20 West Park Row,57fcf8a5-d254-407c-9971-39673098cdb9,8068d531-ebba-4bee-b962-435055f60ffa,7dd79c73-5476-44d1-8d08-54ed1287ed03,13323,06/04/2020 to 10/01/2020,Thu: 10:00 AM-4:00 PM;,,,,,,
1019763,Clintonville Farmers' Market,N High St and W Dunedin Rd,636e566e-a955-4175-925d-c3f319923b3f,944b15fd-d0f0-4def-9b76-0a8ab2987e68,82136789-d0c5-4229-8cac-b731a5361c03,43214,04/25/2020 to 11/21/2020,Sat: 9:00 AM-12:00 PM;,,,,,,
1000549,Clio Market,21 College Street,87e9db07-989c-4ded-bf38-33d15664ed76,13a1a246-3e4f-4c2e-8488-7cf32db27f48,a99466fa-d385-4f64-a230-de4dde953216,36311,01/01/2015 to 12/31/2015,Wed: 10:00 AM-1:00 PM;,,,,,,
1002808,CMS Farmers Market,7500 Security Blvd.,bdc81801-2691-40d9-a97c-3903606a36c7,79bc61d6-cc6e-4e13-b016-81a7e8446c47,c5b0ab35-2326-49a5-b543-8e5bb1c71ed5,21244,06/03/2021 to 06/03/2021,Thu: 10:30 AM-1:30 PM;,,,,,,
1019474,Co-Operative Farmers Market,900 Barring Avenue,379fab18-fce4-4a02-bc2e-22ae3d688dbd,b86ad02f-82db-4054-b388-568619ea2854,3ffc900b-d7c0-4b07-8aba-7df870781580,18508,07/15/2019 to 11/25/2020,Mon: 12:00 PM-6:00 PM;Wed: 12:00 PM-6:00 PM;Fri: 12:00 PM-6:00 PM;,,,,,,
1018969,Coastal Growers Farmers Market,650 Ten Rod Rd.,1b714718-5c85-468b-8e6f-1c708932c556,7a69ac97-4542-4a1a-a5c2-dd800abc9358,a8a2bc3a-b405-485c-a8b5-f2fb1841df29,02852,11/04/2017 to 05/05/2018,Sat: 9:00 AM-12:00 PM;,,,,,,
1019821,Coastal Growers Market,2325 Boston Neck Rd,1fa62bc3-0ace-4883-92b9-3762fea9e4f5,7a69ac97-4542-4a1a-a5c2-dd800abc9358,a8a2bc3a-b405-485c-a8b5-f2fb1841df29,02874,05/13/2020 to 11/07/2020,Sat: 8:30 AM-12:30 PM;,,,,,,
1020135,Coastside Farmers' Market - Half Moon Bay ,225 Cabrillo Highway,87eaedba-fb7d-4ec9-8a15-aa10a7c3e616,d0fd7b59-1803-498b-925b-c22c75df55da,7a557091-92bc-49e9-b58a-458458f87711,94019,04/01/2020 to 12/19/2020,Sat: 9:00 AM-1:00 PM;,,,,,,
1020137,"Coastside Farmers' Market - Rockaway Beach, Pacifica",450 Old County Road,78c5e500-cc58-4855-8d7d-57d28cd9b250,d0fd7b59-1803-498b-925b-c22c75df55da,7a557091-92bc-49e9-b58a-458458f87711,94044,04/01/2020 to 12/23/2020,,,,,,,
1021232,College Place Farmers & Artisan Market,801 SE Larch Avenue,0bc9cd46-f35f-468d-a898-a3385da7bed4,0762f67c-a882-4693-a0e1-43a6aaa366ef,e1b87cb5-fdcd-4e67-adf7-e25bd794503c,99324,05/28/2020 to 05/28/2020,Thu: 4:00 PM-7:00 PM;,,,,,,
1001290,Collinsville Farmers Market,Main St. and Route 179,ca525457-3c4f-4649-9e21-6266f13dbea8,bed440c0-e46f-4046-b888-e5f4dae0d2c8,e27aa654-8f84-43d8-bc72-d501fb165262,06019,06/06/2021 to 06/06/2021,Sun: 10:00 AM-1:00 PM;,,,,,,
1000210,Colorado Farm and Art Market,7350 Pine Creek Road,cae45a11-1206-417c-a381-ed0cfd106502,bdb4adb6-937c-40d1-858b-e640f0748cac,e1f09524-7ac6-416d-ba58-0c07f3d72e11,80919,06/13/2020 to 10/17/2020,Sat: 9:00 AM-1:00 PM;,,,,,,
1009656,Colorado Farm and Art Market,215 S. Tejon,cae45a11-1206-417c-a381-ed0cfd106502,bdb4adb6-937c-40d1-858b-e640f0748cac,e1f09524-7ac6-416d-ba58-0c07f3d72e11,80903,06/10/2020 to 10/07/2020,Wed: 3:00 PM-7:00 PM;,,,,,,
1018196,Columbia Farmers Fresh Market ,5th Street & Riverside Drive,029d4a4c-b595-4611-81af-660a3fde1199,fac1249d-c893-4cbe-9016-f21a0afecbf2,e7416093-d979-43e8-952c-06d2b35b5956,38401,,Tue: 7:00 AM-12:00 PM;Thu: 7:00 AM-12:00 PM;Sat: 7:00 AM-12:00 PM;,,,,,,
1019790,Columbia Farmers Market,1769 West Ash Street,029d4a4c-b595-4611-81af-660a3fde1199,da4c550d-6e3a-419e-bd25-b48ea01b662d,743439a8-1642-4103-abcb-1ef114ce801a,65203,04/03/2021 to 04/03/2021,Sat: 8:00 AM-12:00 PM;,11/06/2021 to 11/06/2021,Sat: 9:00 AM-12:00 PM;,06/01/2021 to 06/01/2021,Tue: 10:00 AM-1:00 PM;Thu: 3:00 AM-6:00 PM;,,
1010758,Columbia Farmory and Mountain People Organics,10800 Airport Road,634b7cbc-01c7-4824-957b-82cd10ef63fc,fb06faab-fcdd-4aa9-be92-8c54f8f177a6,7a557091-92bc-49e9-b58a-458458f87711,95310,01/01/2018 to 12/31/2018,Wed: 11:00 AM-5:00 PM;Sat: 11:00 AM-5:00 PM;,,,,,,
1019483,Columbus Farmers Market,14 st and 26 Ave,636e566e-a955-4175-925d-c3f319923b3f,33730f2d-09b7-4cea-b35a-d5e78a2117f4,9d7cc9b4-b9db-4c4e-b267-425d9a3e46b4,68601,05/04/2019 to 10/26/2019,Sat: 7:00 AM-12:00 PM;,,,,,,
1019199,Columbus KS Farmers Market,202 N. East Avenue,636e566e-a955-4175-925d-c3f319923b3f,900e50f4-ff55-4b7b-b5f5-e3f69da599d7,940abb8a-6d9b-46f0-b9b1-37ab0a387dac,66725,05/20/2021 to 05/20/2021,Thu: 4:00 PM-6:30 PM;,,,,,,
1020124,Colusa Certified Farmers Market,10th Street Memorial Park,0509ee0c-ee0f-4844-96bf-aaecd9cbc241,c7f61a32-e371-46e1-896f-87ab1a7b6d27,7a557091-92bc-49e9-b58a-458458f87711,95932,06/04/2020 to 09/24/2020,Thu: 4:00 PM-7:00 PM;,,,,,,
1011003,Colwell's Farmers Market,9079 HWY377,ecd66161-acbc-4147-8a08-7f90874beb28,478207f3-0ebc-4272-a4b9-a0b101e49da3,2c777c95-b197-4df6-b0e0-6637a1318fc2,76240,01/01/2018 to 12/31/2018,Mon: 9:00 AM-5:30 PM;Tue: 9:00 AM-5:30 PM;Wed: 9:00 AM-5:30 PM;Thu: 9:00 AM-5:30 PM;Fri: 9:00 AM-5:30 PM;Sat: 9:00 AM-5:30 PM;Sun: 10:00 AM-4:00 PM;,01/01/2018 to 12/31/2018,Mon: 9:00 AM-5:30 PM;Tue: 9:00 AM-5:30 PM;Wed: 9:00 AM-5:30 PM;Thu: 9:00 AM-5:30 PM;Fri: 9:00 AM-6:00 PM;Sat: 9:00 AM-5:30 PM;Sun: 10:00 AM-5:00 PM;,,,,
1021541,Come Thru Market,831 SE Salmon St,f16c662e-12fb-4870-b21f-8ee8a8e37700,d74ac011-eda7-4bef-99ff-78952c483c5d,01127d9b-01aa-4ef1-9bd2-48f67f513459,97214,05/03/2021 to 05/03/2021,Mon: 1:00 PM-4:00 PM;,,,,,,
1019592,Como Farmer's Market,Main Street,1aa7b1ad-12ea-45bf-a1a2-4fe0c2dbfaa4,39804bac-dbe2-43ff-80ca-3dc508935bfd,cf26f741-6e95-40e6-9e55-03c7326dba5d,38619,06/01/2019 to 10/31/2019,Thu: 3:00 PM-7:00 PM;,,,,,,
1019042,Connecticut's Old State House Farmers Market,800 Main Street,5f217edc-8582-4c30-87ba-b21fe609fb08,bed440c0-e46f-4046-b888-e5f4dae0d2c8,e27aa654-8f84-43d8-bc72-d501fb165262,06103,06/12/2018 to 10/30/2018,Tue: 10:00 AM-2:00 PM;Fri: 10:00 AM-2:00 PM;,,,,,,
1012030,Conway Farmers Market,1029 2nd Ave,e648f44f-caf7-4b2a-bcea-ee4eded7d0f3,5db5df1a-c784-4d12-b570-213fe2a251ea,25286054-2f43-4edf-9415-c089a5cfd371,29526,05/01/2021 to 05/01/2021,Sat: 8:00 AM-1:00 PM;,,,,,,
1021396,Conway Farmers' Market,150 Amity Rd.,e648f44f-caf7-4b2a-bcea-ee4eded7d0f3,918ff624-b539-461f-b7be-af1036f70ed5,7885258d-77c7-421e-a1e9-043ef91e8c26,72032,04/24/2021 to 04/24/2021,Sat: 7:00 AM-12:00 PM;,,,,,,
1006766,Coos Bay Farmers Market,"320 Central Ave., Suite 410",0e78e5dd-227d-4fae-8e94-5baa1540ca3d,76dcde30-ebc2-47d4-b58b-4d5cc048eaf2,01127d9b-01aa-4ef1-9bd2-48f67f513459,97420,05/02/2018 to 10/31/2018,Wed: 9:00 AM-2:00 PM;,,,,,,
1018190,Coralville Farmers' Market,1513 7th St,7c9330f3-b515-4a81-af3b-9241d43753fc,35b808c7-3b58-4261-b5a8-8193cebdb1c8,02f30189-b9ba-40b5-bb18-c7d22d4b6d4b,52241,05/06/2019 to 10/07/2019,Mon: 5:00 PM-7:00 PM;,,,,,,
1021639,Cornelius Farmers Market,1370 N Adair St,92dbb78f-242f-44e6-ac85-e38ed3d71e22,7a69ac97-4542-4a1a-a5c2-dd800abc9358,01127d9b-01aa-4ef1-9bd2-48f67f513459,97113,06/03/2022 to 06/03/2022,Fri: 4:00 PM-8:00 PM;,,,,,,
1012666,Corpus Christi Downtown Farmers' Market,100 N Shoreline Blvd,366f4de4-c6fc-4c7a-b241-410888939f98,3f120f30-19bd-48e7-a462-ff5a99861b0a,2c777c95-b197-4df6-b0e0-6637a1318fc2,78401,01/01/2019 to 12/31/2019,Wed: 5:00 PM-8:00 PM;,,,,,,
1008959,Cortez Farmers Market,Main and Elm Streets,02e8a855-1419-41f1-b2cb-d6ba958292a7,3de82576-2841-412a-8504-dc3f18c42dd1,e1f09524-7ac6-416d-ba58-0c07f3d72e11,81321,06/02/2018 to 10/27/2018,Sat: 7:30 AM-12:00 PM;,,,,,,
1021691,Corvallis Farmers' Market ,1st & Jackson,d40c677e-58b3-44bd-80b1-a76c0cde4d1c,162e9307-c023-4792-9afa-4acab5ff724a,01127d9b-01aa-4ef1-9bd2-48f67f513459,97330,04/16/2022 to 04/16/2022,Wed: 9:00 AM-1:00 PM;Sat: 9:00 AM-1:00 PM;,12/03/2022 to 12/03/2022,Sat: 10:00 AM-2:00 PM;,,,,
1018629,Cotati Community Farmers Market ,Old Redwood Hwy and W Sierra,3e46fd23-c114-4213-ab22-42b24a0c53d7,92df7e14-b328-4baa-9ef8-348842c61af5,7a557091-92bc-49e9-b58a-458458f87711,94931,06/03/2020 to ,Wed: 4:30 PM-7:30 PM;,,,,,,
1010975,Cottage House Youth Market,47 Doster Road,1d0fdbf0-4d1f-4da8-97c5-c0ca88edc2c2,13a1a246-3e4f-4c2e-8488-7cf32db27f48,a99466fa-d385-4f64-a230-de4dde953216,36311,01/17/2018 to 12/21/2019,Sat: 8:00 AM-11:00 AM;,,,,,,
1004382,Cottin's Hardware Farmers Market,1832 Massachusetts Street,6736522b-bfce-4d0e-a344-b3d274bdb233,37ddd872-f1b0-4312-827f-f5f250946a61,940abb8a-6d9b-46f0-b9b1-37ab0a387dac,66044,01/01/2020 to 01/01/2020,Thu: 4:00 PM-6:00 PM;,01/01/2021 to 01/01/2021,Thu: 4:00 PM-6:00 PM;,,,,
1018221,Cotton Mill Farmers Market,609 Dixie Street,7304d36e-78ee-4570-bf74-6ee4e6bc81e4,572ddd95-75aa-46f2-ab06-c35803b4818c,4db220e9-057f-4385-bafb-37fbea280645,30117,01/01/2020 to 12/31/2020,Sat: 8:00 AM-11:00 AM;,,,,,,
1000368,Country Lane Farmers Market,1642 16th St,88bd6df9-ce92-4344-850a-14b9697c1be0,78015626-f4d0-48e3-95d8-a1e5e491afce,e8d05643-2a60-4ca6-a077-819f50879428,54812,06/20/2019 to 10/03/2019,Thu: 2:00 PM-8:00 PM;,,,,,,
1019530,Countryside Farmers' Market at Highland Square,1175 W Exchange St,2d11e4c8-b905-4418-bc32-0e84e370f5a3,dc893caa-fdd2-40da-b3bc-40c037f4ad5c,82136789-d0c5-4229-8cac-b731a5361c03,44302,06/06/2019 to 08/29/2019,Thu: 4:00 PM-7:00 PM;,,,,,,
1019529,Countryside Farmers' Market at Howe Meadow,4040 Riverview Rd.,80aa3bfe-555d-4fff-83a8-e71a6d204e6e,dc893caa-fdd2-40da-b3bc-40c037f4ad5c,82136789-d0c5-4229-8cac-b731a5361c03,44264,04/20/2019 to 10/26/2019,Sat: 9:00 AM-12:00 PM;,,,,,,
1019531,Countryside Public Market,21 Furnace Street,2d11e4c8-b905-4418-bc32-0e84e370f5a3,dc893caa-fdd2-40da-b3bc-40c037f4ad5c,82136789-d0c5-4229-8cac-b731a5361c03,44308,01/01/2019 to 12/31/2019,Sun: 10:00 AM-2:00 PM;,,,,,,
1019258,Countryside Winter Farmers' Market,2315 Ira Rd.,2d11e4c8-b905-4418-bc32-0e84e370f5a3,dc893caa-fdd2-40da-b3bc-40c037f4ad5c,82136789-d0c5-4229-8cac-b731a5361c03,44333,11/03/2018 to 04/06/2019,Sat: 9:00 AM-12:00 PM;,,,,,,
1019325,Coventry Farmers' Market (formerly Coventry Regional Farmers' Market),2299 South St. ,8a140094-1958-439c-97ef-011a5d44ea19,0afad665-c88a-4f62-82fb-5c1c4be1d150,e27aa654-8f84-43d8-bc72-d501fb165262,06238,06/02/2019 to 10/27/2019,Sun: 11:00 AM-2:00 PM;,,,,,,
1019296,Covington Farmers Market,3rd and Greenup Street,c9135d6c-cb90-4006-9fb4-df02684a9257,8481e6eb-32fe-4b8d-a5f1-b724a6b9273b,26759049-be66-49a3-8617-64f28a0ad262,41011,05/05/2018 to 10/27/2018,Sat: 9:00 AM-1:00 PM;,11/03/2018,Sat: 9:00 AM-1:00 PM;,,,,
1012552,Cowtown Farmers Market,3821 SOUTHWEST BLVD,8106cac2-3f30-4e3a-bf64-6b2c46fbaf1d,289c254d-dae3-4a28-927f-ad3d5a884b1e,2c777c95-b197-4df6-b0e0-6637a1318fc2,,01/01/2016 to 12/31/2016,Sat: 8:00 AM-12:00 PM;,06/01/2016 to 09/28/2016,Wed: 8:00 AM-12:00 PM;,,,,
1009993,Cozad Grand Generation Center,410 W 9th St.,5e111869-0dd9-4c9c-abaf-ab38de99b799,8afff12b-ebf6-4c9e-b3aa-b0117dbcc25a,9d7cc9b4-b9db-4c4e-b267-425d9a3e46b4,69130,06/23/2021 to 06/23/2021,Wed: 4:30 PM-6:30 PM;,,,,,,
1019130,Craft Market,"Decks Reserve Carpark, Wallace Street, Mouteka",a7bdcd6c-2f62-4b78-a724-e5a61523420d,159cecb7-39a4-4991-8e7f-2c459aa6f762,b969a275-4f8c-4575-9b14-a40c9e53be44,70105,,,,,,,,
1021330,Crawfordsville Farmers Market,100 W Pike St.,23282612-afe1-4902-8a7a-e4ca4b35bd26,67f1ece3-06e3-4863-9005-e8741bf3d0fb,1f92cbc1-8f4b-4538-95dd-366fc23a8da5,47933,05/01/2021 to 05/01/2021,Sat: 8:00 AM-1:00 PM;,,,,,,
1021331,Crawfordsville Winter Market,400 Parke Avenue,23282612-afe1-4902-8a7a-e4ca4b35bd26,67f1ece3-06e3-4863-9005-e8741bf3d0fb,1f92cbc1-8f4b-4538-95dd-366fc23a8da5,47933,11/27/2021 to 11/27/2021,Sat: 10:00 AM-2:00 PM;,,,,,,
1021227,Crenshaw Farmers' Market,3650 W Martin Luther King Jr Blvd,6ff8db60-b681-4738-8580-d243b33091e3,b66dd93f-9a8d-4056-8980-fc2698aa3c61,7a557091-92bc-49e9-b58a-458458f87711,90008,01/01/2020 to 12/31/2020,Sat: 10:00 AM-3:00 PM;,,,,,,
1019260,Crescent City Farmers Market,200 Broadway Street,5283a67f-8ca5-4d82-87c0-20764f64d1e1,ccaa7088-377b-4f80-ad92-c9cc84db0219,8eab0d88-b9c8-4da4-a6a4-9d4a0327af9c,70118,01/01/2018 to 12/31/2018,Tue: 9:00 AM-1:00 PM;,,,,,,
1019261,Crescent City Farmers Market,1235 N. Peters ,5283a67f-8ca5-4d82-87c0-20764f64d1e1,ccaa7088-377b-4f80-ad92-c9cc84db0219,8eab0d88-b9c8-4da4-a6a4-9d4a0327af9c,70116,10/17/2018 to 07/10/2019,Wed: 1:00 PM-5:00 PM;,,,,,,
1019262,Crescent City Farmers Market,200 Broadway Street,5283a67f-8ca5-4d82-87c0-20764f64d1e1,ccaa7088-377b-4f80-ad92-c9cc84db0219,8eab0d88-b9c8-4da4-a6a4-9d4a0327af9c,70118,01/01/2018 to 12/31/2018,Tue: 9:00 AM-1:00 PM;,,,,,,
1002470,Croghan Colonial Bank Farmers Market,Front Street and Garrison Street,2331a6f2-ab91-4f5a-bdbb-a8fb49ace604,b5863017-2bc8-41c4-8639-f054136c4b15,82136789-d0c5-4229-8cac-b731a5361c03,43420,06/19/2021 to 06/19/2021,Sat: 9:00 AM-1:00 PM;,,,,,,
1021391,Cross County Farmer's Market,"705 E. Union Avenue, Room 2",1b4e6c5a-badd-46ba-8221-bc50b3adfdac,96771b6b-5db3-405d-8ab1-b920d8771625,7885258d-77c7-421e-a1e9-043ef91e8c26,72396,,Tue: 3:00 PM-5:00 PM;Thu: 3:00 PM-5:00 PM;Sat: 6:00 AM-12:00 PM;,,,,,,
1012365,Crossroads Farmers Market,Anne St. at University Blvd. E,5efce2d5-ebf5-438e-84d3-7273d6528bc8,67f1ece3-06e3-4863-9005-e8741bf3d0fb,c5b0ab35-2326-49a5-b543-8e5bb1c71ed5,20912,04/18/2018 to 11/28/2018,Wed: 11:00 AM-3:00 PM;,,,,,,
1001869,Crystal Lake Farmers Market,"Depot Park, Woodstock & Williams Streets",637c066e-b72c-4f83-857b-10152ae4b6d2,e30d4a65-5a75-4556-bfca-4017f5a0c90a,f3414562-68d9-4389-bd7c-0efe5455715f,60014,06/05/2021 to 06/05/2021,Sat: 8:00 AM-1:00 PM;,,,,,,
1021346,Culver City Farmers Market,Main Street in Culver City,c0db23ac-8fe2-4f48-9de3-40a648b53699,b66dd93f-9a8d-4056-8980-fc2698aa3c61,7a557091-92bc-49e9-b58a-458458f87711,90232,01/01/2021 to 01/01/2021,Tue: 2:00 AM-7:00 PM;,,,,,,
1019701,Culver Farmers' Market,819 E. Lake Shore Drive,2ff0f3c9-707a-4dfd-9b2a-d7bffe833573,7b6d1135-4166-44ca-8a11-59bb56da163b,1f92cbc1-8f4b-4538-95dd-366fc23a8da5,46511,01/01/2019 to 12/31/2019,Tue: 5:00 PM-7:00 PM;Sat: 9:00 AM-1:00 PM;,,,,,,
1019702,Culver Farmers' Market,107 N Main Street,2ff0f3c9-707a-4dfd-9b2a-d7bffe833573,7b6d1135-4166-44ca-8a11-59bb56da163b,1f92cbc1-8f4b-4538-95dd-366fc23a8da5,46511,11/02/2019 to 04/18/2020,Sat: 9:00 AM-1:00 PM;,,,,,,
1020109,Cumberland County Farmers' Market,819 S Main Street,001ede9c-0a38-4f97-af06-000a16215fd0,417416b5-c759-4c08-9f96-5d16ad40176f,26759049-be66-49a3-8617-64f28a0ad262,42717,05/02/2020 to 09/26/2020,Sat: 8:00 AM-12:00 PM;,,,,,,
1021387,Cumberland Farmers Market,11501 E Washington Street,2486889b-f823-49fe-9a7a-70f68165cc2a,d5028103-f10b-4f88-8424-6ead4335ae33,1f92cbc1-8f4b-4538-95dd-366fc23a8da5,46229,05/01/2021 to 05/01/2021,Sat: 8:00 AM-12:00 PM;,,,,,,
1019539,Cuyahoga Falls Farmers' Market (Farmers' Market in the Falls),1817 Front Street,02beb9e4-a469-4c73-9e8e-73796503201c,dc893caa-fdd2-40da-b3bc-40c037f4ad5c,82136789-d0c5-4229-8cac-b731a5361c03,44222,07/12/2019 to 10/04/2019,Fri: 4:00 PM-7:00 PM;,,,,,,
1021408,Dallas County Farmer's Market,206 West 3rd St.,5832faa9-494f-40c4-a204-b7c9dff9f2e1,ad53bcfd-9547-40bc-beb2-229c465dae94,7885258d-77c7-421e-a1e9-043ef91e8c26,71742,06/12/2021 to 06/12/2021,Mon: 7:00 AM-12:00 PM;Wed: 7:00 AM-12:00 PM;Sat: 7:00 AM-12:00 PM;,,,,,,
1004516,Danbury Farmers' Market,120 White Street,ddaf7996-fa2a-4313-91f4-abfe0cb2c50d,987d56fe-c322-4539-b014-6421dace3902,e27aa654-8f84-43d8-bc72-d501fb165262,06810,,Fri: 10:00 AM-2:00 PM;,,,,,,
1019163,Dardanelle Farmers Market,120 N Front St,ec4a37b1-1867-483c-a87e-53d763b5339b,d3d893ba-a932-48f2-80db-a8f3df0586dd,7885258d-77c7-421e-a1e9-043ef91e8c26,,05/01/2018 to 10/31/2018,Sun: 8:00 AM-12:00 PM;,,,,,,
1012505,Darlington Farmers Market,Main Street,ec1c8a20-0107-4c6f-99f8-f12d4ec30ee0,a2ee5aa9-fc24-4808-aa14-893373c5ff85,e8d05643-2a60-4ca6-a077-819f50879428,53530,05/01/2018 to 10/01/2018,Sat: 8:00 AM-12:00 PM;,,,,,,
1018157,Davenport Farmers' Market,North Park Mall east entrance,25a04376-c2e8-4c22-bf52-e30fd32e1eec,812732d9-df02-4464-a699-a956ede005ed,02f30189-b9ba-40b5-bb18-c7d22d4b6d4b,52804,,Wed: 8:00 AM-12:00 PM;Sat: 8:00 AM-12:00 PM;,,,,,,
1019880,David City Farmers Market,,e50b7664-8054-4efa-8b4b-4154f2bf7328,fab72639-887a-412d-a8af-c7853d1b20f9,9d7cc9b4-b9db-4c4e-b267-425d9a3e46b4,68632,06/01/2021 to 06/01/2021,Fri: 4:00 PM-6:00 PM;,,,,,,
1012254,Dawson Farmers Market,Ash  and 8th street,fcaf7455-72d3-4e4a-a38c-07caedad5fa4,abc496e9-a4a9-4e85-b9b5-a658fe07c38a,775d2aa3-b0cf-4a6b-a862-16373a107431,56232,07/19/2018 to 10/18/2018,Thu: 4:00 PM-6:00 PM;,,,,,,
1019100,Daybreak Farmers Market,Kestrel Rise Rd. and Daybreak Pkwy/W 11400 S,57f9397e-e263-4129-b83d-392eb65b9dd3,cd802b9f-79b8-4be1-8521-52072a476cca,2928c803-d886-473a-98cf-431cd912e2a0,84009,06/02/2018 to 09/29/2018,Sat: 10:00 AM-1:00 PM;,,,,,,
1021457,De Soto Farmers' Market,520 N. Main St.,de670d21-3908-4091-83b9-8041817d9e4b,04317b7e-1abf-4a2c-b4a7-e994c1d4c3c9,743439a8-1642-4103-abcb-1ef114ce801a,63020,04/24/2021 to 04/24/2021,Sat: 8:00 AM-12:00 PM;,,,,,,
1018945,Dearborn Farmers & Artisans Market,22271 West Village Drive,45f20462-cd44-44d4-ae23-545a79ee69cb,8f722dc3-6e1e-4775-b2b3-c06cda821c68,1567e172-94ab-4222-b635-6b669c2aa787,48124,06/01/2018 to 09/28/2018,Fri: 2:00 PM-7:00 PM;,,,,,,
1019970,Decatur Farmers Market ,308 Clairemont Ave,6e58c975-8ca4-4986-a2e5-ecc1a9b09c7c,8cdd02a4-61a8-41c4-8b14-d68d843d6de4,4db220e9-057f-4385-bafb-37fbea280645,30030,,Wed: 4:00 PM-7:00 PM;,,,,,,
1021570,Decorah Farmers Market,Heivly Street,cf73deef-ce19-4197-a18c-105f107029d1,f8e94f21-eaa1-4b48-ac00-f27d5214d67a,02f30189-b9ba-40b5-bb18-c7d22d4b6d4b,52101,05/01/2021 to 05/01/2021,Wed: 3:00 PM-6:00 PM;Sat: 8:00 AM-11:00 AM;,,,,,,
1012296,DeForest Farmers' Market,DeForest Street,457438c0-d0c0-49f7-b65a-233d64834bc2,602cbc04-4748-4578-83c1-db779d1103d1,e8d05643-2a60-4ca6-a077-819f50879428,53532,06/05/2018 to 10/16/2018,Tue: 3:00 PM-6:00 PM;,,,,,,
1011103,DeKalb Farmers' Market,2nd and Locust Streets,577fec98-ad4a-40cc-b35d-a88fb7359092,8cdd02a4-61a8-41c4-8b14-d68d843d6de4,f3414562-68d9-4389-bd7c-0efe5455715f,60115,06/03/2021 to 06/03/2021,Thu: 10:00 AM-2:00 PM;,,,,,,
1002536,Del Monte Farmers Markets at Del Monte Shopping Center,1410 Del Monte Center,1d635c4f-2e38-4254-a6f4-b0485662f994,df155ecd-6c01-4979-b8ef-34bfce8b51ee,7a557091-92bc-49e9-b58a-458458f87711,93940,05/06/2018 to 09/30/2018,Sun: 8:00 AM-12:00 PM;,,,,,,
1020061,Delano Neighborhood Market,1709 W Douglas ,ea5d33fc-e683-4f61-a8b8-6d8844ea1881,d4acbb50-092c-47f0-a972-d316a16caf77,940abb8a-6d9b-46f0-b9b1-37ab0a387dac,67213,08/13/2020 to 09/24/2020,Thu: 5:00 PM-8:00 PM;,,,,,,
1018416,Delcambre Seafood & Farmers Market,605 S Railroad (Hwy 330),26c17714-209e-451c-90e6-569a77806a12,5eb26a29-758e-4483-9ae7-acaf06358726,8eab0d88-b9c8-4da4-a6a4-9d4a0327af9c,70528,02/06/2021 to 02/06/2021,Sat: 9:00 AM-1:00 PM;,,,,,,
1019308,Delmar Farmers Market,332 Kenwood Ave,e110847c-470e-40e8-909e-2dff524f3c4b,2cae7088-d342-4ff9-b753-b4fbb96f69a5,7dd79c73-5476-44d1-8d08-54ed1287ed03,12054,05/05/2018 to 12/22/2018,Sun: 9:00 AM-1:00 PM;,,,,,,
1020191,Delray GreenMarket,"NE 2nd Avenue, half block east of Atlantic Avenue",28b4e763-ea8d-4cb6-8616-b42afd3a702d,97c25516-62d7-4c2a-94ef-ea57944cc392,7b0326e1-5b5a-47e8-8933-7dce24e815dc,33444,10/31/2020 to 05/01/2020,Sat: 9:00 AM-2:00 PM;,,,,,,
1021591,Delridge Farmers Market,9421 18th Ave SW,80ec8df0-6f56-44bd-a0dd-9a3655f02d27,98ee5d73-cf74-4b82-b3c4-2a67ffc35a0e,e1b87cb5-fdcd-4e67-adf7-e25bd794503c,98106,06/12/2021 to 06/12/2021,Sat: 11:00 AM-3:00 PM;,,,,,,
1021649,Denton Community Market,317 w Mulberry St,a8248993-de7c-4796-8855-0f669a3e8593,6d78bffb-49d1-4598-b116-17e1cc548e18,2c777c95-b197-4df6-b0e0-6637a1318fc2,76201,04/02/2022 to 04/02/2022,Sat: 9:00 AM-1:00 PM;,,,,,,
1007255,Des Moines Waterfront Farmers Market,22307 Dock Ave S,95402cc1-0fc3-4f4e-ab6d-992781c94580,98ee5d73-cf74-4b82-b3c4-2a67ffc35a0e,e1b87cb5-fdcd-4e67-adf7-e25bd794503c,98198,06/02/2018 to 09/29/2018,Sat: 10:00 AM-2:00 PM;,,,,,,
1003628,Dexter Farmers Market,3233 Alpine,6fabf693-5e6b-4245-a6f4-40741d8ca76a,c675704b-a659-44ac-9e37-c10f952650bb,1567e172-94ab-4222-b635-6b669c2aa787,48130,05/03/2014 to 05/03/2014,Tue: 2:00 PM-6:00 PM;Sat: 8:00 AM-1:00 PM;,,,,,,
1021318,Dickinson Square Farmers' Market,1600 East Moyamensing Avenue,7a8448fb-98f0-4837-8ac9-280be43a76c9,30f2e6e8-02e2-4c37-b99f-1cf934694676,3ffc900b-d7c0-4b07-8aba-7df870781580,19148,01/01/2021 to 01/01/2021,Sun: 10:00 AM-1:00 PM;,,,,,,
1021261,Dillsboro Farmers Market,12921 North Street,e5c9e0e7-9b43-4aa6-b8f3-bfb1e656280f,d77ec443-ec6b-4c36-b45b-0103b56d183e,1f92cbc1-8f4b-4538-95dd-366fc23a8da5,47018,09/01/2012 to ,Sat: 8:00 AM-12:00 PM;,,,,,,
1018958,Dillsburg Farmers' Market,1 N. 2nd Street ,1a54f412-57a2-4420-9484-93bd55402904,ec543b7f-ee0b-41cf-a2f5-2c56ddb5c9a9,3ffc900b-d7c0-4b07-8aba-7df870781580,17019,05/12/2018 to 10/13/2018,Sun: 8:00 AM-12:00 PM;,,,,,,
1019458,Dimondale Farmers' Market,136 N Bridge St,4ee4e89f-f838-4f87-868b-0fffe5bfc6c8,51e1d4ce-52d5-401d-8458-0ad6f195de41,1567e172-94ab-4222-b635-6b669c2aa787,48821,06/03/2021 to 06/03/2021,Thu: 3:00 PM-7:00 PM;,10/07/2021 to 10/07/2021,Thu: 3:00 PM-6:00 PM;,,,,
1018816,Dodge County Farmer's Market,5401 Courthouse Circle,f7881856-eb3c-4fde-a1ec-4a4224fbd8fc,580098c2-0d9b-4332-b403-f10638d589c8,4db220e9-057f-4385-bafb-37fbea280645,31023,04/01/2020 to ,Wed: 3:30 PM-6:00 PM;Sat: 9:00 AM-12:00 PM;,,,,,,
1019742,Dodgeville Farmers Market,327 N. Iowa Street,cd0dc7e0-a5b0-43cd-811a-4d2040123f2d,98c0ed0f-579b-4bd4-ad13-3efb760d3cbc,e8d05643-2a60-4ca6-a077-819f50879428,53533,05/16/2020 to 10/31/2020,Sat: 8:00 AM-12:00 PM;,,,,,,
1019439,Dolores County Farmers Market,390 Main Street,e4519c4d-fec8-4e8f-8364-eb54120dcae6,6f8f6334-33e5-427b-ba8d-ace92e7a1599,e1f09524-7ac6-416d-ba58-0c07f3d72e11,81324,07/26/2019 to 10/27/2019,Fri: 4:00 PM-7:00 PM;Sat: 1:00 PM-5:00 PM;Sun: 1:00 PM-5:00 PM;,,,,,,
1019964,Donnelly Farmers Market,FW Gestrin and E. Roseberry Rd,afba8536-2fb4-4618-a7c9-4d8371644ef3,214e06ac-9f6d-4dae-ad92-0d214145013d,34db3808-70ee-4d72-96b7-31220659bda5,83615,,Wed: 3:00 PM-6:00 PM;,,,,,,
1018706,Dorchester/Dorchester House Farmers Market,1353 Dorchester Avenue,dce30b8a-3cb9-42b4-9b7c-e319f599667a,c7509f7c-c956-492e-983a-c4c1c4e841ea,fd0813ee-0dcf-4cef-8953-1e30d4412de6,02122,07/18/2017 to 10/10/2017,Tue: 11:30 AM-1:30 PM;,,,,,,
1020111,Dorey Park Farmers Market ,2999 Darbytown Road,12809590-5eed-448b-973f-fe6c48d8fe95,c52d6ffb-e016-4c0f-a24d-458d4ce7966c,6dd53333-5181-463f-abcb-fcb91c8ec710,23231,06/06/2020 to 10/31/2020,Sat: 9:00 AM-12:00 PM;,,,,,,
1003046,Dousman Farmers Market,118 S. Main St,eecc69c5-e960-41d7-bf33-41b2331f2cfb,ee1e6a2b-038b-4d4b-889d-b4aef8ed8a0a,e8d05643-2a60-4ca6-a077-819f50879428,53118,05/05/2021 to 05/05/2021,Wed: 2:00 PM-6:00 PM;,,,,,,
1009829,Dover Farmers' Market,550 Central Avenue,edd4e414-4aac-4611-a779-bb5fe5e5cb39,4ccf2809-b4f4-4eaa-b46d-0beba0ea2e52,97451c0b-a2d4-4498-ba04-00201d9018f1,03820,06/06/2018 to 10/03/2018,Wed: 2:30 PM-6:00 PM;,,,,,,
1009894,Down to Earth Chelsea Farmers Market ,W. 23rd Street off 9th Avenue,aa620484-673f-4e58-b751-9ee921313181,453dfcc5-4d74-4821-93e7-877b558713a5,7dd79c73-5476-44d1-8d08-54ed1287ed03,10011,05/15/2021 to 05/15/2021,Sat: 9:00 AM-3:00 PM;,,,,,,
1021296,Down to Earth Cunningham Park Farmers Market,Parking lot off Union Turnpike,b4fef565-e4d1-4e4d-97f9-071ef71fef6b,c040707e-4e6b-4853-ae99-4b3da3631fe1,7dd79c73-5476-44d1-8d08-54ed1287ed03,11366,05/09/2021 to 05/09/2021,Sun: 9:00 AM-2:00 PM;,,,,,,
1010954,Down to Earth Larchmont Farmers Market,Parking Lot off Chatsworth Ave.,7eefa8eb-6a50-449d-844c-e037b9994d99,e5df7431-ecc7-4b30-87ec-7c075992d4af,7dd79c73-5476-44d1-8d08-54ed1287ed03,10538,04/24/2021 to 04/24/2021,Sat: 8:30 AM-1:00 PM;,,,,,,
1016793,Down to Earth Mamaroneck Winter Farmers Market,Harbor Island Park,ffa65bdf-5ffa-4047-8a47-5cd378de7e39,e5df7431-ecc7-4b30-87ec-7c075992d4af,7dd79c73-5476-44d1-8d08-54ed1287ed03,10543,01/09/2021 to 01/09/2021,Sat: 9:00 AM-1:00 PM;,,,,,,
1010969,Down to Earth McGolrick Park Farmers Market,At the center of the park,f0b17aec-91d5-4093-a71a-5539a857b96b,fb30dbf3-df6a-49ec-9902-3b2b688d6150,7dd79c73-5476-44d1-8d08-54ed1287ed03,11222,03/07/2021 to 03/07/2021,Sun: 10:00 AM-3:00 PM;,,,,,,
1010972,Down to Earth Morningside Park Farmers Market,110th Street and Manhattan Avenue,7d0016c5-a134-4d31-830e-f3a163dfa039,453dfcc5-4d74-4821-93e7-877b558713a5,7dd79c73-5476-44d1-8d08-54ed1287ed03,10026,01/09/2021 to 01/09/2021,Sun: 10:00 AM-3:00 PM;,05/15/2021 to 05/15/2021,Sat: 9:00 AM-3:00 PM;,,,,
1010958,Down to Earth New Rochelle Farmers Market,Thomas Paine Cottage Museum,021e0964-fe1a-4576-9726-111fda24c237,e5df7431-ecc7-4b30-87ec-7c075992d4af,7dd79c73-5476-44d1-8d08-54ed1287ed03,10804,06/11/2021 to 06/11/2021,Fri: 9:00 AM-2:00 PM;,,,,,,
1016792,Down to Earth Ossining Farmers Market,Near the corner of Spring & Main Streets,52682949-b2c2-4bf2-b782-5b0e9c9851e9,e5df7431-ecc7-4b30-87ec-7c075992d4af,7dd79c73-5476-44d1-8d08-54ed1287ed03,10562,01/01/2021 to 01/01/2021,Sat: 9:00 AM-1:00 PM;,05/08/2021 to 05/08/2021,Sat: 8:30 AM-1:00 PM;,,,,
1009895,Down to Earth Park Slope Farmers Market,4th Street at 5th Avenue,56be8de9-ed4f-45de-aa1c-3bb37bfb362e,fb30dbf3-df6a-49ec-9902-3b2b688d6150,7dd79c73-5476-44d1-8d08-54ed1287ed03,11215,01/01/2021 to 01/01/2021,Sun: 10:00 AM-3:00 PM;,,,,,,
1010982,Down to Earth Queens Botanical Garden Farmers Market,Dahlia Avenue at Main Street,b4fef565-e4d1-4e4d-97f9-071ef71fef6b,c040707e-4e6b-4853-ae99-4b3da3631fe1,7dd79c73-5476-44d1-8d08-54ed1287ed03,11355,06/11/2021 to 06/11/2021,Fri: 8:30 AM-4:00 PM;,,,,,,
1010960,Down to Earth Rye Farmers Market,Parking lot off Theodore Fremd Ave.,0606b121-dd78-4ac4-ad8f-655a8b8657df,e5df7431-ecc7-4b30-87ec-7c075992d4af,7dd79c73-5476-44d1-8d08-54ed1287ed03,10580,05/09/2021 to 05/09/2021,Sun: 8:30 AM-2:00 PM;,,,,,,
1016867,Downingtown Farmers Market,1 Park Lane,2e8fa657-fcef-4ba2-80a7-ae1df8743163,ef33111a-fcc3-42df-9879-881b7a162625,3ffc900b-d7c0-4b07-8aba-7df870781580,19335,05/01/2018 to 12/01/2018,Sat: 9:00 AM-1:00 PM;,01/01/2019 to 04/01/2019,Sat: 10:00 AM-12:00 PM;,,,,
1019667,Downtown Alachua Farmer's Market,14801 Main Street,11cd624c-4959-483e-9e17-005d9b670391,0b5c2c2d-ef39-4bab-bd5f-48486698bb1b,7b0326e1-5b5a-47e8-8933-7dce24e815dc,32615,01/01/2019 to 12/31/2019,Thu: 4:00 PM-7:00 PM;,,,,,,
1009043,Downtown Allen Park Farmers Market,Park Avenue and Harrison Avenue,8f22379b-20fe-4905-a1b9-3427602ea790,8f722dc3-6e1e-4775-b2b3-c06cda821c68,1567e172-94ab-4222-b635-6b669c2aa787,48101,04/02/2021 to 04/02/2021,Fri: 3:00 PM-7:00 PM;,,,,,,
1003643,Downtown Beloit Farmer's Market,"300 block of State Street, 400 block of East Grand Avenue, Gantry parking lot",78f3d520-ebc8-4a59-aeb8-afd5fef3e2dc,b13c32a1-936a-4fba-91b2-9ee4f3044b2d,e8d05643-2a60-4ca6-a077-819f50879428,53511,05/07/2016 to 10/29/2016,Sat: 8:00 AM-1:00 PM;,,,,,,
1020064,Downtown Berkeley,1947 Center St.,b652ca01-2d81-4212-be1a-22a2e263dea6,584ab1c1-11f7-4ba7-8a5b-98446663453c,7a557091-92bc-49e9-b58a-458458f87711,94704,01/01/2020 to 12/31/2020,Sun: 10:00 AM-3:00 PM;,,,,,,
1020000,Downtown Bloomington Farmers Market,200 N. Main,c11073e0-75f3-4ee8-9538-4248590d2fb4,83701f3e-8e24-401c-8027-9c27a17faed4,f3414562-68d9-4389-bd7c-0efe5455715f,61701,05/08/2021 to 05/08/2021,Sat: 7:30 AM-12:00 PM;,,,,,,
1020001,Downtown Bloomington Farmers Market- Indoor,101 S. Madison,c11073e0-75f3-4ee8-9538-4248590d2fb4,83701f3e-8e24-401c-8027-9c27a17faed4,f3414562-68d9-4389-bd7c-0efe5455715f,61701,November 21 to April 17,Sat: 10:00 AM-12:00 PM;,,,,,,
1019370,Downtown Canton Farmers Market,202 N. Buffalo St.,d0042d01-6e5d-4c41-94b0-c953895234d9,086deb8e-de41-4714-a569-d65261356707,2c777c95-b197-4df6-b0e0-6637a1318fc2,75103,04/20/2019 to 10/05/2019,Thu: 5:00 PM-8:00 PM;Sat: 8:00 AM-12:00 PM;,,,,,,
1019944,Downtown Chico Thursday Night Market,,df9f3e5d-c994-48c1-82d7-3c04d216ed4a,57ea2fa9-d6b1-4ef0-8659-4858bdcaac38,7a557091-92bc-49e9-b58a-458458f87711,95928,04/02/2020 to 09/24/2020,Thu: 6:00 PM-9:00 PM;,,,,,,
1021401,Downtown Conway Farmers' & Crafts Market,718 Parkway,e648f44f-caf7-4b2a-bcea-ee4eded7d0f3,918ff624-b539-461f-b7be-af1036f70ed5,7885258d-77c7-421e-a1e9-043ef91e8c26,72032,,Sat: 7:30 AM-1:00 PM;,,,,,,
1000841,Downtown Denison Farmers Market,701 W. Main St.,1d56fb9f-70f8-4a7a-8555-785d1e1613cc,5eaeef24-157c-44bf-b885-98bfc914fecc,2c777c95-b197-4df6-b0e0-6637a1318fc2,75020,04/21/2018 to 10/27/2018,Wed: 3:00 PM-6:00 PM;Sat: 9:00 AM-12:00 PM;,,,,,,
1019401,Downtown Elgin Farmers Market,S. Spring Ave,8043842b-f036-426e-8cdb-3175c317175b,abee85a3-b7e2-46ee-86ef-46f1c3954f87,f3414562-68d9-4389-bd7c-0efe5455715f,60120,06/05/2020 to 10/01/2020,Fri: 3:00 PM-7:00 PM;,,,,,,
1021631,Downtown Evanston FarmersвЂ™ Market,University Place at Oak Street,e199430e-5f66-4ea2-88d0-3c6bf327c9c8,d8223186-8ebb-45c5-a659-85e420d1a15f,f3414562-68d9-4389-bd7c-0efe5455715f,60201,05/01/2021 to 05/01/2021,Sat: 7:30 AM-1:00 PM;,,,,,,
1008853,DOWNTOWN EVANSVILLE FARMERS MARKET,"3rd, 4th and Bond Sts.",acb30e04-08bf-4250-9bd9-f89edeef4563,7975732d-b17b-4ff4-8689-c0f55bca98d3,1f92cbc1-8f4b-4538-95dd-366fc23a8da5,47708,05/01/2018 to 09/29/2018,Fri: 8:00 AM-1:00 PM;,,,,,,
1002400,Downtown Farmers Market,206 S 4th Street,b8c4369b-dbac-4557-be90-46eba0ccb480,b0a6ac30-270d-4ba2-af57-ee7a33bc066d,26759049-be66-49a3-8617-64f28a0ad262,42071,05/19/2018 to 10/27/2018,Sat: 7:00 AM-12:00 PM;,,,,,,
1019032,Downtown Farmers Market,101 North Main Street,2fc24466-9bfa-42ad-9254-77c4cb59be77,def1bb2a-1bbd-4220-91ef-33b125141474,25286054-2f43-4edf-9415-c089a5cfd371,29720,05/17/2018 to 10/18/2018,Thu: 4:00 PM-6:00 PM;,,,,,,
1019856,Downtown Farmers Market,on the court square at 4th Street and Maple Street,80fbe27f-8e61-4735-8484-958afe7fb66e,b0a6ac30-270d-4ba2-af57-ee7a33bc066d,26759049-be66-49a3-8617-64f28a0ad262,42071-0002,05/23/2020 to 10/31/2020,Sat: 7:00 AM-12:00 PM;,,,,,,
1019216,"Downtown Farmers Market of Fort Pierce, Inc.",Melody Lane and Marina Square,3f4bf92c-8e42-457d-9470-b959e9f51ab4,7219cceb-a65b-47f2-b5b9-98b5ef554a12,7b0326e1-5b5a-47e8-8933-7dce24e815dc,34950,01/01/2018 to 12/31/2018,Sat: 8:00 AM-12:00 PM;,,,,,,
1012243,Downtown Fond du Lac Farmers Market - Saturday,Main Street from Western Ave. to Sheboygan St.,a3816886-626a-404f-8760-4539a4dcc4e4,69eefcac-e3c3-44fd-8ecc-371e05d98114,e8d05643-2a60-4ca6-a077-819f50879428,54935,05/12/2018 to 10/27/2018,Sat: 8:00 AM-12:00 PM;,,,,,,
1012256,Downtown Fond du Lac Farmers Market - Wednesday,Main Street Plaza ,a3816886-626a-404f-8760-4539a4dcc4e4,69eefcac-e3c3-44fd-8ecc-371e05d98114,e8d05643-2a60-4ca6-a077-819f50879428,54935,06/06/2018 to 09/26/2018,Wed: 11:00 AM-3:00 PM;,,,,,,
1019654,Downtown Green Bay Saturday Farmers Market,200 S. Washington Street,a5086d3e-73c8-4768-a8b6-0b3dd24f2c18,2321ed4f-c9e9-419f-a9bb-d9801afbfaef,e8d05643-2a60-4ca6-a077-819f50879428,54301,05/25/2019 to 10/26/2019,Sat: 7:00 AM-12:00 PM;,,,,,,
1019341,Downtown Lawrenceburg Farmer's Market,US 50 and Park Streets,1a8dede1-31d1-4f7c-bd6b-8be0b2d55658,d77ec443-ec6b-4c36-b45b-0103b56d183e,1f92cbc1-8f4b-4538-95dd-366fc23a8da5,47025,05/04/2019 to 09/21/2019,Sat: 9:00 AM-1:00 PM;,,,,,,
1019083,DOWNTOWN LIMA FARMERS' MARKET,7 Town Square,729076cf-f8bf-4f85-8377-5db5767680b7,a8adcb66-7c0d-4d5d-98a3-849a434a5824,82136789-d0c5-4229-8cac-b731a5361c03,45801,05/29/2018 to 10/09/2018,Tue: 3:00 PM-6:30 PM;,,,,,,
1009757,Downtown Madison Farmers Market,2103 Main Street / Historic Red Caboose Site,37d57a77-f474-4b9e-9aae-057359b0dd39,583cff19-3af2-45db-bf77-8993ee90ec35,cf26f741-6e95-40e6-9e55-03c7326dba5d,39110,06/01/2021 to 06/01/2021,Tue: 3:00 PM-6:00 PM;,,,,,,
1018930,Downtown Marquette Farmers Market,112 S. Third St.,ad0fe2e1-02e3-4d72-b5e1-c0b51b83fe55,cfbebf76-6097-40f9-85c6-0e393d38010a,1567e172-94ab-4222-b635-6b669c2aa787,49855,05/25/2019 to 10/26/2019,Sat: 9:00 AM-1:00 PM;,11/02/2019 to 12/14/2019,Sat: 9:00 AM-1:00 PM;,,,,
1003977,Downtown Newport Farmers Market,Corner of Hwy 101 & Angle St,94c0b95d-9deb-41ba-897e-b15e38ba0a59,938cfa52-1f29-46e2-8375-1af81cb89a13,7885258d-77c7-421e-a1e9-043ef91e8c26,72112,05/04/2019 to 10/26/2019,Sat: 9:00 AM-1:00 PM;,,,,,,
1018621,Downtown Novato Community Farmers Market,7th Street behind the CVS between Grant Ave & Novato Blvd ,0f539c74-09a3-43e5-94a0-a54038523d51,7ca97d40-2d9f-47bb-8713-a639b5b8f1fa,7a557091-92bc-49e9-b58a-458458f87711,94947,05/07/2019 to 09/24/2019,Tue: 4:00 PM-8:00 PM;,,,,,,
1019721,Downtown Palo Alto Farmers' Market,"Gilman St, between Hamilton and Forest",89ca8491-7b4d-4760-b3c8-33973cd635ae,91236836-0a9e-4e3e-96a5-786726e2ac3a,7a557091-92bc-49e9-b58a-458458f87711,94301,01/11/2020 to 04/25/2020,Sat: 9:00 AM-1:00 PM;,05/04/2019 to 12/19/2020,Sat: 8:00 AM-12:00 PM;,,,,
1021716,Downtown Phoenix Farmers Market,721 N Central Ave,17451345-edbb-47c6-a6c8-4784cecbeac9,3331f7dd-9fcf-4a77-8bdf-4aca22db66ea,e9a2101a-8932-44b9-981f-621d23d42178,85004,01/01/2022 to 01/01/2022,Sat: 8:00 AM-1:00 PM;,,,,,,
1021411,Downtown Rogers Farmers Market,Railyard Park,9f772012-6b3a-40f8-a3aa-1ee0dfeb79c8,162e9307-c023-4792-9afa-4acab5ff724a,7885258d-77c7-421e-a1e9-043ef91e8c26,72756,05/01/2021 to 05/01/2021,Sat: 8:00 AM-1:00 PM;,,,,,,
1005281,Downtown Santa Cruz Farmers' Market,Cedar St & Lincoln St.,120e40cb-fc9d-421f-a196-b4fafc7ae43b,6174fe5d-3710-4936-bff4-ef99860ed34c,7a557091-92bc-49e9-b58a-458458f87711,,01/01/2018 to 12/31/2018,Wed: 1:00 PM-6:00 PM;,,,,,,
1019525,Downtown Yakima Farmers Market,Yakima Ave & S 3rd Street,dca25446-2840-43ae-8b72-7b0cfee5e497,af6e8cd4-ee3d-4782-ba57-c1562551d385,e1b87cb5-fdcd-4e67-adf7-e25bd794503c,98901,05/12/2019 to 10/27/2019,Sun: 9:00 AM-1:00 PM;,,,,,,
1019729,Dresden Farmers Market,421 Linden St.,39bea1fc-c381-4937-a5ff-8645b36c3ddd,8cfdda76-334b-45b9-b1c3-041b9dbf16e4,e7416093-d979-43e8-952c-06d2b35b5956,38225,05/16/2020 to 10/17/2020,Thu: 2:00 PM-6:00 PM;Sat: 8:00 AM-12:00 PM;,,,,,,
1004676,Druid Hill Farmers' Market,3100 Swann Drive,2f622eb7-a60f-4cd2-98d3-323d095dee18,873e2bac-815d-4412-a23b-1f55014ad270,c5b0ab35-2326-49a5-b543-8e5bb1c71ed5,21217,06/05/2019 to 09/25/2019,Wed: 3:30 PM-7:30 PM;,,,,,,
1005358,Dublin,4201 Central Parkway,61713ed1-474a-4149-986a-e55a9219f604,584ab1c1-11f7-4ba7-8a5b-98446663453c,7a557091-92bc-49e9-b58a-458458f87711,94568,05/01/2012 to 09/31/2012,Thu: 4:00 PM-8:00 PM;,04/05/2018 to 09/27/2018,Thu: 4:00 PM-8:00 PM;,,,,
1005197,Dubuque Farmers Market,Iowa Street between 10th & 13th Streets,44d8dcff-4334-4793-8d2c-4b92da2bfe7b,f2154be0-e6d3-4917-9e65-7b2a8a21c82c,02f30189-b9ba-40b5-bb18-c7d22d4b6d4b,52001,05/02/2020 to 05/02/2020,Sat: 7:00 AM-12:00 PM;,,,,,,
1019994,Duluth's Downtown Farmers' Market,Gitch ode' Akiing formerly known as Lake Place Park 214 E Superior Street,fcd1e4c6-d5cf-4af6-8e51-0c99a5eb34bb,418ccbfd-3087-48b1-b5a1-c004ce5a3729,775d2aa3-b0cf-4a6b-a862-16373a107431,55802,07/14/2020 to 09/29/2020,Tue: 11:00 AM-1:00 PM;,,,,,,
1018953,Durango Farmers Market,259 W 9th Street,7410fd40-2c64-4c76-b3a9-28a2b364ffc7,6fb99cd7-9d80-4a84-8009-376c037f87ce,e1f09524-7ac6-416d-ba58-0c07f3d72e11,81301,05/08/2021 to 05/08/2021,Sat: 8:00 AM-12:00 PM;,10/02/2021 to 10/02/2021,Sat: 9:00 AM-12:00 PM;,,,,
1000312,Durham Farmers' Market,501 Foster Street,0371cf44-2e3a-4173-a820-749f7cb5de7c,fe94f6ce-cb77-48bc-937f-2620fa6cb599,39f00a75-0499-4de4-9c99-0cb1fdb2568a,27701,04/04/2020 to 11/21/2020,Sat: 8:00 AM-12:00 PM;,12/05/2020 to 12/26/2020,Sat: 10:00 AM-12:00 PM;,04/22/2020 to 11/18/2020,Wed: 3:00 PM-6:00 PM;,,
1009830,Durham Farmers' Market,"Jackson Landing, 10 Old Piscataqua Road",0371cf44-2e3a-4173-a820-749f7cb5de7c,4ccf2809-b4f4-4eaa-b46d-0beba0ea2e52,97451c0b-a2d4-4498-ba04-00201d9018f1,,06/04/2018 to 10/01/2018,Mon: 2:30 PM-6:00 PM;,,,,,,
1012345,Duvall Farmers Market,16201 Main St. NE at Taylor Landing,84099a9f-4220-4cb8-ba7b-3476748644ae,98ee5d73-cf74-4b82-b3c4-2a67ffc35a0e,e1b87cb5-fdcd-4e67-adf7-e25bd794503c,98019,05/06/2021 to 05/06/2021,Thu: 3:00 PM-7:00 PM;,,,,,,
1019082,E. Center St. Farmers Market,40 East Center Street,5846c3d3-eb90-42d8-968f-225213d33701,5a45f8ff-e937-4053-9898-5a4a416778c6,5323b3eb-6022-4ac6-8bd8-67eb173075e4,89406,06/01/2018 to 09/28/2018,Fri: 4:00 PM-8:00 PM;,,,,,,
1019870,Eagle Farmers Market,5th St. and Hwy 34,f4ab0881-4845-485e-9148-8b557d6abfb0,f3a6ce65-6dc4-4a56-b3fe-4f99e7cae417,9d7cc9b4-b9db-4c4e-b267-425d9a3e46b4,68347,05/30/2020 to 08/24/2020,Thu: 4:00 PM-7:00 PM;,,,,,,
1021275,Eagle Springs Farmers Market,13555 Valley Lodge Parkway,c8b71bb0-01b7-4e64-98c9-71a225e428cf,ff978385-306d-4ba8-b3b0-e376e65a123a,2c777c95-b197-4df6-b0e0-6637a1318fc2,77346,01/01/2021 to 01/01/2021,Tue: 4:00 PM-7:00 PM;,,,,,,
1018159,East Atlanta Village Farmers Market ,572 Stokeswood Avenue,3a76d7e4-8f18-4591-af84-f0badad99ec0,2deee92f-6033-461c-a02b-313966af93e2,4db220e9-057f-4385-bafb-37fbea280645,30316,04/13/2017 to 11/15/2018,Thu: 4:00 PM-8:00 PM;,,,,,,
1021303,East Boston Farmers Market - Summer/Early Fall,Across from 201 Border St.,eb1eb58b-bd48-458a-9d5b-c4add1892691,c7509f7c-c956-492e-983a-c4c1c4e841ea,fd0813ee-0dcf-4cef-8953-1e30d4412de6,02128,07/07/2021 to 07/07/2021,Wed: 3:00 PM-6:30 PM;,,,,,,
1021414,East Boston Farmers On-line Market - Winter/Spring,250 Sumner street,eb1eb58b-bd48-458a-9d5b-c4add1892691,c7509f7c-c956-492e-983a-c4c1c4e841ea,fd0813ee-0dcf-4cef-8953-1e30d4412de6,02128,10/23/2020 to 10/23/2020,Thu: 2:00 PM-6:00 PM;,,,,,,
1011673,East End Market,2600 Navigation Blvd.,0a589e8e-a5ba-4006-943b-be9809517620,ff978385-306d-4ba8-b3b0-e376e65a123a,2c777c95-b197-4df6-b0e0-6637a1318fc2,77003,01/01/2018 to 12/31/2018,Sun: 10:00 AM-2:00 PM;,01/01/2018 to 12/31/2018,Sun: 10:00 AM-2:00 PM;,,,,
1019079,East Greenbush Library & YMCA Farmers Market,Between 10 and 20 Community Way in parking lot,9c6c264c-e2e7-46ec-98e4-04bdd2dbcf9e,39fa7fc9-cce1-4117-aff8-75885cfc5ea3,7dd79c73-5476-44d1-8d08-54ed1287ed03,12061,06/13/2018 to 10/03/2018,Wed: 4:00 PM-7:00 PM;,,,,,,
1020133,East Hollywood Certified Farmers' Market,Hollywood Blvd. and Western Ave.,ee7ef7fc-ec79-4441-b0bd-60cd097d70b0,b66dd93f-9a8d-4056-8980-fc2698aa3c61,7a557091-92bc-49e9-b58a-458458f87711,90028,01/01/2020 to 12/31/2020,Mon: 3:30 PM-7:30 PM;Thu: 3:30 PM-7:30 PM;,,,,,,
1011113,East Nashville Farmers' Market ,511 Woodland Street,fdc36a8f-ad9f-4ecd-ad2e-1da46f5c9ae0,23b80faa-36b9-4b90-88f6-04affb18a55e,e7416093-d979-43e8-952c-06d2b35b5956,TN,04/06/2021 to 04/06/2021,Tue: 3:30 PM-6:30 PM;,11/30/2021 to 11/30/2021,Tue: 3:00 PM-6:00 PM;,,,,
1019510,East Orange Farmer's Market,44 City Hall Plaza,81183dc3-49b2-4e2a-b3b5-6148bb0e72c8,32b3456a-fa18-4d19-8296-c50b5727825e,fb17e9e8-f8a8-4928-8ac2-94bbf6405d9f,07018,07/02/2019 to 10/29/2019,Tue: 12:00 PM-7:00 PM;,,,,,,
1020172,East Palo Alto Community Farmers Market,2555 Pulgas Avenue ,bc6da5f8-1df1-4c5d-a35b-085b80ab3fcf,d0fd7b59-1803-498b-925b-c22c75df55da,7a557091-92bc-49e9-b58a-458458f87711,94303,04/15/2020 to 11/25/2020,Wed: 11:00 AM-2:00 PM;,,,,,,
1012717,East Point Farmers Market ,2757 East Point St.,40492b78-acac-4395-a43d-c9dc20b62528,2deee92f-6033-461c-a02b-313966af93e2,4db220e9-057f-4385-bafb-37fbea280645,30344,02/05/2020 to 12/30/2020,Wed: 4:00 PM-7:00 PM;,,,,,,
1019094,East Side Farmers' Market,760 E Water St Elmira,2fc13630-53b2-472b-b74f-a337ab6697e2,ee16901f-4c91-4dea-a62f-efb25abc05e3,7dd79c73-5476-44d1-8d08-54ed1287ed03,14901,06/15/2018 to 10/12/2018,Fri: 2:30 PM-6:00 PM;,,,,,,
1021300,East Vancouver Farmers Market,17701 SE Mill Plain Blvd.,5982388e-9141-424d-a1e6-e29df8803d5b,a2f21fe0-f504-40f1-8102-e004f7efe450,e1b87cb5-fdcd-4e67-adf7-e25bd794503c,98683,06/17/2021 to 06/17/2021,Thu: 10:00 AM-2:00 PM;,,,,,,
1019125,Eastgate Plaza Farmers Market,4927 - 5089 Transit Road,7b5d7ebd-7a38-4215-b160-1825a89159ce,33d2ff14-6b97-42fb-b643-9cd2ff72a666,7dd79c73-5476-44d1-8d08-54ed1287ed03,14221,05/23/2018 to 10/24/2018,Wed: 3:00 PM-7:00 PM;,,,,,,
1021698,Easthampton Farmers' Market,50 Payson Ave,7f781d80-8989-4283-a058-a82249c1f228,8a86e1af-0e18-43a0-befc-92f1833127d6,fd0813ee-0dcf-4cef-8953-1e30d4412de6,01027,05/22/2022 to 05/22/2022,Sun: 10:00 AM-2:00 PM;,,,,,,
1009867,Easton Farmers' Market,128 Larry Holmes Drive ,6e422f96-cd39-4d42-8370-90fce4124512,df68480a-f17d-44ff-b4d4-feadd02ca8c9,3ffc900b-d7c0-4b07-8aba-7df870781580,18042,05/01/2021 to 05/01/2021,Sat: 9:00 AM-1:00 PM;,01/09/2021 to 01/09/2021,Sat: 10:00 AM-12:00 PM;,,,,
1019624,Eastside Sunday Market,2020 MLK Jr. Ave,14435f3c-81a5-428b-9e72-4ace81bb6247,eb6845f2-efac-484c-b086-f8f43cbb1e92,e7416093-d979-43e8-952c-06d2b35b5956,37915,05/05/2019 to 09/29/2019,Sun: 1:00 PM-4:00 PM;,,,,,,
1021710,Eat Drink RI Market at Blackbird Farm,660 Douglas Pike,fa797280-4396-45e0-a088-b36427237cbe,798f9f6f-ec3b-4ae4-a619-3421addd2d51,a8a2bc3a-b405-485c-a8b5-f2fb1841df29,02917,06/12/2022 to 06/12/2022,Sun: 10:00 AM-2:00 PM;,,,,,,
1021228,Echo Park Farmers' Market,1146 Logan St,6ff8db60-b681-4738-8580-d243b33091e3,b66dd93f-9a8d-4056-8980-fc2698aa3c61,7a557091-92bc-49e9-b58a-458458f87711,90026,01/01/2020 to 12/31/2020,Fri: 3:00 PM-7:30 PM;,,,,,,
1012783,Edenton Farmers Market,200 North Broad St,40199232-4474-499e-a1ac-23c8543adbad,3fc01764-0b17-4941-a2e9-fda704f099b7,39f00a75-0499-4de4-9c99-0cb1fdb2568a,27932,01/01/2021 to 01/01/2021,Sat: 8:00 AM-12:00 PM;,,,,,,
1012160,Edmonds Museum Summer Market,5th Ave between Main and Bell & Bell St. between 5th & 6th Ave,c2a809bb-5dfd-4b02-a3e1-a5b591b90a91,657bd19f-c0a3-45d8-acc2-7c3b28b559ad,e1b87cb5-fdcd-4e67-adf7-e25bd794503c,98020,05/01/2021 to 05/01/2021,Sat: 9:00 AM-2:00 PM;,,,,,,
1019118,Egg Harbor Farmers Market,7809 Highway 42,dfedae59-ff15-4526-bdeb-7e76c4df1888,6eebcccf-7523-4043-acf6-69b118696e28,e8d05643-2a60-4ca6-a077-819f50879428,54209,05/25/2018 to 10/26/2018,Fri: 9:00 AM-1:00 PM;,,,,,,
1021652,El Cajon Farmers Market   Non-Certified,"1051 Greenfield Drive, ",4aa82fd8-dc7f-4592-9ac6-42533847c882,140caaf5-0e04-464d-a5b7-2874d1baff93,7a557091-92bc-49e9-b58a-458458f87711,92021,01/01/2022 to 01/01/2022,Sat: 8:00 AM-9:00 AM;Sun: 9:00 AM-1:00 PM;,,,,,,
1021574,El Dorado Hills Town Center Certified Farmers Market,Town Center Blvd.,8e1d86c5-b50e-44ba-9cda-4978a3c42d57,1a0997e9-9077-4cb2-8a43-b037ce1e0bf9,7a557091-92bc-49e9-b58a-458458f87711,95762,05/20/2021 to 05/20/2021,Sun: 8:00 AM-1:00 PM;,,,,,,
1019936,El Monte Farmers' Market,10700 Main Street,ba0497a9-7f95-44b7-9063-b95a6cd22619,b66dd93f-9a8d-4056-8980-fc2698aa3c61,7a557091-92bc-49e9-b58a-458458f87711,91731,07/09/2020 to 10/29/2020,Thu: 5:00 PM-9:00 PM;,,,,,,
1012634,Eldora Farmers Market,Corner of Edgington Ave. and 14th Street,c6b2963f-a14c-4f8b-b404-9f1c0677289c,fbc15432-c12c-44f4-9b3c-666b27c71cf1,02f30189-b9ba-40b5-bb18-c7d22d4b6d4b,50627,05/26/2016 to 10/15/2020,Fri: 4:00 PM-6:00 PM;,,,,,,
1019921,Elgin Farmers' Market,,a31d8bc8-59d8-4ba8-a677-d3b13b1dbbab,9c740aed-3a9a-4f1a-b8fe-3c02e258bd73,2c777c95-b197-4df6-b0e0-6637a1318fc2,78621,01/01/2020 to 12/31/2020,Thu: 5:00 PM-8:00 PM;,,,,,,
1021587,Elkhart Farmers Market,301 NIBCO Parkway,d4809194-749e-4664-9bac-0d611e873165,3b694d16-2137-451e-b9dc-c7145df63075,1f92cbc1-8f4b-4538-95dd-366fc23a8da5,46516,05/29/2021 to 05/29/2021,Sat: 8:00 AM-12:00 PM;,,,,,,
1018900,Ellington Farmers Market,Main ST,d4e43ebf-9982-409e-9deb-ae0bfb1db7ab,0afad665-c88a-4f62-82fb-5c1c4be1d150,e27aa654-8f84-43d8-bc72-d501fb165262,06029,05/12/2018 to 10/20/2018,Sat: 9:00 AM-12:00 PM;,,,,,,
1018898,Ellington Winter Farmers' Market,11 Pinney St,b8c134b7-8e80-4b48-ae95-d80a7339dff6,0afad665-c88a-4f62-82fb-5c1c4be1d150,e27aa654-8f84-43d8-bc72-d501fb165262,06029,,Sat: 2:00 PM-4:00 PM;,,,,,,
1020112,Elliott County FarmersвЂ™ Market,2944 S KY 7,1d58604b-f230-4220-a834-c3a47e33870c,6d8f0710-2bd2-47a8-8d54-8cb4b2789b10,26759049-be66-49a3-8617-64f28a0ad262,41171,06/09/2020 to ,Tue: 8:00 AM-1:00 PM;Fri: 8:00 AM-1:00 PM;,,,,,,
1018717,Elm Street Market,Elm Street ,4905639a-fc60-40c6-92a5-759c84e01cc7,ceef5aa1-8ef7-4d6e-9360-fd847f814047,fd0813ee-0dcf-4cef-8953-1e30d4412de6,02465,06/23/2018 to 10/06/2018,Sat: 9:30 AM-12:30 PM;,,,,,,
1021207,Elmwood Bidwell Farmers' Market,Elmwood and Bidwell,1dc6c110-34e0-4b1d-9b9a-acd8ae87c512,33d2ff14-6b97-42fb-b643-9cd2ff72a666,7dd79c73-5476-44d1-8d08-54ed1287ed03,14221,,Sat: 8:00 AM-1:00 PM;,,,,,,
1002657,Emmaus Farmers' Market,235 Main St,442b81f1-bcd1-4010-a05b-254aa6568641,5a1f18f0-15e0-494f-b3cf-9d74fa616746,3ffc900b-d7c0-4b07-8aba-7df870781580,18049,05/06/2018 to 11/25/2018,Sun: 10:00 AM-2:00 PM;,12/02/2018 to 12/30/2018,Sun: 10:00 AM-12:00 PM;,01/13/2019 to 04/28/2019,Sun: 10:00 AM-12:00 PM;,,
1002769,Empire Farmers Market,10234 Front Street,0aa63f71-cb22-4b26-8454-63fdd7654d5e,7a56c455-2447-43a8-9b44-b6c68974b15c,1567e172-94ab-4222-b635-6b669c2aa787,49630,06/19/2021 to 06/19/2021,Sat: 9:00 AM-1:00 PM;,,,,,,
1019398,Empire Market,931 E 4th St,b0693428-1272-41b0-98c7-044b5762dac5,7ea53444-a4bc-4dcc-b025-3f49aa39adf3,743439a8-1642-4103-abcb-1ef114ce801a,64801,01/01/2021 to 01/01/2021,Sat: 10:00 AM-2:00 PM;,,,,,,
1012045,Encino Farmers Market,17400 Victory Blvd,8cf81207-665e-4dd1-bc77-5c3a249419db,b66dd93f-9a8d-4056-8980-fc2698aa3c61,7a557091-92bc-49e9-b58a-458458f87711,91406,01/01/2016 to 12/31/2016,Sun: 8:00 AM-1:00 PM;,,,,,,
1018940,Engadine Area Farmers' Market,,9278e54c-7584-4ed3-a5f7-5ae1e0f6dce3,43410320-dcc6-4415-9ab7-5f7899bf287d,1567e172-94ab-4222-b635-6b669c2aa787,,07/28/2018 to 09/29/2018,Sat: 9:00 AM-12:00 PM;,,,,,,
1019684,Enka-Candler Tailgate Market,70 Pisgah Hwy,9b6305f1-b73f-49d6-8d53-cb0a0d2e7012,2b77c29a-9dbf-4d75-bdff-7e2731c8f335,39f00a75-0499-4de4-9c99-0cb1fdb2568a,28715,06/06/2019 to 09/26/2019,Thu: 3:30 PM-6:30 PM;,,,,,,
1018765,Ennis Farmers Market,104 North McKinney Street ,8595adb0-b931-4d96-ac5c-7d6f9f6e1819,746430f4-d514-471d-a3d2-65fa815c003a,2c777c95-b197-4df6-b0e0-6637a1318fc2,75119,04/01/2017 to 10/28/2017,Sat: 8:00 AM-1:00 PM;,,,,,,
1019687,Enumclaw Plateau Farmers' Market,1600 1st Street,d5d7693e-9512-4d7a-93d0-91b1372a7d61,98ee5d73-cf74-4b82-b3c4-2a67ffc35a0e,e1b87cb5-fdcd-4e67-adf7-e25bd794503c,98022,06/06/2019 to 09/26/2019,Thu: 3:00 PM-7:00 PM;,,,,,,
1006678,Espanola Farmers Market,1105 N.Railroad  Avenue,fb48cd47-bfd9-4ffe-a8a5-0fd0e08e3659,792c4e8b-b32d-47b4-a94b-8136f2a780ef,d9d874da-b48f-4f4e-ac29-8f3c10de66ef,87532,06/09/2014 to 06/09/2014,Mon: 10:00 AM-5:00 PM;,,Mon: 10:00 AM-4:00 PM;Fri: 2:00 PM-7:00 PM;,,Mon: 10:00 AM-4:00 PM;,,
1003568,Estacada Farmers Market,664 Wade St,fde5727a-86c9-47e3-9298-fa6d2b948fb0,c3a551f4-f246-489c-9df9-1953e8f8fb64,01127d9b-01aa-4ef1-9bd2-48f67f513459,97023,05/04/2019 to 09/28/2019,Sat: 11:00 AM-3:00 PM;,,,,,,
1020053,Etna Farmers Market,514 N Hwy 3,a3c455dd-2da3-4885-9d42-6e500e5c2a29,38b41a67-f053-4d5d-a9c1-5f6ada5f069a,7a557091-92bc-49e9-b58a-458458f87711,96027,06/13/2020 to 09/26/2020,Sat: 10:00 AM-12:00 PM;,,,,,,
1019954,Eureka Springs Farmers Market,44 Kingshighway,d43dd82a-81eb-4960-b190-31d3c35cecc9,572ddd95-75aa-46f2-ab06-c35803b4818c,7885258d-77c7-421e-a1e9-043ef91e8c26,72632,04/23/2020 to 11/24/2020,Thu: 8:00 AM-1:00 PM;,11/28/2020 to 12/31/2020,Thu: 9:00 AM-12:00 PM;,,,,
1010195,Evart Farmers Market,200 South Main Street,e91f0cfe-69ec-4ae3-a421-6ffd7c5e5d16,f643e0ed-cd89-4feb-99b3-b52c1c0c5d51,1567e172-94ab-4222-b635-6b669c2aa787,49631,06/11/2022 to 06/11/2022,Sat: 9:00 AM-1:00 PM;,,,,,,
1005267,Ewa Beach Community Park (People's Open Market),91-955 North Road,ad744316-cf5d-4df8-9e83-324221c4a3c6,e9f50e89-e238-48ed-af04-05bddd9ae446,4c8a3dce-226c-409e-b551-8c6a90ecf266,96706,01/01/2019 to 12/31/2019,Fri: 9:00 AM-10:00 AM;,,,,,,
1007798,Exeter FarmersвЂ™ Market,"Swasey Parkway, off Water Street",8c87a3da-00a3-44c8-bd69-16e13c35e262,4ccf2809-b4f4-4eaa-b46d-0beba0ea2e52,97451c0b-a2d4-4498-ba04-00201d9018f1,,05/03/2018 to 10/25/2018,Thu: 2:30 PM-6:00 PM;,,,,,,
1019081,Fair Haven Market (hosted by The Vermont Farmers Market,On The Green,d56a80b3-edb8-4a57-a9d4-9e27ba84fac2,13ff7349-703b-4e73-86a3-d47699fb01c7,faedd35b-2ba2-4753-b8f5-07a3892b9721,05777,06/07/2018 to 10/25/2018,Thu: 3:00 AM-6:00 PM;,,,,,,
1018622,Fairfax Community Farmers' Market,124 Bolinas Avenue,0c0d01e5-a1e9-4d9a-b0dc-0a24799a805f,7ca97d40-2d9f-47bb-8713-a639b5b8f1fa,7a557091-92bc-49e9-b58a-458458f87711,94930,05/06/2020 to 10/14/2020,Wed: 4:00 PM-8:00 PM;,,,,,,
1019186,Fairfax Community Farmers' Market,10500 Page Avenue,8c4bb14e-0933-4e93-b582-849753acc376,2f65e4d4-a27c-4c98-b725-d3331a4512c2,6dd53333-5181-463f-abcb-fcb91c8ec710,22030,05/12/2018 to 10/27/2018,Sat: 8:00 AM-1:00 PM;,,,,,,
1019049,Fairland Farmers Market,50 N. Pine St. ,2c169706-7e2f-40d5-b908-2d0a8725631f,72ff646d-1410-4855-b93b-5373e63b8430,fab3c82a-feaf-4974-bf33-d02e8f67d30e,74343,05/12/2018 to ,Sat: 8:00 AM-11:00 AM;,,,,,,
1018562,Fairwood Farmers' Market,319 W. Hastings Rd.,b6942463-24a2-45d7-85b4-7601dce2180f,19d53532-4635-4834-9340-e3b5e41198cc,e1b87cb5-fdcd-4e67-adf7-e25bd794503c,99218,05/07/2019 to 10/15/2019,Tue: 3:00 PM-7:00 PM;,,,,,,
1019457,Fallbrook Farmers' Market,600 Fallbrook Blvd,87e12849-83ff-490f-af34-b9912e632bea,def1bb2a-1bbd-4220-91ef-33b125141474,9d7cc9b4-b9db-4c4e-b267-425d9a3e46b4,68522,06/06/2019 to 08/01/2019,Thu: 4:00 PM-7:00 PM;,09/12/2019 to 10/10/2019,Thu: 4:00 PM-7:00 PM;,,,,
1010889,Falls Park Farmers Market ,E Falls Park Drive and N 2nd Ave,ac3190c9-b0dd-4b9a-bc9b-00d2186b5bf5,0bb51fe5-d0cb-4225-a509-06edde18f9a0,4c471773-04a7-4eb6-b88f-4bac35ac23a4,57101,05/04/2019 to 10/26/2019,Sat: 8:00 AM-1:00 PM;,,,,,,
1019841,Farm to Fork Farmers Market at Normandy Farms,7802 Marsh Road,491977a8-d8c0-4a18-be68-1ad4dbd7d531,d5028103-f10b-4f88-8424-6ead4335ae33,1f92cbc1-8f4b-4538-95dd-366fc23a8da5,46278,05/01/2020 to 10/30/2020,Fri: 4:00 PM-7:00 PM;,,,,,,
1021514,Farm to Fork Farmers' Market,120 S Kimball Ave,901738ca-5c12-4df8-b8f1-6df3b8a6fdaa,b53a68b4-a80f-4742-8643-e4cb634e95fc,34db3808-70ee-4d72-96b7-31220659bda5,83605,05/18/2021 to 05/18/2021,Tue: 5:00 PM-8:00 PM;,,,,,,
1019499,Farm to Preschool Market: Mercy Cares for Kids,310 S. Manning Blvd,40e815b5-2804-487c-870f-2dbfc5994ae7,2cae7088-d342-4ff9-b753-b4fbb96f69a5,7dd79c73-5476-44d1-8d08-54ed1287ed03,12206,06/12/2019 to 09/25/2019,Wed: 3:30 PM-5:00 PM;,,,,,,
1019523,Farmers and Crafts Market of Las Cruces ,221 N. Main St,6a474982-1f2c-4ccb-b9db-5d2b7685c8d3,b21cf64d-f6aa-4a14-b398-63a115abad03,d9d874da-b48f-4f4e-ac29-8f3c10de66ef,88001,01/01/2019 to 12/31/2019,Wed: 8:30 AM-1:00 PM;Sat: 8:30 AM-1:00 PM;,,,,,,
1018937,Farmers Branch Market,12700 Denton Drive,3e70cdd2-c82e-4a71-a87f-38f611e91eab,ad53bcfd-9547-40bc-beb2-229c465dae94,2c777c95-b197-4df6-b0e0-6637a1318fc2,75234,05/04/2018 to 09/28/2018,Sat: 5:00 PM-8:00 PM;,,,,,,
1019436,Farmers Fresh Market,33955 Community College Dr.,e67d90cd-d9ff-46f8-8a41-ca4443502e4c,d21e2e4b-385e-4f87-90e7-b98d206e3b2a,157c9f31-b275-48a2-b141-baacb08f6d03,99669,06/04/2019 to 09/10/2019,Tue: 3:00 PM-6:00 PM;,,,,,,
1021666,Farmers Market - Covington,301 4th St ,c9135d6c-cb90-4006-9fb4-df02684a9257,cbc8c598-6843-4885-9bf5-e9880c72998f,1f92cbc1-8f4b-4538-95dd-366fc23a8da5,47932,06/04/2022 to 06/04/2022,Sat: 9:00 AM-1:00 PM;,,,,,,
1021734,Farmers Market - Covington,301 4th St,c9135d6c-cb90-4006-9fb4-df02684a9257,cbc8c598-6843-4885-9bf5-e9880c72998f,1f92cbc1-8f4b-4538-95dd-366fc23a8da5,47932,,Sun: 9:00 AM-1:00 PM;,,,,,,
1018131,Farmers Market at St. John's,750 Aurora Avenue,3a244782-f460-478b-b3d4-b492726d0b68,5030ea6e-67ef-4589-b7e0-aee83ef5d6f8,f3414562-68d9-4389-bd7c-0efe5455715f,60540,05/30/2018 to 09/19/2018,Wed: 3:00 PM-7:00 PM;,,,,,,
1020104,Farmers Market at the Depot,101 E. Depot Street,f0dc14f0-4ee0-4167-8ae1-ba490b699b74,7a69ac97-4542-4a1a-a5c2-dd800abc9358,26759049-be66-49a3-8617-64f28a0ad262,40069,,Wed: 3:00 PM-6:00 PM;Sat: 8:00 AM-12:00 PM;,,,,,,
1021388,Farmers Market at the Fairgrounds,620 N Apple Street,6624dfc8-ad89-4082-93fe-cbb2863f6a8d,da970bac-055e-46d4-85ec-e614a4820fe2,1f92cbc1-8f4b-4538-95dd-366fc23a8da5,46140,03/20/2021 to 03/20/2021,Sat: 10:00 AM-1:00 PM;,05/01/2021 to 05/01/2021,Sat: 8:00 AM-12:00 PM;,07/03/2021 to 07/03/2021,Wed: 8:00 AM-12:00 PM;Sat: 8:00 AM-12:00 PM;,11/06/2021 to 11/06/2021,Sat: 10:00 AM-1:00 PM;
1019705,Farmers Market North Scottsdale,8711 E Pinnacle Peak Road,233104e2-9027-4c90-b1c2-e8f9231a8e2a,3331f7dd-9fcf-4a77-8bdf-4aca22db66ea,e9a2101a-8932-44b9-981f-621d23d42178,85252,,Sat: 9:00 AM-1:00 PM;,,,,,,
1005069,Farmers Market of Bluffton,40 Calhoun Street,89eda406-9ec1-47d6-a0b4-298e001d4fd1,521751b7-123d-4d64-be25-f6675f9a250f,25286054-2f43-4edf-9415-c089a5cfd371,29910,01/01/2020 to 12/31/2020,Thu: 12:00 PM-5:00 PM;,10/01/2012 to 12/31/2012,,,,,
1021404,Farmers Market of Gravette,Hwy. 72 east,ebd7cf2a-d28a-402b-9b05-985b93cd8829,162e9307-c023-4792-9afa-4acab5ff724a,7885258d-77c7-421e-a1e9-043ef91e8c26,72736,04/24/2021 to 04/24/2021,Sat: 8:00 AM-1:00 PM;,,,,,,
1021620,"Farmers Market of Madison, IN",412 West Main Street,37d57a77-f474-4b9e-9aae-057359b0dd39,04317b7e-1abf-4a2c-b4a7-e994c1d4c3c9,1f92cbc1-8f4b-4538-95dd-366fc23a8da5,47250,04/03/2021 to 04/03/2021,Sat: 8:00 AM-12:00 PM;,11/06/2021 to 11/06/2021,Sat: 10:00 AM-12:00 PM;,,,,
1005159,Farmers Market of the Ozarks,2144 E Republic Rd,f0dc14f0-4ee0-4167-8ae1-ba490b699b74,eb6d1d7f-793a-4654-9579-7a2c96c9c188,743439a8-1642-4103-abcb-1ef114ce801a,65804,01/01/2018 to 12/31/2018,Sat: 8:00 AM-1:00 PM;,,,,,,
1021538,Farmers Market Ogden,Historic 25th Street and Grant Avenue,1977ab88-48ba-4140-9d9e-d71175303127,7cc52673-c7fe-4a63-910b-a361bbd5fab8,2928c803-d886-473a-98cf-431cd912e2a0,84401,05/22/2021 to 05/22/2021,Sat: 8:00 AM-1:00 PM;,,,,,,
1021581,Farmers Market on Grand Parkway,1225 W Grand Parkway S,412c7ff2-d07e-4dac-9a93-56b1cc16201f,ff978385-306d-4ba8-b3b0-e376e65a123a,2c777c95-b197-4df6-b0e0-6637a1318fc2,77494,01/01/2021 to 01/01/2021,Sat: 8:00 AM-12:00 PM;,,,,,,
1019993,Farmers Market on Green River,1099 Legion Park Road,726e9c2a-346c-47f8-9dea-5839fef03465,cbace59d-facc-4a94-816e-934a3d3c77e6,26759049-be66-49a3-8617-64f28a0ad262,42743,04/02/2020 to 10/29/2020,Thu: 3:00 PM-5:30 PM;,,,,,,
1020079,Farmers Market on the Square,105 Merchant Street,029d4a4c-b595-4611-81af-660a3fde1199,88dc0c40-992a-47c6-b33a-376be88dd25e,26759049-be66-49a3-8617-64f28a0ad262,42728,04/04/2020 to 10/31/2020,Sat: 8:00 AM-1:00 PM;,,,,,,
1020080,Farmers Market on the Square,105 Merchant Street,029d4a4c-b595-4611-81af-660a3fde1199,88dc0c40-992a-47c6-b33a-376be88dd25e,26759049-be66-49a3-8617-64f28a0ad262,42728,04/04/2020 to 10/31/2020,Sat: 8:00 AM-1:00 PM;,,,,,,
1021595,Farmers Market Partners,5855 Sienna Springs Way,c8672ab4-2ac1-4102-bd76-502228785542,8786fa59-23ea-4a09-8b7f-a8555b9b42a6,2c777c95-b197-4df6-b0e0-6637a1318fc2,77459,01/16/2021 to 01/16/2021,Sun: 9:00 AM-1:00 PM;,,,,,,
1019862,Farmers on the Square,2A N Hanover St,5b17683f-8cb6-4bcf-b317-d4043f463b16,417416b5-c759-4c08-9f96-5d16ad40176f,3ffc900b-d7c0-4b07-8aba-7df870781580,17013,01/01/2021 to 12/31/2021,Wed: 3:00 PM-7:00 PM;,,,,,,
1018427,Farmers' gateway Market,"Eastern Gateway Community College, 4000 Sunset Boulevard",a76bcc2d-76a9-4dd2-8d24-1e4470c412a3,04317b7e-1abf-4a2c-b4a7-e994c1d4c3c9,82136789-d0c5-4229-8cac-b731a5361c03,43952,07/15/2020 to 09/30/2020,Wed: 4:30 PM-6:30 PM;,,,,,,
1016870,Farmers' Market at Hamakua Harvest,46-2600 Hawaii Belt Highway,0b2e6176-ce3a-43ce-9713-16c4960f191b,8d0501ec-af4f-448d-8419-e38fe8a9a357,4c8a3dce-226c-409e-b551-8c6a90ecf266,96727,12/23/2018 to 12/01/2020,Sun: 9:00 AM-2:00 PM;,,,,,,
1021460,Fayette County Farmers Market,101 E East St,789ee460-8850-44f4-9e62-083dc8430303,8702121e-a834-4d1f-8332-33d3af885646,82136789-d0c5-4229-8cac-b731a5361c03,43160,05/08/2021 to 05/08/2021,Sat: 8:30 AM-12:00 PM;,,,,,,
1019800,Fayette County Farmers' Market,401 N Central Ave,e54f99e8-f63a-4c53-ab3d-d0c97a802cef,8702121e-a834-4d1f-8332-33d3af885646,1f92cbc1-8f4b-4538-95dd-366fc23a8da5,47331,05/02/2020 to 09/26/2020,Thu: 4:00 PM-7:00 PM;Sat: 9:00 AM-1:00 PM;,,,,,,
1012627,Fearrington Farmers' Market,East Camden,84fb6ee5-c682-453c-9c33-241067388d45,fe6ef3e5-c1e0-42d1-a351-c2553ca593e6,39f00a75-0499-4de4-9c99-0cb1fdb2568a,27312,04/03/2018 to 11/20/2018,Tue: 4:00 AM-6:00 PM;,,,,,,
1002721,Felton Farmers' Market,"St. John's Church, Hwy. 9",15633ffd-0636-4b30-a646-c73e899f1fc8,6174fe5d-3710-4936-bff4-ef99860ed34c,7a557091-92bc-49e9-b58a-458458f87711,95018,05/01/2018 to 10/30/2018,Tue: 2:30 PM-6:30 PM;,,,,,,
1018973,Ferguson Farmers' Market,"Plaza 501, 501 S. Florissant Rd.",3671c440-0d65-44e3-b660-a4fec9ff980e,418ccbfd-3087-48b1-b5a1-c004ce5a3729,743439a8-1642-4103-abcb-1ef114ce801a,63135,05/05/2018 to 10/20/2018,Sat: 8:00 AM-12:00 PM;,,,,,,
1021676,Ferndale Farmers Market,27021 Kanis Rd,f5d11b52-e337-43d7-ae9d-cae8980a38f7,aeb12160-9f92-493d-a1bd-eedbaeca5a60,7885258d-77c7-421e-a1e9-043ef91e8c26,72223,06/04/2022 to 06/04/2022,Sat: 9:00 AM-12:00 PM;,,,,,,
1021665,Fernley Poolside Farmers Market ,300 Cottonwood Lane,a2a4d862-6395-4142-9490-a5af565a217f,d2a10b81-9783-4657-94ad-f244f33e40c8,5323b3eb-6022-4ac6-8bd8-67eb173075e4,89408,06/04/2022 to 06/04/2022,Sat: 8:00 AM-12:00 PM;,,,,,,
1020193,Ferry Plaza Farmers Market,1 Ferry Building,c93bd186-da75-4912-9dd3-d71968996844,3e318aaf-41f1-4527-a504-d031036814a8,7a557091-92bc-49e9-b58a-458458f87711,94111,01/01/2020 to 12/31/2020,Tue: 10:00 AM-2:00 PM;Thu: 10:00 AM-2:00 PM;Sat: 8:00 AM-2:00 PM;,,,,,,
1012308,Festival Farmers Market,942 Main Street,bb078fdc-6606-4892-a583-ae94773f5269,03218237-3109-4ce3-91dc-e7359470d82a,7dd79c73-5476-44d1-8d08-54ed1287ed03,12043,07/14/2018 to 10/13/2018,Wed: 3:00 PM-5:00 PM;Sat: 10:00 AM-2:00 PM;,,,,,,
1019771,Fibonacci's Mount Healthy Farmers Market,1445 Compton Road,9b5f74ca-5d9e-4618-a0d4-a52b3dd6b1bf,a34d93bf-44d2-4e0f-b7ee-b9016a86e2e8,82136789-d0c5-4229-8cac-b731a5361c03,45231,05/02/2021 to 05/02/2021,Sun: 11:00 AM-2:00 PM;,,,,,,
1018193,Fifth Street Farmers' Market,West Fifth Street,951194f8-90c2-4023-9e49-8f48f6dca0fe,4ff818ae-8c3b-46ea-a151-13cd627298bb,82136789-d0c5-4229-8cac-b731a5361c03,44882,06/09/2018 to 10/13/2018,Sat: 10:00 AM-1:00 PM;,,,,,,
1020008,Fightingville Fresh,315 W Simcoe,c780a7e1-bf49-41eb-bb6f-e40f558c9b4b,a2ee5aa9-fc24-4808-aa14-893373c5ff85,8eab0d88-b9c8-4da4-a6a4-9d4a0327af9c,70501,01/01/2020 to 12/31/2020,Tue: 3:00 PM-7:00 PM;Fri: 3:00 PM-7:00 PM;,,,,,,
1019677,Firefly Farmers' Market,15615 East 21st Street North,ea5d33fc-e683-4f61-a8b8-6d8844ea1881,d4acbb50-092c-47f0-a972-d316a16caf77,940abb8a-6d9b-46f0-b9b1-37ab0a387dac,67230,07/07/2019 to 08/18/2019,Sun: 11:00 AM-2:00 PM;,,,,,,
1004377,Fish Creek Settlement Shops Farm Market,9116 Hwy 42,678e486e-d266-48ce-a9a1-8885130f1726,6eebcccf-7523-4043-acf6-69b118696e28,e8d05643-2a60-4ca6-a077-819f50879428,54212,06/05/2019 to 10/23/2019,Wed: 9:30 AM-1:30 PM;,,,,,,
1019914,Fisherman's Memorial Park Farmers Market,1011 Point Judith Rd,b1d32bbb-784b-4fe2-b4b5-1eb5c634cf15,7a69ac97-4542-4a1a-a5c2-dd800abc9358,a8a2bc3a-b405-485c-a8b5-f2fb1841df29,02882,06/07/2020 to 10/25/2020,Sun: 9:00 AM-1:00 PM;,,,,,,
1019897,Fleming County FarmersвЂ™ Market,1384 Elizaville Rd,73201bfc-4c34-4232-bbec-d9c448c11826,20405de2-5fe8-43a5-b168-05a820324bfa,26759049-be66-49a3-8617-64f28a0ad262,41041,06/13/2020 to 10/31/2020,Tue: 2:00 PM-6:00 PM;Sat: 8:00 AM-1:00 PM;,,,,,,
1020091,Floyd County Farmers Market,361 N. Lake Drive,35003bbd-09a4-4eb7-a5c1-9770f9d0e49c,cd8c8617-8422-4cce-895c-7c687cfb883a,26759049-be66-49a3-8617-64f28a0ad262,41653,05/30/2020 to 10/10/2020,Sat: 9:00 AM-1:00 PM;,,,,,,
1020065,Floyd County Farmers Market (Floyds Knobs),400 Block Lafollette Station,d2c6168f-5736-4b49-8a1e-f6a6e4e5ef0a,cd8c8617-8422-4cce-895c-7c687cfb883a,1f92cbc1-8f4b-4538-95dd-366fc23a8da5,47119,08/16/2020 to 10/25/2020,Sun: 9:30 AM-1:30 PM;,,,,,,
1021453,Fondy Farmers Market,2200 W Fond du Lac Ave,19dfdd3a-41de-465f-8d8d-c0c2055fd836,3c8376ac-fa0b-4d3a-8203-2387e18eeda5,e8d05643-2a60-4ca6-a077-819f50879428,53206,05/08/2021 to 05/08/2021,Sat: 9:00 AM-12:00 PM;,06/26/2021 to 06/26/2021,Tue: 9:00 AM-2:00 PM;Thu: 9:00 AM-2:00 PM;Sat: 7:00 AM-2:00 PM;Sun: 9:00 AM-2:00 PM;,11/06/2021 to 11/06/2021,Sat: 9:00 AM-2:00 PM;,,
1019123,Food for Thought Summer Market,200 S. David St.,977543a3-3bf5-4deb-9ee5-de42d29873ab,509af798-e22e-49d2-a87e-043622463415,b969a275-4f8c-4575-9b14-a40c9e53be44,82601,06/05/2018 to 09/25/2018,Tue: 5:00 PM-8:00 PM;,,,,,,
1000958,Forest farmers market,15583 Forest Road,ddc3e454-e80c-4d8f-9fd0-eb7d5e873faa,44bc8aad-c1c7-4190-a4e2-2134787ebbdf,6dd53333-5181-463f-abcb-fcb91c8ec710,24551,04/24/2021 to 04/24/2021,Sat: 8:00 AM-12:00 PM;,11/20/2021 to 11/20/2021,Sat: 8:00 AM-12:00 PM;,,,,
1021638,Forest Grove Farmers Market,2030 Main St,796eeafc-942d-4fc4-8351-d8a5443c2124,7a69ac97-4542-4a1a-a5c2-dd800abc9358,01127d9b-01aa-4ef1-9bd2-48f67f513459,97116,05/04/2022 to 05/04/2022,Wed: 4:00 PM-8:00 PM;,,,,,,
1021504,Forest Hills Farmers Market,1840 Ardmore Blvd,3f421098-9675-43b2-92ac-f7d4d3a82914,68a3c528-92c0-49f7-9e91-8f87a45bb3f3,3ffc900b-d7c0-4b07-8aba-7df870781580,15221,05/21/2021 to 05/21/2021,Fri: 4:00 PM-7:00 PM;,,,,,,
1002803,Forest Lakes Farmers Market,1650 Ashwood Blvd.,9aa5c075-c93e-40f6-889b-9f07108e355b,a5d38137-175c-4784-87b8-fe8cfa349070,6dd53333-5181-463f-abcb-fcb91c8ec710,22911,05/05/2020 to 10/27/2020,Tue: 4:00 PM-7:00 PM;,,,,,,
1018989,Fort Ben Farmers Market,,6736522b-bfce-4d0e-a344-b3d274bdb233,d5028103-f10b-4f88-8424-6ead4335ae33,1f92cbc1-8f4b-4538-95dd-366fc23a8da5,,06/07/2018 to 09/27/2018,Thu: 4:00 PM-7:00 PM;,,,,,,
1021680,Fort Smith Farmer's Market,2nd and Gartison Ave,1d4dae30-880a-4db9-88c1-150b0ea945f9,afad0371-2cc1-4f9f-9f09-89d215a8dbda,7885258d-77c7-421e-a1e9-043ef91e8c26,72901,01/01/2022 to 01/01/2022,Sat: 7:00 AM-12:00 PM;,,,,,,
1018505,Fort Sumner Farmers Market,213 E Sumner Avenue,07f9dde2-f507-4ab7-941f-9220085a9453,68563f48-bb07-414d-a3aa-f15ccb22337a,d9d874da-b48f-4f4e-ac29-8f3c10de66ef,88119,05/01/2018 to 11/23/2018,Thu: 4:00 PM-6:00 PM;Sat: 8:00 AM-10:00 AM;,11/01/2018 to 12/01/2019,Thu: 4:00 PM-6:00 PM;Sat: 9:00 AM-11:00 AM;,,,,
1019101,Fox Lake Farmers Market,17 E School St.,cdef8be2-c638-43ef-9a0d-3bb9d3b85913,6fd20e39-6d74-4cf0-a565-2e5e7fe23342,f3414562-68d9-4389-bd7c-0efe5455715f,60020,06/05/2018 to 09/25/2018,Tue: 4:00 PM-8:00 PM;,,,,,,
1002880,Frankenmuth Farmers Market,534 North Main Street,1e034efb-0c3c-4eef-a4b7-fa3f184a5633,f6e89019-a504-47d8-bfad-b7d982725905,1567e172-94ab-4222-b635-6b669c2aa787,48734,05/11/2019 to 05/11/2019,Wed: 3:00 PM-6:00 PM;Sat: 8:00 AM-2:00 PM;,05/22/2021 to 05/22/2021,Wed: 3:00 PM-6:00 PM;Sat: 8:00 AM-2:00 PM;,,,,
1019298,Franklin County Farmers Market,404 Wilkinson Blvd.,a56f4693-c894-4ab9-b8e3-467577b21b15,944b15fd-d0f0-4def-9b76-0a8ab2987e68,26759049-be66-49a3-8617-64f28a0ad262,40601,04/24/2021 to 04/24/2021,Sat: 8:30 AM-12:00 PM;,05/04/2021 to 05/04/2021,Tue: 8:30 AM-12:00 PM;,01/09/2021 to 01/09/2021,Sat: 10:00 AM-11:30 AM;,,
1019147,Franklin Farmers Market,Parking Lot 2 Blocks West of the Courthouse,df12d37b-bf15-41fe-a5d8-d29caae5cb1f,35b808c7-3b58-4261-b5a8-8193cebdb1c8,1f92cbc1-8f4b-4538-95dd-366fc23a8da5,46131,05/12/2018 to 09/01/2018,Sat: 8:00 AM-12:00 PM;,,,,,,
1021654,Franklin Park Conservatory and Botanical Gardens Farmers' Market,1777 East Broad Street,636e566e-a955-4175-925d-c3f319923b3f,944b15fd-d0f0-4def-9b76-0a8ab2987e68,82136789-d0c5-4229-8cac-b731a5361c03,43203,06/01/2022 to 06/01/2022,Wed: 3:30 PM-6:30 PM;,,,,,,
1020092,Franklin Simpson Farmers' Market,304 N Main St,df12d37b-bf15-41fe-a5d8-d29caae5cb1f,7ab35636-9c4c-4e24-8255-53f6be811164,26759049-be66-49a3-8617-64f28a0ad262,42134,04/25/2020 to ,Tue: 8:00 AM-4:00 PM;Sat: 8:00 AM-1:00 PM;,,,,,,
1020007,Franklin Street Bazaar,2000 W. Franklin Street,ce6b943b-636c-4f6e-b008-0dd9cc6f83bc,7975732d-b17b-4ff4-8689-c0f55bca98d3,1f92cbc1-8f4b-4538-95dd-366fc23a8da5,47710,05/30/2020 to 08/29/2020,Sun: 9:00 AM-1:00 PM;,,,,,,
1021565,Frankton Town Market,102 S Church St,082b99a8-7de4-4e73-9ab9-0940625d90fd,583cff19-3af2-45db-bf77-8993ee90ec35,1f92cbc1-8f4b-4538-95dd-366fc23a8da5,46044,05/30/2021 to 05/30/2021,Sun: 2:00 PM-5:00 PM;,,,,,,
1012429,Freedom Farmers Market at the Carter Center,453 Freedom Pkwy NE ,3a76d7e4-8f18-4591-af84-f0badad99ec0,2deee92f-6033-461c-a02b-313966af93e2,4db220e9-057f-4385-bafb-37fbea280645,30307,01/01/2019 to 02/01/2019,Sat: 9:00 AM-12:00 PM;,03/01/2019 to 06/01/2019,Sat: 9:00 AM-1:00 PM;,07/01/2019 to 09/01/2019,Sat: 9:00 AM-1:00 PM;,10/01/2019 to 12/01/2019,Sat: 9:00 AM-1:00 PM;
1018415,"Freeman Health System, West - Farmers Market",1102 W 32nd Street,b0693428-1272-41b0-98c7-044b5762dac5,b8e83fc3-3434-4370-a7e0-7ca151ee7448,743439a8-1642-4103-abcb-1ef114ce801a,64801,05/10/2017 to 10/11/2017,Wed: 4:00 PM-7:00 PM;,,,,,,
1021353,Freight House Farmers' Market,421 West River Drive #32,25a04376-c2e8-4c22-bf52-e30fd32e1eec,812732d9-df02-4464-a699-a956ede005ed,02f30189-b9ba-40b5-bb18-c7d22d4b6d4b,52801,01/01/2021 to 01/01/2021,Sat: 8:00 AM-2:00 PM;Sun: 10:00 AM-2:00 PM;,,,,,,
1019600,Freiheit Village Farmers Market,2032 Central Plaza,0736f3ee-605c-4eda-b7e0-7b50b4635b72,71c0b895-0468-4d01-8406-33ceabca857a,2c777c95-b197-4df6-b0e0-6637a1318fc2,78130,03/20/2019 to 12/18/2019,Wed: 3:00 PM-7:00 PM;,,,,,,
1019404,Fresh Approach Mobile Farmers' Market,"213 F Street, Antioch",fcec76fb-3c07-4cfe-b148-e8f3442d0a13,acaede93-f72f-4af8-9195-1a79e88db9b3,7a557091-92bc-49e9-b58a-458458f87711,94509,03/05/2019 to 12/10/2019,Tue: 10:30 AM-11:30 AM;,,,,,,
1012466,Fresh2You Mobile Market,,8c3d5d21-a2a0-42f8-bc72-ef36186ac019,ef33111a-fcc3-42df-9879-881b7a162625,3ffc900b-d7c0-4b07-8aba-7df870781580,,06/12/2018 to 11/17/2018,Tue: 10:00 AM-5:00 PM;Wed: 11:00 AM-5:00 PM;Thu: 9:00 AM-3:00 PM;Fri: 10:00 AM-12:00 PM;Sat: 10:00 AM-1:00 PM;,,,,,,
1018671,FRESHFARM Dupont Market,1624 20th St NW ,14ebb735-3b4e-4322-b1ff-364e95f10683,6553ba79-594c-47cd-a6f7-d5380b708f86,6b6ed003-0cca-4516-9dc2-71517407fa49,20009,01/01/2020 to 12/31/2020,Sun: 8:30 AM-1:30 PM;,,,,,,
1011730,Friendswood Farmers Market,1100 S Friendswood Dr.,8633d13d-3859-4a42-9d4c-bfe37a68298d,bfaa711e-8037-41e5-a852-7d79b6a71306,2c777c95-b197-4df6-b0e0-6637a1318fc2,77546,01/01/2020 to 12/31/2020,Sat: 9:00 AM-1:00 PM;,,,,,,
1021552,Ft. Thomas Farmers Market,801 Cochran Ave,69e51d5c-879c-449e-929a-882ded428140,fc1205d7-9f59-4f3a-b962-d5ee10a259a8,26759049-be66-49a3-8617-64f28a0ad262,41075,03/24/2021 to 03/24/2021,Wed: 3:00 PM-6:00 PM;,06/02/2021 to 06/02/2021,Wed: 3:00 PM-7:00 PM;,10/06/2021 to 10/06/2021,Wed: 3:00 PM-6:00 PM;,,
1019762,Ft. Wayne's Farmers Market - Summer,301 E Wayne Street,e0744dcd-246f-4a75-b128-8108f850d554,a8adcb66-7c0d-4d5d-98a3-849a434a5824,1f92cbc1-8f4b-4538-95dd-366fc23a8da5,46802,05/16/2020 to 09/26/2020,Sat: 9:00 AM-1:00 PM;,,,,,,
1019285,Ft. Wayne's Farmers Market-Winter Market,216 W Douglas Ave,55ce2807-86ad-4fc1-893a-be1a4c4e8086,a8adcb66-7c0d-4d5d-98a3-849a434a5824,1f92cbc1-8f4b-4538-95dd-366fc23a8da5,46802,10/06/2018 to 05/11/2019,Sat: 9:00 AM-1:00 PM;,,,,,,
1019998,Fulshear Farmers' Market,9035 Bois d'Arc Lane,6157e4f7-6b07-498b-90b1-bbdcfb8ce6ab,8786fa59-23ea-4a09-8b7f-a8555b9b42a6,2c777c95-b197-4df6-b0e0-6637a1318fc2,77406,01/01/2020 to 12/31/2020,Sat: 9:00 AM-1:00 PM;,,,,,,
1018121,Fulton County Farmers Market,,8940f268-b429-40f6-8e7b-615ede7f468d,2deee92f-6033-461c-a02b-313966af93e2,1f92cbc1-8f4b-4538-95dd-366fc23a8da5,46975,05/01/2020 to 10/01/2020,Sat: 8:00 AM-12:00 PM;,,,,,,
1019949,Fulton Stall Market - Indoor Farmers Market,91 South St.,807ce687-1b83-4ea6-995f-b6d654b1989f,453dfcc5-4d74-4821-93e7-877b558713a5,7dd79c73-5476-44d1-8d08-54ed1287ed03,10038,,Mon: 11:30 AM-4:00 PM;Tue: 11:30 AM-4:00 PM;Wed: 11:30 AM-4:00 PM;Thu: 11:30 AM-4:00 PM;Fri: 11:30 AM-4:00 PM;Sat: 11:30 AM-4:00 PM;,,,,,,
1006661,Fulton Street Farmers Market,1145 East Fulton,9221d088-b006-4bea-88e1-dcce52d75f48,680b16b8-1f26-479c-b0b6-607dc4ccf122,1567e172-94ab-4222-b635-6b669c2aa787,49503,05/04/2019 to 10/26/2019,Wed: 8:00 AM-2:00 PM;Fri: 8:00 AM-2:00 PM;Sat: 8:00 AM-2:00 PM;,11/02/2019 to 04/25/2020,Sat: 10:00 AM-1:00 PM;,,,,
1021590,Fuquay-Varina Growers Market,121 N Main St.,08ce63ce-7f8c-4fc0-972a-787b4f2d5299,6b5f8442-3ec8-46c6-a0b6-7e37e13dc071,39f00a75-0499-4de4-9c99-0cb1fdb2568a,27526,04/17/2021 to 04/17/2021,Sat: 9:00 AM-1:00 PM;,,,,,,
1021444,Galena KS Farmer's Market,210 W 7th St,c15d2c07-a850-4041-9c22-6a25caf61831,900e50f4-ff55-4b7b-b5f5-e3f69da599d7,940abb8a-6d9b-46f0-b9b1-37ab0a387dac,66739,05/29/2021 to 05/29/2021,Sat: 8:00 AM-12:00 PM;,,,,,,
1021730,Galena KS Farmer's Market,210 W 7th St,c15d2c07-a850-4041-9c22-6a25caf61831,900e50f4-ff55-4b7b-b5f5-e3f69da599d7,940abb8a-6d9b-46f0-b9b1-37ab0a387dac,66739,05/21/2022 to 05/21/2022,Sat: 8:00 AM-12:00 PM;,,,,,,
1019630,Gallatin Farmers Market ,160 W Franklin St,4fa4b157-461c-4f14-880b-d17354da440b,cd15aa93-9738-42ae-b541-13b1a188a3cc,e7416093-d979-43e8-952c-06d2b35b5956,37066,04/13/2019 to 10/26/2019,Sat: 8:00 AM-1:00 PM;,,,,,,
1011814,Galleria @ Tyler Riverside Farmers Market,1370 Galleria @ Tyler,55a389de-6049-4525-b862-595a5ea47fef,063bce94-716c-4430-966d-2035e28f8b2c,7a557091-92bc-49e9-b58a-458458f87711,92503,01/01/2018 to 12/31/2018,Sun: 8:30 AM-1:00 PM;,,,,,,
1018970,Garden City Farmers Market,1210 Fleming ,7c5bcf8c-7ea8-4ae6-b820-ea24056f50da,16b515ec-f77f-46b6-afc4-131ac4bb9cde,940abb8a-6d9b-46f0-b9b1-37ab0a387dac,67846,06/02/2018 to 09/29/2018,Sat: 7:00 AM-12:00 PM;,,,,,,
1018831,Gardner Farmers Market,136 E Washington St,9cd2c814-5f09-4824-ae06-546a51b876ed,35b808c7-3b58-4261-b5a8-8193cebdb1c8,940abb8a-6d9b-46f0-b9b1-37ab0a387dac,66030,05/14/2020 to 09/01/2020,Thu: 4:00 PM-7:00 PM;,,,,,,
1019728,Garfield Park Farmers Market,2345 Pagoda Dr,491977a8-d8c0-4a18-be68-1ad4dbd7d531,d5028103-f10b-4f88-8424-6ead4335ae33,1f92cbc1-8f4b-4538-95dd-366fc23a8da5,46225,05/02/2020 to 10/31/2020,Sat: 9:00 AM-12:30 PM;,,,,,,
1021662,Garfield Park Neighborhood Market - Indoor Season,135 N Kedzie Ave.,db7e68cf-c6c3-4290-b899-378f5a538367,d8223186-8ebb-45c5-a659-85e420d1a15f,f3414562-68d9-4389-bd7c-0efe5455715f,60612,04/09/2022 to 04/09/2022,Sat: 10:00 AM-2:00 PM;,06/11/2022 to 06/11/2022,Sat: 10:00 AM-2:00 PM;,,,,
1020095,Garrard County Farmers Market,117 Lexington RD,2fc24466-9bfa-42ad-9254-77c4cb59be77,ed5c12b7-04e7-40c8-972a-050e22aba6cb,26759049-be66-49a3-8617-64f28a0ad262,40444,06/16/2020 to 10/06/2020,Tue: 3:00 PM-6:00 PM;,,,,,,
1019587,"Gas City, IN Farmers Market ",1028 E Main Street,2c307515-de51-434e-950b-632b7e2bb698,da757e60-fe4b-4b9a-a9c4-4473dd73f2fe,1f92cbc1-8f4b-4538-95dd-366fc23a8da5,46933,07/24/2019 to 10/28/2020,Wed: 9:00 AM-1:00 PM;,,,,,,
1021677,Gateway Farmers Market,602 East Jefferson Ave,c2e59625-ea90-403e-8533-4bb09e7815f9,aafb3b9d-ff15-4cd2-96da-531be16983f3,7885258d-77c7-421e-a1e9-043ef91e8c26,71854,05/07/2022 to 05/07/2022,Tue: 7:00 AM-12:00 PM;Thu: 7:00 AM-12:00 PM;Sat: 7:00 AM-12:00 PM;,,,,,,
1021416,General Store Market ,1327 S. 18th Street,88bd6df9-ce92-4344-850a-14b9697c1be0,78015626-f4d0-48e3-95d8-a1e5e491afce,e8d05643-2a60-4ca6-a077-819f50879428,54812,05/04/2021 to 05/04/2021,Tue: 1:00 PM-6:00 PM;,,,,,,
1012033,Georgetown Farmers Market,122 Screven St,d9ccea19-f77d-4eb6-b9b6-67d092cfce1a,8dce76c9-1655-4a10-8214-81d40db70170,25286054-2f43-4edf-9415-c089a5cfd371,29440,05/01/2021 to 05/01/2021,Sat: 8:00 AM-1:00 PM;,,,,,,
1019602,Get Moving Houston Farmers Market - Acres Homes,6719 W. Montgomery ,0a589e8e-a5ba-4006-943b-be9809517620,bc746d7a-598f-4e33-b6b3-503cc74ac8b5,2c777c95-b197-4df6-b0e0-6637a1318fc2,77091,07/01/2019 to 09/01/2019,Thu: 11:00 AM-2:30 PM;,,,,,,
1019603,Get Moving Houston Farmers Market - Denver Harbor ,6402 Market St. ,0a589e8e-a5ba-4006-943b-be9809517620,bc746d7a-598f-4e33-b6b3-503cc74ac8b5,2c777c95-b197-4df6-b0e0-6637a1318fc2,77020,07/16/2019 to 09/17/2019,Tue: 11:00 AM-2:30 PM;,,,,,,
1019604,Get Moving Houston Farmers Market - Hiram Clarke ,3810 W. Fuqua St. ,0a589e8e-a5ba-4006-943b-be9809517620,bc746d7a-598f-4e33-b6b3-503cc74ac8b5,2c777c95-b197-4df6-b0e0-6637a1318fc2,77045,07/23/2019 to 07/23/2019,Tue: 11:00 AM-2:30 PM;,,,,,,
1019605,Get Moving Houston Farmers Market - Magnolia,7037 Capitol St. 77011,0a589e8e-a5ba-4006-943b-be9809517620,bc746d7a-598f-4e33-b6b3-503cc74ac8b5,2c777c95-b197-4df6-b0e0-6637a1318fc2,77011,07/11/2019 to 09/26/2019,Thu: 11:00 AM-2:30 PM;,,,,,,
1019606,Get Moving Houston Farmers Market - Northeast,9720 Spaulding St. 77016,0a589e8e-a5ba-4006-943b-be9809517620,bc746d7a-598f-4e33-b6b3-503cc74ac8b5,2c777c95-b197-4df6-b0e0-6637a1318fc2,77016,08/01/2019 to 09/01/2019,Wed: 11:00 AM-2:30 PM;,,,,,,
1019607,Get Moving Houston Farmers Market - Southwest,6400 High Star Dr. ,6cb684e6-3a7f-4108-b77c-077d74001fc6,bc746d7a-598f-4e33-b6b3-503cc74ac8b5,2c777c95-b197-4df6-b0e0-6637a1318fc2,77074,07/10/2019 to 09/25/2019,Wed: 11:00 AM-2:30 PM;,,,,,,
1019608,Get Moving Houston Farmers Market - Sunnyside,9314 Cullen St. 77051,0a589e8e-a5ba-4006-943b-be9809517620,bc746d7a-598f-4e33-b6b3-503cc74ac8b5,2c777c95-b197-4df6-b0e0-6637a1318fc2,77051,08/29/2019 to 08/29/2019,Thu: 11:00 AM-2:30 PM;,,,,,,
1021461,Gilbert Farmers Market,222 N Ash St,61311f03-36d6-4a8b-8646-2a822aec1fd4,3331f7dd-9fcf-4a77-8bdf-4aca22db66ea,e9a2101a-8932-44b9-981f-621d23d42178,85234,01/02/2021 to 01/02/2021,Sat: 8:00 AM-12:00 PM;,05/01/2021 to 05/01/2021,Sat: 7:00 AM-11:00 AM;,10/02/2021 to 10/02/2021,Sat: 8:00 AM-12:00 PM;,,
1021284,Gilmanton Community Farmers Market Association,1385 NH Route 140,653553bf-978a-41b9-99e2-4efd67dc9fac,a841063b-f626-43d5-bd90-5710b9cbde32,97451c0b-a2d4-4498-ba04-00201d9018f1,03237,06/13/2021 to 06/13/2021,Sun: 10:00 AM-1:00 PM;,,,,,,
1008573,Gladstone Farmers' Market,602 NE 70th Street,8b3ab422-7ec2-4ac7-ae27-d0ab1fc16eb5,7df2d240-ec69-4828-a368-e877666a501f,743439a8-1642-4103-abcb-1ef114ce801a,64118,05/01/2018 to 10/31/2018,Wed: 2:00 PM-6:00 PM;Sat: 8:00 AM-1:00 PM;,11/01/2017 to 04/01/2018,Wed: 2:00 PM-6:00 PM;,,,,
1002767,Glen Arbor Farmers Market,6394 Western Ave.,87cdaa5e-e4d7-481b-80be-27cb23321a27,7a56c455-2447-43a8-9b44-b6c68974b15c,1567e172-94ab-4222-b635-6b669c2aa787,49636,06/08/2021 to 06/08/2021,Tue: 9:00 AM-1:00 PM;,,,,,,
1005588,GLENCOE,201  W CHASTAIN BLVD. WEST,9518ee41-474e-4d75-973f-27b0ae7bb7f2,c68ab592-b39a-4acd-bc23-18e829dbd484,a99466fa-d385-4f64-a230-de4dde953216,35905,06/01/2012 to 09/30/2012,Tue: 7:00 AM-1:00 PM;,,,,,,
1019710,Glens Falls Farmers Market Association,10 Sanford St,ec9b9185-8f74-4bc0-8a1f-cbb511d2c37a,9aba9c3c-2ffa-4440-ae83-a1aa114aed45,7dd79c73-5476-44d1-8d08-54ed1287ed03,12801,,Sun: 9:00 AM-12:00 PM;,,,,,,
1019414,Glenwood Sunday Market,,db7e68cf-c6c3-4290-b899-378f5a538367,d8223186-8ebb-45c5-a659-85e420d1a15f,f3414562-68d9-4389-bd7c-0efe5455715f,60626,06/07/2020 to 10/25/2020,Sun: 9:00 AM-2:00 PM;,,,,,,
1021364,Goddard Memorial State Park Farmers Market,1095 Ives Rd,13a01401-b546-4ade-837f-e4e9309a4aa5,680b16b8-1f26-479c-b0b6-607dc4ccf122,a8a2bc3a-b405-485c-a8b5-f2fb1841df29,02818,05/07/2021 to 05/07/2021,Fri: 9:00 AM-1:00 PM;,,,,,,
1020050,Good Local Markets White Rock Farmers Market,9150 Garland Road,88eeb60a-9cc9-428e-9b33-54d054a618d4,ad53bcfd-9547-40bc-beb2-229c465dae94,2c777c95-b197-4df6-b0e0-6637a1318fc2,75218,03/07/2020 to 12/19/2020,Sat: 8:00 AM-12:00 PM;,,,,,,
1019833,Goodhue Farmers Market,411 Rosie Park Way,7e569970-2e7c-4b83-a921-1e97de510629,0db156eb-0e9d-464b-8555-c8a903c810b7,775d2aa3-b0cf-4a6b-a862-16373a107431,55027,06/17/2020 to 10/01/2020,Wed: 3:00 PM-7:00 PM;,,,,,,
1021350,Gooding Farmer's Market,Corner of 13th and Main,6db186f9-3ba9-4ab9-b1a4-4ac30d0d1848,298d0e4c-25fc-48ab-9cc9-c2ec2a9a2ea1,34db3808-70ee-4d72-96b7-31220659bda5,83330,05/04/2021 to 05/04/2021,Tue: 2:00 PM-6:00 PM;,,,,,,
1021308,Gorgas Park Farmers' Market,6300 Ridge Avenue,7a8448fb-98f0-4837-8ac9-280be43a76c9,30f2e6e8-02e2-4c37-b99f-1cf934694676,3ffc900b-d7c0-4b07-8aba-7df870781580,19128,05/21/2021 to 05/21/2021,Fri: 2:00 PM-6:00 PM;,,,,,,
1012253,Goshen Farmers Market,South Church and Main Street,47610cde-9462-4e09-9500-f29ccd6612f7,90ee16f9-2d16-4ca0-8b4a-bdd55cd5f5a1,7dd79c73-5476-44d1-8d08-54ed1287ed03,10924,05/25/2018 to 10/26/2018,Fri: 10:00 AM-5:00 PM;,,,,,,
1021392,Grand Prairie Farmers Market,505 S. Main St.,db63ef99-1a87-48aa-91ce-7eb20075c10d,c3fa58d2-688f-4e97-b1e0-10f23901b415,7885258d-77c7-421e-a1e9-043ef91e8c26,72160,05/15/2021 to 05/15/2021,Sat: 7:00 AM-12:00 PM;,,,,,,
1005937,Grand Rapids Farmers' Market,11 Golf Course Road,9221d088-b006-4bea-88e1-dcce52d75f48,26b458b2-6f1f-4f12-a769-fcc752da20d5,775d2aa3-b0cf-4a6b-a862-16373a107431,55744,05/11/2016 to 10/29/2016,Wed: 8:00 AM-1:00 PM;Sat: 8:00 AM-1:00 PM;,,,,,,
1017947,Grandin Village Farmers Market,2080 Westover Ave SW,b1ba6934-e9d6-481c-afae-c8dd21e29344,0273794b-6567-48cd-91be-b590a980dc9c,6dd53333-5181-463f-abcb-fcb91c8ec710,24015,04/21/2018 to 04/21/2018,Sat: 8:00 AM-12:00 PM;,11/21/2020 to 11/21/2020,Sat: 10:00 AM-1:00 PM;,,,,
1021484,Grant Park Farmers Market ,1040 Grant Street SE,3a76d7e4-8f18-4591-af84-f0badad99ec0,2deee92f-6033-461c-a02b-313966af93e2,4db220e9-057f-4385-bafb-37fbea280645,30315,01/03/2021 to 01/03/2021,Sun: 9:00 AM-1:00 PM;,,,,,,
1019989,Grass Roots Farmers Market,W.145th. Street between Edgecombe & Bradhurst Aves.,aa620484-673f-4e58-b751-9ee921313181,453dfcc5-4d74-4821-93e7-877b558713a5,7dd79c73-5476-44d1-8d08-54ed1287ed03,10031,07/07/2020 to 11/28/2020,Tue: 9:00 AM-4:00 PM;Sat: 9:00 AM-4:00 PM;,,,,,,
1009808,"Great Falls Farmers Market, Turners Falls",Peskeomskut Park,f10cd03c-f23b-4b0c-a6a9-6cd9e042d580,944b15fd-d0f0-4def-9b76-0a8ab2987e68,fd0813ee-0dcf-4cef-8953-1e30d4412de6,01376,05/05/2021 to 05/05/2021,Wed: 2:00 PM-6:00 PM;,,,,,,
1021456,Greater Washington County Food Bank Farmers' Market,909 National Pike West,bf779a57-4bd8-41bc-be77-77767619cbc2,7a69ac97-4542-4a1a-a5c2-dd800abc9358,3ffc900b-d7c0-4b07-8aba-7df870781580,15417,06/01/2021 to 06/01/2021,Tue: 4:00 PM-7:00 PM;,,,,,,
1006059,Greater Watertown-North Country Chamber of Commerce Farm & Craft Market,317 Washington St.,339f2999-611c-4afa-b03d-ab91d8935a2b,04317b7e-1abf-4a2c-b4a7-e994c1d4c3c9,7dd79c73-5476-44d1-8d08-54ed1287ed03,13601,05/23/2018 to 10/10/2018,Wed: 6:30 AM-3:00 PM;,,,,,,
1021289,Greeley Farmers Market,902 7th Ave.,ac446ea2-e010-4fce-9e89-6ae77c391365,d623f537-74ea-4ad9-97f5-a7e57195053e,e1f09524-7ac6-416d-ba58-0c07f3d72e11,80631,01/09/2021 to 01/09/2021,Sat: 9:00 AM-12:00 PM;,05/22/2021 to 05/22/2021,Sat: 8:00 AM-12:00 PM;,,,,
1021319,Green City Market Lincoln Park,1817 N. Clark St,db7e68cf-c6c3-4290-b899-378f5a538367,d8223186-8ebb-45c5-a659-85e420d1a15f,f3414562-68d9-4389-bd7c-0efe5455715f,60614,05/01/2021 to 05/01/2021,Wed: 7:00 AM-1:00 PM;Sun: 7:00 AM-1:00 PM;,,,,,,
1021320,Green City Market West Loop,115 S. Sangamon St,db7e68cf-c6c3-4290-b899-378f5a538367,d8223186-8ebb-45c5-a659-85e420d1a15f,f3414562-68d9-4389-bd7c-0efe5455715f,60607,06/05/2021 to 06/05/2021,Sat: 8:00 AM-1:00 PM;,,,,,,
1004849,Green Market at Piedmont Park,1071 Piedmont Ave NE,3a76d7e4-8f18-4591-af84-f0badad99ec0,2deee92f-6033-461c-a02b-313966af93e2,4db220e9-057f-4385-bafb-37fbea280645,30309,03/30/2019 to 11/23/2019,Sat: 9:00 AM-1:00 PM;,,,,,,
1006997,Green Scene Walker Community Farmer's Market,617 Michigan Avenue,c89d84d0-5cad-4c37-8eae-2c0565f540ba,f3a6ce65-6dc4-4a56-b3fe-4f99e7cae417,775d2aa3-b0cf-4a6b-a862-16373a107431,56484,06/04/2020 to 09/17/2020,Thu: 9:00 AM-2:00 PM;,,,,,,
1019805,Greenbelt Farmers Market,25 Crescent Road,96309c6c-aff8-47b7-a98c-7d9ce4b0d881,016a61c2-2a1c-4f73-a19b-86c2d67348f3,c5b0ab35-2326-49a5-b543-8e5bb1c71ed5,20770,05/09/2021 to 05/09/2021,Sun: 10:00 AM-2:00 PM;,,,,,,
1019132,Greene Farmers Market,42 Carmen Place,fe908f2a-53c5-4d5a-96aa-bfdc57086584,eb6d1d7f-793a-4654-9579-7a2c96c9c188,6dd53333-5181-463f-abcb-fcb91c8ec710,22968,05/05/2018 to 09/15/2018,Sat: 9:00 AM-1:00 PM;,,,,,,
1018472,Gretna Farmers Market,739 Third Street,95d59fbf-6702-4fc4-975f-2e13b25fa122,04317b7e-1abf-4a2c-b4a7-e994c1d4c3c9,8eab0d88-b9c8-4da4-a6a4-9d4a0327af9c,70053,01/01/2018 to 12/31/2018,Sat: 8:30 AM-12:30 PM;,,,,,,
1021382,Grinnell Farmers Market,833 4th Ave,b34177b0-7142-4d8e-8cd0-fbdefcc27264,632936e3-634e-4716-8110-834c899a8e4d,02f30189-b9ba-40b5-bb18-c7d22d4b6d4b,50112,05/13/2021 to 05/13/2021,Thu: 3:00 PM-6:00 PM;Sat: 10:00 AM-12:00 PM;,,,,,,
1021536,Grove Farm Market,4411 Kikowaena St,9def299b-fd23-4d76-8013-9e5a4491204a,520dbd19-c583-48df-ba1b-2af157a533a5,4c8a3dce-226c-409e-b551-8c6a90ecf266,96766,01/01/2021 to 01/01/2021,Sat: 9:30 AM-12:30 PM;,,,,,,
1019088,Grow Baton Rouge Farmers Market,4000 Gus Young Ave,e4897ee6-a879-4b53-9dbe-111dc7623aa7,f193d2de-4b3f-455c-8f21-2de89047132f,8eab0d88-b9c8-4da4-a6a4-9d4a0327af9c,70802,05/19/2018 to 10/20/2018,Sat: 10:00 AM-1:00 PM;,,,,,,
1021247,Growing Augusta Pop-Up Market ,3647 Karleen Rd,b611a94a-7d97-44a3-ac44-ade18122f2fb,79f63bf9-444a-48de-af7b-0383780a514e,4db220e9-057f-4385-bafb-37fbea280645,30815,01/01/2020 to 12/31/2020,Sat: 8:30 AM-11:00 AM;,,,,,,
1018619,Guttenberg Farmers Market,400 Block of South River Park Drive,e34ee1cd-9737-45c9-8d91-5816ed505905,ffcfd77c-78cb-43dd-9bb7-60c520a40939,02f30189-b9ba-40b5-bb18-c7d22d4b6d4b,52052,05/15/2021 to 05/15/2021,Sat: 8:00 AM-12:00 PM;,,,,,,
1005265,Halawa District Park (People's Open Market),99-795 Iwaiwa Street,cda97df6-67e0-455a-8073-154b71691a0d,e9f50e89-e238-48ed-af04-05bddd9ae446,4c8a3dce-226c-409e-b551-8c6a90ecf266,96701,01/01/2019 to 12/31/2019,Fri: 7:00 AM-8:00 AM;,,,,,,
1001804,Halifax Market Place & Farmers Market,209 South Main Street,0a1ff6fd-1b3e-4a88-b052-1780b2945f9d,b8b3488a-88d2-4a01-b266-45715c5d5fea,6dd53333-5181-463f-abcb-fcb91c8ec710,24558,01/01/2021 to 01/01/2021,Sat: 8:00 AM-1:00 PM;,,,,,,
1021584,Hamilton Park Farmers Market,Hamilton Park,e6ba72c1-52c4-46da-ad2b-3e6bf50409da,e8140933-fdbb-4ceb-b3d7-16d212069088,fb17e9e8-f8a8-4928-8ac2-94bbf6405d9f,07302,05/05/2021 to 05/05/2021,Wed: 4:00 PM-7:00 PM;,,,,,,
1019673,Hamilton's Historic Farmers Market,345 High Street ,e04f8969-4f44-4887-aefb-973fae653e0d,fab72639-887a-412d-a8af-c7853d1b20f9,82136789-d0c5-4229-8cac-b731a5361c03,45011,05/18/2019 to 10/05/2019,Sat: 8:30 AM-12:00 PM;,,,,,,
1018774,Hammond's Grandson's Produce,7165 Ramsey Street,29cbd75e-b157-4562-8f14-6200b65e388c,417416b5-c759-4c08-9f96-5d16ad40176f,39f00a75-0499-4de4-9c99-0cb1fdb2568a,28310,01/01/2020 to 12/31/2020,Wed: 10:00 AM-7:00 PM;Thu: 10:00 AM-7:00 PM;Fri: 10:00 AM-7:00 PM;Sat: 10:00 AM-7:00 PM;,,,,,,
1019738,Hampden Farmers Market,106 Western Ave.,7f3ac796-9162-4209-81c5-91820b114474,56bc73e0-6e06-4d68-9a44-26ef3cc5f6f5,2feeec2f-bc8c-40ae-9405-0f6d59707d93,04444,05/08/2020 to 10/09/2020,Fri: 2:00 PM-5:30 PM;,10/16/2020 to 12/18/2020,Fri: 2:00 PM-5:30 PM;,,,,
1019209,Hampton Blvd Farmers Market,7400 Hampton Blvd.,4044f196-9514-4089-a101-c21afc769df8,5bfbab83-dab7-408f-9979-cc8e503c4265,6dd53333-5181-463f-abcb-fcb91c8ec710,23505,04/04/2018 to 09/26/2018,Wed: 3:00 PM-7:00 PM;,,,,,,
1001597,Hampton Farmers Market,1st Street NW and 1st Ave. NW,f9608c10-6ca5-4843-9222-ec3acf3c9529,944b15fd-d0f0-4def-9b76-0a8ab2987e68,02f30189-b9ba-40b5-bb18-c7d22d4b6d4b,50441,05/15/2018 to 10/19/2018,Tue: 4:30 PM-6:30 PM;Fri: 4:30 PM-6:30 PM;,,,,,,
1021583,Hana Farmers Market,Hana Highway,d03e8799-09a0-45cd-b1ab-4ab6c42a8231,9ab9cd31-ffdf-441e-92e0-27cc67058a3d,4c8a3dce-226c-409e-b551-8c6a90ecf266,96713,03/01/2021 to 03/01/2021,Fri: 3:00 PM-5:00 PM;,11/01/2021 to 11/01/2021,Fri: 2:30 PM-4:30 PM;,01/01/2022 to 01/01/2022,Fri: 2:30 PM-4:30 PM;,,
1006425,Hanalei Farmers' Market at Hale Halawai 'Ohana O Hanalei,55299C Kuhio Hwy ,2cd0b256-cbcc-4f66-a7ed-dbf57d5cde43,520dbd19-c583-48df-ba1b-2af157a533a5,4c8a3dce-226c-409e-b551-8c6a90ecf266,96714,01/01/2018 to 01/01/2018,Sat: 9:30 AM-12:00 PM;,,,,,,
1019065,Hancock County Farmers' Market,200 West Main Cross,da5cf014-ba93-4312-b168-623dda12e0c9,da970bac-055e-46d4-85ec-e614a4820fe2,82136789-d0c5-4229-8cac-b731a5361c03,45840,05/10/2018 to 10/25/2018,Thu: 4:00 PM-6:00 PM;,,,,,,
1019148,Hanover Market House,210 East Chestnut Street,cdd6b2d2-18c3-40d4-836b-743f5c996b34,ec543b7f-ee0b-41cf-a2f5-2c56ddb5c9a9,3ffc900b-d7c0-4b07-8aba-7df870781580,17331,01/01/2018 to 12/31/2018,Sat: 6:00 AM-12:00 PM;,,,,,,
1019533,HAPI Fresh Farmers' Market ,647 E. Market Street,2d11e4c8-b905-4418-bc32-0e84e370f5a3,dc893caa-fdd2-40da-b3bc-40c037f4ad5c,82136789-d0c5-4229-8cac-b731a5361c03,44304,07/10/2019 to 09/25/2019,Wed: 4:00 PM-7:00 PM;,,,,,,
1019770,HAPI Fresh Farmers' Market ,381 Ontario Street,eb661453-8f22-42bb-9f6c-7064786b40c4,dc893caa-fdd2-40da-b3bc-40c037f4ad5c,82136789-d0c5-4229-8cac-b731a5361c03,44310,07/08/2020 to 09/30/2020,Wed: 4:00 PM-7:00 PM;,,,,,,
1019154,HardyвЂ™s Farm Market,4525 Knoll Rd,e0744dcd-246f-4a75-b128-8108f850d554,a8adcb66-7c0d-4d5d-98a3-849a434a5824,1f92cbc1-8f4b-4538-95dd-366fc23a8da5,46809,07/16/2018 to 10/31/2018,Mon: 9:00 AM-6:00 PM;Tue: 9:00 AM-6:00 PM;Wed: 9:00 AM-6:00 PM;Thu: 9:00 AM-6:00 PM;Fri: 9:00 AM-6:00 PM;Sat: 9:00 AM-6:00 PM;,,,,,,
1018380,Harker Heights Farmers Market,850 West Central Texas Expressway,b15a63c9-8b15-408c-ae26-898a6b932b99,9f85682c-fa53-4433-ba7a-7c8edadd22bc,2c777c95-b197-4df6-b0e0-6637a1318fc2,76548,05/04/2019 to 10/26/2019,Sat: 8:00 AM-1:00 PM;,,,,,,
1021696,Harlingen Farmers Market,218 E Tyler Ave,fee51e0d-348c-426f-ba86-979e69956807,e66e46ed-86ba-41a6-b569-699b9ed2f774,2c777c95-b197-4df6-b0e0-6637a1318fc2,78550,10/01/2022 to 10/01/2022,Sat: 3:00 PM-4:30 PM;,,,,,,
1021555,Harrison City Market,121 E. Main Street,3915fb5e-50a8-465e-84fc-1d6b2115bb89,2bd4f58f-639b-43ef-b7f4-858e931cbb8e,1567e172-94ab-4222-b635-6b669c2aa787,48625,06/04/2021 to 06/04/2021,Thu: 3:00 PM-7:00 PM;,,,,,,
1020122,Harrison County Farmers Market - Saturday,364 Oddville Ave,9795d874-e939-4119-8029-0d98f1456502,f8248ce0-05fb-47d2-8c2e-b99da8dfd58c,26759049-be66-49a3-8617-64f28a0ad262,,05/02/2020 to 10/31/2020,Sat: 9:00 AM-1:00 PM;,,,,,,
1020125,Harrison County Farmers Market - Wednesday,111 S Main St,9795d874-e939-4119-8029-0d98f1456502,f8248ce0-05fb-47d2-8c2e-b99da8dfd58c,26759049-be66-49a3-8617-64f28a0ad262,,06/03/2020 to 09/30/2020,,,,,,,
1020107,Hart County Farmers Market,Main Street,9ee04a51-7708-4d7e-a791-792e766fc09b,afd9343d-a709-4da8-bba1-7f6eafc5dfea,26759049-be66-49a3-8617-64f28a0ad262,42765,06/01/2020 to 09/30/2020,Tue: 7:30 AM-1:00 PM;Wed: 7:30 AM-1:00 PM;Fri: 7:30 AM-1:00 PM;,,,,,,
1011782,Hartford Farmers Market,1001 N Oaks Ave,5f217edc-8582-4c30-87ba-b21fe609fb08,0bb51fe5-d0cb-4225-a509-06edde18f9a0,4c471773-04a7-4eb6-b88f-4bac35ac23a4,57033,07/15/2018 to 10/14/2018,Sun: 11:00 AM-2:00 PM;,,,,,,
1019383,Harvest Home 125th Street Market,W. 125th Street & Adam Clayton Powell Blvd,aa620484-673f-4e58-b751-9ee921313181,453dfcc5-4d74-4821-93e7-877b558713a5,7dd79c73-5476-44d1-8d08-54ed1287ed03,,06/04/2019 to 11/19/2019,Tue: 8:00 AM-4:00 PM;,,,,,,
1019373,Harvest Home Brower Park Market,Brooklyn Avenue & Prospect Place,aa620484-673f-4e58-b751-9ee921313181,fb30dbf3-df6a-49ec-9902-3b2b688d6150,7dd79c73-5476-44d1-8d08-54ed1287ed03,,06/06/2019 to 11/14/2019,Thu: 8:00 AM-4:00 PM;,,,,,,
1019374,Harvest Home Clinton Hill Market,Lafayette btwn Waverly & Washington,f0b17aec-91d5-4093-a71a-5539a857b96b,453dfcc5-4d74-4821-93e7-877b558713a5,7dd79c73-5476-44d1-8d08-54ed1287ed03,,06/04/2019 to 11/19/2019,Tue: 8:00 AM-4:00 PM;,,,,,,
1019366,Harvest Home Co-Op City Market,Asch Loop & Aldrich Street,098c5c41-cff4-4447-83db-9a402f3268cb,d413f3bf-9c50-4d07-8486-ea4a1a090715,7dd79c73-5476-44d1-8d08-54ed1287ed03,,06/05/2019 to 11/20/2019,Wed: 8:00 AM-4:00 PM;,,,,,,
1019375,Harvest Home Coney Island Hospital Market,Ocean Pkwy btwn Shore Pkwy & Avenue Z,aa620484-673f-4e58-b751-9ee921313181,fb30dbf3-df6a-49ec-9902-3b2b688d6150,7dd79c73-5476-44d1-8d08-54ed1287ed03,,06/05/2019 to 11/20/2019,Wed: 8:00 AM-4:00 PM;Fri: 8:00 AM-4:00 PM;,,,,,,
1019380,Harvest Home East Harlem Market,E. 104th Street & 3rd Avenue,aa620484-673f-4e58-b751-9ee921313181,453dfcc5-4d74-4821-93e7-877b558713a5,7dd79c73-5476-44d1-8d08-54ed1287ed03,,06/06/2019 to 11/14/2019,Thu: 8:00 AM-4:00 PM;,,,,,,
1019381,Harvest Home Harlem Hospital Market,Lenox Avenue btwn W. 136th & W. 138th Street,aa620484-673f-4e58-b751-9ee921313181,453dfcc5-4d74-4821-93e7-877b558713a5,7dd79c73-5476-44d1-8d08-54ed1287ed03,,01/01/2019 to 12/31/2019,Fri: 8:00 AM-4:00 PM;,,,,,,
1019377,Harvest Home Hunts Point Market,E. 163rd btwn Southern & Bruckner Boulevards,aa620484-673f-4e58-b751-9ee921313181,d413f3bf-9c50-4d07-8486-ea4a1a090715,7dd79c73-5476-44d1-8d08-54ed1287ed03,,06/05/2019 to 11/20/2019,Wed: 8:00 AM-4:00 PM;,,,,,,
1019378,Harvest Home Jacobi Hospital Market,1400 Pelham Parkway,aa620484-673f-4e58-b751-9ee921313181,d413f3bf-9c50-4d07-8486-ea4a1a090715,7dd79c73-5476-44d1-8d08-54ed1287ed03,,06/04/2019 to 11/19/2019,Tue: 8:00 AM-4:00 PM;Fri: 8:00 AM-4:00 PM;,,,,,,
1019376,Harvest Home Kings County Hospital Market,Clarkson Avenue btwn E. 37th & E. 39th Street,aa620484-673f-4e58-b751-9ee921313181,fb30dbf3-df6a-49ec-9902-3b2b688d6150,7dd79c73-5476-44d1-8d08-54ed1287ed03,,06/05/2019 to 11/20/2019,Wed: 8:00 AM-4:00 PM;,,,,,,
1019382,Harvest Home Lenox Avenue Market,Lenox Avenue btwn W. 117th & W. 118th Street,aa620484-673f-4e58-b751-9ee921313181,453dfcc5-4d74-4821-93e7-877b558713a5,7dd79c73-5476-44d1-8d08-54ed1287ed03,,06/08/2019 to 11/16/2019,Sat: 8:00 AM-4:00 PM;,,,,,,
1002339,Harvest Home Metropolitan Hospital Market,97-99th Street and 2nd Ave.,7d0016c5-a134-4d31-830e-f3a163dfa039,453dfcc5-4d74-4821-93e7-877b558713a5,7dd79c73-5476-44d1-8d08-54ed1287ed03,,06/07/2019 to 11/15/2019,Fri: 8:00 AM-4:00 PM;,,,,,,
1002335,Harvest Home Mt. Eden Market,Mt. Eden Pkwy & Morris Avenue,098c5c41-cff4-4447-83db-9a402f3268cb,d413f3bf-9c50-4d07-8486-ea4a1a090715,7dd79c73-5476-44d1-8d08-54ed1287ed03,,06/04/2019 to 11/19/2019,Tue: 8:00 AM-4:00 PM;Thu: 8:00 AM-4:00 PM;,,,,,,
1005332,Harvest Home North Central Bronx Market,E. Mosholu Pkwy N. & Jerome Avenue,098c5c41-cff4-4447-83db-9a402f3268cb,d413f3bf-9c50-4d07-8486-ea4a1a090715,7dd79c73-5476-44d1-8d08-54ed1287ed03,,06/05/2019 to 11/20/2019,Wed: 8:00 AM-4:00 PM;,,,,,,
1019379,Harvest Home St. Mary's Park Market,E. 149th Street & Eagle Avenue,aa620484-673f-4e58-b751-9ee921313181,d413f3bf-9c50-4d07-8486-ea4a1a090715,7dd79c73-5476-44d1-8d08-54ed1287ed03,,06/06/2019 to 11/14/2019,Thu: 8:00 AM-4:00 PM;,,,,,,
1002345,Harvest Home West Harlem Market,Broadway btwn W. 138th & W. 139th St,aa620484-673f-4e58-b751-9ee921313181,453dfcc5-4d74-4821-93e7-877b558713a5,7dd79c73-5476-44d1-8d08-54ed1287ed03,,06/04/2019 to 11/19/2019,Tue: 8:00 AM-4:00 PM;,,,,,,
1009660,Hawaii Kai Park n Ride (People's Open Market),300 Keahole Street,b98a099d-6f60-4831-83da-00380709ab2b,e9f50e89-e238-48ed-af04-05bddd9ae446,4c8a3dce-226c-409e-b551-8c6a90ecf266,,01/01/2019 to 12/31/2019,Sat: 1:00 PM-2:00 PM;,,,,,,
1018282,Haymaker Farmers' Market,Franklin Avenue & Summit Street,276b5aa2-911f-46a5-b4e3-f983b117d356,c4b0b0c6-3ac6-4d7b-a0e6-d7e4865adeab,82136789-d0c5-4229-8cac-b731a5361c03,44240,04/03/2021 to 04/03/2021,Sat: 9:00 AM-1:00 PM;,,,,,,
1020044,Haymaker Farmers' Market,"1435 E Main St, ",276b5aa2-911f-46a5-b4e3-f983b117d356,c4b0b0c6-3ac6-4d7b-a0e6-d7e4865adeab,82136789-d0c5-4229-8cac-b731a5361c03,44240,01/04/2020 to 01/04/2020,Sat: 10:00 AM-1:00 PM;,,,,,,
1021431,Healthway Park Farmers Market,4055 South Roy Wilson Way,f9fc5fe8-f811-4390-8a08-32a65ad1ffa8,da970bac-055e-46d4-85ec-e614a4820fe2,1f92cbc1-8f4b-4538-95dd-366fc23a8da5,46163,06/01/2021 to 06/01/2021,Tue: 4:00 PM-7:00 PM;,,,,,,
1021671,Healthy New Albany Farmers Market,200 Market Square,15f650cd-ce5b-4b96-b99d-55056a683807,944b15fd-d0f0-4def-9b76-0a8ab2987e68,82136789-d0c5-4229-8cac-b731a5361c03,43054,06/23/2022 to 06/23/2022,Thu: 4:00 PM-7:00 PM;,,,,,,
1021672,Healthy New Albany Indoor Farmers Market,150 W Main St,15f650cd-ce5b-4b96-b99d-55056a683807,944b15fd-d0f0-4def-9b76-0a8ab2987e68,82136789-d0c5-4229-8cac-b731a5361c03,43054,11/05/2022 to 11/05/2022,Sat: 9:00 AM-12:00 PM;,,,,,,
1021211,Heathsville Farmers Market,73 Monument Place,7dd5b3ac-79f9-4838-888c-5c875251215c,bc5b45f2-2f80-47cf-a18d-a7ab7bb7cbb2,6dd53333-5181-463f-abcb-fcb91c8ec710,22473,04/18/2020 to 10/17/2020,Sat: 9:00 AM-1:00 PM;,,,,,,
1019786,Heber Market on Main,250 South Main,0595bade-0d55-4fed-8107-c5088d032221,24cc00e3-2d59-4338-a91d-11202ce770b3,2928c803-d886-473a-98cf-431cd912e2a0,84032,06/04/2020 to 08/01/2020,Thu: 5:00 PM-9:00 PM;,,,,,,
1019757,Helen Albert Certified Farmers' Market,1200 N. Vista St.,2815876b-209a-4385-b676-a3ca50ebfe25,b66dd93f-9a8d-4056-8980-fc2698aa3c61,7a557091-92bc-49e9-b58a-458458f87711,90046,01/01/2021 to 01/01/2021,Mon: 9:00 AM-2:00 PM;,,,,,,
1019192,Henderson County Tailgate Market,100 North King Street,f5668f24-e49e-4cc3-aae3-0972a0dbafe8,2b84ad7c-e2c4-4e71-a277-6aad2d6e72ef,39f00a75-0499-4de4-9c99-0cb1fdb2568a,28739,04/07/2018 to 10/27/2018,Sat: 8:00 AM-12:00 PM;,,,,,,
1019895,Henderson Farmers Market,,da9206da-072d-4052-ba3f-37d6c6911933,ec543b7f-ee0b-41cf-a2f5-2c56ddb5c9a9,9d7cc9b4-b9db-4c4e-b267-425d9a3e46b4,,06/01/2020 to 08/31/2020,Tue: 5:00 PM-7:00 PM;,,,,,,
1021286,Hendricks Farmers Market,Main Street,5811131f-fa6f-439b-9bb2-986de07793e0,4b5a794c-f67f-40fb-aec2-655d60501ec6,775d2aa3-b0cf-4a6b-a862-16373a107431,56136,07/16/2021 to 07/16/2021,Fri: 3:00 PM-5:30 PM;,,,,,,
1019802,Hereford Farm Market,17004 York Rd ,4db8f92d-ecbb-4020-914c-3f54cf36c55e,79bc61d6-cc6e-4e13-b016-81a7e8446c47,c5b0ab35-2326-49a5-b543-8e5bb1c71ed5,,05/09/2020 to 10/31/2020,Sat: 9:00 AM-12:00 PM;,,,,,,
1021282,Heritage Acres Drive-thru Market,"507 W B St,",0ac4118f-df54-439d-8d34-ceed4f1055dc,16d75526-0d3a-4b90-ac61-e22c3f0a02e0,9d7cc9b4-b9db-4c4e-b267-425d9a3e46b4,69001,02/09/2021 to 02/09/2021,Tue: 4:30 PM-5:30 PM;,,,,,,
1020174,Heritage Farmers' Market,1313 N. Mill St.,ce69c8e8-9f13-4ba6-8bcc-6737332beb97,4773b1de-5fda-48f6-aa33-cd8ce8cebfd2,26759049-be66-49a3-8617-64f28a0ad262,40741,05/15/2020 to 10/15/2020,Tue: 6:00 PM-8:00 PM;Fri: 6:00 PM-8:00 PM;Sat: 12:00 PM-2:00 PM;,,,,,,
1003684,Heritage Harvest Certified Farmers Market @Victoria ,12505 N Main St   91739,a6300027-f907-4f09-833d-0c502a9f1b81,b1ebf502-5074-4954-93d9-29fa5b7b3225,7a557091-92bc-49e9-b58a-458458f87711,91739,07/01/2018 to 07/01/2019,Fri: 10:00 AM-2:00 PM;,,,,,,
1019234,Heritage Market,418 Main Street,3c1c31e1-fbd8-4232-8764-b40c7c3ffed7,45ea3168-b831-410a-b8ed-8c51731d9f12,e9a2101a-8932-44b9-981f-621d23d42178,85938,05/25/2018 to 10/06/2018,Fri: 9:00 AM-2:00 PM;Sat: 9:00 AM-2:00 PM;,,,,,,
1006285,Hernando Farmers Market,2535 Highway 51 South,8c348e42-bc1a-4218-a01e-9b6e99bbfdfb,7492714b-f8d1-4939-9c18-3998f6878574,cf26f741-6e95-40e6-9e55-03c7326dba5d,38632,05/02/2020 to 10/31/2020,Sat: 8:00 AM-1:00 PM;,11/14/2020 to 11/14/2020,Sat: 1:00 PM-5:00 PM;,,,,
1019486,Herndon Farmers Market ,768 Lynn Street ,32de059d-2d63-4e83-8347-b084b0e2ffcf,2f65e4d4-a27c-4c98-b725-d3331a4512c2,6dd53333-5181-463f-abcb-fcb91c8ec710,20170,04/18/2019 to 11/14/2019,Thu: 8:00 AM-12:30 PM;,,,,,,
1021355,Herriman Farmers Market,5355 W. Herriman Main St.,b27eaf99-0766-4aba-91ef-3fe4d2590b15,cd802b9f-79b8-4be1-8521-52072a476cca,2928c803-d886-473a-98cf-431cd912e2a0,84096,06/01/2021 to 06/01/2021,Mon: 5:00 PM-9:00 PM;,,,,,,
1020026,Hickory Point UMC Produce Market,2001 Lock B Road North,00a0b3fd-8230-4624-810f-26817ec9a9f9,67f1ece3-06e3-4863-9005-e8741bf3d0fb,e7416093-d979-43e8-952c-06d2b35b5956,37043,01/01/2020 to 12/31/2020,Sat: 8:00 AM-12:00 PM;,,,,,,
1019224,High Desert Farmers Market,18422 Bear Valley RD,e667e962-4e98-4727-810b-4a1c249f772a,b1ebf502-5074-4954-93d9-29fa5b7b3225,7a557091-92bc-49e9-b58a-458458f87711,92395,01/01/2018 to 12/31/2018,Thu: 8:00 AM-12:00 PM;,,,,,,
1019220,High Point Farmers Market,901 N Main Street,e82f4a23-068a-40d6-b616-ccdcb342aa53,8f521fc4-5413-4bd1-a790-4c457f9e0d66,39f00a75-0499-4de4-9c99-0cb1fdb2568a,27262,04/28/2018,Sat: 8:30 AM-1:00 PM;,,,,,,
1012260,High Springs Farmers Market,115 NE Railroad Avenue,f5cac0ad-60c2-43b5-b2c0-157a189eb36c,0b5c2c2d-ef39-4bab-bd5f-48486698bb1b,7b0326e1-5b5a-47e8-8933-7dce24e815dc,32643,01/01/2018 to 12/01/2020,Thu: 12:00 PM-4:00 PM;,,,,,,
1006831,Highland Farmers' Market,61 Highland Center Drive,1d635c4f-2e38-4254-a6f4-b0485662f994,ccde5714-c2ef-4ab5-8013-68521856f864,6dd53333-5181-463f-abcb-fcb91c8ec710,24465,05/25/2018 to 10/26/2018,Fri: 3:30 PM-6:00 PM;,,,,,,
1021327,Highlands Ranch Farmers Market,Highlands Ranch Pkwy and Dorchester Rd,f475942e-e975-4eb8-869f-abe0d63b8007,37ddd872-f1b0-4312-827f-f5f250946a61,e1f09524-7ac6-416d-ba58-0c07f3d72e11,80129,04/04/2021 to 04/04/2021,Sun: 10:00 AM-2:00 PM;,,,,,,
1018951,Highway 7 Market,1118 1st Ave,f68049dd-b4a3-4749-80cf-44a946a37bdb,9ce667ba-24a8-410f-9a60-1b62887d69a7,02f30189-b9ba-40b5-bb18-c7d22d4b6d4b,50563,04/06/2018 to 10/31/2018,Mon: 11:00 AM-6:00 PM;Tue: 11:00 AM-6:00 PM;Wed: 11:00 AM-6:00 PM;Thu: 11:00 AM-6:00 PM;Fri: 11:00 AM-6:00 PM;Sat: 11:00 AM-6:00 PM;Sun: 11:00 AM-6:00 PM;,,,,,,
1019688,Hillsboro Farmers Market,5137 Glade Chapel Road,fe940bd9-fccc-4b84-ba7b-1f61d5b80ced,04317b7e-1abf-4a2c-b4a7-e994c1d4c3c9,743439a8-1642-4103-abcb-1ef114ce801a,63050,05/08/2019 to 10/09/2019,Wed: 3:30 PM-6:30 PM;,,,,,,
1019959,Hillsboro Farmers' Markets - Downtown Hillsboro,1st Ave and NW Lincoln St,91696fd2-1da6-4a67-a7b5-d5f72c4e9c0a,7a69ac97-4542-4a1a-a5c2-dd800abc9358,01127d9b-01aa-4ef1-9bd2-48f67f513459,97124,05/02/2020 to 10/31/2020,Sat: 9:00 AM-1:00 PM;,,,,,,
1019962,Hillsboro Farmers' Markets - Orenco Station,6125 NE Cornell Rd,fe940bd9-fccc-4b84-ba7b-1f61d5b80ced,7a69ac97-4542-4a1a-a5c2-dd800abc9358,01127d9b-01aa-4ef1-9bd2-48f67f513459,97124,05/03/2020 to 11/01/2020,Sun: 10:00 AM-2:00 PM;,,,,,,
1021249,Hillsdale Farmers' Market,1405 SW Vermont St,f16c662e-12fb-4870-b21f-8ee8a8e37700,d74ac011-eda7-4bef-99ff-78952c483c5d,01127d9b-01aa-4ef1-9bd2-48f67f513459,97219,,Sun: 9:00 AM-1:00 PM;,,,,,,
1019669,Hinesville Farmers Market ,"S Commerce St, Hinesville, GA 31313",d278a66e-b8dc-4c7b-bc31-82ed1282f576,2d1676ed-295d-4171-823f-ee41a15a0f4b,4db220e9-057f-4385-bafb-37fbea280645,31313,03/07/2019 to 10/31/2019,Thu: 3:00 PM-7:00 PM;,,,,,,
1008020,"Hingham Farmers Market, Inc.",96 Otis Street,3613016e-f1a6-4c0f-bb60-3306aaaa8cea,72a6d7ec-ec6e-4ad4-a08f-5451ed158f93,fd0813ee-0dcf-4cef-8953-1e30d4412de6,02043,05/01/2018 to 11/17/2018,Sat: 9:00 AM-1:00 PM;,,,,,,
1005076,Hinsdale Farmers Market,30 E. Chicago Ave.,dd258a8b-5074-4dc8-be46-f32fa00a8863,5030ea6e-67ef-4589-b7e0-aee83ef5d6f8,f3414562-68d9-4389-bd7c-0efe5455715f,60521,05/31/2021 to 05/31/2021,Mon: 7:00 AM-1:00 PM;,,,,,,
1019330,Historic Downtown Farmers Market,121 Orange Street,b5209b33-064c-4fef-a31d-593e9c8be0fb,713e7498-f7a2-45de-ba40-316ae1811caa,7885258d-77c7-421e-a1e9-043ef91e8c26,71901,05/05/2018 to 10/27/2018,Tue: 4:00 PM-7:00 PM;Sat: 7:00 AM-12:00 PM;,11/03/2018 to 04/27/2019,Sat: 9:00 AM-12:00 PM;,,,,
1021208,Historic Downtown Jersey City Farmers Market,Grove PATH Plaza,e6ba72c1-52c4-46da-ad2b-3e6bf50409da,e8140933-fdbb-4ceb-b3d7-16d212069088,fb17e9e8-f8a8-4928-8ac2-94bbf6405d9f,,05/11/2020 to 12/21/2020,Mon: 4:00 PM-8:00 PM;Thu: 4:00 PM-8:00 PM;,,,,,,
1010937,Historic Farmers Market of Lapeer LLC,272 N. Court St. ,ce7b8c3a-45fa-4ce4-a7fb-10e9add35531,bfa30cbf-2e6a-44aa-9d8a-42d4b4afba45,1567e172-94ab-4222-b635-6b669c2aa787,48446,05/01/2021 to 05/01/2021,Wed: 9:00 AM-3:00 PM;Sat: 9:00 AM-3:00 PM;,,,,,,
1021533,Historic Lafayette Farmers Market,"5th Street, between Ferry and Columbia",c780a7e1-bf49-41eb-bb6f-e40f558c9b4b,050b64b4-b530-431f-92c5-8e8778048110,1f92cbc1-8f4b-4538-95dd-366fc23a8da5,47901,,Sat: 8:00 AM-12:30 PM;,,,,,,
1021509,Historic Lewes Farmers Market,,0bb8c9ef-1b19-4138-aeef-3aa7db11a44d,242650d6-7911-40fd-8072-7c16082a3a7c,fc520430-71c8-466d-80b6-beb1cccf9db6,,,,,,,,,
1021511,Historic Lewes Farmers Market,36707 Crooked Hammock Way,7c42df61-2eff-4fd5-9ce0-46127c60fb93,985f0ef5-e262-432b-8ad0-ba5b06c195b7,6a510a5c-215e-446d-aabd-f5aec08cb7fb,19958,06/02/2021 to 06/02/2021,Wed: 8:00 AM-11:00 AM;,,,,,,
1021512,Historic Lewes Farmers Market,Savannah Rd. and Sussex Ave.,7c42df61-2eff-4fd5-9ce0-46127c60fb93,985f0ef5-e262-432b-8ad0-ba5b06c195b7,6a510a5c-215e-446d-aabd-f5aec08cb7fb,19958,10/02/2021 to 10/02/2021,Sat: 9:00 AM-12:00 PM;,,,,,,
1021516,Historic Lewes Farmers Market,Dupont and Johnson Avenues,7c42df61-2eff-4fd5-9ce0-46127c60fb93,985f0ef5-e262-432b-8ad0-ba5b06c195b7,6a510a5c-215e-446d-aabd-f5aec08cb7fb,19958,05/01/2021 to 05/01/2021,Sat: 8:00 AM-12:00 PM;,,,,,,
1011761,Historic Marion Tailgate Market,67 West Henderson Street,3ce8c6e6-3020-453a-a70c-be8643229ce0,e214361f-5564-4a9f-af5b-10c2bee2a2ff,39f00a75-0499-4de4-9c99-0cb1fdb2568a,28752,05/01/2018 to 12/11/2018,Tue: 3:00 AM-6:00 PM;Sat: 9:00 AM-12:00 PM;,11/06/2018 to 12/11/2018,Tue: 3:00 PM-5:30 PM;,,,,
1018972,Historic Newburgh Farmers Market,1 E Water St,cd7cae9c-667f-4c18-9ad0-32e0b905d9b8,73ea272f-8164-4b14-89ad-8251d33b5a9e,1f92cbc1-8f4b-4538-95dd-366fc23a8da5,47630,05/26/2018 to 09/29/2018,Sat: 8:00 AM-12:00 PM;,,,,,,
1008980,Holden MO Farmer's Market,101 S Market St.,b73e71d2-0d26-4bf3-8ddb-cc2d7ed9f151,35b808c7-3b58-4261-b5a8-8193cebdb1c8,743439a8-1642-4103-abcb-1ef114ce801a,64040,05/05/2018 to 10/27/2018,Sat: 8:00 AM-12:00 PM;,,,,,,
1021547,Hollidaysburg Farmers Market,Montgomery and Allegheny Street (near the Diamond),620de22f-9d2c-4a9c-9aff-b78ef280e0ba,a1622025-b48d-4dba-832a-caf62e9633f6,3ffc900b-d7c0-4b07-8aba-7df870781580,16648,06/08/2021 to 06/08/2021,Tue: 11:00 AM-2:00 PM;,06/18/2021 to 06/18/2021,Fri: 5:00 PM-8:00 PM;,07/16/2021 to 07/16/2021,Fri: 5:00 PM-8:00 PM;,08/20/2021 to 08/20/2021,Fri: 5:00 PM-8:00 PM;
1019302,Holly Farmers Market,Crapo Park,8d06c798-4308-44c3-ac19-11daa8711b12,fee1a69b-8c41-430b-8687-6de2752380f0,1567e172-94ab-4222-b635-6b669c2aa787,48442,06/24/2018 to 10/14/2018,Sun: 10:00 AM-2:00 PM;,,,,,,
1018853,Holly Springs Farmers Market,300 West Ballentine Street,38f47769-d1ee-41ca-9845-420a668006a5,6b5f8442-3ec8-46c6-a0b6-7e37e13dc071,39f00a75-0499-4de4-9c99-0cb1fdb2568a,27540,11/07/2020 to 11/07/2020,Sat: 9:30 AM-12:00 PM;,05/01/2021 to 05/01/2021,Sat: 8:30 AM-12:00 PM;,,,,
1021229,Hollywood Farmers' Market,1600 Ivar Ave,6ff8db60-b681-4738-8580-d243b33091e3,b66dd93f-9a8d-4056-8980-fc2698aa3c61,7a557091-92bc-49e9-b58a-458458f87711,90028,,Sun: 8:00 AM-1:00 PM;,,,,,,
1018458,Home Grown Farm Market,21078 Three Notch Road,4cc9f540-f5d8-4e5f-87c6-a44225d07270,5dd4d8a4-7f99-47e6-8f29-236f3313f458,c5b0ab35-2326-49a5-b543-8e5bb1c71ed5,20653,03/24/2018 to 12/22/2018,Sat: 9:00 AM-1:00 PM;,06/20/2018 to 08/29/2018,Wed: 10:00 AM-2:00 PM;,,,,
1007267,Homer Farmers Market,Ocean Drive,99078e71-b27a-41bd-8a42-2137881846f4,d21e2e4b-385e-4f87-90e7-b98d206e3b2a,157c9f31-b275-48a2-b141-baacb08f6d03,99603,05/30/2020 to 09/01/2020,Wed: 2:00 PM-5:00 PM;Sat: 10:00 AM-3:00 PM;,,,,,,
1009663,Homewood Farmers Market,Martin Ave and Chestnut Rd,88b01394-63cd-4117-9616-9f878cecc5e4,d8223186-8ebb-45c5-a659-85e420d1a15f,f3414562-68d9-4389-bd7c-0efe5455715f,60430,06/13/2020 to 10/10/2020,Sat: 8:00 AM-1:00 PM;,,,,,,
1012076,Hood River Farmers Market,5th Street & Columbia Street,e72aa5c6-7706-4a67-86bf-43122e384c7b,88c6484c-cde8-40c2-a216-45890c7aac20,01127d9b-01aa-4ef1-9bd2-48f67f513459,,05/02/2020 to 11/21/2020,Sat: 9:00 AM-1:00 PM;,,,,,,
1019819,Hoodland Farmers Market ,67212 E. HWY 26,b450824f-e7ed-4111-ad6c-6143267585f5,c3a551f4-f246-489c-9df9-1953e8f8fb64,01127d9b-01aa-4ef1-9bd2-48f67f513459,97067,05/03/2020 to ,Sun: 11:00 AM-2:00 PM;,,,,,,
1021705,Hope & Main's Schoolyard Market,691 Main Street,c56d6af6-3905-4d7a-ab2c-7b588c9d4964,effde010-1378-444c-b68a-7dc24993fb92,a8a2bc3a-b405-485c-a8b5-f2fb1841df29,02885,06/15/2022 to 06/15/2022,Wed: 4:00 PM-7:00 PM;,,,,,,
1021711,Hope Street Farmers Market,1015 Hope St,39368a3d-8ee7-4adb-a43c-b69cdc3de21e,798f9f6f-ec3b-4ae4-a619-3421addd2d51,a8a2bc3a-b405-485c-a8b5-f2fb1841df29,02906,05/07/2022 to 05/07/2022,Sat: 9:00 AM-1:00 PM;,,,,,,
1012041,Hopkins Farmers Winter Market,33 14th Avenue North,9ad957e4-f701-4cf3-aa64-336c10da6bfd,80eca9e2-aee8-4974-ad6c-6b1a90ce0795,775d2aa3-b0cf-4a6b-a862-16373a107431,55343,06/01/2018 to 10/27/2018,Sat: 9:00 AM-12:00 PM;,,,,,,
1020100,Hopkinsville-Christian County Downtown Farmers Market,110 W 9th Street,03cdfa00-afb0-4335-8a62-7f56b5b66160,538d1cec-99df-440f-a117-ade757b775f4,26759049-be66-49a3-8617-64f28a0ad262,42240,04/18/2020 to 10/31/2020,Tue: 7:00 AM-1:00 PM;Sat: 7:00 AM-1:00 PM;,,,,,,
1008366,Hopkinton Farmers Market,Main Street and Ash Street,5c84676d-1315-4938-88d4-7048a5590ee5,ceef5aa1-8ef7-4d6e-9360-fd847f814047,fd0813ee-0dcf-4cef-8953-1e30d4412de6,01748,06/12/2016 to 06/12/2016,Sun: 1:00 PM-5:00 PM;,,,,,,
1019313,Hot Springs Farmers Market,c/o Rajni Lerman,b5209b33-064c-4fef-a31d-593e9c8be0fb,ca19d4e7-5fe6-49ec-8010-c4f6b396ca3b,4c471773-04a7-4eb6-b88f-4bac35ac23a4,57747,,Fri: 4:00 PM-6:30 PM;,,,,,,
1018200,Hub City Farmers' Market,498 Howard St.,c6d82ba7-ea93-4f71-90b3-42f6b5a04041,8153f782-ae0d-4a6f-9184-19b8de6224fb,25286054-2f43-4edf-9415-c089a5cfd371,29303,04/06/2019 to 12/14/2019,Sat: 8:00 AM-12:00 PM;,,,,,,
1005674,Hudson Farmers Market,Corner of Columbia and Sixth Streets,3364a251-7303-41ee-8e1f-8e3c00cfc342,96acba34-a815-4ee8-977d-6407e1b8966e,7dd79c73-5476-44d1-8d08-54ed1287ed03,12534,05/01/2019 to 11/01/2019,Sat: 9:00 AM-1:00 PM;,,,,,,
1018152,Huguenot-Robious Farmers Market,2051 Huguenot Road,2d02e63e-2eb6-4676-9e77-cb4ffaafda5b,92dfe263-242a-4cda-a451-cbc4fdfc244c,6dd53333-5181-463f-abcb-fcb91c8ec710,23236,01/01/2020 to 12/31/2020,Thu: 10:00 AM-2:00 PM;,,,,,,
1019990,Huguenot-Robious Farmers Market @ The Great Big Greenhouse,2051 Huguenot Road,2d02e63e-2eb6-4676-9e77-cb4ffaafda5b,92dfe263-242a-4cda-a451-cbc4fdfc244c,6dd53333-5181-463f-abcb-fcb91c8ec710,23235,01/01/2020 to 12/31/2020,Thu: 10:00 AM-2:00 PM;,,,,,,
1021610,Humpday Farmers Market,1237 E Main St,3daba585-2a0e-49a7-a675-7f9e0e30046d,938cfa52-1f29-46e2-8375-1af81cb89a13,f3414562-68d9-4389-bd7c-0efe5455715f,62901,12/04/2021 to 12/04/2021,Sat: 10:00 AM-1:00 PM;,,,,,,
1021612,Humpday Farmers Market,2421 W Main St,3daba585-2a0e-49a7-a675-7f9e0e30046d,938cfa52-1f29-46e2-8375-1af81cb89a13,f3414562-68d9-4389-bd7c-0efe5455715f,62901,04/07/2021 to 04/07/2021,Wed: 3:00 PM-6:00 PM;,,,,,,
1019056,Hunterdon Land Trust Farmers Market,111 Mine Street,6aee8ba7-3f02-4087-8aad-6fedfedbd1c3,ee4f2028-81ec-4d6f-ad86-63f693d7c6cd,fb17e9e8-f8a8-4928-8ac2-94bbf6405d9f,08822,01/01/2021 to 01/01/2021,Sun: 9:00 AM-1:00 PM;,12/09/2018 to 12/09/2018,Sun: 11:00 AM-1:00 PM;,,,,
1010598,Huntingdon Farmers' Market,842 Penn Street,d9baa74a-cb85-40dd-9e61-4dfedf39f977,9e77ca1f-1005-47e2-ad55-eec815a21454,3ffc900b-d7c0-4b07-8aba-7df870781580,16652,05/06/2021 to 05/06/2021,Thu: 11:00 AM-3:00 PM;,,,,,,
1021268,Huntley Farmers Market,11712 Coral Street,04e6de97-0d76-4d74-b680-1738b8862ebf,e30d4a65-5a75-4556-bfca-4017f5a0c90a,f3414562-68d9-4389-bd7c-0efe5455715f,60142,05/29/2021 to 05/29/2021,Sat: 8:00 AM-1:00 PM;,01/09/2021 to 01/09/2021,Sat: 9:00 AM-1:00 PM;,,,,
1019586,Hutto Farmers Market,208 East Street,d6b742c3-9486-41e9-b858-a3eb29e5e07d,79ebdf72-577b-455b-b2e4-8b1777a78b25,2c777c95-b197-4df6-b0e0-6637a1318fc2,78634,03/06/2019 to 10/30/2019,Wed: 5:00 PM-8:00 PM;,,,,,,
1021635,Hwy 80 Produce,903 E. US Hwy 80,7b744e00-aad1-435f-be23-e045b472a354,dc6a1428-919c-4d7f-84b5-ef79e945c9a2,2c777c95-b197-4df6-b0e0-6637a1318fc2,75693,01/01/2021 to 01/01/2021,Mon: 9:00 AM-5:00 PM;Tue: 9:00 AM-5:00 PM;Wed: 9:00 AM-5:00 PM;Thu: 9:00 AM-5:00 PM;Fri: 9:00 AM-5:00 PM;Sat: 9:00 AM-3:00 PM;Sun: 10:00 AM-2:00 PM;,,Mon: 9:00 AM-5:00 PM;Tue: 9:00 AM-5:00 PM;Wed: 9:00 AM-5:00 PM;Thu: 9:00 AM-5:00 PM;Fri: 9:00 AM-5:00 PM;Sat: 9:00 AM-3:00 PM;Sun: 10:00 AM-2:00 PM;,,,,
1011325,Hyattsville Farmers Market,4310 Gallatin Street,5696d71f-bac9-4f7f-9f96-7634f3fb6ca8,016a61c2-2a1c-4f73-a19b-86c2d67348f3,c5b0ab35-2326-49a5-b543-8e5bb1c71ed5,20781,05/17/2019 to 09/20/2019,Fri: 4:30 PM-8:30 PM;,,,,,,
1021703,Hyde Park Farmers' Market,2700 Erie Avenue,9b5f74ca-5d9e-4618-a0d4-a52b3dd6b1bf,a34d93bf-44d2-4e0f-b7ee-b9016a86e2e8,82136789-d0c5-4229-8cac-b731a5361c03,45208,05/15/2022 to 05/15/2022,Sun: 9:30 AM-1:00 PM;,11/22/2022 to 11/22/2022,Tue: 6:30 PM-8:30 PM;,,,,
1012621,Ida Area Farmers' Market,2nd Street,9b46dfa4-f818-4bea-9924-3bea76b35563,efbbdd82-20ff-42f9-a9e2-27ea425e50b9,02f30189-b9ba-40b5-bb18-c7d22d4b6d4b,51445,06/02/2016 to 09/29/2016,Thu: 4:30 PM-6:30 PM;,,,,,,
1006417,Idaho Falls Farmers' Market,A - D St. Memorial Drive,b3bcee77-f2a0-4cb5-93f8-9e4987e7a5ce,869abfcc-fccb-4284-882e-f04201f397d4,34db3808-70ee-4d72-96b7-31220659bda5,83402,12/01/2020 to ,Sat: 9:00 AM-1:00 PM;,,,,,,
1005080,Imlay City Farmers Market,120 N Main,e35653e2-132e-47ba-8cd1-16ff61f5d54a,bfa30cbf-2e6a-44aa-9d8a-42d4b4afba45,1567e172-94ab-4222-b635-6b669c2aa787,48444,05/20/2021 to 05/20/2021,Thu: 10:00 AM-4:00 PM;,,,,,,
1020136,Imogene Stout Market on Main ,139 North Main Street,3ce8c6e6-3020-453a-a70c-be8643229ce0,7f8f65c2-73d0-49aa-b40e-dd118571fe53,26759049-be66-49a3-8617-64f28a0ad262,42064,04/01/2020 to 11/01/2020,Mon: 8:00 AM-4:00 PM;Tue: 8:00 AM-4:00 PM;Wed: 8:00 AM-4:00 PM;Thu: 8:00 AM-4:00 PM;Fri: 8:00 AM-4:00 PM;Sat: 8:00 AM-4:00 PM;,,,,,,
1019011,Independence Farmers Market,100 1st St. W,34f0b5c0-a5ee-4bdc-9ad0-7696097a0f46,f17a99de-a5f5-4267-a7e4-007c3f4a9aba,02f30189-b9ba-40b5-bb18-c7d22d4b6d4b,50644,05/12/2018 to 10/13/2018,Sat: 8:00 AM-12:00 PM;,,,,,,
1019236,INDEPENDENCE UPTOWN MARKET,211 W. Truman Rd.,5da5b6aa-db4a-46cb-a521-8be7d872eda8,938cfa52-1f29-46e2-8375-1af81cb89a13,743439a8-1642-4103-abcb-1ef114ce801a,64050,05/05/2018 to 10/27/2018,Sun: 6:00 AM-1:00 PM;,06/06/2018 to 10/31/2018,Wed: 6:00 AM-1:00 PM;,,,,
1018772,Indian Lake Community Farmers Market ,144 JOHN RUST RD,16771f6b-bb5d-482e-a320-824554a981d3,a34d93bf-44d2-4e0f-b7ee-b9016a86e2e8,7dd79c73-5476-44d1-8d08-54ed1287ed03,12842,07/03/2021 to 07/03/2021,Sat: 10:00 AM-2:00 PM;,,,,,,
1019861,Indiana County Farmers Market ,8th & Church St.,57f4ff94-defb-4799-b4a2-bc64d99100e6,35e1b1b2-08c3-4e0b-bfd7-c641c84f4d89,3ffc900b-d7c0-4b07-8aba-7df870781580,15701,06/06/2020 to 10/31/2020,,,,,,,
1004384,Ionia Farmers' Market,South Steele Street and Adams Street,b72c59d8-02c2-4c59-bbd0-1f79869d2e52,5e97c26f-9754-4d71-bdff-253916893d94,1567e172-94ab-4222-b635-6b669c2aa787,48846,06/01/2015 to 10/31/2015,Wed: 2:00 PM-6:00 PM;Sat: 9:00 AM-1:00 PM;,,,,,,
1012626,iowa falls farmers' market,Corner of Rocksylvania Ave. anb Stevens St.,d79b21ce-1ea6-4d6e-8c23-ff27bdfd582e,fbc15432-c12c-44f4-9b3c-666b27c71cf1,02f30189-b9ba-40b5-bb18-c7d22d4b6d4b,50126,05/23/2020 to 10/17/2020,Wed: 5:00 PM-7:00 PM;Sat: 8:30 AM-11:30 AM;,,,,,,
1019340,Isabahlia farmers Market,410 Livoinia Ave,e00e67c8-b589-40e7-90c3-246c0237e610,fb30dbf3-df6a-49ec-9902-3b2b688d6150,7dd79c73-5476-44d1-8d08-54ed1287ed03,11212,06/30/2018 to 10/27/2018,Sat: 8:00 AM-4:00 PM;,11/03/2018 to 12/08/2018,Sat: 8:00 AM-1:00 PM;,,,,
1003680,Issaquah Farmers Market,1730 10th Ave N.W.,6e15e235-4751-4ab8-8b96-a430ac976c32,98ee5d73-cf74-4b82-b3c4-2a67ffc35a0e,e1b87cb5-fdcd-4e67-adf7-e25bd794503c,98027,05/05/2018 to 09/29/2018,Sat: 9:00 AM-2:00 PM;,,,,,,
1001641,Ithaca Farmers Market,Center & Pine River Street,8d2c6725-4f6d-483b-a4ff-f245f5d51028,319aab14-4a19-4d2d-9aaf-d674d91007ad,1567e172-94ab-4222-b635-6b669c2aa787,48847,,Tue: 3:00 AM-7:00 PM;,,,,,,
1004380,Ivanhoe Farmers Market,North end of Main Street,293022c6-5522-49b1-972b-47cb99d8e081,4b5a794c-f67f-40fb-aec2-655d60501ec6,775d2aa3-b0cf-4a6b-a862-16373a107431,56142,07/25/2018 to 09/12/2018,Wed: 3:00 PM-5:30 PM;,,,,,,
1006376,Jackalope Square Farmers Market,130 S. 3rd,ee46f19d-2f4a-4763-ac08-ebd8464e652b,0df171ad-6708-4cc7-a850-6ecd06c0a7a0,b969a275-4f8c-4575-9b14-a40c9e53be44,82633,08/11/2018 to 09/15/2018,Sat: 9:00 AM-12:00 PM;,,,,,,
1018907,Jackson (MO) Farmers Market,252 E. Jackson Blvd.,7b9bf7a7-f239-4686-b2c9-f5a3b1964463,b89bcf18-4e89-4f38-8855-965d9bf89cac,743439a8-1642-4103-abcb-1ef114ce801a,63755,05/01/2018 to 09/04/2018,Tue: 1:00 PM-5:00 PM;,,,,,,
1018343,Jackson County Farmers Market,Diploma Drive,0b72bf8f-94b4-41b6-929c-81c2f6d80cce,938cfa52-1f29-46e2-8375-1af81cb89a13,e8d05643-2a60-4ca6-a077-819f50879428,54615,06/01/2017 to 10/28/2017,Thu: 2:00 PM-6:00 PM;Sat: 9:00 AM-1:00 PM;,,,,,,
1020106,Jackson County Farmers Market,1296South Main St.,11c9c435-1bce-4ae7-a887-7ed3da02d5e5,938cfa52-1f29-46e2-8375-1af81cb89a13,26759049-be66-49a3-8617-64f28a0ad262,40447,06/29/2020 to 10/02/2020,Mon: 3:00 PM-5:00 PM;Wed: 12:00 AM-2:00 PM;Fri: 11:00 AM-2:00 PM;,,,,,,
1020108,Jackson County Farmers Market,3034 Welchburg Rd.,5ca15f49-f6e3-4d64-bf26-aba55a02e36d,938cfa52-1f29-46e2-8375-1af81cb89a13,26759049-be66-49a3-8617-64f28a0ad262,40486,,Mon: 3:00 PM-5:00 PM;,,,,,,
1019263,Jackson County Farmers Market - Outdoor Market,110 Railroad Avenue,b070baec-5578-401e-a388-598d49ac8c4c,938cfa52-1f29-46e2-8375-1af81cb89a13,39f00a75-0499-4de4-9c99-0cb1fdb2568a,28779,04/07/2018 to 10/01/2018,Wed: 3:30 PM-6:30 PM;Sat: 9:00 AM-12:00 PM;,11/03/2018 to 12/22/2018,Sat: 10:00 AM-1:00 PM;,,,,
1018978,Jackson County Winter Farmers Market,23 Central Street,95bcc605-75a9-40a1-bf29-8d0eb4f7d490,938cfa52-1f29-46e2-8375-1af81cb89a13,39f00a75-0499-4de4-9c99-0cb1fdb2568a,28779,11/03/2018 to 03/30/2019,Sat: 10:00 AM-1:00 PM;,,,,,,
1021281,Jackson Food & Farm Market,2708 Sherman Rd,5a5efb89-453a-4bd8-98bc-b3771ca7acca,7a69ac97-4542-4a1a-a5c2-dd800abc9358,e8d05643-2a60-4ca6-a077-819f50879428,53037,06/17/2021 to 06/17/2021,Thu: 2:30 PM-5:30 PM;,,,,,,
1009970,"Janesville Farmers Market, Inc.","Town Square, Downtown Janesville",ea4ecd7e-b5a4-4b1c-b63a-0fe9f95da0cd,b13c32a1-936a-4fba-91b2-9ee4f3044b2d,e8d05643-2a60-4ca6-a077-819f50879428,53545,05/01/2021 to 05/01/2021,Sat: 8:00 AM-1:00 PM;,,,,,,
1008299,Jasper Farmers Market,"Park and Ride, Stegall Drive",f2106241-7565-4739-9d3c-ce58906c21f2,a62f3375-8488-406b-9fc7-c0af1879663a,4db220e9-057f-4385-bafb-37fbea280645,30143,04/07/2018 to 12/22/2018,Sat: 7:30 AM-12:00 PM;,,,,,,
1021306,Jefferson Farmers' Market,925 Chestnut Street,7a8448fb-98f0-4837-8ac9-280be43a76c9,30f2e6e8-02e2-4c37-b99f-1cf934694676,3ffc900b-d7c0-4b07-8aba-7df870781580,19107,05/27/2021 to 05/27/2021,Thu: 11:00 AM-3:00 PM;,,,,,,
1020192,Jeffersontown Farmers Market,10434 watterson trail,204de87b-62b2-486e-a6e9-ced5ed28200d,04317b7e-1abf-4a2c-b4a7-e994c1d4c3c9,26759049-be66-49a3-8617-64f28a0ad262,40299,05/02/2020 to 10/31/2020,Sat: 8:00 AM-12:30 PM;,,,,,,
1020090,Johnson County Farmers Market,826 F. M. Stafford Ave.,e9a106f3-e32d-4430-9bd6-7a6344cbb5e3,35b808c7-3b58-4261-b5a8-8193cebdb1c8,26759049-be66-49a3-8617-64f28a0ad262,41240,05/28/2020 to 10/08/2020,Tue: 10:00 AM-2:00 PM;Thu: 2:00 PM-6:00 PM;,,,,,,
1002907,Joshua Tree Certified Farmers Market,61651 Twentynine Palms Highway,e4c3ed25-629a-4cc3-b20b-1752c64281f7,b1ebf502-5074-4954-93d9-29fa5b7b3225,7a557091-92bc-49e9-b58a-458458f87711,92252,01/01/2018 to 12/31/2018,Sat: 8:00 AM-1:00 PM;,,,,,,
1018242,Juneau Farmers Market and Local Food Festival ,350 Whittier,66d52743-b2b0-4815-9d88-3f50313f9e22,453488a1-16ea-4ba3-8640-bfd8897e2a28,157c9f31-b275-48a2-b141-baacb08f6d03,99801,08/25/2018 to 08/25/2018,Sat: 9:00 AM-1:00 PM;,,,,,,
1005270,Kailua Distirct Park (People's Open Market),21 South Kainalu Drive,442f1819-ae45-4d74-bbee-30e6cd846880,e9f50e89-e238-48ed-af04-05bddd9ae446,4c8a3dce-226c-409e-b551-8c6a90ecf266,96734,01/01/2019 to 12/31/2019,Thu: 9:00 AM-10:00 AM;,,,,,,
1008375,Kaiser Permanente Fresno Farmers Market,7300 N. Fresno Street,8b70783e-4bac-40a7-85ec-bebb98aa5220,6d8bf88d-0f4f-4803-a8eb-25877da3a429,7a557091-92bc-49e9-b58a-458458f87711,93720,03/01/2018 to 11/30/2018,Wed: 8:00 AM-1:30 PM;,12/01/2018 to 02/28/2019,Wed: 9:00 AM-1:30 PM;,,,,
1019774,Kalamazoo Farmers Market,1204 Bank Street,2e629083-73b9-4d75-a96f-265ff259ce80,e19a0c92-d541-4378-9e85-66a79f7e17eb,1567e172-94ab-4222-b635-6b669c2aa787,49001,05/02/2020 to 11/21/2020,Tue: 8:00 AM-1:00 PM;Thu: 2:00 AM-6:00 PM;Sat: 7:00 AM-2:00 PM;,,,,,,
1005252,Kalihi Valley District Park (People's Open Market),1911 Kam IV Road,b98a099d-6f60-4831-83da-00380709ab2b,e9f50e89-e238-48ed-af04-05bddd9ae446,4c8a3dce-226c-409e-b551-8c6a90ecf266,96819,01/01/2019 to 12/31/2019,Sat: 10:00 AM-11:00 AM;,,,,,,
1008118,Kamehameha Community Park (People's Open Market),1400 Kalihi Street,b98a099d-6f60-4831-83da-00380709ab2b,e9f50e89-e238-48ed-af04-05bddd9ae446,4c8a3dce-226c-409e-b551-8c6a90ecf266,96822,01/01/2019 to 12/31/2019,Sat: 6:30 AM-7:30 AM;,,,,,,
1021264,Kamuela Farmers Market,67-139 Pukalani Road,9a2e4f02-1774-4e29-b757-a047f03a19ab,8d0501ec-af4f-448d-8419-e38fe8a9a357,4c8a3dce-226c-409e-b551-8c6a90ecf266,96727,01/01/2021 to 01/01/2021,Sat: 7:30 AM-1:00 PM;,,,,,,
1005253,Kaneohe District Park (People's Open Market),45-660 Keaahala Road,ea449c4c-0286-47e7-8c12-21896ac68a01,e9f50e89-e238-48ed-af04-05bddd9ae446,4c8a3dce-226c-409e-b551-8c6a90ecf266,96788,01/01/2019 to 12/31/2019,Thu: 10:30 AM-11:30 AM;,,,,,,
1005254,Kapolei Community Park (People's Open Market),91-1049 Kamaaha Loop,3f272368-32f3-4acf-b7b8-3afe3901d4d3,e9f50e89-e238-48ed-af04-05bddd9ae446,4c8a3dce-226c-409e-b551-8c6a90ecf266,96707,01/01/2019 to 12/31/2019,Sun: 7:00 AM-8:30 AM;,,,,,,
1005255,Kaumualii Street (People's Open Market), 700 Kalihi Street,b98a099d-6f60-4831-83da-00380709ab2b,e9f50e89-e238-48ed-af04-05bddd9ae446,4c8a3dce-226c-409e-b551-8c6a90ecf266,96819,01/01/2019 to 12/31/2019,Sat: 8:00 AM-9:30 AM;,,,,,,
1021748,Kayleen Weister,5000 W National Ave,522f40ed-9812-485b-88c5-4c3602e17b9b,3c8376ac-fa0b-4d3a-8203-2387e18eeda5,e8d05643-2a60-4ca6-a077-819f50879428,,06/10/2022 to 06/10/2022,Fri: 10:00 AM-2:00 PM;,,,,,,
1019003,Keller Farmers Market,400 Bear Creek Parkway,c2ce7cf6-bbc5-41b7-8deb-57abdb905d20,289c254d-dae3-4a28-927f-ad3d5a884b1e,2c777c95-b197-4df6-b0e0-6637a1318fc2,76248,05/05/2018 to 11/17/2018,Sat: 9:00 AM-1:00 PM;,,,,,,
1021369,Kenosha Public Market,Outdoor Summer Market 625 52nd Street- Indoor Winter Market 625 57th Street,0b9b5c0c-a8e7-46b7-9320-5f669bf42fe7,dc3d0116-aa9f-4f85-a5b2-c6ffca2439af,e8d05643-2a60-4ca6-a077-819f50879428,53140,05/08/2021 to 05/08/2021,Sat: 10:00 AM-2:00 PM;,10/17/2020 to 10/17/2020,Sat: 9:00 AM-2:30 PM;,,,,
1021743,Kenosha Public Market - Summer Outdoor,625 52nd Street,0b9b5c0c-a8e7-46b7-9320-5f669bf42fe7,dc3d0116-aa9f-4f85-a5b2-c6ffca2439af,e8d05643-2a60-4ca6-a077-819f50879428,53140,05/14/2022 to 05/14/2022,Sat: 9:00 AM-2:00 PM;,,,,,,
1021349,Kenosha Public Market - Winter Indoor ,625 57th Street,0b9b5c0c-a8e7-46b7-9320-5f669bf42fe7,dc3d0116-aa9f-4f85-a5b2-c6ffca2439af,e8d05643-2a60-4ca6-a077-819f50879428,53140,11/06/2021 to 11/06/2021,Sat: 10:00 AM-2:00 PM;,,,,,,
1020011,Kensington Farmers Market,Kensington train station parking lot  ,1f8c6cc9-520e-4956-8add-6fff00598290,67f1ece3-06e3-4863-9005-e8741bf3d0fb,c5b0ab35-2326-49a5-b543-8e5bb1c71ed5,20895,01/01/2020 to 12/31/2020,Sat: 9:00 AM-1:00 PM;,,,,,,
1021742,Kentwood Farmers Market,4900 Breton Rd SE,ffbb5c3e-4504-4431-b405-3f61949c0a2b,680b16b8-1f26-479c-b0b6-607dc4ccf122,1567e172-94ab-4222-b635-6b669c2aa787,49512,06/16/2022 to 06/16/2022,Thu: 4:30 PM-7:30 PM;,,,,,,
1021567,Kershaw County Farmers Market,906 Broad Street,67463b0d-7916-4dcd-87f9-3160c1180edb,f5698581-c35a-4dda-af4e-e8ac3bf228fb,25286054-2f43-4edf-9415-c089a5cfd371,29020,04/03/2021 to 04/03/2021,Sat: 9:00 AM-12:00 PM;,,,,,,
1010636,King Farmers' Market,105 Moore Road,838dd2c6-5841-462c-9854-ba25dc709311,496646a0-20b4-43ea-93c0-de5cb9ac310d,39f00a75-0499-4de4-9c99-0cb1fdb2568a,27021,05/05/2021 to 05/05/2021,Wed: 11:00 AM-1:00 PM;,,,,,,
1019120,King George Farmers Market,King George Middle School at 8246 Dahlgren Rd,dff37c72-c401-433b-824d-e73c33c6c17c,f2b013df-16ef-4573-b28d-12aabcb989f3,6dd53333-5181-463f-abcb-fcb91c8ec710,22485,04/28/2018 to 10/27/2018,Sat: 8:00 AM-12:00 PM;,,,,,,
1003269,Kingston Farmers' Market,Wall Street - Uptown Kingston,a5ed0a44-ddf4-465d-ae50-b10b4c8aab17,3f032159-5bbe-4cfe-84d7-553afb15bd20,7dd79c73-5476-44d1-8d08-54ed1287ed03,12402,01/01/2019 to 04/27/2019,Sat: 10:00 AM-2:00 PM;,05/11/2019 to 11/17/2019,Sat: 9:00 AM-2:00 PM;,,,,
1019491,Kingstowne,5870 Kingstowne Towne Center,86300cff-1e7f-4d3a-8c63-1c16c3f2c2e0,2f65e4d4-a27c-4c98-b725-d3331a4512c2,6dd53333-5181-463f-abcb-fcb91c8ec710,22315,05/03/2019 to 10/25/2019,Fri: 4:00 PM-7:00 PM;,,,,,,
1020032,Kingwood Farmers Market,2814 Town Center Circle,6a94759a-701a-469f-80e8-ddc5b096bd17,ff978385-306d-4ba8-b3b0-e376e65a123a,2c777c95-b197-4df6-b0e0-6637a1318fc2,77339,04/01/2020 to 10/08/2020,Thu: 3:00 PM-7:00 PM;,,,,,,
1019266,Kirksville Kiwanis Farmers' Market,100 North Elson Street,c472ab14-d735-4e8b-b595-d3d16c293ac6,88dc0c40-992a-47c6-b33a-376be88dd25e,743439a8-1642-4103-abcb-1ef114ce801a,63501,05/05/2018 to 10/27/2018,Sat: 7:00 AM-12:00 PM;,,,,,,
1019212,Kirtland Growers Market,47 Road 6500,cedc6005-02ae-457d-ae9f-8864af7f8db0,8e5e1f17-d3d4-412b-8d85-334e97d22f47,d9d874da-b48f-4f4e-ac29-8f3c10de66ef,87417,07/23/2018 to 09/24/2018,Mon: 5:00 PM-7:00 PM;,,,,,,
1011117,Kittery Community Market,10 Shapleigh Road,ba25ae4b-ad75-463d-ba6f-66a4b4504267,ec543b7f-ee0b-41cf-a2f5-2c56ddb5c9a9,2feeec2f-bc8c-40ae-9405-0f6d59707d93,03904,06/06/2021 to 06/06/2021,Sun: 10:00 AM-2:00 PM;,,,,,,
1021332,Knox County Farmers Market,107 N 4th St,85681c96-2cdc-4c7b-b4c0-afa6b0b95232,eb6845f2-efac-484c-b086-f8f43cbb1e92,743439a8-1642-4103-abcb-1ef114ce801a,63537,05/01/2021 to 05/01/2021,Fri: 7:00 AM-7:00 PM;,,,,,,
1020075,Knox County Farmers' Market,34 Bond Hill Rd,1778b2d9-eb8c-4dc3-beb1-36f92f11c241,eb6845f2-efac-484c-b086-f8f43cbb1e92,26759049-be66-49a3-8617-64f28a0ad262,40906,05/28/2020 to 10/29/2020,Thu: 4:00 PM-7:00 PM;,,,,,,
1021633,Koreshan State Park Farmers Market,3800 Corkscrew Road,306df3d2-9e95-4ee6-a456-4ca182bb5857,98087b17-a8d4-4d82-bdb1-7d4294d4ea5f,7b0326e1-5b5a-47e8-8933-7dce24e815dc,33928,01/01/2021 to 01/01/2021,Sun: 8:00 AM-1:00 PM;,,,,,,
1021244,KSQ Farmers Market,401 Birch St,f35f4ec8-e773-4b4b-983f-9d57066b8d04,ef33111a-fcc3-42df-9879-881b7a162625,3ffc900b-d7c0-4b07-8aba-7df870781580,19348,11/20/2020 to 12/18/2020,Fri: 3:00 PM-5:00 PM;,,,,,,
1021250,L. A Mercado Agricola,,d9ea427a-171e-49cf-a07f-970e0ccb7e0d,bc143d47-3c00-4c66-be7a-c59e1d1ca8d8,152a50a4-255d-464e-8d08-df3c5155accc,00979,01/01/2020 to 12/31/2020,Sun: 9:00 AM-3:00 PM;,,,,,,
1021345,La Cienega Farmers Market,1835 La Cienega Blvd,c0dc7616-bb67-4f44-84e1-b86265f22936,b66dd93f-9a8d-4056-8980-fc2698aa3c61,7a557091-92bc-49e9-b58a-458458f87711,90035,01/01/2021 to 01/01/2021,Thu: 2:00 PM-7:00 PM;,,,,,,
1003343,La Familia Verde Farmers Market,East Tremont Ave. between Lafontaine Ave& Arthue Ave,098c5c41-cff4-4447-83db-9a402f3268cb,d413f3bf-9c50-4d07-8486-ea4a1a090715,7dd79c73-5476-44d1-8d08-54ed1287ed03,10460,07/09/2019 to 11/12/2019,Tue: 8:00 AM-3:00 PM;,,,,,,
1019986,La Familia Verde Market,Tremont Ave between Arthur Ave & LaFontaine Ave,098c5c41-cff4-4447-83db-9a402f3268cb,d413f3bf-9c50-4d07-8486-ea4a1a090715,7dd79c73-5476-44d1-8d08-54ed1287ed03,10457,07/07/2020 to 11/17/2020,Tue: 8:00 AM-2:00 PM;,,,,,,
1020123,La Grange Farmers' Market & Artisans,100 East Main Street,a68b8f67-1d38-485e-aef5-cb1e6e3a429a,9f2864c1-3230-4d60-b8e4-4ed7d3dd6fb8,26759049-be66-49a3-8617-64f28a0ad262,40031,05/08/2021 to 05/08/2021,Sat: 9:00 AM-1:00 PM;,,,,,,
1019506,La Plata Farmers Market - Saturday,209 Washington Ave,12dc0dbd-ffe8-4bcb-8dfc-80b2152c2e07,47f2ea46-977a-4580-95e2-cb5109b60e76,c5b0ab35-2326-49a5-b543-8e5bb1c71ed5,20646,04/06/2019 to 11/30/2019,Wed: 8:00 AM-5:00 PM;Sat: 8:00 AM-3:00 PM;,,,,,,
1019649,Lachat Farmers Market,106 Godfrey Road West,7daf04ef-950d-4b76-aab5-c5fc1ba7810e,987d56fe-c322-4539-b014-6421dace3902,e27aa654-8f84-43d8-bc72-d501fb165262,06883,06/28/2019 to ,Fri: 4:00 PM-8:00 PM;,,,,,,
1019409,Lafayette County Farmers Market,224 E. First Street,d08ae061-740a-402e-a65c-ff955078c1ee,a2ee5aa9-fc24-4808-aa14-893373c5ff85,7885258d-77c7-421e-a1e9-043ef91e8c26,71845,06/01/2019 to 08/31/2019,Sat: 7:00 AM-12:00 PM;,,,,,,
1019103,Lake Barrington Farmer's Market,28214 West Northwest Highway,8a7c9df4-e452-46a7-819b-612c1a1ad8d4,6fd20e39-6d74-4cf0-a565-2e5e7fe23342,f3414562-68d9-4389-bd7c-0efe5455715f,60010,06/05/2018 to 09/25/2018,Tue: 3:00 PM-7:00 PM;,,,,,,
1003863,Lake Oswego Farmers' Market,"Millennium Plaza Park, 200 First Street",79824182-cc6a-4911-b788-c2fbb3d5fd8f,c3a551f4-f246-489c-9df9-1953e8f8fb64,01127d9b-01aa-4ef1-9bd2-48f67f513459,97034,05/08/2021 to 05/08/2021,Sat: 8:30 AM-1:30 PM;,,,,,,
1012206,Lake Placid Farmers' Market ,281 Station Street,fbf81afc-72a5-4407-a44c-eeaffc6d6c0e,32b3456a-fa18-4d19-8296-c50b5727825e,7dd79c73-5476-44d1-8d08-54ed1287ed03,12946,06/27/2018 to 10/17/2018,Wed: 2:00 PM-6:00 PM;,,,,,,
1019850,Lakes Area Growers Market,1001 Kingwood ST,f2300751-6175-4720-bfbb-a984a7478de2,0897b4a3-e2ff-43bd-bd65-a3603e4bdda9,775d2aa3-b0cf-4a6b-a862-16373a107431,56401,05/12/2020 to 10/20/2020,Tue: 8:00 AM-12:30 PM;,,,,,,
1019851,Lakes Area Growers Market,7915 MN-210 ,891ec98e-6ceb-4679-903f-2eb5ce356ac9,0897b4a3-e2ff-43bd-bd65-a3603e4bdda9,775d2aa3-b0cf-4a6b-a862-16373a107431,56425,05/08/2020 to 10/23/2020,Fri: 8:00 AM-12:30 PM;,,,,,,
1019198,Lakeside Farmers Market - Saturday - year round,6110 Lakeside Avenue,2a1c2195-45ab-4949-acea-dee08363a2fa,c52d6ffb-e016-4c0f-a24d-458d4ce7966c,6dd53333-5181-463f-abcb-fcb91c8ec710,23228,01/01/2018 to 12/31/2018,Sat: 9:00 AM-12:00 PM;,,,,,,
1002021,Lakeside Farmers' Market,1606 lakeside ave.,eb1a3b25-1033-4ceb-acdb-fd85b857b9a7,c52d6ffb-e016-4c0f-a24d-458d4ce7966c,6dd53333-5181-463f-abcb-fcb91c8ec710,23228,01/01/2018 to 12/31/2018,Wed: 9:00 AM-2:00 PM;Sat: 8:00 AM-12:00 PM;,,,,,,
1002521,Lakewood Earth and Food (LEAF) Community Farmers' Market,15425 Detroit,3c783f84-9dfe-4ea2-b090-7b909c718a96,0a0b619c-3b3d-40ef-ae23-e1cada5ff574,82136789-d0c5-4229-8cac-b731a5361c03,44107,06/10/2021 to 06/10/2021,Thu: 5:30 PM-7:30 PM;,,,,,,
1019427,Lakewood NY Farmers' and Artisans' Market,Chautauqua Ave,3c783f84-9dfe-4ea2-b090-7b909c718a96,20cf51bd-1393-45e7-9401-4212047f71c3,7dd79c73-5476-44d1-8d08-54ed1287ed03,14750,07/11/2019 to 09/26/2019,Thu: 10:00 AM-2:00 PM;,,,,,,
1020051,Lakewood Village Farmers Market,6434 E Mockingbird Lane,88eeb60a-9cc9-428e-9b33-54d054a618d4,ad53bcfd-9547-40bc-beb2-229c465dae94,2c777c95-b197-4df6-b0e0-6637a1318fc2,75218,02/09/2020 to 08/30/2020,Sun: 9:00 AM-12:00 PM;,,,,,,
1019035,Lamoni Farmer's Market,610  E. Main St  or Corner of Main St & South Linden St,e3f980c1-8e15-4552-a97f-d18a68afddf0,855338db-9a01-4483-aad4-c81bdb414bf7,02f30189-b9ba-40b5-bb18-c7d22d4b6d4b,50140,05/16/2018 to 10/31/2018,Wed: 3:30 PM-6:30 PM;,06/02/2018 to 09/29/2018,Sat: 9:00 AM-12:00 PM;,,,,
1021683,Lanark Farmers Market,101 N Broad St,35d30f30-3894-4c0e-9f44-1ba6f5997e07,572ddd95-75aa-46f2-ab06-c35803b4818c,f3414562-68d9-4389-bd7c-0efe5455715f,61046,05/17/2022 to 05/17/2022,Tue: 3:00 PM-6:00 PM;,,,,,,
1019852,Lancaster Farmers Market,West Chestnut Street,2fc24466-9bfa-42ad-9254-77c4cb59be77,987d56fe-c322-4539-b014-6421dace3902,82136789-d0c5-4229-8cac-b731a5361c03,43130,05/01/2021 to 05/01/2021,Sat: 8:30 AM-12:00 PM;,,,,,,
1019352,Landon's Greenhouse Farmers Market,505 College Meadows Drive,613df895-f0ed-43ae-b8b4-58e23fbd1044,7b27bb82-064d-47b2-81ed-faf153b4b045,b969a275-4f8c-4575-9b14-a40c9e53be44,82801,02/06/2021 to 02/06/2021,Sat: 10:00 AM-12:00 PM;,06/05/2021 to 06/05/2021,Sat: 9:00 AM-12:00 PM;,10/02/2021 to 10/02/2021,Sat: 10:00 AM-12:00 PM;,,
1005352,Lane County Farmers Holiday Market,Lane Event Center (Fairgrounds),58f29d02-b83e-4bf8-b646-2a00b223a6cf,3c8d09e7-585d-4bea-a660-060d6518b85f,01127d9b-01aa-4ef1-9bd2-48f67f513459,97401,11/02/2019 to 12/29/2019,Sat: 10:00 AM-5:00 PM;Sun: 10:00 AM-5:00 PM;,,,,,,
1009803,Lane County Farmers Market,8th Ave & Oak St.,ad3b0b8f-c98f-4375-af13-5363d340e649,3c8d09e7-585d-4bea-a660-060d6518b85f,01127d9b-01aa-4ef1-9bd2-48f67f513459,97401,02/02/2019 to 03/30/2019,Sat: 10:00 AM-2:00 PM;,04/06/2019 to 10/29/2019,Tue: 10:00 AM-3:00 PM;Sat: 9:00 AM-3:00 PM;,,,,
1019756,Lansdale Farmers' Market,400 Penn Street,ac78a85c-9b2d-4ddf-bf35-e95193653a62,67f1ece3-06e3-4863-9005-e8741bf3d0fb,3ffc900b-d7c0-4b07-8aba-7df870781580,19446,05/15/2021 to 05/15/2021,Sat: 9:00 AM-12:30 PM;,,,,,,
1021291,Larimer County Farmers' Market,200 W. Oak St.,8380ef39-2a47-4ca5-b0f4-e57d0fe6f5eb,26cfca0d-6e43-492b-ab35-c4ab88ffe16a,e1f09524-7ac6-416d-ba58-0c07f3d72e11,80521,05/22/2021 to 05/22/2021,Sat: 9:00 AM-1:00 PM;,,,,,,
1021661,Latah Farmers Market,State Highway 8,3f420a5a-3edf-4cf5-9ef9-f14913c06a91,0f72ca23-3da3-4204-a34e-456e362fe9d8,34db3808-70ee-4d72-96b7-31220659bda5,83871,06/04/2022 to 06/04/2022,Sat: 9:00 AM-1:00 PM;,,,,,,
1012344,Latham Farmers Market,109 Weatherly Road,1acc4ff7-524e-434c-b5da-65144d97b772,583cff19-3af2-45db-bf77-8993ee90ec35,a99466fa-d385-4f64-a230-de4dde953216,35803,05/07/2019 to 09/24/2019,Tue: 3:00 PM-6:00 PM;,,,,,,
1019030,Laurel Farmers Market,,03cfdd55-5eaf-4650-ac2f-6c5040605e3b,575ae97c-f430-494e-92bc-66c3208112d4,cf26f741-6e95-40e6-9e55-03c7326dba5d,39440,05/31/2018 to 07/26/2018,Thu: 5:00 PM-8:00 PM;,,,,,,
1018834,Lawrence Farmers Market,,1f70c323-6c5b-44e8-8cd0-de7e94cd981b,eed06ba9-927e-4cb1-994e-9b3b5b4009c7,1567e172-94ab-4222-b635-6b669c2aa787,49064,07/11/2020 to 09/26/2020,Sun: 9:00 AM-1:00 PM;,,,,,,
1021324,Lawrence Farmers' Market - Saturday Downtown Market,824 New Hampshire Street,6736522b-bfce-4d0e-a344-b3d274bdb233,37ddd872-f1b0-4312-827f-f5f250946a61,940abb8a-6d9b-46f0-b9b1-37ab0a387dac,66044,04/10/2021 to 04/10/2021,Sat: 7:30 AM-11:30 AM;,,,,,,
1021325,Lawrence Farmers' Market - Tuesday Market,1140 Massachusetts Street,6736522b-bfce-4d0e-a344-b3d274bdb233,37ddd872-f1b0-4312-827f-f5f250946a61,940abb8a-6d9b-46f0-b9b1-37ab0a387dac,66044,05/04/2021 to 05/04/2021,Tue: 4:00 PM-6:00 PM;,,,,,,
1019450,Lawrenceville Farmers Market,250 40th Street,3f421098-9675-43b2-92ac-f7d4d3a82914,68a3c528-92c0-49f7-9e91-8f87a45bb3f3,3ffc900b-d7c0-4b07-8aba-7df870781580,15201,06/04/2019 to 10/29/2019,Tue: 4:00 PM-7:00 PM;,,,,,,
1021647,LEAF Food Hub," 9535 US Hwy 51 N, Cobden, IL 62920",85e0bb16-1f7a-4d91-bfc8-525330b376f6,4f40be6e-17a2-4228-a0e2-e62151ff1fc7,f3414562-68d9-4389-bd7c-0efe5455715f,62920,01/01/2021 to 01/01/2021,Tue: -8:00 PM;Fri: 12:00 PM-;,,,,,,
1016810,Lebanon City Market,309 S Lebanon St.,291c8c06-afc0-44b1-a783-07ff7c2d200e,da4c550d-6e3a-419e-bd25-b48ea01b662d,1f92cbc1-8f4b-4538-95dd-366fc23a8da5,46052,05/04/2018 to 10/05/2018,Fri: 4:00 PM-7:00 PM;,,,,,,
1018113,Lebanon Farmers Market,579 Exeter Road,d46b32fb-4cc7-4784-a1af-1197c4e3cc69,95f9d1c9-276e-4fd7-a079-fc35c5548084,e27aa654-8f84-43d8-bc72-d501fb165262,06249,05/22/2021 to 05/22/2021,Sat: 9:00 AM-12:00 PM;,,,,,,
1019158,Legacy Farmers Market, 18402 US Highway 281 N,a99c4dc4-e05b-4efb-b21a-ab91f893c98b,f2845a4d-815f-46eb-8b61-b33f457c962d,2c777c95-b197-4df6-b0e0-6637a1318fc2,78259,01/01/2018 to 12/31/2018,Sat: 10:00 AM-3:00 PM;Sun: 10:00 AM-3:00 PM;,,,,,,
1006652,Legion Park Farmers Market ,6601 Biscayne Blvd,951328af-355d-4894-aacf-498936c4e5fd,9031ec11-6bd4-4683-a448-a40f8deef965,7b0326e1-5b5a-47e8-8933-7dce24e815dc,33138,01/01/2020 to 12/31/2020,Sat: 9:00 AM-2:00 PM;,,,,,,
1002768,Leland Farmers Market,River Street,2709072d-6ff5-4a00-900c-bd76b14f1c6a,7a56c455-2447-43a8-9b44-b6c68974b15c,1567e172-94ab-4222-b635-6b669c2aa787,49654,06/10/2021 to 06/10/2021,Thu: 9:00 AM-1:00 PM;,,,,,,
1019512,Lenexa Farmers Market,17201 W. 87th St. Pkwy,e4a35803-68fa-4907-a9a2-de6308911ce8,35b808c7-3b58-4261-b5a8-8193cebdb1c8,940abb8a-6d9b-46f0-b9b1-37ab0a387dac,66219,04/27/2019 to 10/26/2019,Tue: 9:00 AM-1:00 PM;Sat: 8:00 AM-12:00 PM;,,,,,,
1010483,Lenoir County Farmers Market,100N. Herritage Street,13dd5a22-818e-4038-acb7-946318ecc324,0f695e20-7a10-46a7-9af6-cbc7a7ed751a,39f00a75-0499-4de4-9c99-0cb1fdb2568a,2804,01/01/2018 to 12/31/2018,Tue: 8:00 AM-2:00 PM;Sat: 8:00 AM-2:00 PM;,,,,,,
1016916,Lettuce Eat Well Farmers' Market,4040 Harrison Ave,9b5f74ca-5d9e-4618-a0d4-a52b3dd6b1bf,a34d93bf-44d2-4e0f-b7ee-b9016a86e2e8,82136789-d0c5-4229-8cac-b731a5361c03,45211,05/04/2018 to 10/26/2018,Fri: 3:30 PM-6:30 PM;,11/02/2018 to 04/19/2019,Fri: 3:30 AM-6:30 PM;,,,,
1004651,Lewis County General Hospitals Farmers Market,7785 North State street,b6f42d1e-e3b0-49c3-9ca6-71d67ac94084,39954e72-6e04-4145-aef5-4793df936a8b,7dd79c73-5476-44d1-8d08-54ed1287ed03,13367,06/20/2013 to 09/26/2013,Thu: 11:00 AM-3:00 PM;,,,,,,
1019503,Lewiston Area Farmers Market,170 S Fremont St,e3c1f813-df6d-47e6-9acb-c36269043886,1d6fb19f-eebc-4956-ad8c-178f927c933f,775d2aa3-b0cf-4a6b-a862-16373a107431,55952,06/19/2019 to 09/04/2019,Wed: 5:00 PM-8:00 PM;,,,,,,
1019808,Lewiston Farmers Market,65 Main St.,e3c1f813-df6d-47e6-9acb-c36269043886,5f20f217-1e34-47e4-be2b-e63e7f588d5f,2feeec2f-bc8c-40ae-9405-0f6d59707d93,04240,05/10/2020 to 10/25/2020,Sun: 10:00 AM-2:00 PM;,,,,,,
1019726,Lewiston Winter Farmers Market,130 East Ave.,e3c1f813-df6d-47e6-9acb-c36269043886,5f20f217-1e34-47e4-be2b-e63e7f588d5f,2feeec2f-bc8c-40ae-9405-0f6d59707d93,04240,12/15/2019 to 02/23/2020,Sun: 9:00 AM-12:00 PM;,,,,,,
1021470,Lexington Farmers' Market,Worthen Road Practice Field,74724b09-ca0f-48f4-bb63-117e6c8670bb,ceef5aa1-8ef7-4d6e-9360-fd847f814047,fd0813ee-0dcf-4cef-8953-1e30d4412de6,02421,06/01/2021 to 06/01/2021,Tue: 2:00 PM-6:30 PM;,,,,,,
1019346,Lexington Small Yet Mighty Winter Farmers Market,739 Massachusetts Avenue,645d0d4a-1025-4846-983d-69a017c005ce,ceef5aa1-8ef7-4d6e-9360-fd847f814047,fd0813ee-0dcf-4cef-8953-1e30d4412de6,02420,01/05/2019 to 04/13/2019,Sat: 11:00 AM-2:00 PM;,,,,,,
1019650,Liberty Park Market,"Liberty Park, 600 East 900 South",d813ded9-fd28-4036-b973-b38609b1b5f1,cd802b9f-79b8-4be1-8521-52072a476cca,2928c803-d886-473a-98cf-431cd912e2a0,84105,,Fri: 4:00 PM-8:30 PM;,,,,,,
1018927,Ligonier Country Market,110 Andi Lane,c5e84a94-b8ad-437e-b7f6-ce8e42a95c57,9d1c7c03-6833-413b-b588-9b47b203331e,3ffc900b-d7c0-4b07-8aba-7df870781580,15658,05/19/2018 to 09/29/2018,Sat: 8:00 AM-12:00 PM;,,,,,,
1021361,Lilburn Farmers Market,1400 Killian Hill Rd,26279c98-85a3-4e7e-8f1e-8a0bc03be53d,e2dadd95-47a5-43db-bacc-fc24baa73ad2,4db220e9-057f-4385-bafb-37fbea280645,30047,05/07/2021 to 05/07/2021,Fri: 4:00 PM-7:00 PM;,,,,,,
1004848,Lincoln County Producers' Markets,360 Lincoln Street,200e8bc1-f5d4-4a68-9047-2d0ff7067b35,4b5a794c-f67f-40fb-aec2-655d60501ec6,5323b3eb-6022-4ac6-8bd8-67eb173075e4,89008,04/05/2018 to 11/01/2018,Thu: 4:00 PM-5:30 PM;,,,,,,
1011300,Lincoln Heights Certified Farmers Market,N. Broadway & Sichel,ee7ef7fc-ec79-4441-b0bd-60cd097d70b0,b66dd93f-9a8d-4056-8980-fc2698aa3c61,7a557091-92bc-49e9-b58a-458458f87711,90031,01/01/2020 to 12/31/2020,Wed: 3:00 PM-8:00 PM;,,,,,,
1020132,Lincoln Heights Certified Farmers Market,N. Broadway & Sichel,6ff8db60-b681-4738-8580-d243b33091e3,b66dd93f-9a8d-4056-8980-fc2698aa3c61,7a557091-92bc-49e9-b58a-458458f87711,90031,01/01/2020 to 12/31/2020,Wed: 3:00 PM-8:00 PM;,,,,,,
1019304,Lincoln Park Farmers Market,SW Corner Fort Street & Southfield Road,0a52031b-61ca-4283-92c2-194a2a37c6cc,8f722dc3-6e1e-4775-b2b3-c06cda821c68,1567e172-94ab-4222-b635-6b669c2aa787,48146,06/06/2021 to 06/06/2021,Sun: 11:00 AM-3:00 PM;,,,,,,
1021198,Linda Vista Certified Farmers Market,6939 Linda Vista Rd.,5572ca20-a993-41ea-bcf1-8d49fe995ead,140caaf5-0e04-464d-a5b7-2874d1baff93,7a557091-92bc-49e9-b58a-458458f87711,92111,01/01/2020 to 03/01/2020,Thu: 2:00 PM-6:00 PM;,04/01/2020 to 09/01/2020,Thu: 3:00 PM-7:00 PM;,10/01/2020 to 12/01/2020,Thu: 2:00 PM-6:00 PM;,,
1019167,Linton Farmers' Market,,63c4f29d-6afb-42a5-a182-5f5fe0bda595,eb6d1d7f-793a-4654-9579-7a2c96c9c188,1f92cbc1-8f4b-4538-95dd-366fc23a8da5,47441,05/18/2019 to 09/28/2019,Sat: 9:00 AM-1:00 PM;,,,,,,
1019678,Litchfield Hills Farm-Fresh Market,West Street and Woodruff Lane,fa263c2d-443d-46b1-b5f8-4a7eb6146f34,865f3fdd-e8f9-4290-a7e5-56a4e00eb027,e27aa654-8f84-43d8-bc72-d501fb165262,06759,06/15/2019 to 10/12/2019,Sat: 10:00 AM-1:00 PM;,,,,,,
1019679,Litchfield Hills Farm-Fresh Market,421 Bantam Rad,7b33691b-80ba-4b9e-b3cb-a4db67b6860a,865f3fdd-e8f9-4290-a7e5-56a4e00eb027,e27aa654-8f84-43d8-bc72-d501fb165262,06759,10/19/2019 to 06/13/2020,Sat: 10:00 AM-1:00 PM;,,,,,,
1019631,Little Farm Store Market,520 Lucky Road,03adb5e6-94d3-4784-9cd5-bdb079c2f357,f2416f58-e92a-46c9-9059-07b87ed69dd3,743439a8-1642-4103-abcb-1ef114ce801a,65746,,Wed: 3:00 PM-7:00 PM;,,,,,,
1019207,Little Italy Farmers Market,331 West 18th Street,79b859c0-d3a3-4d46-8ba9-5bb99c15066f,33d2ff14-6b97-42fb-b643-9cd2ff72a666,3ffc900b-d7c0-4b07-8aba-7df870781580,16502,06/25/2018 to 09/24/2018,Mon: 3:00 PM-6:00 PM;,,,,,,
1019995,Little Italy Mercato CFM,555 W Date Street,48e0a691-7d29-4113-a564-2fb7f63ae0a6,140caaf5-0e04-464d-a5b7-2874d1baff93,7a557091-92bc-49e9-b58a-458458f87711,92101,01/01/2020 to 12/31/2020,Sat: 8:00 AM-2:00 PM;,,,,,,
1021390,Little River County Farmers Market,,64f41707-d67e-4a2c-828b-238210a501f5,30dbb5b3-52c0-4dc1-9c4b-db66ee726618,7885258d-77c7-421e-a1e9-043ef91e8c26,71822,04/17/2021 to 04/17/2021,Thu: 8:00 AM-11:00 AM;Sat: 8:00 AM-11:00 AM;,,,,,,
1012027,Little River Farmers Market,4461 Mineola Ave,945b2f8b-d07c-4044-b5a6-2b5032abcc6d,5db5df1a-c784-4d12-b570-213fe2a251ea,25286054-2f43-4edf-9415-c089a5cfd371,29566,05/06/2021 to 05/06/2021,Thu: 10:00 AM-3:00 PM;,,,,,,
1019538,Livingston Farmers Market,Miles Band Shell Park,6e2387fa-17fd-4a4c-bb50-fe506848d909,159cecb7-39a4-4991-8e7f-2c459aa6f762,e92d45e1-6b7b-45e4-aa71-592e5a597b61,59047,05/29/2019 to 09/18/2019,Wed: 4:30 PM-7:30 PM;,,,,,,
1018418,Livonia Wilson Barn Farmers Market,29350 W. Chicago,80e0384f-2ba4-4c97-b71b-0acf0bc0bde7,8f722dc3-6e1e-4775-b2b3-c06cda821c68,1567e172-94ab-4222-b635-6b669c2aa787,48150,07/10/2021 to 07/10/2021,Sat: 9:00 AM-2:00 PM;,,,,,,
1018901,Local APX Market - Seasonal,1848 Church Street,126992aa-7337-426b-95d3-e17e7dd6a276,f3896020-9817-42de-805a-3a6315d5504f,6dd53333-5181-463f-abcb-fcb91c8ec710,24522,05/01/2018 to 10/31/2018,Wed: 2:00 PM-6:00 PM;,,,,,,
1020094,Logan County Farmer's Market,255 John Paul Avenue,4d853614-4a1e-43b5-b111-dc9c20e49804,3fcdb528-6352-42bb-91d5-b5e349f8e551,26759049-be66-49a3-8617-64f28a0ad262,42276,06/02/2020 to 10/24/2020,Tue: 3:00 PM-6:00 PM;Sat: 7:30 AM-12:00 PM;,,,,,,
1019494,Lorton ,8990 Lorton Station Blvd,d4fd3df0-ee3c-46a6-8afe-4a46aa328fe8,2f65e4d4-a27c-4c98-b725-d3331a4512c2,6dd53333-5181-463f-abcb-fcb91c8ec710,22079,05/05/2019 to 11/17/2019,Sun: 9:00 AM-1:00 PM;,,,,,,
1005431,Los Ranchos Growers' Market,"City Hall, 6718 Rio Grande Blvd. NW",b4611b19-6497-4425-b25c-7bceb454138d,72a5be0d-51a3-4c74-8b53-fe431690f48f,d9d874da-b48f-4f4e-ac29-8f3c10de66ef,87107,05/01/2021 to 05/01/2021,Sat: 8:00 AM-11:00 AM;,,,12/11/2021 to 12/11/2021,Sat: 10:00 AM-12:00 PM;,,
1018919,Louisiana Community Betterment Farmer's Market,"Sunset Park, Georgia Street",bd55ff7a-39f4-4fa1-973b-2546be14bba8,08af0a09-1a6a-47b0-a87e-a7c43d7d4850,743439a8-1642-4103-abcb-1ef114ce801a,63353,05/19/2021 to 05/19/2021,Wed: 3:00 PM-6:00 PM;,,,,,,
1000462,Loveland Farmers Market,205 Broadway Street,4cb395e8-7fa2-410d-8b8b-c5a7e45d0b2b,6d138b59-df02-4b67-b3d1-8bfc84c392f6,82136789-d0c5-4229-8cac-b731a5361c03,45140,05/04/2021 to 05/04/2021,Tue: 3:00 PM-6:30 PM;,,,,,,
1016820,Low-Line Market at Southport,3410 N Southport Ave,db7e68cf-c6c3-4290-b899-378f5a538367,d8223186-8ebb-45c5-a659-85e420d1a15f,f3414562-68d9-4389-bd7c-0efe5455715f,60657,06/11/2020 to 10/15/2020,Thu: 3:30 PM-7:00 PM;,,,,,,
1021727,Lowell Area Farmers' Market,11940 Fulton St,7163c9fe-e8ad-4c32-b23d-3cd1ff1da608,680b16b8-1f26-479c-b0b6-607dc4ccf122,1567e172-94ab-4222-b635-6b669c2aa787,49331,06/09/2022 to 06/09/2022,Thu: 10:00 AM-3:00 PM;,,,,,,
1011233,Lower Valley Farmers Market,Main street,056b65b8-484d-4f02-9706-b34b2c6a414b,0c4c4496-e826-4e86-8248-e6c623c1c053,01127d9b-01aa-4ef1-9bd2-48f67f513459,97885,,Sat: 10:00 AM-4:00 PM;,01/01/2021 to 01/01/2021,Sat: 11:00 AM-4:00 PM;,,,,
1018922,Lowville Farm and Craft Market,5473 Bostwick Street,b6f42d1e-e3b0-49c3-9ca6-71d67ac94084,39954e72-6e04-4145-aef5-4793df936a8b,7dd79c73-5476-44d1-8d08-54ed1287ed03,13367,06/02/2018 to 10/27/2018,Sat: 8:00 AM-2:00 PM;,,,,,,
1011800,LSI Global Greens Farmers' Market,3200 University Ave,95402cc1-0fc3-4f4e-ab6d-992781c94580,4f687204-ec5f-4da3-9d3a-f5a95d65db22,02f30189-b9ba-40b5-bb18-c7d22d4b6d4b,50311,05/01/2018 to 10/31/2018,Sat: 9:00 AM-1:00 PM;,,,,,,
1021257,Ludington Farmer's Market,,20e591eb-8100-4063-a1b0-87a1de01403d,7e5e3095-c6bc-4cc6-95a3-02fc644d90a2,1567e172-94ab-4222-b635-6b669c2aa787,49431,09/01/2012 to ,Fri: 3:00 PM-7:00 PM;,,,,,,
1019622,LVHMC Bluemont Farmers Market,"EE Lake General Store, 33721 Snickersville Turnpike",e3ab0a9b-262e-41cb-85dc-b923ad945d6a,dc6ea373-0191-48c3-8368-660d655b624e,6dd53333-5181-463f-abcb-fcb91c8ec710,20135,06/02/2019 to 09/01/2019,Sun: 10:00 AM-2:00 PM;,,,,,,
1019177,LVHMC Cascades Farmers' Market,21060 Whitfield Drive,7e9645c9-73e4-4cb5-8e3c-784412472e3d,dc6ea373-0191-48c3-8368-660d655b624e,6dd53333-5181-463f-abcb-fcb91c8ec710,20165,01/01/2018 to 12/31/2018,Sun: 9:00 AM-1:00 PM;,01/01/2019 to 12/31/2019,Sun: 9:00 AM-1:00 PM;,,,,
1019175,LVHMC Leesburg Farmers Market,"101 Catoctin Circle, S. E.",512bc0d3-dd51-4f89-abbf-707a4df6589b,dc6ea373-0191-48c3-8368-660d655b624e,6dd53333-5181-463f-abcb-fcb91c8ec710,20175,05/05/2018 to 10/27/2018,Sat: 8:00 AM-12:00 PM;,11/03/2018 to 04/27/2019,Sat: 9:00 AM-12:00 PM;,,,,
1019176,LVHMC Loudoun Station Farmers Market,Gramercy Park Drive and Central Station Drive,b6a97ed8-1ef8-45e5-96b0-5861bcf9af26,dc6ea373-0191-48c3-8368-660d655b624e,6dd53333-5181-463f-abcb-fcb91c8ec710,20147,05/05/2018 to 10/27/2018,Sat: 9:00 AM-1:00 PM;,,,,,,
1019940,Lynchburg Community Market,1219 Main St,bbdec152-df4d-4177-8bb0-a847bde4a0f2,f0910729-63f1-4ba5-b356-36e1865ff753,6dd53333-5181-463f-abcb-fcb91c8ec710,24504,01/01/2021 to 12/31/2021,Tue: 7:00 AM-2:00 PM;Wed: 7:00 AM-2:00 PM;Thu: 7:00 AM-2:00 PM;Fri: 7:00 AM-2:00 PM;Sat: 7:00 AM-2:00 PM;,,,,,,
1019435,Lynden Farmers Market,4th and Grover Street at Centennial Park,ad436ca0-17b1-4c27-9b4f-e6ba34575a70,cbbd7f68-635c-4c8a-8e4c-89f5b47f6547,e1b87cb5-fdcd-4e67-adf7-e25bd794503c,98264,06/01/2019 to 09/28/2019,Sat: 10:00 AM-2:00 PM;,,,,,,
1011538,Mableton Farmers Market,5239 Floyd Road,341c5ac6-1187-441c-95fe-3a3e7608b7d9,4b1d254c-3452-4ceb-b4eb-b1f30b07b556,4db220e9-057f-4385-bafb-37fbea280645,30126,06/04/2020 to 08/13/2020,Thu: 8:30 AM-12:30 PM;,,,,,,
1000481,Madison County Farmers Market,112 N. John Wayne Dr.,ef13cb63-d4c4-487f-b5a9-655400168a48,583cff19-3af2-45db-bf77-8993ee90ec35,02f30189-b9ba-40b5-bb18-c7d22d4b6d4b,50273,05/12/2018 to 10/06/2018,Sat: 8:00 AM-12:00 PM;,,,,,,
1012249,Madison Farmers Market,Highway 40 E. and 1st St.,37d57a77-f474-4b9e-9aae-057359b0dd39,abc496e9-a4a9-4e85-b9b5-a658fe07c38a,775d2aa3-b0cf-4a6b-a862-16373a107431,56256,07/10/2018 to 10/09/2018,Tue: 9:00 AM-12:30 PM;,,,,,,
1005201,Madison NJ Farmers Market,Central Avenue between Cook Avenue and Main Street,3ab8f410-c2f6-405a-9d6d-17cf3b770855,a973682a-cc0d-4f30-9b4a-6da3ec982981,fb17e9e8-f8a8-4928-8ac2-94bbf6405d9f,07940,05/31/2018 to 10/25/2018,Thu: 2:00 PM-7:00 PM;,,,,,,
1012046,Madras Saturday Market Holiday Market,"7th Street, between C and B Streets",0e5076c3-967a-42c4-b9ee-c6c8a3c12d8f,04317b7e-1abf-4a2c-b4a7-e994c1d4c3c9,01127d9b-01aa-4ef1-9bd2-48f67f513459,97741,06/01/2019 to 09/28/2019,Sat: 9:00 AM-2:00 PM;,,,,,,
1021339,Madrona Farmers Market , 1126 Martin Luther King Jr Way  ,e1ecddef-65d7-4187-9255-81cb55281f01,98ee5d73-cf74-4b82-b3c4-2a67ffc35a0e,e1b87cb5-fdcd-4e67-adf7-e25bd794503c,98122,05/14/2021 to 05/14/2021,Fri: 3:00 PM-7:00 PM;,,,,,,
1019360,MADWest Winter Farmers' Market,55 South Gammon Road,3ab8f410-c2f6-405a-9d6d-17cf3b770855,602cbc04-4748-4578-83c1-db779d1103d1,e8d05643-2a60-4ca6-a077-819f50879428,53717,01/01/2019 to 02/23/2019,Sat: 8:00 AM-12:00 PM;,11/09/2019 to 02/29/2020,Sat: 8:00 AM-12:00 PM;,,,,
1021197,Main Street DeFuniak Farmer's Market,Baldwin Avenue between 7th and 8th St.,70feadde-6680-4299-8e66-58fb35f290ee,dea425e7-392d-4ca7-8431-933edbc8f30a,7b0326e1-5b5a-47e8-8933-7dce24e815dc,32435,07/04/2020 to 09/26/2020,Sat: 8:00 AM-11:00 AM;,10/03/2020 to 11/21/2020,Sat: 8:00 AM-12:00 PM;,,,,
1018407,Main Street Dyersburg Farmers Market,335 Clark Ave. South,52a5cb39-3d6e-45bd-9f4b-77e3bfbdcfc8,b093758d-106f-4699-b675-a1109e210de8,e7416093-d979-43e8-952c-06d2b35b5956,38024,06/12/2021 to 09/25/2021,Tue: 8:00 AM-12:00 PM;Sat: 8:00 AM-12:00 PM;,,,,,,
1005528,Main Street Farmers Market,South Main at Wheeling,14ebb735-3b4e-4322-b1ff-364e95f10683,7a69ac97-4542-4a1a-a5c2-dd800abc9358,3ffc900b-d7c0-4b07-8aba-7df870781580,15301,05/20/2021 to 05/20/2021,Thu: 3:00 PM-6:00 PM;,,,,,,
1006837,Main Street Farmers Market,401 Main Street,0d1a46ad-7cf2-4ea9-85e4-6cbbc516aa54,1a0997e9-9077-4cb2-8a43-b037ce1e0bf9,7a557091-92bc-49e9-b58a-458458f87711,95667,06/03/2020 to 10/28/2020,Wed: 4:00 PM-8:00 PM;,,,,,,
1011119,Main Street Farmers Market,Main Street and Highland Ave,67e4a6ce-9cf0-4760-a550-693895e67464,1e498175-f357-4969-af2b-420b608d0628,940abb8a-6d9b-46f0-b9b1-37ab0a387dac,66720,05/01/2018 to 09/25/2018,Tue: 4:30 PM-6:00 PM;,,,,,,
1019706,Main Street Farmers Market,1030 Main Street,06bd295d-d119-48be-a055-d391d742f75b,8f722dc3-6e1e-4775-b2b3-c06cda821c68,3ffc900b-d7c0-4b07-8aba-7df870781580,18431,11/06/2021 to 11/06/2021,Sat: 11:00 AM-1:00 PM;,01/01/2021 to 01/01/2021,Sat: 11:00 AM-1:00 PM;,,,,
1021624,Main Street Saturday Market,South Public Square,c03012fb-8215-4825-a438-73d36f97b47c,01952038-d3ce-4592-b60c-c4054f2ddee4,e7416093-d979-43e8-952c-06d2b35b5956,37130,05/22/2021 to 05/22/2021,Sat: 8:00 AM-12:00 PM;,05/21/2022 to 05/21/2022,Sat: 8:00 AM-12:00 PM;,,,,
1019752,Main Street Wadsworth Farmers Market,151 Main Street,646f4fbb-49ad-4318-a326-4518c717ba38,f3d87197-5957-4db2-8d9f-7272968024f5,82136789-d0c5-4229-8cac-b731a5361c03,44281,06/20/2020 to 09/26/2020,Sat: 9:00 AM-12:00 PM;,,,,,,
1019501,MainStreet Libertyville Farmers Market,413 N Milwaukee Ave,28589cd9-d81d-4909-b4ef-6c3cc024ece2,6fd20e39-6d74-4cf0-a565-2e5e7fe23342,f3414562-68d9-4389-bd7c-0efe5455715f,60048,06/03/2021 to 06/03/2021,Thu: 7:00 AM-1:00 PM;,,,,,,
1005256,Makiki District Park (People's Open Market),1527 Keeaumoku Street,b98a099d-6f60-4831-83da-00380709ab2b,e9f50e89-e238-48ed-af04-05bddd9ae446,4c8a3dce-226c-409e-b551-8c6a90ecf266,96822,01/01/2019 to 12/31/2019,Mon: 8:30 AM-9:30 AM;,,,,,,
1019969,Manchester's Spruce Street Market,163 Spruce St.,63bb1261-ef48-458a-952a-4363d5889dad,bed440c0-e46f-4046-b888-e5f4dae0d2c8,e27aa654-8f84-43d8-bc72-d501fb165262,06040,07/01/2020 to 08/19/2020,Wed: 4:30 PM-7:30 PM;,,,,,,
1003980,Manhattan Farmers Market,South Broadway and West Main,7d0016c5-a134-4d31-830e-f3a163dfa039,547fdc3a-ae46-4737-ba81-c8ba22920ff1,e92d45e1-6b7b-45e4-aa71-592e5a597b61,59741,06/20/2018 to 09/05/2018,Wed: 4:00 PM-7:00 PM;,,,,,,
1018217,Manistee Farmers Market,180 Memorial Drive,72905ca4-8f77-4d88-8839-92786c080557,40e452c0-dc7d-4b02-8817-71f2a0ea33f8,1567e172-94ab-4222-b635-6b669c2aa787,49660,05/25/2019 to 10/05/2019,Sat: 8:00 AM-1:00 PM;,,,,,,
1018998,Manistique Farmers' Market,180 N. Maple Street,b91a5b16-212c-46d4-a1f7-40d7d44f9f70,6160f9e8-4fe3-4dd7-881c-5fb84bc86c5a,1567e172-94ab-4222-b635-6b669c2aa787,49854,05/16/2018 to 09/26/2018,Wed: 4:00 PM-6:00 PM;,,,,,,
1005257,Manoa Valley District Park (People's Open Market),Manoa Rd,b98a099d-6f60-4831-83da-00380709ab2b,e9f50e89-e238-48ed-af04-05bddd9ae446,4c8a3dce-226c-409e-b551-8c6a90ecf266,96826,01/01/2019 to 12/31/2019,Mon: 6:30 AM-7:30 AM;,,,,,,
1019111,Mansfield Farmers Market,703 East Broad Street,5ea1715f-f0ce-4657-ae86-2388fd580856,289c254d-dae3-4a28-927f-ad3d5a884b1e,2c777c95-b197-4df6-b0e0-6637a1318fc2,76063,04/28/2018 to 10/27/2018,Sat: 8:00 AM-1:00 PM;,,,,,,
1010286,Manson Farmers Market,157 E Wapato Way ,13ca3b7f-e511-47ab-8ff1-cb40611b0baf,8a488a29-a64b-41c1-8f25-a2165e3e5c1a,e1b87cb5-fdcd-4e67-adf7-e25bd794503c,98831,06/16/2018 to 09/29/2018,Wed: 8:30 AM-11:30 AM;Sat: 8:30 AM-11:30 AM;,,,,,,
1018310,Manson Farmers Market,,f68049dd-b4a3-4749-80cf-44a946a37bdb,9ce667ba-24a8-410f-9a60-1b62887d69a7,02f30189-b9ba-40b5-bb18-c7d22d4b6d4b,50563,07/13/2021 to 07/13/2021,Tue: 4:00 PM-6:00 PM;,,,,,,
1005218,Manzanita Farmers Market,36465 N Hwy 101,6fa61235-c27a-4cdb-ab56-f0dc0681614e,7ead52a2-5648-4ce4-a398-4e9c276d87bf,01127d9b-01aa-4ef1-9bd2-48f67f513459,97131,06/11/2021 to 06/11/2021,Fri: 4:00 PM-7:00 PM;,06/11/2021 to 06/11/2021,Fri: 4:00 PM-7:00 PM;,,,,
1016799,Maple Valley Farmers' Market,25719 Maple Valley Black Diamond Road,abed2384-598f-4cf2-b0a2-66d3df1b7e91,98ee5d73-cf74-4b82-b3c4-2a67ffc35a0e,e1b87cb5-fdcd-4e67-adf7-e25bd794503c,98038,07/11/2020 to 09/26/2020,Sat: 9:00 AM-2:00 PM;,,,,,,
1003238,Marietta Square Farmers Market,65 Church St,6a72422f-6d09-43e6-9467-3ce2d9e43354,4b1d254c-3452-4ceb-b4eb-b1f30b07b556,4db220e9-057f-4385-bafb-37fbea280645,30060,01/01/2018 to 12/31/2018,Sat: 9:00 AM-12:00 PM;Sun: 12:00 PM-3:00 PM;,,,,,,
1021358,Marinette Artisan & Farm Market,1607 Main Street,ad954b66-950f-46cd-ae3b-a17c43b8b69f,97598eac-f5b9-451c-92ca-b05b9714409a,e8d05643-2a60-4ca6-a077-819f50879428,54143,06/02/2021 to 06/02/2021,Wed: 3:00 PM-6:00 PM;,,,,,,
1021713,Marion Farmers Market,2200 31st St,3ce8c6e6-3020-453a-a70c-be8643229ce0,e52ff94a-33f4-4782-90e8-0597859b779e,02f30189-b9ba-40b5-bb18-c7d22d4b6d4b,52302,,Sat: 8:00 AM-11:00 AM;,,,,,,
1019058,Marion Ohio Market,Main and Church ,a6101b2b-fac7-44ca-b743-12bd3028d591,d5028103-f10b-4f88-8424-6ead4335ae33,82136789-d0c5-4229-8cac-b731a5361c03,43302,05/10/2018 to 10/11/2018,Thu: 4:00 PM-7:00 PM;,,,,,,
1019482,Market 23,2620 23 ST,636e566e-a955-4175-925d-c3f319923b3f,33730f2d-09b7-4cea-b35a-d5e78a2117f4,9d7cc9b4-b9db-4c4e-b267-425d9a3e46b4,68601,,Tue: 10:00 AM-6:00 PM;Wed: 10:00 AM-6:00 PM;Thu: 10:00 AM-6:00 PM;Fri: 10:00 AM-6:00 PM;Sat: 10:00 AM-4:00 PM;Sun: 12:00 PM-4:00 PM;,,,,,,
1019368,"Market at the Park - Orland Park, IL",9705 W. 142nd Steet,d6120c01-c0f2-4a58-8f5d-b8f3191d7dc7,d8223186-8ebb-45c5-a659-85e420d1a15f,f3414562-68d9-4389-bd7c-0efe5455715f,60462,05/30/2019 to 07/25/2019,Thu: 4:00 PM-8:00 PM;,,,,,,
1012031,Market Common Farmers Market,Deville St,e5d56184-d199-4882-a819-0336d87179f5,5db5df1a-c784-4d12-b570-213fe2a251ea,25286054-2f43-4edf-9415-c089a5cfd371,29577,05/01/2021 to 05/01/2021,Sat: 10:00 AM-3:00 PM;,,,,,,
1000242,Market in The Park,300 Conti,2afb4e77-13ba-43e7-8535-61a941cd6d31,1fbf9d17-a1a6-4352-ae86-d23336b4b27c,a99466fa-d385-4f64-a230-de4dde953216,36602,04/25/2020 to 07/11/2020,Sat: 7:30 AM-12:00 PM;,10/10/2020 to 11/21/2020,Sat: 7:30 AM-12:00 PM;,,,,
1019022,Market in the Park,W South Park Ave & Georgia St,71d66b56-93a6-40a2-8279-8811660d6089,4270519d-d0f3-4677-8441-0b885e1605e3,e8d05643-2a60-4ca6-a077-819f50879428,54901,07/18/2018 to 09/26/2018,Wed: 3:00 PM-7:00 PM;,,,,,,
1000616,Market in The Park - Lavretta Park,200 Parkway Street West,2afb4e77-13ba-43e7-8535-61a941cd6d31,1fbf9d17-a1a6-4352-ae86-d23336b4b27c,a99466fa-d385-4f64-a230-de4dde953216,36606,05/28/2020 to 07/09/2020,Thu: 3:00 PM-6:00 PM;,,,,,,
1019185,Market Mondays at the Arsht Center,1301 Biscayne Blvd,951328af-355d-4894-aacf-498936c4e5fd,9031ec11-6bd4-4683-a448-a40f8deef965,7b0326e1-5b5a-47e8-8933-7dce24e815dc,33132,01/01/2018 to 12/31/2018,Mon: 4:00 PM-6:00 PM;,,,,,,
1019866,Market of Life,3510 W 15th Ave,5c9f1bf4-dd77-44c6-8ffe-42e807191ffd,6fd20e39-6d74-4cf0-a565-2e5e7fe23342,1f92cbc1-8f4b-4538-95dd-366fc23a8da5,46404,05/22/2020 to 07/24/2020,Fri: 9:00 AM-12:00 PM;,,,,,,
1019806,Market on Main ,Ford Center Plaza 6th and Main St,ce6b943b-636c-4f6e-b008-0dd9cc6f83bc,7975732d-b17b-4ff4-8689-c0f55bca98d3,1f92cbc1-8f4b-4538-95dd-366fc23a8da5,47715,06/02/2021 to 06/02/2021,Wed: 9:30 AM-1:30 PM;,,,,,,
1011972,Market on Military Summer,Military Avenue and West Mason Street,675d3923-37c5-4b27-a22b-0749f5156a6f,2321ed4f-c9e9-419f-a9bb-d9801afbfaef,e8d05643-2a60-4ca6-a077-819f50879428,54303,06/07/2018 to 10/25/2018,Thu: 3:00 PM-7:00 PM;,,,,,,
1021341,Market on the Green,105 Norton Park Drive,08c7238e-3e3b-4f7f-bdd2-44e597b827c6,944b15fd-d0f0-4def-9b76-0a8ab2987e68,82136789-d0c5-4229-8cac-b731a5361c03,43213,06/01/2021 to 06/01/2021,Tue: 4:00 PM-6:30 PM;,,,,,,
1019876,Market on the Square (BrokenkBow),,43a3592f-596a-4644-b5bd-142a16b449e0,6079604a-503c-4bbf-80e8-f70f4748617c,9d7cc9b4-b9db-4c4e-b267-425d9a3e46b4,,05/01/2020 to 09/30/2020,Thu: 10:00 AM-3:00 PM;,,,,,,
1019189,Market Square Farmers' Market,500 Howard Baker Jr Ave,14435f3c-81a5-428b-9e72-4ace81bb6247,eb6845f2-efac-484c-b086-f8f43cbb1e92,e7416093-d979-43e8-952c-06d2b35b5956,37915,05/01/2021 to 05/01/2021,Wed: 11:00 AM-1:00 PM;Sat: 9:00 AM-1:00 PM;,,,,,,
1019924,Marksville Main Street Fresh Market,317 North Main Street,45fcc214-ac41-42fe-941c-363d9528a7f4,ad486980-20db-435c-acc7-d238e01eeb85,8eab0d88-b9c8-4da4-a6a4-9d4a0327af9c,71351,,Thu: 3:00 PM-6:00 PM;,,,,,,
1019843,Marlette Farmers Market,3048 Main Street,22b70237-5fa3-4408-8458-031447d8f22c,8a836096-bab2-473a-9d47-853294a52151,1567e172-94ab-4222-b635-6b669c2aa787,48453,05/15/2020 to 10/09/2020,Fri: 11:00 AM-5:00 PM;,,,,,,
1020190,Marshall County Farmers Market,1933 Mayfield Highway,99161af8-7668-49bd-913d-a81ec81dfb74,7b6d1135-4166-44ca-8a11-59bb56da163b,26759049-be66-49a3-8617-64f28a0ad262,42025,05/02/2020 to 11/28/2020,Sun: 8:00 AM-12:00 PM;,,,,,,
1002929,Marshfield Farmer's Market,140 Main St  (Route 3A),729938f0-1d10-4e14-9d4f-2666dd527564,72a6d7ec-ec6e-4ad4-a08f-5451ed158f93,fd0813ee-0dcf-4cef-8953-1e30d4412de6,02050,01/09/2021 to 01/09/2021,Sat: 10:00 AM-12:00 PM;,05/21/2021 to 05/21/2021,Fri: 2:00 PM-6:00 PM;,10/23/2021 to 10/23/2021,Sat: 10:00 AM-2:00 PM;,,
1019659,Martin County Main Street Market,Main St. and Smithwick St. ,5d61c948-d367-4f59-9a64-654dd38b46a9,3de4e4d2-596f-4f1b-bbf2-0a3c40134280,39f00a75-0499-4de4-9c99-0cb1fdb2568a,27892,06/06/2019 to 08/22/2019,Thu: 5:30 PM-7:30 PM;,,,,,,
1018976,Maryville FarmerвЂ™s Market,1 Schiber Ct.,5d7bcc92-70dc-4cf7-bbd2-62299a0d76b7,583cff19-3af2-45db-bf77-8993ee90ec35,f3414562-68d9-4389-bd7c-0efe5455715f,62062,05/03/2018 to 10/11/2018,Thu: 4:30 PM-7:30 PM;,,,,,,
1011139,Maryville Farmers Market - Saturdays,Founders Square,1bf4fe30-9a4b-4f56-86da-431b350bc212,6e0e7bf1-2f12-439c-8df8-3b718081c1b9,e7416093-d979-43e8-952c-06d2b35b5956,37801,04/17/2021 to 04/17/2021,Sat: 8:30 AM-11:30 PM;,,,,,,
1019902,Mason County Farmers Market,2114 Old Main Street,ad3556a6-8f52-4203-ba0f-f4661f148922,7e5e3095-c6bc-4cc6-95a3-02fc644d90a2,26759049-be66-49a3-8617-64f28a0ad262,41056,01/01/2021 to 01/01/2021,Sat: 9:00 AM-1:00 PM;,,,,,,
1001281,Mason Farmers Market,100 block East Maple at Jefferson (in street),f2599e7c-55c0-4187-b020-a6f07a9c7cfd,efccecdb-cb21-47ef-b405-a4e6eeae9579,1567e172-94ab-4222-b635-6b669c2aa787,48854,07/13/2019 to 09/28/2019,Sat: 9:00 AM-1:00 PM;,,,,,,
1005642,Mattapan Square  Farmers Market,882 Cummins Hwy,5344cbe2-f954-4eb1-9fab-777994c5c670,c7509f7c-c956-492e-983a-c4c1c4e841ea,fd0813ee-0dcf-4cef-8953-1e30d4412de6,02126,07/14/2018 to 10/13/2018,Sat: 10:00 AM-1:00 PM;,07/12/2018 to 08/23/2018,Thu: 12:00 PM-5:00 PM;,,,,
1003199,Matthys Farm Market,57754 Crumstown Hwy,dd500870-52b0-4717-b926-749399377e5a,c00f768b-efa4-44a3-b344-82ce2ef342e1,1f92cbc1-8f4b-4538-95dd-366fc23a8da5,46619,01/01/2021 to 01/01/2021,Mon: 8:30 AM-6:00 PM;Tue: 8:30 AM-6:00 PM;Wed: 8:30 AM-6:00 PM;Thu: 8:30 AM-6:00 PM;Fri: 8:30 AM-6:00 PM;Sat: 8:30 AM-3:00 PM;Sun: 12:00 PM-3:00 PM;,,,,,,
1019300,Mauldin Farmers Market,101 East Butler Road,9e6612da-da0b-4451-a6dd-48b8ffe8837f,2773e2b9-ad96-4cf6-b31f-a32a1bd5e7ee,25286054-2f43-4edf-9415-c089a5cfd371,29662,06/04/2019 to 08/27/2019,Tue: 5:00 PM-8:00 PM;,,,,,,
1019968,Mauston Farmers' Market,220 East State Street,421ad4ac-2d06-4bee-b41f-eda4896a941f,453488a1-16ea-4ba3-8640-bfd8897e2a28,e8d05643-2a60-4ca6-a077-819f50879428,53948,05/02/2020 to 10/31/2020,Tue: 2:00 PM-6:00 PM;Sat: 7:00 AM-12:00 PM;,,,,,,
1020145,McCreary County Farmers Market,"299 Wilburn Ross Hwy,",8023359c-ec9e-4c5d-bf6f-5c49c1cf3060,a11d82e7-80ed-4860-9a39-8294537ec1f6,26759049-be66-49a3-8617-64f28a0ad262,42647,,Sat: 9:00 AM-12:00 PM;,,,,,,
1019487,McCutcheon/Mount Vernon ,2501 Sherwood Hall Lane,23d3a292-9000-47a1-9ad5-84ffd619a957,2f65e4d4-a27c-4c98-b725-d3331a4512c2,6dd53333-5181-463f-abcb-fcb91c8ec710,22306,05/01/2019 to 12/18/2019,Wed: 8:00 AM-12:00 PM;,,,,,,
1020134,McKinleyville CFM,2165 Central Ave,0e1e85e8-c226-4e62-853d-6507a2bfc115,3cb2491f-473f-43aa-8223-d17fa88888ba,7a557091-92bc-49e9-b58a-458458f87711,95519,06/01/2020 to 10/31/2020,Thu: 3:30 AM-6:30 PM;,,,,,,
1019490,McLean ,1659 Chain Bridge Rd,8c63d3b5-7ae9-4ec3-86e9-d5ab03fe1e1c,2f65e4d4-a27c-4c98-b725-d3331a4512c2,6dd53333-5181-463f-abcb-fcb91c8ec710,22101,05/03/2019 to 11/15/2019,Fri: 8:00 AM-12:00 PM;,,,,,,
1020081,Meade County Farmers Market,1041 Old Ekron Rd,a8a5604c-95a9-4f11-bd2a-022e66cbb551,3759c4c9-9017-4ce2-8322-2cf9b4dede05,26759049-be66-49a3-8617-64f28a0ad262,40108,05/02/2020 to 10/17/2020,Tue: 11:00 AM-2:00 PM;Sat: 9:00 AM-12:00 PM;,,,,,,
1019634,Medford Farmers Market,2501 Mystic Valley Parkway,564f36e5-f406-4a25-ab38-cc7b29988087,ceef5aa1-8ef7-4d6e-9360-fd847f814047,fd0813ee-0dcf-4cef-8953-1e30d4412de6,02155,06/06/2019 to 10/17/2019,Thu: 3:00 PM-7:00 PM;,11/24/2019 to 11/24/2019,Sun: 10:00 AM-2:00 PM;,,,,
1021314,Media Farmers' Market,Edgemont Street,86c050a4-b46e-4e7e-a403-8eaa6695a459,418f174e-bf97-49e0-a75c-0d5414d30589,3ffc900b-d7c0-4b07-8aba-7df870781580,19063,01/01/2021 to 01/01/2021,Sun: 10:00 AM-1:00 PM;,,,,,,
1018908,Medicine Root/Oyate Teca Farmers Market,1000 Youth Center Drive,8867db04-19da-473d-9d48-5a6509c07be7,aef15291-9a8c-44bf-b1b1-28cd30ec0642,4c471773-04a7-4eb6-b88f-4bac35ac23a4,57752,04/16/2018 to ,Mon: 9:00 AM-4:00 PM;Tue: 9:00 AM-4:00 PM;Wed: 9:00 AM-4:00 PM;Thu: 9:00 AM-4:00 PM;Fri: 9:00 AM-4:00 PM;,,,,,,
1019858,Medina Square Farmers Market,"39 public square, suite 305",cb995351-d027-4036-898a-4120bdb38e2c,f3d87197-5957-4db2-8d9f-7272968024f5,82136789-d0c5-4229-8cac-b731a5361c03,44256,05/16/2020 to 10/17/2020,Sat: 8:00 AM-1:00 PM;,,,,,,
1019759,Meigs County Farmers' Market,PO Box 702,f71d3964-1599-4af3-b126-31eee953ee9e,5096382d-5f3f-42a9-876a-5b329fbb0db0,82136789-d0c5-4229-8cac-b731a5361c03,45769,05/02/2020 to 10/31/2020,Sat: 10:00 AM-1:00 PM;,,,,,,
1021209,Memphis Farmers Market,540 S. Front Street,bb139a89-e602-4a7c-87e0-735f46a522fe,afc68372-21d9-40de-ad2e-b45c9a691fc9,e7416093-d979-43e8-952c-06d2b35b5956,38103,04/04/2020 to 10/31/2020,Sat: 8:00 AM-1:00 PM;,,,,,,
1020199,Menifee County Farmers Market,62 Back Street,5ae9c014-67ce-48e5-873c-f2281812e088,74c03247-4d5e-4d19-80b5-bb0690327009,26759049-be66-49a3-8617-64f28a0ad262,40322,05/15/2020 to 10/30/2020,Tue: 10:00 AM-1:00 PM;Fri: 4:00 PM-7:00 PM;,,,,,,
1002905,Menlo Park Farmers' Market,Chestnut & Menlo Avenues,46355652-a4b5-4dc2-acdb-a9db4d1f8a92,d0fd7b59-1803-498b-925b-c22c75df55da,7a557091-92bc-49e9-b58a-458458f87711,94025,01/01/2021 to 12/31/2021,Sun: 9:00 AM-1:00 PM;,,,,,,
1019816,Menominee Historic Downtown Farmers Market  Association ,800 1st Street & 8th Avenue,e87f24bd-eb38-4370-96ca-9076cb2b94f5,2310550c-578b-475b-b96b-fed6d69371b5,1567e172-94ab-4222-b635-6b669c2aa787,49858,06/06/2020 to 09/26/2020,Sat: 9:00 AM-12:00 PM;,10/03/2020 to 11/14/2020,Sat: 9:00 AM-12:00 PM;,,,,
1021357,Menominee Historic Downtown Farmers Market  Association ,,e87f24bd-eb38-4370-96ca-9076cb2b94f5,2310550c-578b-475b-b96b-fed6d69371b5,1567e172-94ab-4222-b635-6b669c2aa787,49858,06/05/2021 to 06/05/2021,Sat: 9:00 AM-12:00 PM;,,,,,,
1018093,Merchantville Market Off Centre,N. Centre St. & Chestnut Ave.,e7127f74-3e67-408e-b7da-b1154b4e97f0,fccf99f6-4f43-4bd6-ad05-a56a18f0f14e,fb17e9e8-f8a8-4928-8ac2-94bbf6405d9f,08109,06/02/2018 to 10/27/2018,Sat: 10:00 AM-2:00 PM;,,,,,,
1019464,Meridian Main Street Market,33 E. Broadway Ave.,4bd2e22a-e8d9-4fc0-a8d8-3448a5177b4e,816b641c-87e5-461e-9565-2040809aa1dc,34db3808-70ee-4d72-96b7-31220659bda5,83642,04/13/2019 to 10/12/2019,Sat: 9:00 AM-2:00 PM;,,,,,,
1021458,Metuchen Farmers Market,New Street and Pearl Street,c3b44c87-e219-4a8b-9470-add6e775032d,ceef5aa1-8ef7-4d6e-9360-fd847f814047,fb17e9e8-f8a8-4928-8ac2-94bbf6405d9f,08840,05/22/2021 to 05/22/2021,Sat: 9:00 AM-2:00 PM;,,,,,,
1019137,Miami County Farmers Market,North Broadway and East 5th Street,20cbd55e-f8e3-4320-90c8-4439c55699b2,9bbd7c5e-6981-4289-9cea-6c708ba41168,1f92cbc1-8f4b-4538-95dd-366fc23a8da5,46970,06/02/2018 to 09/29/2018,Sat: 10:00 AM-2:00 PM;,,,,,,
1000021,Mid-Town Farmers Market,700 North Lamar Blvd.,6f4f00e4-4899-432e-85eb-878518642038,a2ee5aa9-fc24-4808-aa14-893373c5ff85,cf26f741-6e95-40e6-9e55-03c7326dba5d,38655,05/01/2018 to 10/31/2018,Wed: 7:00 AM-12:00 PM;Sat: 7:00 AM-11:00 AM;,,,,,,
1011076,Middlebury Farmers' Market,530 Exchange St,5ace1f4b-25bb-4708-91cb-594bff553fde,f8e02c49-474a-4110-9ded-410eb4f46dee,faedd35b-2ba2-4753-b8f5-07a3892b9721,05753,05/05/2018 to 10/27/2018,Wed: 9:00 AM-12:30 PM;Sat: 9:00 AM-12:30 PM;,11/03/2018 to 04/27/2019,Sat: 9:00 AM-12:00 PM;,,,,
1020087,middletown farmer's Market,,eab9a61e-5415-4bbc-bcbd-1d824b498a91,04317b7e-1abf-4a2c-b4a7-e994c1d4c3c9,26759049-be66-49a3-8617-64f28a0ad262,40243,05/06/2020 to 10/28/2020,Wed: 3:00 AM-6:00 PM;,,,,,,
1019683,Middletown Farmers' Market,12 S Church St,eab9a61e-5415-4bbc-bcbd-1d824b498a91,f45b1f0e-df65-421e-b381-0f32d05253e4,c5b0ab35-2326-49a5-b543-8e5bb1c71ed5,21769,05/02/2019 to 10/17/2019,Thu: 4:00 PM-7:00 PM;,,,,,,
1019777,Midland Area Farmers Market,,86426bbe-ca3e-4838-a310-7c3877c4151f,6e68edc0-8ec3-4024-9047-e12853aff3d8,1567e172-94ab-4222-b635-6b669c2aa787,48640,05/01/2021 to 05/01/2021,Wed: 7:00 AM-1:00 PM;Sat: 7:00 AM-1:00 PM;,11/06/2021 to 11/06/2021,Sat: 9:00 AM-12:00 PM;,,,,
1012786,Midtown Farmers Market,"6655 Delmar Blvd, Back Lot",6310e299-f0bc-43d7-87c9-0eb0cf6fe6a6,418ccbfd-3087-48b1-b5a1-c004ce5a3729,743439a8-1642-4103-abcb-1ef114ce801a,63130,04/21/2018 to 11/10/2018,Sat: 9:00 AM-1:00 PM;,11/24/2018 to 12/08/2018,Sat: 9:00 AM-1:00 PM;,,,,
1005633,Miles City Farmers Market,500 Main St  Riverside Park,26ecdc59-cd84-4007-820a-e9fdd6810302,6079604a-503c-4bbf-80e8-f70f4748617c,e92d45e1-6b7b-45e4-aa71-592e5a597b61,,05/18/2013 to 10/26/2013,Sat: 7:30 AM-12:00 PM;,,,,,,
1006681,MILFORD - DOWNTOWN FARMERSвЂ™ MARKET,108 West Main Street (Wasson Field),50ab4339-bfe1-4c04-a801-3de32da62bc6,d4e029df-3da9-48be-8fcb-71ce66531fd7,e27aa654-8f84-43d8-bc72-d501fb165262,06460,06/01/2020 to 10/10/2020,Sat: 9:00 AM-12:30 PM;,,,,,,
1009658,Mililani District Park (People's Open Market),94-1150 Lanikuhana Ave.,82d7ca87-dbcf-4855-b979-11563d6e9c29,e9f50e89-e238-48ed-af04-05bddd9ae446,4c8a3dce-226c-409e-b551-8c6a90ecf266,96789,01/01/2019 to 12/31/2019,Tue: 11:30 AM-12:30 PM;,,,,,,
1020034,Milk Lady Derwood Fall 2020 Pickup/Delivery,16501 Redland Road,f589d5eb-848e-4a19-8414-2b7925c08712,67f1ece3-06e3-4863-9005-e8741bf3d0fb,c5b0ab35-2326-49a5-b543-8e5bb1c71ed5,20855,09/12/2020 to 12/19/2020,Sat: 9:00 AM-11:00 AM;,,,,,,
1020035,Milk Lady Derwood Farmers Market,16501 Redland Road,f589d5eb-848e-4a19-8414-2b7925c08712,67f1ece3-06e3-4863-9005-e8741bf3d0fb,c5b0ab35-2326-49a5-b543-8e5bb1c71ed5,20855,05/16/2020 to 09/05/2020,Sat: 9:00 AM-1:00 PM;,,,,,,
1020038,Milk Lady Shady Grove Farmers Market,9601 Medical Center Drive,f589d5eb-848e-4a19-8414-2b7925c08712,67f1ece3-06e3-4863-9005-e8741bf3d0fb,c5b0ab35-2326-49a5-b543-8e5bb1c71ed5,20850,06/03/2020 to 09/30/2020,Wed: 11:00 AM-2:00 PM;,,,,,,
1012523,"Mill City Farmers Market, Inc.",704 South 2nd Street,b211ef9d-760b-4b07-bb35-a9be57dafe69,80eca9e2-aee8-4974-ad6c-6b1a90ce0795,775d2aa3-b0cf-4a6b-a862-16373a107431,55401,05/05/2018 to 09/29/2018,Sat: 8:00 AM-1:00 PM;,10/06/2018 to 10/27/2018,Sat: 9:00 AM-1:00 PM;,11/10/2018 to 04/27/2019,Sat: 10:00 AM-1:00 PM;,,
1010485,Millen Produce Market,Cotton Avenue,43a6f3ab-9bb5-4510-bab7-42ba9a5e88ab,eb97cb42-e782-47ee-b157-b97c91b81dc6,4db220e9-057f-4385-bafb-37fbea280645,30442,05/01/2021 to 05/01/2021,Tue: 3:00 PM-6:00 PM;,,,,,,
1018486,Milton Farmers' Market,6 Village Center Boulevard,7fbe599c-8559-4aa5-bfeb-2c90b40b9c4a,985f0ef5-e262-432b-8ad0-ba5b06c195b7,6a510a5c-215e-446d-aabd-f5aec08cb7fb,19968,04/20/2018 to 10/05/2018,Fri: 3:00 PM-6:00 PM;,,,,,,
1021454,Milwaukee Winter Farmers Market,524 S Layton Blvd,19dfdd3a-41de-465f-8d8d-c0c2055fd836,3c8376ac-fa0b-4d3a-8203-2387e18eeda5,e8d05643-2a60-4ca6-a077-819f50879428,53215,11/06/2021 to 11/06/2021,Sat: 8:30 AM-12:30 PM;,,,,,,
1019239,Mineola Main Street Farmers Market,115 E. Front St.,cb67ef32-308d-48ca-a727-74de08eea989,8fafec30-c2d1-4aef-915f-fa4d21963c60,2c777c95-b197-4df6-b0e0-6637a1318fc2,75773,05/05/2018 to 10/27/2018,Sat: 8:00 AM-12:00 PM;,,,,,,
1019716,Minnetrista Farmers Market,1200 North Minnetrista Pkwy,ffdd88bd-aa5a-4aca-b206-2110ca1e9911,418f174e-bf97-49e0-a75c-0d5414d30589,1f92cbc1-8f4b-4538-95dd-366fc23a8da5,47303,11/16/2019 to 04/18/2020,Sat: 9:00 AM-12:00 PM;,05/02/2020 to 10/31/2020,Sat: 8:00 AM-12:00 PM;,,,,
1006069,Minturn Market,Historic Downtown Minturn,16889676-2669-4460-aa2c-a9215b9ecebb,cf26b98e-040b-4de6-bd1b-cf443c34bdb5,e1f09524-7ac6-416d-ba58-0c07f3d72e11,81645,07/03/2021 to 07/03/2021,Sat: 9:00 AM-2:00 PM;,,,,,,
1020195,Mission Community Market,84 Bartlett Street,c93bd186-da75-4912-9dd3-d71968996844,3e318aaf-41f1-4527-a504-d031036814a8,7a557091-92bc-49e9-b58a-458458f87711,94111,03/26/2020 to 11/19/2020,Thu: 3:00 PM-7:00 PM;,,,,,,
1016862,Mission Farm and Flower Market,5635 Johnson Drive,dd17e1a6-84dd-4451-a391-d2c06039e60d,35b808c7-3b58-4261-b5a8-8193cebdb1c8,940abb8a-6d9b-46f0-b9b1-37ab0a387dac,66202,06/07/2018 to 09/27/2018,Thu: 4:30 PM-8:00 PM;,,,,,,
1021493,Mission Marquee Plaza Farmers' Market,3100 Roosevelt Ave,a99c4dc4-e05b-4efb-b21a-ab91f893c98b,f2845a4d-815f-46eb-8b61-b33f457c962d,2c777c95-b197-4df6-b0e0-6637a1318fc2,78214,03/01/2021 to 03/01/2021,Sat: 10:00 AM-2:00 PM;,,,,,,
1018939,Missoula Farmers' Market,Circle Square (by the XXXXs),75133bf2-99a2-4c45-9e94-cd74314e7385,492544d5-f464-4276-8085-b285449c0ef8,e92d45e1-6b7b-45e4-aa71-592e5a597b61,,05/05/2018 to 10/27/2018,Sat: 8:00 AM-12:30 PM;,06/19/2018 to 09/25/2018,Tue: 5:30 PM-7:00 PM;,,,,
1010037,MLK Campus Farmers' Market,1670 E 120th St,ee7ef7fc-ec79-4441-b0bd-60cd097d70b0,b66dd93f-9a8d-4056-8980-fc2698aa3c61,7a557091-92bc-49e9-b58a-458458f87711,90059,01/01/2018 to 12/31/2018,Wed: 9:00 AM-2:00 PM;,,,,,,
1001104,Monday Farmers Market at your library,1515 SW 10th Avenue,1b906269-f01f-4eac-a504-52921bbbed2a,3e740703-ecea-4ed1-91de-ac4d1917fe03,940abb8a-6d9b-46f0-b9b1-37ab0a387dac,66604,05/14/2018 to 10/08/2018,Mon: 7:00 AM-11:30 AM;,,,,,,
1006547,Monroe County Farmer's Market,20 E. Willow St.,71b801ac-bbf3-45f6-9ddc-fc3956e61418,032e559b-c41b-49ee-9f3f-d45d6205d338,1567e172-94ab-4222-b635-6b669c2aa787,48162,01/01/2021 to 01/01/2021,Tue: 7:00 AM-12:00 PM;Sat: 7:00 AM-12:00 PM;,06/15/2021 to 06/15/2021,Tue: 3:00 PM-7:00 PM;Sat: 7:00 AM-1:00 PM;,,,,
1012314,Monroe Farmers Market ,10th St and 16th Ave,71b801ac-bbf3-45f6-9ddc-fc3956e61418,cbace59d-facc-4a94-816e-934a3d3c77e6,e8d05643-2a60-4ca6-a077-819f50879428,53566,05/01/2021 to 05/01/2021,Wed: 1:00 AM-3:00 PM;Sat: 8:00 AM-1:00 PM;,11/13/2021 to 11/13/2021,Sat: 9:00 AM-12:00 PM;,,,,
1019844,Montavilla Farmers Market,7700 Block of SE Stark Street,f16c662e-12fb-4870-b21f-8ee8a8e37700,d74ac011-eda7-4bef-99ff-78952c483c5d,01127d9b-01aa-4ef1-9bd2-48f67f513459,97215,05/03/2020 to 10/25/2020,Sun: 10:00 AM-2:00 PM;,,,,,,
1020166,Montclair Village Farmers' Market,"6131 La Salle Ave, Oakland, CA 94611",7a06658c-645b-4af9-a9da-1fbf5f1c3871,584ab1c1-11f7-4ba7-8a5b-98446663453c,7a557091-92bc-49e9-b58a-458458f87711,94611,01/01/2020 to 12/31/2020,Sun: 9:00 AM-1:00 PM;,,,,,,
1004297,MONTEVALLO FARMERS MARKET,Middle Street and Island Street,d2671c04-efc7-4098-8a61-f832e1b436de,afc68372-21d9-40de-ad2e-b45c9a691fc9,a99466fa-d385-4f64-a230-de4dde953216,35115,06/01/2020 to 08/17/2020,Mon: 3:00 PM-6:00 PM;,,,,,,
1020085,Montgomery County Farmers' Market,153 South Maysville Street,9ecb316b-d0a0-4953-b2a5-54419aa4efff,67f1ece3-06e3-4863-9005-e8741bf3d0fb,26759049-be66-49a3-8617-64f28a0ad262,40353,06/20/2020 to 10/14/2020,Wed: 7:00 AM-12:00 PM;Sat: 7:00 AM-12:00 PM;,,,,,,
1021377,Monticello Market on the Square,119 W. Washington St.,2aa34e14-514a-46be-b8ba-33569d52b8bc,7ea53444-a4bc-4dcc-b025-3f49aa39adf3,4db220e9-057f-4385-bafb-37fbea280645,31064,05/22/2021 to 05/22/2021,Sat: 8:00 AM-2:00 PM;,,,,,,
1011901,Montour Falls Farmers Market,300 West Main Street,d87e594f-6c06-42e9-be12-cfb76476f811,903435d9-5f8b-4b7e-94bd-3dbdaaca9e2a,7dd79c73-5476-44d1-8d08-54ed1287ed03,14865,05/03/2018 to 10/04/2018,Thu: 4:00 PM-7:00 PM;,,,,,,
1019507,Montrose Farmers Market - Summer,S. Uncompahgre and S. 1st Street,df097c82-91a8-4fb6-a998-e3233dac1378,0fda7b96-ebd7-4a3b-8c27-1abd860b1f51,e1f09524-7ac6-416d-ba58-0c07f3d72e11,81401,05/11/2019 to 10/26/2019,Sat: 9:00 AM-1:00 PM;,11/02/2019 to 12/21/2019,Sat: 10:00 AM-1:00 PM;,01/04/2020 to 05/02/2020,Sat: 10:00 AM-1:00 PM;,,
1021430,Moonlight Market,11110 Johnson Drive,d4b14142-8675-4c1f-8762-ad2c76ce9f5b,35b808c7-3b58-4261-b5a8-8193cebdb1c8,940abb8a-6d9b-46f0-b9b1-37ab0a387dac,66203,05/20/2021 to 05/20/2021,Thu: 4:00 PM-8:00 PM;,,,,,,
1019480,Moreland Farmers Market,1400 SE Bybee Blvd,f16c662e-12fb-4870-b21f-8ee8a8e37700,d74ac011-eda7-4bef-99ff-78952c483c5d,01127d9b-01aa-4ef1-9bd2-48f67f513459,97202,05/01/2019 to 10/30/2019,Wed: 2:00 PM-7:00 PM;,,,,,,
1018573,Morgan County Farmers Market,Intersection Main and Kennebec,7a757481-a997-4df1-8c66-7a28c840db3b,3875c15a-4b76-4cf0-a0ad-78922bab44db,82136789-d0c5-4229-8cac-b731a5361c03,43756,06/01/2018 to 09/01/2018,Thu: 11:00 AM-1:00 PM;,,,,,,
1018314,Morgan County Farmers' Market Association,Main St. & Indiana St.,a4b9aa41-a058-4269-a8a7-751668d8ca6b,3875c15a-4b76-4cf0-a0ad-78922bab44db,1f92cbc1-8f4b-4538-95dd-366fc23a8da5,46151,05/09/2020 to 10/10/2020,Sat: 9:00 AM-1:00 PM;,,,,,,
1018317,Morgan County Farmers' Market Association,Monroe & Main St.,2ebb5d8a-6ce8-438c-aee2-cabeeaed4785,3875c15a-4b76-4cf0-a0ad-78922bab44db,1f92cbc1-8f4b-4538-95dd-366fc23a8da5,46158,05/05/2020 to 09/29/2020,Tue: 3:00 PM-7:00 PM;,,,,,,
1021252,Morgan County Winter Farmers' Market Association,240 E Washington St.,04969315-c171-4e58-83fa-25efc022a692,3875c15a-4b76-4cf0-a0ad-78922bab44db,1f92cbc1-8f4b-4538-95dd-366fc23a8da5,46151,10/24/2020 to 12/19/2020,Sat: 9:00 AM-12:30 PM;,,,,,,
1012560,Morganton Farmer's Market,111 North Green Street,375ea7f1-7bad-4508-b9ab-2fe9c57ae787,ebaa2bcf-21d2-40e7-bef4-e80da49b5d8e,39f00a75-0499-4de4-9c99-0cb1fdb2568a,28655,05/06/2020 to 10/28/2020,Wed: 12:00 PM-4:00 PM;,05/02/2020 to 10/31/2020,Sat: 8:00 AM-12:00 PM;,,,,
1021656,Morningside Farmers Market,1411 N. Morningside Drive NE,202458b7-e1c0-4ed9-aa98-b55e69106981,2deee92f-6033-461c-a02b-313966af93e2,4db220e9-057f-4385-bafb-37fbea280645,30306,01/01/2022 to 01/01/2022,Sun: 8:00 AM-11:30 AM;,,,,,,
1021467,Morris County Winter Farmers' Market,6 Normandy Heights Rd,9ca7845b-d221-4e2b-9c8c-0633c834b7a8,a973682a-cc0d-4f30-9b4a-6da3ec982981,fb17e9e8-f8a8-4928-8ac2-94bbf6405d9f,07960,12/05/2021 to 12/05/2021,Sun: 10:00 AM-1:00 PM;,,,,,,
1020162,Morro Bay Main Street Farmers Market,Main St. and Morro Bay Blvd.,bc0201a5-850b-4226-8d99-72a7a77e1b70,a3dd6175-d6cc-402f-8bb2-f820367197af,7a557091-92bc-49e9-b58a-458458f87711,93442,01/01/2020 to 12/31/2020,Sat: 2:30 PM-5:30 PM;,,,,,,
1018926,Moscow Farmers Market,"400 South Main, Moscow, Idaho 83843",e1644337-f4e9-4bf8-81e9-19d0f256c2a8,0f72ca23-3da3-4204-a34e-456e362fe9d8,34db3808-70ee-4d72-96b7-31220659bda5,83843,05/05/2018 to 10/27/2018,Sat: 8:00 AM-1:00 PM;,,,,,,
1005559,Mosinee Farm Market,1101 Main Street,2a0493cd-de14-4455-a689-397f83178939,bb412ea1-4b2a-4eb6-b42f-adf151034bd8,e8d05643-2a60-4ca6-a077-819f50879428,54455,06/02/2020 to 10/27/2020,Tue: 12:00 PM-5:00 PM;,,,,,,
1005499,Mount Carroll Farmers Market,116 E Market Street,2e022d93-8406-4906-bbc2-c378b7605e1f,572ddd95-75aa-46f2-ab06-c35803b4818c,f3414562-68d9-4389-bd7c-0efe5455715f,61053,05/22/2021 to 05/22/2021,Sat: 8:00 AM-12:00 PM;,,,,,,
1018991,Mount Hope Farmers Market,250 Metacom Ave,57fde2fb-80f7-4666-800d-15cbc7dc7f52,effde010-1378-444c-b68a-7dc24993fb92,a8a2bc3a-b405-485c-a8b5-f2fb1841df29,02809,01/01/2018 to 12/31/2018,Sat: 9:00 AM-12:30 PM;,,,,,,
1004717,Mount Pleasant Farmers Market,645 Coleman Boulevard,0b45c9f6-2a4c-42a1-a749-322e64aac12c,0e1a655c-d0ae-404a-af43-5a368302b993,25286054-2f43-4edf-9415-c089a5cfd371,29464,04/06/2021 to 04/06/2021,Tue: 3:30 PM-7:00 PM;,,,,,,
1018995,Mount Pleasant Farmers' Market,3200 Mt. Pleasant St NW ,14ebb735-3b4e-4322-b1ff-364e95f10683,6553ba79-594c-47cd-a6f7-d5380b708f86,6b6ed003-0cca-4516-9dc2-71517407fa49,20010,01/01/2021 to 12/31/2021,Sat: 9:00 AM-1:00 PM;,,,,,,
1000585,Mountain Fresh Oakland Farmers Market,5 Town Park Lane,7a06658c-645b-4af9-a9da-1fbf5f1c3871,4a38951c-9e1f-4eba-82f6-8832f68cdb2d,c5b0ab35-2326-49a5-b543-8e5bb1c71ed5,21550,06/01/2021 to 06/01/2021,Wed: 10:00 AM-1:00 PM;Sat: 10:00 AM-1:00 PM;,,,,,,
1021307,Mt Airy Farmers' Market,601 Carpenter Lane,7a8448fb-98f0-4837-8ac9-280be43a76c9,30f2e6e8-02e2-4c37-b99f-1cf934694676,3ffc900b-d7c0-4b07-8aba-7df870781580,19119,06/17/2021 to 06/17/2021,Thu: 2:00 PM-6:00 PM;,,,,,,
1021288,Mt. Pleasant Farmers' Market - Broadway Street,Broadway Street between Main & University Streets,0b45c9f6-2a4c-42a1-a749-322e64aac12c,3958d9d7-9f46-470f-9e80-bb6878a6cdbf,1567e172-94ab-4222-b635-6b669c2aa787,48858,06/19/2021 to 06/19/2021,Sat: 9:00 AM-2:00 PM;,,,,,,
1021287,Mt. Pleasant Farmers' Market - Island Park,331 N. Main Street,0b45c9f6-2a4c-42a1-a749-322e64aac12c,3958d9d7-9f46-470f-9e80-bb6878a6cdbf,1567e172-94ab-4222-b635-6b669c2aa787,48858,05/06/2021 to 05/06/2021,Thu: 7:30 AM-2:00 PM;,,,,,,
1021571,Mt.Washington Farmer's Market ,320 N.Bardstown rd,c9e1cf7e-7b24-4d2d-82a6-9ec6a8b94d37,e124d769-f752-475b-a3a6-2f54b3c04675,26759049-be66-49a3-8617-64f28a0ad262,40047,06/05/2021 to 06/05/2021,Wed: 4:00 PM-7:00 PM;Sat: 8:00 AM-12:00 PM;,,,,,,
1010316,Mulberry Market,1155 College Street,0196683f-c824-4132-9aff-a24b5e647461,a5bc75f9-c523-4d2b-aee3-f7992dad56d8,4db220e9-057f-4385-bafb-37fbea280645,31201,01/01/2014 to 01/01/2014,Wed: 3:30 PM-6:00 PM;,,,,,,
1012725,Muldoon Farmers Market,1301 Muldoon Road,61617102-6ed6-4d75-85a3-f65774603276,b34c1c28-f9e3-4f28-8f0e-de7962f8ce59,157c9f31-b275-48a2-b141-baacb08f6d03,99504,06/26/2021 to 06/26/2021,Sat: 9:30 AM-2:30 PM;,,,,,,
1018924,Muncie Makers Market ,"Outside at Books & Brews, 2100 West White River Boulevard",630dce6d-e788-4e77-906e-179cd9853d61,418f174e-bf97-49e0-a75c-0d5414d30589,1f92cbc1-8f4b-4538-95dd-366fc23a8da5,47303,01/01/2021 to 12/31/2021,Sat: 4:00 PM-7:00 PM;,,,,,,
1018931,Munising Farmers' and Artisans' Market,Veteran's Drive,335994d2-d66c-451d-b434-323ef64ec683,c07d59d5-fc2b-4a01-b74d-03124e2a2b44,1567e172-94ab-4222-b635-6b669c2aa787,49862,05/29/2018 to 10/02/2018,Tue: 4:00 PM-7:00 PM;,,,,,,
1019857,Murrysville Farmers' Market,3235 Sardis Road,aabe7f5a-089a-4429-98ff-680b56668d28,9d1c7c03-6833-413b-b588-9b47b203331e,3ffc900b-d7c0-4b07-8aba-7df870781580,15668,,,,,,,,
1018903,My Matanuska Marketplace,610 S Valley Way,b22d6c31-cdea-4233-b3c4-7fb53353dc71,ac40ef5e-d065-4575-b1cf-a69ee9731d7c,157c9f31-b275-48a2-b141-baacb08f6d03,99645,01/01/2018 to 12/31/2018,Mon: 10:30 AM-5:30 PM;,,,,,,
1019682,Myersville Farmers Market,301 Main Street,541cbfc6-ef29-4dc8-87ba-69917834f84a,f45b1f0e-df65-421e-b381-0f32d05253e4,c5b0ab35-2326-49a5-b543-8e5bb1c71ed5,21773,04/13/2019 to 10/26/2019,Sat: 9:00 AM-12:00 PM;,11/16/2019 to 04/04/2020,Sat: 7:00 AM-10:30 AM;,,,,
1011535,Napa Downtown Farmers Market,1100 West Street,acc22736-a61b-4077-a482-e7a21d499286,d55bd27b-e287-40f3-8d6b-de59ed2aa2d9,7a557091-92bc-49e9-b58a-458458f87711,94559,01/04/2020 to 12/26/2020,Sat: 8:00 AM-12:00 PM;,04/07/2020 to 10/27/2020,Tue: 8:00 AM-12:00 PM;,,,,
1020055,Narrowsburg Farmers' Market,7 Erie Avenue,516058d0-dd12-417a-9067-1146977468e0,a8099063-abc0-4fb4-a4e7-e5e533ebfbd4,7dd79c73-5476-44d1-8d08-54ed1287ed03,12764,05/16/2020 to 10/31/2020,Sat: 10:00 AM-1:00 PM;,,,,,,
1003081,Nash County Farmers Market in Rocky Mount,1006 Peachtree St.,65269650-d123-4095-aa00-9e94e0301a98,9fa81919-30eb-472f-8213-e52149931343,39f00a75-0499-4de4-9c99-0cb1fdb2568a,27804,04/03/2021 to 04/03/2021,Sat: 8:00 AM-1:00 PM;,06/05/2021 to 06/05/2021,Tue: 3:00 PM-6:00 PM;,,,,
1020017,Natick Winter Market,Common Street,21f6cd8a-76bc-4282-a503-576ecbfdcf04,ceef5aa1-8ef7-4d6e-9360-fd847f814047,fd0813ee-0dcf-4cef-8953-1e30d4412de6,01760,11/07/2020 to 11/07/2020,Sat: 9:00 AM-1:00 PM;,,,,,,
1021715,Navarro Farm,22155 S.104th Ave.,a56f4693-c894-4ab9-b8e3-467577b21b15,f603d1d6-7e06-491a-af00-ee305fe80603,f3414562-68d9-4389-bd7c-0efe5455715f,60423,06/22/2022 to 06/22/2022,Wed: 3:00 PM-5:00 PM;Sat: 8:00 AM-1:00 PM;,,,,,,
1021642,Nederland Farmers Market,80 E. Second St.,b03f6393-7a08-4fee-873b-773610126f9e,e83caa2c-04a9-41d2-906b-e76f0f3cedc0,e1f09524-7ac6-416d-ba58-0c07f3d72e11,80466,05/22/2022 to 05/22/2022,Sun: 10:00 AM-2:00 PM;,10/03/2021 to 10/03/2021,Sun: 10:00 AM-4:00 PM;,,,,
1018702,Needham Farmers Market,Garrity Way,1f11e38f-867b-4840-8090-e27c8acf676b,5bfbab83-dab7-408f-9979-cc8e503c4265,fd0813ee-0dcf-4cef-8953-1e30d4412de6,02492,05/27/2018 to 11/18/2018,Sun: 12:00 PM-4:00 PM;,,,,,,
1019737,Neosho Farmers Market,Spring & Jefferson St,c3760441-51a3-4afb-a65f-898d212d271b,b8e83fc3-3434-4370-a7e0-7ca151ee7448,743439a8-1642-4103-abcb-1ef114ce801a,64850,05/02/2020 to 10/03/2020,Sat: 9:00 AM-12:00 PM;,,,,,,
1021634,Netcong Community Marketplace/Farmers Market,Rt. 46 & Main Street,e114f4b9-7833-4922-8477-94427f3a4315,a973682a-cc0d-4f30-9b4a-6da3ec982981,fb17e9e8-f8a8-4928-8ac2-94bbf6405d9f,07857,,Sat: 10:00 AM-2:00 PM;,,,,,,
1019908,Neutaconkanut Farmers Market,675 Plainfield St,39368a3d-8ee7-4adb-a43c-b69cdc3de21e,798f9f6f-ec3b-4ae4-a619-3421addd2d51,a8a2bc3a-b405-485c-a8b5-f2fb1841df29,02909,07/06/2020 to 10/26/2020,Mon: 3:00 PM-6:00 PM;,,,,,,
1019725,New Baltimore Farmers Market,On Washington Street between Main & Front Streets in Historic Downtown,807496bd-e2c5-4307-b633-966e5e7ee460,4641b07d-ea3d-456c-811c-bf21322eecbb,1567e172-94ab-4222-b635-6b669c2aa787,48047,05/03/2020 to 10/25/2020,Sun: 9:00 AM-2:00 PM;,11/28/2020 to 11/28/2020,Sat: 10:00 AM-3:00 PM;,,,,
1012739,New Bedford Farmers Market- Brooklawn Park,1997 Acushnet Ave.,a37e219c-84db-4ae0-ba55-e337975a5356,effde010-1378-444c-b68a-7dc24993fb92,fd0813ee-0dcf-4cef-8953-1e30d4412de6,02745,06/03/2019 to 10/28/2019,Mon: 2:00 PM-6:00 PM;,,,,,,
1012738,New Bedford Farmers Market- Clasky Common Park,1119 Pleasant St.,a37e219c-84db-4ae0-ba55-e337975a5356,effde010-1378-444c-b68a-7dc24993fb92,fd0813ee-0dcf-4cef-8953-1e30d4412de6,02740,06/01/2019 to 10/26/2019,Sat: 10:00 AM-2:00 PM;,,,,,,
1019348,New Bedford Farmers Market- Downtown/Custom House Square,466 Brock Ave,7a3238a2-34b4-4475-8c7c-dc2b51c3d9f3,effde010-1378-444c-b68a-7dc24993fb92,fd0813ee-0dcf-4cef-8953-1e30d4412de6,02740,06/06/2019 to 10/24/2019,Thu: 2:00 PM-6:00 PM;,,,,,,
1012737,New Bedford Farmers Market- Indoor ,101 West Rodney French Blvd,7a3238a2-34b4-4475-8c7c-dc2b51c3d9f3,effde010-1378-444c-b68a-7dc24993fb92,fd0813ee-0dcf-4cef-8953-1e30d4412de6,02744,11/15/2018 to 05/30/2019,Thu: 2:00 PM-5:30 PM;Sat: 10:00 AM-2:00 PM;,,,,,,
1021478,New Braunfels Food Bank Farmers' Market,1620 S. Seguin Ave,0736f3ee-605c-4eda-b7e0-7b50b4635b72,f2845a4d-815f-46eb-8b61-b33f457c962d,2c777c95-b197-4df6-b0e0-6637a1318fc2,78130,01/01/2021 to 01/01/2021,Wed: 10:00 AM-1:00 PM;,,,,,,
1021601,New Era Farmers Market,1820 Ray Avenue,18cccedd-e079-4fe6-9763-17e0ac658987,36693d4e-c68a-4c5d-ba3a-95f32baaa840,1567e172-94ab-4222-b635-6b669c2aa787,49446,06/22/2021 to 06/22/2021,Tue: 4:00 PM-7:00 PM;,,,,,,
1019227,New Glarus Farmers Market,1101 Hwy 69 ,d409e1ac-8537-48c8-b446-311993e5cec4,cbace59d-facc-4a94-816e-934a3d3c77e6,e8d05643-2a60-4ca6-a077-819f50879428,53574,05/10/2019 to 10/18/2019,Fri: 3:00 PM-6:30 PM;,,,,,,
1019879,New Grand Island Farmers Market,,849458f6-ff76-4883-b9cd-5d3cd898ba21,7de17881-f843-4175-926b-33f134d53c3c,9d7cc9b4-b9db-4c4e-b267-425d9a3e46b4,,06/01/2020 to 09/30/2020,Wed: 5:00 PM-7:30 PM;,,,,,,
1021632,New Harmony Farmers & Artisans Market,407 West Tavern St.,0ffff260-10b4-40a7-9a8f-be596664863b,c35ea779-b10f-40f2-b20f-05d2a8447bfe,1f92cbc1-8f4b-4538-95dd-366fc23a8da5,47631,04/23/2021 to 04/23/2021,Sat: 9:00 AM-12:00 PM;,,,,,,
1020043,New Harvest Farmers' Market,4775 New Harvest Lane,14435f3c-81a5-428b-9e72-4ace81bb6247,eb6845f2-efac-484c-b086-f8f43cbb1e92,e7416093-d979-43e8-952c-06d2b35b5956,37918,04/22/2021 to 04/22/2021,Thu: 3:00 PM-6:00 PM;,,,,,,
1005939,New Haven - CitySeed Downtown Farmers Market,Church St. ,63a70a5d-3ca2-41b7-827c-789611c1dd8c,d4e029df-3da9-48be-8fcb-71ce66531fd7,e27aa654-8f84-43d8-bc72-d501fb165262,06510,06/27/2018 to 10/31/2018,Wed: 11:00 AM-2:00 PM;,,,,,,
1005991,New Highland Baptist Church Farmers Market,9200 New Ashcake Road,61b362ae-90c3-4f46-9185-eb65d4f7eb07,a25cb146-87ee-4cde-88cf-b71c199e5af1,6dd53333-5181-463f-abcb-fcb91c8ec710,23116,05/16/2018 to 10/17/2018,Wed: 4:00 PM-7:00 PM;,,,,,,
1021336,New Orleans East Hospital Farmer's Market,5620 Read Boulevard,5283a67f-8ca5-4d82-87c0-20764f64d1e1,ccaa7088-377b-4f80-ad92-c9cc84db0219,8eab0d88-b9c8-4da4-a6a4-9d4a0327af9c,70127,02/18/2021 to 02/18/2021,Tue: 3:00 PM-6:00 PM;Thu: 12:00 PM-3:00 PM;,,,,,,
1021549,Newburgh Farmers' Market,97 Broadway,cd7cae9c-667f-4c18-9ad0-32e0b905d9b8,90ee16f9-2d16-4ca0-8b4a-bdd55cd5f5a1,7dd79c73-5476-44d1-8d08-54ed1287ed03,12550,06/12/2021 to 06/12/2021,Sat: 9:00 AM-2:00 PM;,,,,,,
1021708,Newcastle Farmers Market,,abb3d477-5442-4153-8e1e-ee05ac396630,8807cd30-fdaa-4f20-bf5b-1772c264fc6d,b969a275-4f8c-4575-9b14-a40c9e53be44,82701,07/07/2022 to 07/07/2022,Thu: 5:00 PM-7:00 PM;,,,,,,
1012044,Newmarket Farmers Market ,5 Granite St ,f6e6b055-edf6-417d-9fa9-47d617a20e71,4ccf2809-b4f4-4eaa-b46d-0beba0ea2e52,97451c0b-a2d4-4498-ba04-00201d9018f1,03875,,Sun: 9:00 AM-12:00 PM;,,,,,,
1019240,Newport Beach Certified Farmers' Market by Farmer Mark ,1 McFadden Place,3be0c2fb-5310-4f27-bd9a-50be797b0ebb,90ee16f9-2d16-4ca0-8b4a-bdd55cd5f5a1,7a557091-92bc-49e9-b58a-458458f87711,92663,01/01/2021 to 01/01/2021,Sun: 9:00 AM-1:00 PM;,,,,,,
1019294,Nicholasville Farmers Market,717 N. Main Street,6a2c497d-4b27-4296-a646-4f938a5237d7,fade016f-98bf-4fb5-b2c9-ec614d678074,26759049-be66-49a3-8617-64f28a0ad262,40356,04/28/2018 to ,,,,,,,
1019883,Norfolk Farmers Market,,f40998e9-6573-41d8-9f8a-8e58faaee45e,583cff19-3af2-45db-bf77-8993ee90ec35,9d7cc9b4-b9db-4c4e-b267-425d9a3e46b4,,06/01/2020 to 09/30/2020,Tue: 4:30 PM-6:30 PM;Thu: 4:30 PM-6:30 PM;,,,,,,
1010614,NORFOLK FARMERSвЂ™ MARKET,19 Maple Avenue,4044f196-9514-4089-a101-c21afc769df8,865f3fdd-e8f9-4290-a7e5-56a4e00eb027,e27aa654-8f84-43d8-bc72-d501fb165262,06058,06/12/2021 to 06/12/2021,Sat: 10:00 AM-1:00 PM;,,,,,,
1021279,North Albany Farmer's Market,6980 nw hwy 20,770bdadc-58d1-4b91-b7a8-f8f8e976b38d,162e9307-c023-4792-9afa-4acab5ff724a,01127d9b-01aa-4ef1-9bd2-48f67f513459,97321,02/11/2021 to 02/11/2021,Thu: 1:00 PM-4:00 PM;,05/13/2021 to 05/13/2021,Thu: 1:00 PM-4:00 PM;,,,,
1020066,North Berkeley Farmers' Market,Shattuck and Vine,b652ca01-2d81-4212-be1a-22a2e263dea6,584ab1c1-11f7-4ba7-8a5b-98446663453c,7a557091-92bc-49e9-b58a-458458f87711,94702,01/01/2020 to 12/31/2020,Thu: 3:00 PM-7:00 PM;,,,,,,
1021518,North Branch Farmers Market,6241 Main Street,2e9b1629-facc-46e3-93f9-35f657c5d1b2,ce29008e-9a5a-48db-a2c4-cc3645e6e165,775d2aa3-b0cf-4a6b-a862-16373a107431,55056,07/10/2021 to 07/10/2021,Sat: 8:00 AM-12:00 PM;,,,,,,
1021243,North Canton Farmers' Market,1447 North Main Street,902adddd-45b4-4751-8920-f8f4b1579e2f,471e84ed-25ec-4b00-9788-fdfadfa6b086,82136789-d0c5-4229-8cac-b731a5361c03,44720,06/03/2020 to 12/16/2020,Wed: 3:00 PM-6:00 PM;,,,,,,
1021434,North Canton Farmers' Market,1000 West Maple St,902adddd-45b4-4751-8920-f8f4b1579e2f,471e84ed-25ec-4b00-9788-fdfadfa6b086,82136789-d0c5-4229-8cac-b731a5361c03,44720,05/05/2021 to 05/05/2021,Wed: 3:00 PM-6:00 PM;,,,,,,
1019407,North Creek Farmers Market,"River Front Park, Rail Road Place",5c38e86b-3ed8-4bd6-843f-8c2a1b07a8d8,9aba9c3c-2ffa-4440-ae83-a1aa114aed45,7dd79c73-5476-44d1-8d08-54ed1287ed03,12843,06/20/2019 to 09/19/2019,Thu: 2:00 PM-6:00 PM;,,,,,,
1018875,North End Farmers Market,417 Blust Ave.,50fc5905-0169-4832-9a67-f07be22aa302,b0b1761a-2797-4e8d-87b4-18e55ef4c45e,82136789-d0c5-4229-8cac-b731a5361c03,44903,06/05/2019 to 09/25/2019,Wed: 3:00 PM-6:00 PM;,,,,,,
1021344,North End Farmers Market,311 Bowman St.,5ea1715f-f0ce-4657-ae86-2388fd580856,b0b1761a-2797-4e8d-87b4-18e55ef4c45e,82136789-d0c5-4229-8cac-b731a5361c03,44903,06/03/2021 to 06/03/2021,Thu: 4:00 PM-7:00 PM;,,,,,,
1018184,North Iowa Farmers Market,1st NE and Delaware,23f4e870-fbca-4456-bd81-2285e1f14758,dd5fd018-1847-4b87-93cc-a0725b79d935,02f30189-b9ba-40b5-bb18-c7d22d4b6d4b,50401,05/18/2018 to 10/30/2018,Tue: 4:00 PM-6:30 PM;Fri: 4:00 PM-6:30 PM;,,,,,,
1018550,North Market Farmers' Market,59 Spruce Street,636e566e-a955-4175-925d-c3f319923b3f,944b15fd-d0f0-4def-9b76-0a8ab2987e68,82136789-d0c5-4229-8cac-b731a5361c03,43215,06/02/2018 to 11/10/2018,Sat: 8:00 AM-1:00 PM;Sun: 10:00 AM-3:00 PM;,,,,,,
1001059,North Myrtle Beach Farmers Market,925 First Avenue South,cd849ad0-08e7-4cbe-bc85-43f3fdad8138,5db5df1a-c784-4d12-b570-213fe2a251ea,25286054-2f43-4edf-9415-c089a5cfd371,29582,05/07/2021 to 05/07/2021,Fri: 10:00 AM-3:00 PM;,,,,,,
1004865,North Prairie Farmers Market - Minot,Corner of 3rd Ave SW and Broadway,ffe5de4c-31e7-4c8d-bbd2-a9463b67daeb,254c53fb-c6d7-4f62-b843-a809eb2cf38f,ac4c2f77-5a52-4ffd-a7fb-4b7bcce19a99,58701,07/11/2015 to 07/11/2015,Sat: 11:00 AM-2:00 PM;,,,,,,
1009884,North Square Farmers Market,100 Spring St,b7782300-a169-4917-9b70-c64afd0c95c1,944b15fd-d0f0-4def-9b76-0a8ab2987e68,3ffc900b-d7c0-4b07-8aba-7df870781580,17201,05/23/2020 to 11/21/2020,Sat: 8:00 AM-12:00 PM;,,,,,,
1018455,North St. Mary's County Farmers Market,37600 New Market Turner Road,bc807bca-e1f3-4eec-bf57-8b4beef8ed63,5dd4d8a4-7f99-47e6-8f29-236f3313f458,c5b0ab35-2326-49a5-b543-8e5bb1c71ed5,20622,05/01/2018 to 10/31/2018,Mon: 8:00 AM-6:00 PM;Tue: 8:00 AM-6:00 PM;Wed: 8:00 AM-6:00 PM;Thu: 8:00 AM-6:00 PM;Fri: 8:00 AM-6:00 PM;Sat: 8:00 AM-6:00 PM;,,,,,,
1019640,Northampton Pa Farmers Market,1401 Laubach Avenue Municipal Park,0c2a18db-a301-4e4d-bc61-a7a840e4455e,df68480a-f17d-44ff-b4d4-feadd02ca8c9,3ffc900b-d7c0-4b07-8aba-7df870781580,18067,05/14/2019 to 09/17/2019,Tue: 3:00 AM-6:30 PM;,,,,,,
1003694,Northbrook Farmers Market,Cherry Lane and Meadow Road,c62956a8-7021-431f-92ff-5b6b3e86d2fc,d8223186-8ebb-45c5-a659-85e420d1a15f,f3414562-68d9-4389-bd7c-0efe5455715f,60062,06/16/2021 to 06/16/2021,Wed: 7:00 AM-1:00 PM;,,,,,,
1006780,Northeast Minneapolis Farmers Market,University Avenue NE and 7th Avenue NE ,b211ef9d-760b-4b07-bb35-a9be57dafe69,80eca9e2-aee8-4974-ad6c-6b1a90ce0795,775d2aa3-b0cf-4a6b-a862-16373a107431,55413,05/16/2020 to 10/17/2020,Sat: 9:00 AM-1:00 PM;,,,,,,
1010755,Northeast Washington (NEW) Farmers Market,Corner of Main and Astor,e0f99bf7-4358-40a1-a1b5-794a57f3868a,64d7589d-e06f-412f-b89f-d6210d846205,e1b87cb5-fdcd-4e67-adf7-e25bd794503c,99114,05/02/2015 to 05/02/2015,Wed: 9:00 AM-1:00 PM;Sat: 9:00 AM-1:00 PM;,,,,,,
1002764,Northport Farmers Market,105 S. Bay Street,2e1f8a97-4496-4b41-93bf-cf3c7385f9c6,7a56c455-2447-43a8-9b44-b6c68974b15c,1567e172-94ab-4222-b635-6b669c2aa787,49670,06/04/2021 to 06/04/2021,Fri: 9:00 AM-1:00 PM;,,,,,,
1018728,Northridge Farmers Market and family festival,9301 tampa ave,1a0be227-b078-4988-bd01-1789ccb410fc,b66dd93f-9a8d-4056-8980-fc2698aa3c61,7a557091-92bc-49e9-b58a-458458f87711,91324,03/14/2018 to 10/31/2018,Wed: 5:00 PM-9:00 PM;,,,,,,
1019815,Northside Farmers Market,4222 Hamilton Ave,9340a65e-f715-47f1-8455-54536e35825c,a34d93bf-44d2-4e0f-b7ee-b9016a86e2e8,82136789-d0c5-4229-8cac-b731a5361c03,45223,01/01/2021 to 12/31/2021,Wed: 4:00 PM-6:00 PM;,,,,,,
1021379,Northside Farmers' Market,2901 N. Sherman Ave.,3ab8f410-c2f6-405a-9d6d-17cf3b770855,602cbc04-4748-4578-83c1-db779d1103d1,e8d05643-2a60-4ca6-a077-819f50879428,53704,05/09/2021 to 05/09/2021,Sun: 8:30 AM-12:30 PM;,10/31/2021 to 10/31/2021,Sun: 10:00 AM-1:00 PM;,,,,
1021554,Northville Farmers Market,Corner of 7 Mile and Center Streets,240e3008-0402-4d07-899e-59fc69eccf8f,8f722dc3-6e1e-4775-b2b3-c06cda821c68,1567e172-94ab-4222-b635-6b669c2aa787,48167,05/06/2021 to 05/06/2021,Thu: 8:00 AM-3:00 PM;,,,,,,
1019008,Norwich Farmers Market,2-75 North Broad Street,1934cff9-f466-44a6-88a2-757dde2bf744,1e86bd11-5339-40d4-9ddb-367b37bdd59e,7dd79c73-5476-44d1-8d08-54ed1287ed03,13815,01/06/2021 to 01/06/2021,Mon: 12:00 PM-6:00 PM;Tue: 12:00 PM-6:00 PM;Wed: 10:00 AM-2:00 PM;Thu: 12:00 PM-6:00 PM;Fri: 12:00 PM-4:00 PM;Sun: 12:00 PM-6:00 PM;,,,,,,
1019345,Nourish Knoxville's Winter Farmers' Market,500 Howard Baker Jr Ave,14435f3c-81a5-428b-9e72-4ace81bb6247,eb6845f2-efac-484c-b086-f8f43cbb1e92,e7416093-d979-43e8-952c-06d2b35b5956,37915,01/09/2021 to 01/09/2021,Sat: 11:00 AM-1:00 PM;,,,,,,
1020054,NOVA Central Farm Market,543 Beulah Road,6813f483-5213-4c8e-a387-bf71b4a2f68b,2f65e4d4-a27c-4c98-b725-d3331a4512c2,6dd53333-5181-463f-abcb-fcb91c8ec710,22180,04/05/2020 to 12/27/2020,Sun: 8:30 AM-1:00 PM;,01/05/2020 to 03/29/2020,Sun: 9:00 AM-1:00 PM;,,,,
1019127,Nutley Farmers Market,537 Franklin Avenue,39b9a6d2-428f-42a3-b73f-c31a0948d85c,32b3456a-fa18-4d19-8296-c50b5727825e,fb17e9e8-f8a8-4928-8ac2-94bbf6405d9f,07110,06/17/2018 to 10/28/2018,Sun: 9:00 AM-2:00 PM;,,,,,,
1019828,Oak Creek Farmers Market,Drexel Town Square,2753bcab-12ff-4325-b6be-e2fc786c56ae,3c8376ac-fa0b-4d3a-8203-2387e18eeda5,e8d05643-2a60-4ca6-a077-819f50879428,53154,06/02/2018 to 10/01/2018,Sat: 9:00 AM-3:00 PM;,06/08/2019 to 10/01/2019,Sat: 9:00 AM-2:00 PM;,06/06/2020 to 10/01/2020,Sat: 9:00 AM-2:00 PM;,,
1021566,Oak Hill Hops,3051 W STREETSBORO RD,587b8de0-0ef6-4914-955c-60a65fee81db,dc893caa-fdd2-40da-b3bc-40c037f4ad5c,82136789-d0c5-4229-8cac-b731a5361c03,44286,01/01/2021 to 01/01/2021,Sun: 2:00 PM-5:00 PM;,,,,,,
1019488,Oak Marr,3200 Jermantown Road,18dba704-7d50-4b49-9656-018871d179d3,2f65e4d4-a27c-4c98-b725-d3331a4512c2,6dd53333-5181-463f-abcb-fcb91c8ec710,22124,05/01/2019 to 11/13/2019,Wed: 8:00 AM-12:00 PM;,,,,,,
1018829,Oak Square Farmers Market,640 Washington Street,e25216f2-b9e4-4646-b32b-c7dbe71d355f,c7509f7c-c956-492e-983a-c4c1c4e841ea,fd0813ee-0dcf-4cef-8953-1e30d4412de6,02135,06/07/2017 to 08/30/2017,Wed: 4:00 PM-7:30 PM;,,,,,,
1019223,Oakcrest Farmers Market,1300 Capitol Heights Blvd,ac1ce1ec-138e-4824-b914-b0c5307f0701,016a61c2-2a1c-4f73-a19b-86c2d67348f3,c5b0ab35-2326-49a5-b543-8e5bb1c71ed5,20743,07/06/2018 to 09/07/2018,Fri: 3:00 PM-7:30 PM;,,,,,,
1019971,Oakhurst Farmers Market,"630 East Lake Drive, SUITE E",6a3db724-0681-406b-ad22-a556caf68dad,8cdd02a4-61a8-41c4-8b14-d68d843d6de4,4db220e9-057f-4385-bafb-37fbea280645,30030,,Sat: 9:00 AM-1:00 PM;,,,,,,
1019353,Ocala Downtown Market,corner of SE 3rd Street and SE 3rd Avenue,f9db44ef-fe23-43e2-84e1-24a328045677,d5028103-f10b-4f88-8424-6ead4335ae33,7b0326e1-5b5a-47e8-8933-7dce24e815dc,34471,01/01/2019 to 12/31/2019,Sat: 9:00 AM-2:00 PM;,,,,,,
1001839,Ocean Beach Certified Farmers Market,4900 Newport Avenue,5572ca20-a993-41ea-bcf1-8d49fe995ead,140caaf5-0e04-464d-a5b7-2874d1baff93,7a557091-92bc-49e9-b58a-458458f87711,92107,01/01/2018 to 12/31/2018,Wed: 4:00 PM-8:00 PM;,,,,,,
1006250,"Ocean City, NJ Farmers & Crafters Market",6th Street & Asbury Avenue,4279aec6-6ae5-40c6-b32a-cf37c1fb95da,695ced88-2b03-4daa-9824-dcec9637e4cf,fb17e9e8-f8a8-4928-8ac2-94bbf6405d9f,08226,06/24/2020 to 09/30/2020,Wed: 8:00 AM-1:00 PM;,,,,,,
1019200,Ocean Pines Farmers & Artisans Market,239 Ocean Parkway,b5f4a102-4fb0-4db4-8f19-e25634677e45,b0c667e5-f1d0-4254-9d83-d5470e538b04,c5b0ab35-2326-49a5-b543-8e5bb1c71ed5,21811,01/01/2018 to 12/31/2018,Sat: 8:00 AM-1:00 PM;,,,,,,
1021412,Ohio Valley Farmers' Market,3200 Union St,1992e42c-0fbb-4c5f-8e83-19f3a15df1f2,b505bcd8-da07-41aa-a1bd-efc81d9f0c70,82136789-d0c5-4229-8cac-b731a5361c03,43906,05/15/2021 to 05/15/2021,Sat: 9:00 AM-12:00 PM;,,,,,,
1021413,Ohio Valley Farmers' Market,67800 Mall Rd,84f9d442-96c6-43dd-840d-06ce5d92dab8,b505bcd8-da07-41aa-a1bd-efc81d9f0c70,82136789-d0c5-4229-8cac-b731a5361c03,43950,05/20/2021 to 05/20/2021,Thu: 4:00 PM-7:00 PM;,,,,,,
1001271,OHSU Farmers Market,"Mailcode L338, 3181 SW Sam Jackson Park Rd",f16c662e-12fb-4870-b21f-8ee8a8e37700,d74ac011-eda7-4bef-99ff-78952c483c5d,01127d9b-01aa-4ef1-9bd2-48f67f513459,97239,06/04/2019 to 09/24/2019,Tue: 10:00 AM-2:00 PM;,,,,,,
1021356,Old Capitol Farmers Market,4th and Adams,ded72d8c-6d0a-4274-a44d-38338b34506d,b548def3-8685-443c-8938-3bdfb19b7891,f3414562-68d9-4389-bd7c-0efe5455715f,62701,05/12/2021 to 05/12/2021,Wed: 8:00 AM-12:00 PM;Sat: 8:00 AM-12:00 PM;,,,,,,
1020130,Old L.A. Certified Farmers Market,North Figueroa & Ave. 58,6ff8db60-b681-4738-8580-d243b33091e3,b66dd93f-9a8d-4056-8980-fc2698aa3c61,7a557091-92bc-49e9-b58a-458458f87711,90042,01/01/2021 to 01/01/2021,Tue: 3:00 PM-7:00 PM;,,,,,,
1020131,Old L.A. Certified Farmers Market,N Figueroa & Ave. 58,6ff8db60-b681-4738-8580-d243b33091e3,b66dd93f-9a8d-4056-8980-fc2698aa3c61,7a557091-92bc-49e9-b58a-458458f87711,90042,01/01/2020 to 12/31/2020,Tue: 3:00 PM-8:00 PM;,,,,,,
1020146,Old Oakland Farmers' Market,492 9th street,7a06658c-645b-4af9-a9da-1fbf5f1c3871,584ab1c1-11f7-4ba7-8a5b-98446663453c,7a557091-92bc-49e9-b58a-458458f87711,94609,01/01/2020 to 12/31/2020,Fri: 8:00 AM-2:00 PM;,,,,,,
1009659,Old Stadium Park (People's Open Market),2237 South King Street,b98a099d-6f60-4831-83da-00380709ab2b,e9f50e89-e238-48ed-af04-05bddd9ae446,4c8a3dce-226c-409e-b551-8c6a90ecf266,,01/01/2019 to 12/31/2019,Wed: 8:00 AM-9:00 AM;,,,,,,
1010865,Olde Beaufort Farmers' Market,300 Courthouse Square,b5ce42ad-6bac-43d2-aaf8-7bc5d0d0798e,b257f85a-0c8d-49d1-9324-7c7473c9985d,39f00a75-0499-4de4-9c99-0cb1fdb2568a,28516,04/01/2020 to ,Sat: 9:00 AM-1:00 PM;,,,,,,
1021667,Olde Pickerington Farmers' Market,89 N Center St ,68bcd95f-bd4c-432d-b4ea-87b1dc7caa5e,987d56fe-c322-4539-b014-6421dace3902,82136789-d0c5-4229-8cac-b731a5361c03,43147,,Thu: 4:00 PM-7:00 PM;,,,,,,
1019646,Olympia Farmers' Market ,700 Capitol Way N,05888c43-86ca-4f77-9175-cdd84c04bb16,6923f3f7-e99b-4bad-a92a-3cd030943c07,e1b87cb5-fdcd-4e67-adf7-e25bd794503c,98501,04/04/2019 to 10/27/2019,Thu: 10:00 AM-3:00 PM;Fri: 10:00 AM-3:00 PM;Sat: 10:00 AM-3:00 PM;Sun: 10:00 AM-3:00 PM;,11/02/2019 to 12/29/2019,Sat: 10:00 AM-3:00 PM;Sun: 10:00 AM-3:00 PM;,01/04/2020 to 03/28/2020,Sat: 10:00 AM-3:00 PM;,,
1018655,Omaha Farmers Market - Aksarben Village,67th & Center Street,b04cd424-ee08-4bc0-9d05-4f1f85aae791,37ddd872-f1b0-4312-827f-f5f250946a61,9d7cc9b4-b9db-4c4e-b267-425d9a3e46b4,68106,05/05/2019 to 10/13/2019,Sun: 9:00 AM-1:00 PM;,,,,,,
1019343,Omaha Farmers Market - Old Market,11th & Jackson Street,b04cd424-ee08-4bc0-9d05-4f1f85aae791,37ddd872-f1b0-4312-827f-f5f250946a61,9d7cc9b4-b9db-4c4e-b267-425d9a3e46b4,68102,,Sat: 8:00 AM-12:30 PM;,,,,,,
1021685,One African! One Nation! Farmers Market,4031 W. Florissant Ave.,364b02c5-b53b-4fd3-ad08-235c7a9447e6,4894be5d-ced8-431d-b708-f58042075691,743439a8-1642-4103-abcb-1ef114ce801a,63107,04/02/2022 to 04/02/2022,Sat: 9:00 AM-4:00 PM;,,,,,,
1001034,Oneida Farmers Market,N7332 Water Circle Place,ab7667d0-67c0-42de-8a74-ecca0533e3a4,cec94c4b-9373-495b-bcec-471362f2955f,e8d05643-2a60-4ca6-a077-819f50879428,54155,06/17/2021 to 06/17/2021,Thu: 12:00 PM-6:00 PM;,,,,,,
1019317,Onslow County Farmers Market,4024 RIchlands Hwy,45c32a0d-4a14-4ccd-85f7-373e1a9edd1b,6ca54548-40cb-4b07-93ff-0d0c39ccb711,39f00a75-0499-4de4-9c99-0cb1fdb2568a,28540,04/10/2021 to 04/10/2021,Sat: 8:30 AM-1:30 PM;,04/13/2021 to 04/13/2021,Tue: 9:30 AM-1:30 PM;,,,,
1021608,Open Air Farmers Market+ At The Dole Mansion,401 Country Club Road,637c066e-b72c-4f83-857b-10152ae4b6d2,e30d4a65-5a75-4556-bfca-4017f5a0c90a,f3414562-68d9-4389-bd7c-0efe5455715f,60014,06/06/2021 to 06/06/2021,Sun: 10:00 AM-2:00 PM;,,,,,,
1018807,Orange Community Farmers' Market,525 Orange Center Road,e3bda958-77a0-4df1-ab3d-4633bc7a4b34,d4e029df-3da9-48be-8fcb-71ce66531fd7,e27aa654-8f84-43d8-bc72-d501fb165262,06477,06/24/2021 to 06/24/2021,Thu: 3:30 PM-7:00 PM;,11/18/2021 to 11/18/2021,Thu: 3:30 PM-7:00 PM;,,,,
1020114,Orange Home Grown Farmers & Artisans Market,303 W. Palm Ave.,e3bda958-77a0-4df1-ab3d-4633bc7a4b34,90ee16f9-2d16-4ca0-8b4a-bdd55cd5f5a1,7a557091-92bc-49e9-b58a-458458f87711,92866,01/01/2021 to 12/31/2021,Sat: 9:00 AM-1:00 PM;,,,,,,
1018920,Orange Park Farmer's & Arts Market,2042 Park Ave,ff72de72-50be-442c-a0b5-f8d2656874c1,7df2d240-ec69-4828-a368-e877666a501f,7b0326e1-5b5a-47e8-8933-7dce24e815dc,32073,09/06/2020 to 09/06/2020,Sun: 10:00 AM-3:00 PM;,09/05/2021 to 09/05/2021,Sun: 10:00 AM-3:00 PM;,,,,
1008468,Oregon City Year-Round Farmers Market,"2051, Kaen Rd, off Beavercreek Rd.",15262371-caf5-4c00-8297-76366c5abb40,c3a551f4-f246-489c-9df9-1953e8f8fb64,01127d9b-01aa-4ef1-9bd2-48f67f513459,97045,01/01/2019 to 12/31/2019,Sat: 9:00 AM-2:00 PM;,,,,,,
1019202,Original Merced County Certified Farmers Market - Downtown Merced,16th St. and Canal St.,188fec7a-3238-40ec-87dd-2bfa40b7bb92,665a4c9a-cbc2-407b-9fa9-ddd166cfd63f,7a557091-92bc-49e9-b58a-458458f87711,95340,01/01/2018 to 12/31/2018,Sat: 8:00 AM-12:00 PM;,,,,,,
1020198,Orinda Famers Market,28 Orinda Way ,026ea2a5-824d-4e80-8fc3-52b73868d0a9,acaede93-f72f-4af8-9195-1a79e88db9b3,7a557091-92bc-49e9-b58a-458458f87711,94563,05/09/2020 to 12/26/2020,Sat: 9:00 AM-1:00 PM;,,,,,,
1008360,Ormond Beach Farmers Market,22 S. Beach St. (City Hall Plaza),15a121d4-9443-496e-931e-b0bb261949ef,2db5479c-40d6-4e59-9434-0ea3b9a6c0ba,7b0326e1-5b5a-47e8-8933-7dce24e815dc,32174,01/01/2018 to 12/31/2018,Thu: 8:00 AM-1:00 PM;,,,,,,
1019416,Orofino Farmers Market,101 Michigan Ave.,4ffcd5ff-c974-41f2-80f3-e6f42cd3dde4,71eb4e1c-6805-48a0-9165-f76342e735fa,34db3808-70ee-4d72-96b7-31220659bda5,83544,06/04/2019 to 10/01/2019,Tue: 11:00 AM-3:00 PM;,,,,,,
1019019,Oshkosh Farmers Market - Downtown,400-500 Blocks N Main St,71d66b56-93a6-40a2-8279-8811660d6089,4270519d-d0f3-4677-8441-0b885e1605e3,e8d05643-2a60-4ca6-a077-819f50879428,54901,,Sun: 8:00 AM-12:30 PM;,,,,,,
1019023,Oshkosh Farmers Market - Downtown,400 & 500 Blocks N Main St & 100 Block Church Ave,71d66b56-93a6-40a2-8279-8811660d6089,4270519d-d0f3-4677-8441-0b885e1605e3,e8d05643-2a60-4ca6-a077-819f50879428,54901,06/02/2018 to 10/27/2018,Sat: 8:00 AM-12:30 PM;,,,,,,
1019025,Oshkosh Farmers Market - Winter,108 W New York Ave,71d66b56-93a6-40a2-8279-8811660d6089,4270519d-d0f3-4677-8441-0b885e1605e3,e8d05643-2a60-4ca6-a077-819f50879428,54901,11/03/2018 to 04/27/2019,Sat: 9:00 AM-12:30 PM;,,,,,,
1021699,Oswego Country Market,15 Main Street,a42769c0-cc5e-4394-9f1c-9ce5ee7222d4,c0195bb4-0a95-4b45-88ed-19875fc2d86d,f3414562-68d9-4389-bd7c-0efe5455715f,60543,06/05/2022 to 06/05/2022,Sun: 9:00 AM-1:00 PM;,,,,,,
1021215,Overbrook Farmers Market,Maple & Market St,ff457d98-0081-47e1-ae95-6b369343a6a9,4aff7853-5650-4811-bf1c-e88e9c40683e,940abb8a-6d9b-46f0-b9b1-37ab0a387dac,66524,07/06/2020 to 09/07/2020,Mon: 4:00 PM-6:30 PM;,,,,,,
1020023,Ovid Farmers Market,Main Street,e6353594-48bc-4f65-a6ab-42cd8d5a21c2,4400c5e0-c116-47b2-9cf0-44a8b1f575a8,7dd79c73-5476-44d1-8d08-54ed1287ed03,14521,06/19/2020 to 09/25/2020,Fri: 3:00 PM-7:00 PM;,,,,,,
1021384,Owen County Farmers Market,459 W. Morgan Street (SR46),fc3b9a4a-c15c-4165-ae05-e38fa9faa043,6128fbf1-7814-4a33-8871-80eb070b999c,1f92cbc1-8f4b-4538-95dd-366fc23a8da5,47460,,Sat: 8:30 AM-12:00 PM;,,,,,,
1004212,Oxford Farmers Market,Corner of Lanier and McClanahan Streets,6f4f00e4-4899-432e-85eb-878518642038,d3a3088e-e243-4a02-9a03-eb115a2d4ebe,39f00a75-0499-4de4-9c99-0cb1fdb2568a,27565,05/08/2020 to 10/31/2020,Wed: 8:00 AM-12:00 PM;Sat: 7:00 AM-12:00 PM;,,,,,,
1021335,Oxford Farmers Market,E. Park Place,6f4f00e4-4899-432e-85eb-878518642038,fab72639-887a-412d-a8af-c7853d1b20f9,82136789-d0c5-4229-8cac-b731a5361c03,45056,01/01/2021 to 01/01/2021,Sat: 9:00 AM-12:00 PM;,05/04/2021 to 05/04/2021,Tue: 4:00 PM-7:00 PM;,,,,
1012777,Oxnard Farmers Market,500 South C Street,5667ccfd-d64b-4cef-a1e1-f25ef6b3ef1a,2617586d-a9d8-4527-ae36-f622baa19fd3,7a557091-92bc-49e9-b58a-458458f87711,93030,01/01/2020 to 12/31/2020,Thu: 9:00 AM-1:30 PM;,,,,,,
1008946,Pacific City Farmers Market,6200 Camp St,3d85bf2b-00f2-4b63-87f6-81d20504d57d,7ead52a2-5648-4ce4-a398-4e9c276d87bf,01127d9b-01aa-4ef1-9bd2-48f67f513459,97135,06/02/2019 to 09/29/2019,Sun: 10:00 AM-2:00 PM;,,,,,,
1021721,Paducah Homegrown Farmer's Market,306 N 2nd Street,f21e3825-4436-495d-868c-6b2dba21e9e8,6ba05191-17d1-4dde-8482-ec745d3de468,26759049-be66-49a3-8617-64f28a0ad262,42001,04/16/2022 to 04/16/2022,Sat: 7:30 AM-2:00 PM;,,,,,,
1021722,Paducah Homegrown Farmer's Market-Tuesday Market,300 N. 30th St,f21e3825-4436-495d-868c-6b2dba21e9e8,6ba05191-17d1-4dde-8482-ec745d3de468,26759049-be66-49a3-8617-64f28a0ad262,42001,05/03/2022 to 05/03/2022,Tue: 3:00 PM-7:00 PM;,,,,,,
1021599,Pahrump Saturday Farmers' Market ,900 E Hwy 372,c19383d4-23c4-4b51-a4b1-f933fd167d5e,549d3d62-ea9e-4a0e-8879-8361502a9308,5323b3eb-6022-4ac6-8bd8-67eb173075e4,89048,05/01/2021 to 05/01/2021,Sat: 7:30 AM-11:00 AM;,10/02/2021 to 10/02/2021,Sat: 8:30 AM-12:00 PM;,,,,
1021200,Pajaro Valley CFM,Peck and Union st.,6a08705a-0572-4efd-8fcd-45945b71412b,6174fe5d-3710-4936-bff4-ef99860ed34c,7a557091-92bc-49e9-b58a-458458f87711,95076,01/01/2020 to 12/31/2020,Fri: 3:00 PM-7:00 PM;,,,,,,
1019723,Palisades Winter Farmers' Market,675 Oak Tree Road,65bf8fcf-551b-4093-9a80-eb07daab8526,f0cf2a46-9e8c-421d-a42e-a832b828c8ac,7dd79c73-5476-44d1-8d08-54ed1287ed03,10964,01/11/2020 to 03/28/2020,Sat: 9:00 AM-2:00 PM;,,,,,,
1021648,Palmas Farmers Market,170 Canderlero Dr,ec148045-c385-4eba-8432-cd020fd63ff8,a46c44d9-f676-4556-bc09-1b34a17cce44,152a50a4-255d-464e-8d08-df3c5155accc,00791,01/08/2022 to 01/08/2022,Sat: 9:00 AM-1:00 PM;,,,,,,
1019102,Palo Alto College Farmers Market,1400 W Villaret Blvd,a99c4dc4-e05b-4efb-b21a-ab91f893c98b,f2845a4d-815f-46eb-8b61-b33f457c962d,2c777c95-b197-4df6-b0e0-6637a1318fc2,78224,06/25/2018 to 11/26/2018,Mon: 9:00 AM-12:00 PM;,,,,,,
1005248,Palolo Valley District Park (People's Open Market),2007 Palolo Avenue,b98a099d-6f60-4831-83da-00380709ab2b,e9f50e89-e238-48ed-af04-05bddd9ae446,4c8a3dce-226c-409e-b551-8c6a90ecf266,96813,01/01/2019 to 12/31/2019,Wed: 6:30 AM-7:30 AM;,,,,,,
1018687,Palos Heights Farmer's Market,6601 W 127th Street ,a39f3694-feb1-4433-bdbd-c547dd562dcf,d8223186-8ebb-45c5-a659-85e420d1a15f,f3414562-68d9-4389-bd7c-0efe5455715f,60463,11/17/2018 to 03/01/2019,Sat: 8:00 AM-12:00 PM;,,,,,,
1011995,Palos Verdes Farmers Market,27118 Silver Spur Road,0be8906c-f08d-4685-8c20-4ae657d8d5f2,b66dd93f-9a8d-4056-8980-fc2698aa3c61,7a557091-92bc-49e9-b58a-458458f87711,90274,01/01/2016 to 01/01/2016,Sun: 8:00 AM-1:00 PM;,,,,,,
1021491,Paola Farmers Market,Park Square,84d9f40e-a6a5-4925-9d49-38286cf910cd,9bbd7c5e-6981-4289-9cea-6c708ba41168,940abb8a-6d9b-46f0-b9b1-37ab0a387dac,66071,06/19/2021 to 06/19/2021,Sat: 6:00 PM-9:00 PM;,,,,,,
1021398,Paragould Farmers' Market,100 W. Emerson,48e66f29-4b81-42f3-9a9f-be55d9250169,eb6d1d7f-793a-4654-9579-7a2c96c9c188,7885258d-77c7-421e-a1e9-043ef91e8c26,72450,,Sat: 8:00 AM-12:00 PM;,,,,,,
1019755,Park View Farmers Market,3400 Georgia Ave NW,14ebb735-3b4e-4322-b1ff-364e95f10683,6553ba79-594c-47cd-a6f7-d5380b708f86,6b6ed003-0cca-4516-9dc2-71517407fa49,20009,01/01/2020 to 12/31/2020,Sun: 9:00 AM-2:00 PM;,,,,,,
1019761,Park View Farmers Market,3400 Georgia Ave NW,14ebb735-3b4e-4322-b1ff-364e95f10683,6553ba79-594c-47cd-a6f7-d5380b708f86,6b6ed003-0cca-4516-9dc2-71517407fa49,20010,01/01/2020 to 12/31/2020,Sun: 9:00 AM-2:00 PM;,,,,,,
1006927,Parkville Farmers' Market,"English Landing Park, off Hwy 9 in Parkville MO",7bf7f782-bf32-4bce-a439-4d4a9fa54994,33730f2d-09b7-4cea-b35a-d5e78a2117f4,743439a8-1642-4103-abcb-1ef114ce801a,,04/28/2018 to 10/27/2018,Wed: 12:00 PM-4:00 PM;Sat: 7:00 AM-12:00 PM;,,,,,,
1019939,Paseo Farmers Market,3100 N Walker Ave,65db0cbe-09c9-4768-a5aa-5a7e0ed04495,00052507-866e-48c2-8680-02420ee242fe,fab3c82a-feaf-4974-bf33-d02e8f67d30e,73103,01/01/2020 to 12/31/2020,Sat: 11:00 AM-1:00 PM;,,,,,,
1021417,"Patch & Pasture, LLC",17004 Path Valley Rd,98cbbbc9-4388-4561-be6b-ac3b601256d2,944b15fd-d0f0-4def-9b76-0a8ab2987e68,3ffc900b-d7c0-4b07-8aba-7df870781580,17262,04/03/2021 to 04/03/2021,Sat: 8:30 AM-1:30 PM;,,,,,,
1019674,Pawling Farmers Market,Charles Colman Blvd & West Main Street,c0c5807a-d00f-429d-8f7b-9aae2c1e30f7,b6ee40c0-0545-4b79-ab4b-afa730ecfbd4,7dd79c73-5476-44d1-8d08-54ed1287ed03,12564,06/15/2019 to 10/12/2019,Sat: 9:00 AM-1:00 PM;,,,,,,
1019910,Pawtucket Farmers Market,374 Main ST,fc90da6b-537a-4900-ab26-a0a6d18551eb,798f9f6f-ec3b-4ae4-a619-3421addd2d51,a8a2bc3a-b405-485c-a8b5-f2fb1841df29,02860,07/01/2020 to 10/28/2020,Wed: 3:00 PM-6:00 PM;,,,,,,
1018944,Pawtucket Wintertime Farmers Market,1005 Main Street,fc90da6b-537a-4900-ab26-a0a6d18551eb,798f9f6f-ec3b-4ae4-a619-3421addd2d51,a8a2bc3a-b405-485c-a8b5-f2fb1841df29,02860,11/04/2017 to 04/28/2018,Sat: 9:00 AM-1:00 PM;,,,,,,
1021735,Pawtuxet Village Farmers Market,60 Rhodes Pl,92d56213-591c-4168-9b8c-f7719383ed8e,798f9f6f-ec3b-4ae4-a619-3421addd2d51,a8a2bc3a-b405-485c-a8b5-f2fb1841df29,02905,05/07/2022 to 05/07/2022,Sat: 9:00 AM-12:00 PM;,,,,,,
1019068,Payette Farmers Market,Kiwanis Park,54f54c52-e007-4009-84a9-ca98e646ca00,7730b298-aa33-41e7-b1fe-bb882818ffd5,34db3808-70ee-4d72-96b7-31220659bda5,83661,07/10/2018 to 08/28/2018,Tue: 4:00 PM-7:00 PM;,,,,,,
1021389,"Payson Farmers Market, LLC - Twilight Tuesdays",816 S. Beeline Hwy,9ea4a530-7ce1-410a-a193-d60f66060945,246e5371-1b52-4a0b-8e43-047bcf1031a2,e9a2101a-8932-44b9-981f-621d23d42178,85541,05/29/2021 to 05/29/2021,Sat: 8:00 AM-12:00 PM;,11/09/2021 to 11/09/2021,Tue: 3:00 PM-6:00 PM;,,,,
1021718,PC Sunday Farmers Market,Madison Street,57d4a30c-2925-4eea-ba3a-fb4a061033c6,72ff646d-1410-4855-b93b-5373e63b8430,82136789-d0c5-4229-8cac-b731a5361c03,43452,06/19/2022 to 06/19/2022,Sun: 9:00 AM-1:00 PM;,,,,,,
1020175,Peaceful Valley Farmers Market ,14888 Peaceful Valley Road,3469caf2-9669-486f-a96e-fe1ce2869f65,fb06faab-fcdd-4aa9-be92-8c54f8f177a6,7a557091-92bc-49e9-b58a-458458f87711,95370,05/01/2020 to 10/16/2020,Fri: 4:30 PM-7:30 PM;,,,,,,
1019685,Peach Street Farmers Market,234 S. Arcola St.,a791f232-64f5-4670-b92e-c66551e5ac30,512d62b9-dc62-466b-8326-485524c38988,2c777c95-b197-4df6-b0e0-6637a1318fc2,77515,,Sat: 9:00 AM-1:00 PM;,,,,,,
1018466,Peacham Farmers Market,555 Bayley Hazen Road,aed13162-9569-4bd1-9f8c-937acd76ba38,5b559e39-2bc3-41f0-9f47-bf72730a95f6,faedd35b-2ba2-4753-b8f5-07a3892b9721,05862,06/06/2021 to 06/06/2021,Sun: 9:00 AM-12:00 PM;,,,,,,
1019454,Pedernales Farmers Market,23526 TX-71,3ef45ef2-6dad-467e-8d43-f9108d13f958,67555e71-f80e-4b55-b8c1-2a92cb431f62,2c777c95-b197-4df6-b0e0-6637a1318fc2,78669,01/01/2019 to 12/31/2019,Sun: 10:00 AM-2:00 PM;,,,,,,
1020072,Pendleton County FarmersвЂ™ Market,68 Fairgrounds Road,967754a6-ad5d-46cd-bb20-1408514ecc86,f77f638e-3ded-4962-92ca-95e9541242f5,26759049-be66-49a3-8617-64f28a0ad262,41040,05/02/2020 to 11/07/2020,Sat: 8:00 AM-2:00 PM;,,,,,,
1021688,Pendleton Indiana Farmers Market,Falls Park Drive,bb255b5c-f01c-4944-8748-522ca65318a6,583cff19-3af2-45db-bf77-8993ee90ec35,1f92cbc1-8f4b-4538-95dd-366fc23a8da5,46064,05/07/2022 to 05/07/2022,Sat: 8:00 AM-12:00 PM;,,,,,,
1019854,Pennington Farmers Market,101 Route 31 N,7e16b222-a57c-4fd7-9e76-6e5d2f373888,c754485f-8ac8-49d9-ab3a-9a0bba049783,fb17e9e8-f8a8-4928-8ac2-94bbf6405d9f,08534,05/29/2021 to 05/29/2021,Sat: 9:00 AM-1:00 PM;,,,,,,
1021746,Perry County Farmers Market Perryville,,b6ce77bb-99f2-4130-87c3-102debb6f5b6,6d318750-c010-4704-b364-76a81c09ab18,7885258d-77c7-421e-a1e9-043ef91e8c26,72126,05/30/2022 to 05/30/2022,Mon: 7:00 AM-12:00 PM;Wed: 7:00 AM-12:00 PM;Sat: 7:00 AM-12:00 PM;,,,,,,
1019822,Perry Lecompton Farmers Market,2115 Ferguson Rd.,e94e653e-33ab-45db-bad9-ff6cbb682fa0,04317b7e-1abf-4a2c-b4a7-e994c1d4c3c9,940abb8a-6d9b-46f0-b9b1-37ab0a387dac,66073,05/01/2020 to 10/16/2020,Fri: 4:00 PM-6:30 PM;,,,,,,
1018626,Petaluma Evening Farmers' Market ,2nd Street between D St and B St ,b81f1faa-e10f-4a0c-84c9-f55e314b3cea,92df7e14-b328-4baa-9ef8-348842c61af5,7a557091-92bc-49e9-b58a-458458f87711,94952,06/11/2020 to 08/27/2020,Thu: 4:30 PM-8:00 PM;,,,,,,
1018627,Petaluma Farmers Market,Petaluma Blvd S and D St,b81f1faa-e10f-4a0c-84c9-f55e314b3cea,92df7e14-b328-4baa-9ef8-348842c61af5,7a557091-92bc-49e9-b58a-458458f87711,94952,05/09/2020 to 11/21/2020,Sat: 2:00 PM-5:00 PM;,,,,,,
1012060,Petersham Friday Market,,27b357e9-ccb2-4fa0-aa0b-cdeffa686f0d,b0c667e5-f1d0-4254-9d83-d5470e538b04,fd0813ee-0dcf-4cef-8953-1e30d4412de6,01366,06/17/2016 to 10/21/2016,Fri: 3:00 PM-6:00 PM;,,,,,,
1010839,Petworth Community Market,4100 9th St. NW,7acfc7b6-0678-45eb-ab68-a00a53481c51,6553ba79-594c-47cd-a6f7-d5380b708f86,6b6ed003-0cca-4516-9dc2-71517407fa49,20010,05/05/2018 to 11/17/2018,Sat: 9:00 AM-1:00 PM;,,,,,,
1019128,Pfafftown Farmer's Market,4725 Yadkinville Rd,aefb4893-96c0-48b0-8ca5-5d873b773f1f,1b4664f4-10b0-4d25-a76d-f7e115833e9e,39f00a75-0499-4de4-9c99-0cb1fdb2568a,27040,04/18/2018 to 10/17/2018,Wed: 4:00 PM-7:00 PM;,,,,,,
1001260,Pflugerville Pfarmers Market,901 Old Austin Hutto Road,dc85d082-1234-45ac-b06f-3809722e95cf,28f75a97-8ca5-4c4b-acc4-445f39730843,2c777c95-b197-4df6-b0e0-6637a1318fc2,78660,05/01/2018 to 10/30/2018,Tue: 3:00 PM-7:00 PM;,,,,,,
1020126,Phelan Certified Farmers Market,4128 Warbler Road,d4a1ae9c-35d1-46a6-ad7c-d23ea3e790f7,b1ebf502-5074-4954-93d9-29fa5b7b3225,7a557091-92bc-49e9-b58a-458458f87711,92371,01/01/2020 to 12/31/2020,Mon: 2:00 PM-6:00 PM;,,,,,,
1002060,Philmont Farmers' Market ,116 Main St. - opposite Local 111 restaurant ,16cc7e70-d264-4503-b82f-c70a47727cbb,96acba34-a815-4ee8-977d-6407e1b8966e,7dd79c73-5476-44d1-8d08-54ed1287ed03,12565,01/01/2018 to 12/31/2018,Fri: 4:00 PM-7:00 PM;Sun: 10:00 AM-2:00 PM;,,,,,,
1020177,Phoenix Hill NuLu Farmers' Market,1007 E. Jefferson St,63127d83-91ee-4f57-827a-8a534e8d9b55,04317b7e-1abf-4a2c-b4a7-e994c1d4c3c9,26759049-be66-49a3-8617-64f28a0ad262,40206,,Tue: 3:00 PM-6:00 PM;,,,,,,
1021494,Pica Pica Plaza Farmers' Market,910 SE Military Dr,a99c4dc4-e05b-4efb-b21a-ab91f893c98b,f2845a4d-815f-46eb-8b61-b33f457c962d,2c777c95-b197-4df6-b0e0-6637a1318fc2,78214,03/01/2021 to 03/01/2021,Fri: 10:00 AM-1:00 PM;,,,,,,
1007245,Piedmont Triad Farmers Market,2914 Sandy Ridge Road,86eee7e4-0891-4208-a88d-5ae704c08e39,8f521fc4-5413-4bd1-a790-4c457f9e0d66,39f00a75-0499-4de4-9c99-0cb1fdb2568a,27235,01/01/2013 to 12/31/2013,,,,,,,
1010408,Pike Central Farm Market,910 Rose Avenue,35dbf224-7f59-485c-93fc-04dbeb1d3c4e,67f1ece3-06e3-4863-9005-e8741bf3d0fb,c5b0ab35-2326-49a5-b543-8e5bb1c71ed5,20852,04/25/2020 to 11/21/2020,Sat: 9:00 AM-1:30 PM;,,,,,,
1021731,Pike Farmers Market,5429 Lafayette Road,491977a8-d8c0-4a18-be68-1ad4dbd7d531,d5028103-f10b-4f88-8424-6ead4335ae33,1f92cbc1-8f4b-4538-95dd-366fc23a8da5,46254,06/18/2022 to 06/18/2022,Sat: 9:00 AM-12:00 PM;,,,,,,
1020165,Pikeville Farmers Market,130 Adams Lane,cf2dbeaa-e35b-47c1-8b34-78157f5e13dd,08af0a09-1a6a-47b0-a87e-a7c43d7d4850,26759049-be66-49a3-8617-64f28a0ad262,41501,05/30/2020 to 11/24/2020,Tue: 4:30 PM-7:00 PM;Sat: 9:00 AM-1:00 PM;,,,,,,
1021380,Pine City Farmers Market,Main Street and 1st Ave NW,73d78b78-a1ae-49c9-8f29-2457c2291c1d,b9229a98-ba70-4f28-b434-0cf941b2690b,775d2aa3-b0cf-4a6b-a862-16373a107431,55063,06/11/2021 to 06/11/2021,Fri: 11:00 AM-1:00 PM;Sat: 11:00 AM-1:00 PM;,,,,,,
1010638,Pinecrest Farmers Market,11000 S. Red Road,c7231c68-acab-4533-aa8f-60365fd9ffb2,9031ec11-6bd4-4683-a448-a40f8deef965,7b0326e1-5b5a-47e8-8933-7dce24e815dc,33156,01/01/2014 to 01/01/2014,Sun: 8:00 AM-2:00 PM;,,,,,,
1016803,Pitkin Verde Farmers Market,2094 Pitkin Avenue,f0b17aec-91d5-4093-a71a-5539a857b96b,fb30dbf3-df6a-49ec-9902-3b2b688d6150,7dd79c73-5476-44d1-8d08-54ed1287ed03,11207,07/17/2018 to 11/20/2018,Tue: 9:00 AM-5:30 PM;,,,,,,
1021641,Pittsburg Area Farmers' Market ,119 E. 11St.,d97bc845-9ed4-46fd-8fcc-e0c511d4eb53,5bf69b3e-862b-456f-8956-6a52e92ae3de,940abb8a-6d9b-46f0-b9b1-37ab0a387dac,66762,04/17/2021 to 04/17/2021,Sun: 8:00 AM-12:00 PM;,06/09/2021 to 06/09/2021,Wed: 4:00 PM-6:00 PM;,,,,
1018921,Pittsburg County Farmers Market,SW Corner of Main and Choctaw,c7fbb538-8055-439f-ba2e-5b911376d7a2,7b891a70-5d01-4a3f-9450-48d00c6f799d,fab3c82a-feaf-4974-bf33-d02e8f67d30e,74501,01/01/2018 to 12/31/2018,Tue: 7:00 AM-2:00 PM;Thu: 7:00 AM-2:00 PM;Sat: 7:00 AM-2:00 PM;,,,,,,
1020005,Pittsfield Township Farmers Market,6201 W. Michigan Ave,e384d95f-4d44-4c3f-84d4-421e4d979a03,c675704b-a659-44ac-9e37-c10f952650bb,1567e172-94ab-4222-b635-6b669c2aa787,48108,06/04/2020 to 09/24/2020,Thu: 2:00 PM-6:00 PM;,,,,,,
1021572,Placerville Certified Farmers Market,337 Placerville Drive,0d1a46ad-7cf2-4ea9-85e4-6cbbc516aa54,1a0997e9-9077-4cb2-8a43-b037ce1e0bf9,7a557091-92bc-49e9-b58a-458458f87711,95667,05/01/2021 to 05/01/2021,Sat: 8:00 AM-12:00 PM;,,,,,,
1019328,Plainfield Township Farmers Market Hale,220 West Washington,f9e8ff53-9a3c-435d-8fe6-4302ba398e9d,1d56a8b1-e6fb-4f1c-ac83-77ab2e4bcc88,1567e172-94ab-4222-b635-6b669c2aa787,48739,05/30/2020 to 09/26/2020,Sat: 9:00 AM-1:00 PM;,,,,,,
1019885,Plainview Farmers Market,,875cd459-fb09-4526-864c-81ed5f0a6df6,c3a82634-96e5-4990-b49a-64979e94822d,9d7cc9b4-b9db-4c4e-b267-425d9a3e46b4,,06/01/2020 to 09/30/2020,Wed: 9:00 AM-12:30 PM;,,,,,,
1012268,Plainwell Farmers Market,554 Allegan St. ,22728ee4-c272-42bb-af71-d0b277d975e3,e08514bd-d9e6-42af-b72e-353adf700a4c,1567e172-94ab-4222-b635-6b669c2aa787,49080,05/21/2020 to 10/01/2020,Thu: 3:30 PM-6:30 PM;,11/07/2020 to 12/01/2020,Sat: 10:00 AM-2:00 PM;,,,,
1019344,Plainwell Indoor Market ,211 N. Main St. ,4466de42-9f09-4f48-94c2-9f6a888ce7e7,e08514bd-d9e6-42af-b72e-353adf700a4c,1567e172-94ab-4222-b635-6b669c2aa787,49080,11/07/2020 to 12/12/2020,Sat: 10:00 AM-2:00 PM;,,,,,,
1019478,Plateau Valley Farmers Market,2003 Main Street,fe655ce0-894c-497b-b40a-2bec5211e000,2fe0980f-c318-4202-a562-f10122fd05cd,e1f09524-7ac6-416d-ba58-0c07f3d72e11,81624,,Sat: 9:00 AM-12:00 PM;,01/01/2019 to 12/31/2019,Wed: 8:00 AM-6:00 PM;Thu: 8:00 AM-6:00 PM;Fri: 8:00 AM-6:00 PM;,,,,
1019616,Platteville Farmers Market - Summer,100 Park Place,540d7171-c3db-4922-8249-facd884f375c,da757e60-fe4b-4b9a-a9c4-4473dd73f2fe,e8d05643-2a60-4ca6-a077-819f50879428,53818,05/04/2019 to 10/26/2019,Sat: 8:00 AM-12:00 PM;,,,,,,
1019615,Platteville Farmers Market - Winter,205 Market Street,540d7171-c3db-4922-8249-facd884f375c,da757e60-fe4b-4b9a-a9c4-4473dd73f2fe,e8d05643-2a60-4ca6-a077-819f50879428,53818,11/02/2019 to 04/25/2020,Sun: 8:00 AM-12:00 PM;,,,,,,
1019884,Plattsmouth Downtown Farmers Market,,f9501fe4-d00f-4bf0-85ef-b06e4ba23e33,f3a6ce65-6dc4-4a56-b3fe-4f99e7cae417,9d7cc9b4-b9db-4c4e-b267-425d9a3e46b4,,06/01/2020 to 09/30/2020,Sat: 9:00 AM-12:00 PM;,,,,,,
1020019,Playa Vista Farmers' Market,12775 W. Millennium,ecc48249-f14e-4a0d-b4d7-a64db08079a2,b66dd93f-9a8d-4056-8980-fc2698aa3c61,7a557091-92bc-49e9-b58a-458458f87711,90094,01/01/2021 to 01/01/2021,Sat: 9:00 AM-2:00 PM;,,,,,,
1008213,Pleasants Area Farmers Market,2nd Street ,1c0f5ddb-56bb-4241-9c1c-b6e397d0d9d7,a138fb8b-425d-43c8-8f76-e1d523af1b87,72defe61-f5c8-4b4c-bd1c-a4081743a504,26170,05/10/2019 to 10/12/2019,Fri: 8:00 AM-1:00 PM;Sat: 8:00 AM-1:00 PM;,,,,,,
1021455,Pleasantville Farmers Market - Outdoor,Memorial Plaza (next to the train station),f06e5868-f7e3-4bcc-9d56-8e954134161c,e5df7431-ecc7-4b30-87ec-7c075992d4af,7dd79c73-5476-44d1-8d08-54ed1287ed03,10570,04/03/2021 to 04/03/2021,Sat: 8:30 AM-1:00 PM;,12/01/2021 to 12/01/2021,Sat: 9:00 AM-11:30 AM;,,,,
1004602,Plymouth Farmers Market,Garro St.,fca6053a-9f72-4a30-b380-0b93b3b75e11,7b6d1135-4166-44ca-8a11-59bb56da163b,1f92cbc1-8f4b-4538-95dd-366fc23a8da5,46563,05/09/2020 to 10/10/2020,Sat: 7:30 AM-11:30 AM;,,,,,,
1011146,Poestenkill Farmers Market,38 Davis Drive,50f6b44b-9b2f-4f00-a0bb-a3d9c2e4a1c4,39fa7fc9-cce1-4117-aff8-75885cfc5ea3,7dd79c73-5476-44d1-8d08-54ed1287ed03,12140,06/16/2018 to 09/29/2018,Sat: 9:00 AM-12:00 PM;,,,,,,
1005259,Pokai Bay Beach Park (People's Open Market),85-037 Pokai Bay Road,a20fae5b-e541-42e4-ba46-eead1da1027e,e9f50e89-e238-48ed-af04-05bddd9ae446,4c8a3dce-226c-409e-b551-8c6a90ecf266,96792,01/01/2019 to 12/31/2019,Fri: 11:00 AM-12:00 PM;,,,,,,
1021485,Ponce City Farmers Market on the BeltLine ,675 Ponce de Leon Ave,3a76d7e4-8f18-4591-af84-f0badad99ec0,2deee92f-6033-461c-a02b-313966af93e2,4db220e9-057f-4385-bafb-37fbea280645,30315,03/24/2021 to 03/24/2021,Wed: 4:00 PM-8:00 PM;,,,,,,
1021462,Pontiac Farmers' Market,,7abd2279-b5d5-420a-ac47-9f0f11c0c051,147e2e67-4600-40e9-afd0-9853f77b5d27,f3414562-68d9-4389-bd7c-0efe5455715f,61764,06/05/2021 to 06/05/2021,Sat: 7:00 AM-11:00 AM;,09/04/2021 to 09/04/2021,Sat: 8:00 AM-12:00 PM;,,,,
1019027,Port Chester Farmers Market,Highland St,9c57f421-978d-46fa-9f73-e7220d58e476,e5df7431-ecc7-4b30-87ec-7c075992d4af,7dd79c73-5476-44d1-8d08-54ed1287ed03,10573,01/01/2018 to 12/31/2018,Sun: 10:00 AM-2:00 PM;,,,,,,
1018986,Port Sanilac Farmers' Market,228 S Ridge Street,ebc6fb55-9806-4004-8280-9f9abefa7a12,8a836096-bab2-473a-9d47-853294a52151,1567e172-94ab-4222-b635-6b669c2aa787,48469,05/11/2018 to 10/26/2018,Fri: 2:00 AM-6:00 PM;,,,,,,
1020037,Port Townsend Farmers Market,600 Block Tyler St,0db05ba9-15a7-4f83-9d18-8cb8032ec3c2,04317b7e-1abf-4a2c-b4a7-e994c1d4c3c9,e1b87cb5-fdcd-4e67-adf7-e25bd794503c,98368,,Sat: 9:00 AM-1:00 PM;,,,,,,
1018474,Portland Farmers Market - Kenton ,N McClellan & N Denver ,f16c662e-12fb-4870-b21f-8ee8a8e37700,d74ac011-eda7-4bef-99ff-78952c483c5d,01127d9b-01aa-4ef1-9bd2-48f67f513459,97217,06/02/2021 to 06/02/2021,Wed: 3:00 PM-7:00 PM;,,,,,,
1018477,Portland Farmers Market - King,NE 7th and Wygant,f16c662e-12fb-4870-b21f-8ee8a8e37700,d74ac011-eda7-4bef-99ff-78952c483c5d,01127d9b-01aa-4ef1-9bd2-48f67f513459,97211,05/02/2021 to 05/02/2021,Sun: 10:00 AM-2:00 PM;,,,,,,
1018478,Portland Farmers Market - Lents International,SE 92nd and Reedway,f16c662e-12fb-4870-b21f-8ee8a8e37700,d74ac011-eda7-4bef-99ff-78952c483c5d,01127d9b-01aa-4ef1-9bd2-48f67f513459,97266,06/06/2021 to 06/06/2021,Sun: 9:00 AM-2:00 PM;,,,,,,
1018482,Portland Farmers Market - Portland State University,SW Park and Montgomery,16040eb8-3050-423a-a0fb-7dd24abbbd51,d74ac011-eda7-4bef-99ff-78952c483c5d,01127d9b-01aa-4ef1-9bd2-48f67f513459,97201,11/07/2020 to 11/07/2020,Sat: 9:00 AM-2:00 PM;,04/03/2021 to 04/03/2021,Sat: 8:30 AM-2:00 PM;,,,,
1018483,Portland Farmers Market - Shemanski Park,SW Park and Main,16040eb8-3050-423a-a0fb-7dd24abbbd51,d74ac011-eda7-4bef-99ff-78952c483c5d,01127d9b-01aa-4ef1-9bd2-48f67f513459,97205,05/05/2021 to 05/05/2021,Wed: 10:00 AM-2:00 PM;,,,,,,
1007797,Portsmouth Farmers' Market,"City Hall, 1 Junkins Avenue",8e05f435-86c9-4593-ab95-195b61b5bfb5,4ccf2809-b4f4-4eaa-b46d-0beba0ea2e52,97451c0b-a2d4-4498-ba04-00201d9018f1,03801,05/05/2018 to 11/03/2018,Sat: 8:00 AM-1:00 PM;,,,,,,
1018963,Prairie Lakes Farmers Market,"2824 Prairie Lakes Dr, Ste. 201, Ste. 201",9aa3b6e0-fb1a-444e-93ac-be2199c09493,602cbc04-4748-4578-83c1-db779d1103d1,e8d05643-2a60-4ca6-a077-819f50879428,53590,,Thu: 3:00 PM-6:00 PM;,,,,,,
1019807,Prairie Township Farmer's Market,5955 W. Broad Street,d9f1bcae-67b9-4efe-8387-2ec198f0e530,944b15fd-d0f0-4def-9b76-0a8ab2987e68,82136789-d0c5-4229-8cac-b731a5361c03,43119,06/29/2020 to 09/28/2020,Mon: 4:00 PM-7:00 PM;,,,,,,
1021263,Prescott Farmers Market,900 Iron Springs Road,e17795ca-1086-488a-8ae2-d23b4954e576,c64dd42b-ded8-45f6-afb4-9a427d4729d0,e9a2101a-8932-44b9-981f-621d23d42178,86301,01/01/2021 to 01/01/2021,Sat: 10:00 AM-1:00 PM;,05/01/2021 to 05/01/2021,Sat: 7:30 AM-12:00 PM;,,,,
1021501,Pretzel Park Farmers Market,4300 Silverwood Street,6d1303d5-dd7b-4a80-a59b-516f195ea05e,30f2e6e8-02e2-4c37-b99f-1cf934694676,3ffc900b-d7c0-4b07-8aba-7df870781580,19127,01/09/2021 to 01/09/2021,Sat: 10:00 AM-2:00 PM;,,,,,,
1019149,Price Farmers Market,100 N 100 E,6c45370f-d4dc-494c-b2c3-67466f0a3241,d70a43dc-3043-434d-a1f6-52e12b9290bd,2928c803-d886-473a-98cf-431cd912e2a0,84501,07/14/2018 to 10/27/2018,Sat: 9:00 AM-1:00 PM;,,,,,,
1019793,Prince George Farmers Market,6605 Courts Drive,0155e363-626b-48f2-9e7f-eda7fb4cf8f6,87c26de0-ee10-4352-b716-5518309b9cf7,6dd53333-5181-463f-abcb-fcb91c8ec710,23875,05/02/2020 to 10/31/2020,Sat: 8:00 AM-12:00 PM;,,,,,,
1020086,Prospect Area Farmer's Market,12900 W. Hwy 42,27899e32-340a-4aec-b6d2-9461eb0d198b,9f2864c1-3230-4d60-b8e4-4ed7d3dd6fb8,26759049-be66-49a3-8617-64f28a0ad262,40059,01/01/2020 to 12/31/2020,Sat: 9:00 AM-12:30 PM;,,,,,,
1018215,Pueblo of San Felipe Farmers' Market,25 Hagen Road,15437e21-4008-4a5f-9bad-68ef06082e16,f9ee748e-3411-4e4a-b2a8-89e1fb36c3f7,d9d874da-b48f-4f4e-ac29-8f3c10de66ef,87001,07/18/2018 to 10/31/2018,Wed: 4:00 PM-7:00 PM;,,,,,,
1021617,Pullman Farmers Market,150 E Spring St,1c81a613-096c-4f46-91c0-2abe98b87be1,abd88eab-5f7e-4e73-a446-220ac8612fb6,e1b87cb5-fdcd-4e67-adf7-e25bd794503c,99163,05/19/2021 to 05/19/2021,Wed: 3:30 PM-6:30 PM;,,,,,,
1019868,Purcellville Farmers' Market,717 E Main Street,927b367f-7dfc-4fb1-9c04-239ffa260dc7,dc6ea373-0191-48c3-8368-660d655b624e,6dd53333-5181-463f-abcb-fcb91c8ec710,20132,04/04/2020 to 11/28/2020,Sat: 9:00 AM-1:00 PM;,12/05/2020 to ,Sat: 10:00 AM-1:00 PM;,,,,
1021266,Putnam Farmer's Market,1 Valley Park Drive,2dbb9c85-2287-4789-bb9f-95bea8792ad1,33dca830-dae4-46e9-a77a-e82383c485bd,72defe61-f5c8-4b4c-bd1c-a4081743a504,25526,05/01/2021 to 05/01/2021,Sat: 9:00 AM-1:00 PM;,,,,,,
1011596,Putnam Farmers Market,1 Valley Way,2dbb9c85-2287-4789-bb9f-95bea8792ad1,33dca830-dae4-46e9-a77a-e82383c485bd,72defe61-f5c8-4b4c-bd1c-a4081743a504,25526,05/01/2021 to 05/01/2021,Sun: 9:00 AM-1:00 PM;,,,,,,
1003402,Puyallup Farmers' Market,"300  S Meridian (COVID operations at corner of  2nd and Main, downtown Puyallup)",31743d6d-8e33-4396-8f06-17be6fb89dba,c3a82634-96e5-4990-b49a-64979e94822d,e1b87cb5-fdcd-4e67-adf7-e25bd794503c,98371,04/18/2020 to 10/01/2020,Sat: 9:00 AM-2:00 PM;,,,,,,
1021618,QC Farmers' Market,1700 1st ave,b09ce197-9d9d-450d-9a48-4e124cf13482,e3d82217-940a-499c-86bb-3a21bf422eec,f3414562-68d9-4389-bd7c-0efe5455715f,61201,03/01/2021 to 03/01/2021,Sat: 8:00 AM-12:00 PM;,,,,,,
1019477,Quapaw Farmers Market,326 N Main St,56ab112e-a6f1-400a-a7bf-aa5e60a58142,72ff646d-1410-4855-b93b-5373e63b8430,fab3c82a-feaf-4974-bf33-d02e8f67d30e,74363,05/17/2019 to 10/04/2019,Fri: 12:00 PM-6:00 PM;,,,,,,
1010145,Queen Anne Farmers Market,W Crockett Street and Queen Anne Ave N,e1ecddef-65d7-4187-9255-81cb55281f01,98ee5d73-cf74-4b82-b3c4-2a67ffc35a0e,e1b87cb5-fdcd-4e67-adf7-e25bd794503c,98109,06/03/2021 to 06/03/2021,Thu: 3:00 PM-7:30 PM;,,,,,,
1005260,Queen Kapiolani Park (People's Open Market),Monsarrat and Paki Streets,b98a099d-6f60-4831-83da-00380709ab2b,e9f50e89-e238-48ed-af04-05bddd9ae446,4c8a3dce-226c-409e-b551-8c6a90ecf266,96822,01/01/2019 to 12/31/2019,Wed: 10:00 AM-11:00 AM;,,,,,,
1019122,Quincy Certified Farmers' Market,530 W. Main St.,1e92fcf5-d4ae-48b6-9a82-899da5deb128,42364413-85a3-4467-a5f1-d12d494ca296,7a557091-92bc-49e9-b58a-458458f87711,95971,06/14/2018 to 09/06/2018,Thu: 4:30 PM-7:30 PM;,,,,,,
1019315,Quincy Farmer's Market,128 N. 5th St.,4747ec9c-3e98-4a22-89a4-e80035bd2ef9,cf916ba8-ae1e-4115-bb90-eb308de649bb,f3414562-68d9-4389-bd7c-0efe5455715f,62301,05/05/2018 to 10/27/2018,Sat: 7:00 AM-12:00 PM;,,,,,,
1021579,Rail Yards Market,777 1st street SW,fbe2495c-99c7-46a2-b083-7844936542fe,72a5be0d-51a3-4c74-8b53-fe431690f48f,d9d874da-b48f-4f4e-ac29-8f3c10de66ef,87102,05/02/2021 to 05/02/2021,Sun: 10:00 AM-2:00 PM;,,,,,,
1011310,Randolph County Farmers Market,2959 County Road 333,7031119b-aec4-4268-82c8-9f8160a1d4e1,e0dcca1c-7dd4-4d1f-8c60-87e7bb72ee86,a99466fa-d385-4f64-a230-de4dde953216,36278,05/09/2018 to 08/29/2018,Wed: 8:00 AM-12:00 PM;,,,,,,
1019204,Randolph County Farmers' Market,1966 Highway 62 West,20448ccd-4d06-4cd9-a2f8-a00a530a49d9,e0dcca1c-7dd4-4d1f-8c60-87e7bb72ee86,7885258d-77c7-421e-a1e9-043ef91e8c26,72455,05/08/2018 to 10/27/2018,Tue: 4:00 PM-6:00 PM;Sat: 9:00 AM-12:00 PM;,,,,,,
1020093,Red Bird Farmers Market,70 Queendale Center,3c223601-5c36-4274-8ec5-b347cca5720c,7df2d240-ec69-4828-a368-e877666a501f,26759049-be66-49a3-8617-64f28a0ad262,40913,06/27/2020 to ,Sat: 9:00 AM-12:00 PM;,,,,,,
1019500,Red Lodge Farmers' Market ,Lion's Park,aca378af-3eae-41f4-a20e-2d24f39d7d7d,d70a43dc-3043-434d-a1f6-52e12b9290bd,e92d45e1-6b7b-45e4-aa71-592e5a597b61,59068,06/21/2019 to 09/13/2019,Fri: 3:30 PM-6:00 PM;,,,,,,
1001766,Red Oak Farmers Market,307 East Reed Street,6df75e3d-bbd9-4622-9647-f89ff25d2886,67f1ece3-06e3-4863-9005-e8741bf3d0fb,02f30189-b9ba-40b5-bb18-c7d22d4b6d4b,51566,05/23/2013 to 05/23/2013,Thu: 4:00 PM-6:00 PM;Sat: 9:00 AM-12:00 PM;,,,,,,
1020024,Red Stick Farmers Market  - Seasonal Tuesdays,7711 Goodwood Boulevard,ac9bdbd5-74aa-43e6-a002-e8d12ad3680d,f193d2de-4b3f-455c-8f21-2de89047132f,8eab0d88-b9c8-4da4-a6a4-9d4a0327af9c,70806,05/01/2020 to 08/18/2020,Tue: 8:00 AM-12:00 PM;,09/29/2020 to 12/01/2020,Tue: 12:00 PM-;,,,,
1021277,Red Stick Farmers Market - Saturday Downtown Year Round,5th Street and Main Street,ac9bdbd5-74aa-43e6-a002-e8d12ad3680d,f193d2de-4b3f-455c-8f21-2de89047132f,8eab0d88-b9c8-4da4-a6a4-9d4a0327af9c,70801,01/09/2021 to 01/09/2021,Sat: 8:00 AM-12:00 PM;,,,,,,
1003610,Red Stick Farmers Market - Thursday Year Round,6400 Perkins Road,ac9bdbd5-74aa-43e6-a002-e8d12ad3680d,f193d2de-4b3f-455c-8f21-2de89047132f,8eab0d88-b9c8-4da4-a6a4-9d4a0327af9c,70808,01/01/2020 to 08/01/2020,Thu: 8:00 AM-12:00 PM;,,,,,,
1019410,Redland Community Farm and Market,12690 SW 280th Street,dd441774-0e8c-41fa-80f4-c831f1bbd338,9031ec11-6bd4-4683-a448-a40f8deef965,7b0326e1-5b5a-47e8-8933-7dce24e815dc,33033,01/01/2019 to 12/31/2019,Mon: 10:00 AM-6:00 PM;Tue: 10:00 AM-6:00 PM;Wed: 10:00 AM-6:00 PM;Thu: 10:00 AM-6:00 PM;Fri: 10:00 AM-6:00 PM;Sat: 10:00 AM-6:00 PM;Sun: 10:00 AM-6:00 PM;,,,,,,
1019411,Redland Community Farm and Market,12690 SW 280th Street,dd441774-0e8c-41fa-80f4-c831f1bbd338,9031ec11-6bd4-4683-a448-a40f8deef965,7b0326e1-5b5a-47e8-8933-7dce24e815dc,33033,01/01/2019 to 12/31/2019,Mon: 10:00 AM-6:00 PM;Tue: 10:00 AM-6:00 PM;Wed: 10:00 AM-6:00 PM;Thu: 10:00 AM-6:00 PM;Fri: 10:00 AM-6:00 PM;Sat: 10:00 AM-6:00 PM;Sun: 10:00 AM-6:00 PM;,,,,,,
1004750,Redlands Certified Farmers Market,100 E. State Street,4f1278a2-eac2-4e4e-a93b-66bf14ea60b3,b1ebf502-5074-4954-93d9-29fa5b7b3225,7a557091-92bc-49e9-b58a-458458f87711,92373,01/01/2019 to 12/31/2019,Thu: 6:00 PM-9:00 PM;,,,,,,
1004751,Redlands Saturday Morning Certified Farmers Market,100 E. Redlands Boulevard,4f1278a2-eac2-4e4e-a93b-66bf14ea60b3,b1ebf502-5074-4954-93d9-29fa5b7b3225,7a557091-92bc-49e9-b58a-458458f87711,92373,01/01/2019 to 12/31/2019,Sat: 8:00 AM-11:00 AM;,,,,,,
1000712,Reedsburg Area Medical Center Farmer's Markets,2000 North Dewey Avenue,7a0d2d98-9a16-4579-a6f2-25e20de6eff7,3087c6f4-2dd2-4aeb-ae04-46dd4ffb2076,e8d05643-2a60-4ca6-a077-819f50879428,53959,05/01/2015 to 10/30/2015,Fri: 10:00 AM-3:00 PM;,,,,,,
1019235,Reidsville Market Square Farmers' Market,303 S. Scales Street,fba2180c-a55a-460e-8e60-03ce659a8d30,4ccf2809-b4f4-4eaa-b46d-0beba0ea2e52,39f00a75-0499-4de4-9c99-0cb1fdb2568a,27320,05/05/2018 to 10/30/2018,Tue: 7:00 AM-1:00 PM;Thu: 7:00 AM-1:00 PM;Sat: 7:00 AM-1:00 PM;,,,,,,
1021615,Reisterstown Farmers Market,120 Main Street,038ecfc9-fa0a-4c2b-927b-fd7d8d479a9c,79bc61d6-cc6e-4e13-b016-81a7e8446c47,c5b0ab35-2326-49a5-b543-8e5bb1c71ed5,21136,05/30/2021 to 05/30/2021,Sun: 9:00 AM-1:00 PM;,,,,,,
1009020,Rensselaer Farmers Market,110 W Harrison St.,1c67c52d-9418-45c8-a0c1-100a59c15361,7ea53444-a4bc-4dcc-b025-3f49aa39adf3,1f92cbc1-8f4b-4538-95dd-366fc23a8da5,47978,05/02/2020 to 10/31/2020,Sat: 7:30 AM-11:30 AM;,07/07/2020 to 08/31/2020,Tue: 4:00 PM-6:00 PM;,,,,
1019493,Reston ,1609 Washington Plaza,a0be09b8-02e6-4685-8deb-3f22bfd995f9,2f65e4d4-a27c-4c98-b725-d3331a4512c2,6dd53333-5181-463f-abcb-fcb91c8ec710,20190,04/20/2019 to ,Sat: 8:00 AM-12:00 PM;,,,,,,
1002843,Rexburg Farmers Market,118 College Ave.,09840beb-88da-402d-b9a0-36206b46ec3c,583cff19-3af2-45db-bf77-8993ee90ec35,34db3808-70ee-4d72-96b7-31220659bda5,83440,05/10/2013 to 09/27/2019,Fri: 4:00 PM-8:00 PM;,,,,,,
1018549,Richmond Farmers Market - Summer Season (May-October),47 N 6th St,2d02e63e-2eb6-4676-9e77-cb4ffaafda5b,8f722dc3-6e1e-4775-b2b3-c06cda821c68,1f92cbc1-8f4b-4538-95dd-366fc23a8da5,47374,05/02/2020 to 05/02/2020,Sat: 8:00 AM-12:00 PM;,07/07/2020 to 07/07/2020,Tue: 4:00 PM-7:00 PM;,,,,
1021272,Richmond Winter Farmers Market - Winter Season (November - April),204 S Second St,2d02e63e-2eb6-4676-9e77-cb4ffaafda5b,8f722dc3-6e1e-4775-b2b3-c06cda821c68,1f92cbc1-8f4b-4538-95dd-366fc23a8da5,47374,11/07/2020 to 11/07/2020,Sat: 10:00 AM-1:00 PM;,,,,,,
1019930,Ridgeway Farmers Market,299 Hughitt Street,c5d0ab31-4231-4a6c-9cab-526a312fe940,98c0ed0f-579b-4bd4-ad13-3efb760d3cbc,e8d05643-2a60-4ca6-a077-819f50879428,53582,05/31/2020 to 10/04/2020,Sun: 11:00 AM-2:00 PM;,,,,,,
1019142,"Right Choice, Fresh Start Farmers' Market",3310 Magnolia St.,3a1ec37e-5a47-4276-8d7b-45b0afb5dff4,39695d47-263e-4fd7-a8b1-46133ab7d259,25286054-2f43-4edf-9415-c089a5cfd371,29115,06/01/2018 to 10/26/2018,Fri: 8:30 AM-12:30 PM;,,,,,,
1019145,"Right Choice, Fresh Start Farmers' Market",5484 Carolina Hwy,e6820573-e9ef-4473-a5df-1c48609aadee,b891fb82-a7db-4b0c-9eab-fa29b68b8fc2,25286054-2f43-4edf-9415-c089a5cfd371,29042,06/01/2018 to 10/26/2018,Fri: 8:30 AM-12:30 PM;,,,,,,
1005060,Rindge Farmers and Crafters Market,Bradford Street and Route 202,8dcfb3ff-59ed-4edc-ae64-6c291cb2ebc9,131e2439-d57e-4a5a-b5bf-cdd47183976b,97451c0b-a2d4-4498-ba04-00201d9018f1,03461,05/10/2018 to 10/04/2018,Thu: 3:00 PM-6:00 PM;,,,,,,
1021312,Rittenhouse Saturday Farmers' Market,1800 Walnut Street,7a8448fb-98f0-4837-8ac9-280be43a76c9,30f2e6e8-02e2-4c37-b99f-1cf934694676,3ffc900b-d7c0-4b07-8aba-7df870781580,19103,01/01/2021 to 01/01/2021,Sat: 9:00 AM-3:00 PM;,,,,,,
1021302,Rittenhouse Tuesday Market,1800 Walnut Street,7a8448fb-98f0-4837-8ac9-280be43a76c9,30f2e6e8-02e2-4c37-b99f-1cf934694676,3ffc900b-d7c0-4b07-8aba-7df870781580,19103,01/01/2021 to 01/01/2021,Tue: 10:00 AM-2:00 PM;,,,,,,
1019419,River Street Market,30 River Street,f3125826-314a-4521-bf54-dbd827d13e85,e7600b0a-13a2-4d8b-9c76-58d1ae20163d,6dd53333-5181-463f-abcb-fcb91c8ec710,23803,04/13/2019 to 10/26/2019,Sat: 9:00 AM-1:00 PM;,,,,,,
1019312,River Valley Farmers' Market,Center Avenue,66d5f810-dd1d-4de7-9a9e-8ecc3873e7f3,8c5aec01-c49b-438e-9d9f-8c0668c4d148,e92d45e1-6b7b-45e4-aa71-592e5a597b61,59034,08/01/2018 to 09/15/2018,Thu: 5:00 PM-7:00 PM;,,,,,,
1004073,Riverdale Park Farmers Market,4650 Queensbury Road,d682be63-9bb4-4789-87cf-ab0258013dac,016a61c2-2a1c-4f73-a19b-86c2d67348f3,c5b0ab35-2326-49a5-b543-8e5bb1c71ed5,20737,01/26/2021 to 01/26/2021,Thu: 3:00 PM-7:00 PM;,03/04/2021 to 03/04/2021,Thu: 3:00 PM-7:00 PM;,12/02/2021 to 12/02/2021,Thu: 3:00 PM-6:30 PM;,,
1019418,Riverfront Farmers Market,116 Dock St.,fc6dd76f-e70b-482f-8b06-c47bd74c55b1,09c569d7-f4a1-4458-b06c-195f466ecc62,39f00a75-0499-4de4-9c99-0cb1fdb2568a,28401,03/23/2019 to 11/23/2019,Sat: 8:00 AM-1:00 PM;,,,,,,
1018284,Riverside Arts Market,715 Riverside Avenue,45c32a0d-4a14-4ccd-85f7-373e1a9edd1b,97818412-e172-4f6a-8a0f-db5b31c63a06,7b0326e1-5b5a-47e8-8933-7dce24e815dc,32204,01/01/2019 to 12/31/2019,Sat: 10:00 AM-3:00 PM;,,,,,,
1021409,Riverside Farmers Market,2800 Riverside Drive,ac0f4236-0d00-4946-8d10-ed6ef8b2bb35,d5028103-f10b-4f88-8424-6ead4335ae33,1f92cbc1-8f4b-4538-95dd-366fc23a8da5,46208,06/05/2021 to 06/05/2021,Sat: 8:30 AM-12:00 PM;,,,,,,
1000194,Riverside Farmers' Market,10 Pine Ave.,55a389de-6049-4525-b862-595a5ea47fef,d8223186-8ebb-45c5-a659-85e420d1a15f,f3414562-68d9-4389-bd7c-0efe5455715f,60546,06/03/2020 to 10/07/2020,Wed: 2:30 PM-7:00 PM;,,,,,,
1019259,Rivertown Farmers Market,303 Williams Blvd,a08a20fe-b095-4e9a-bbf6-bdc46d8074a6,04317b7e-1abf-4a2c-b4a7-e994c1d4c3c9,8eab0d88-b9c8-4da4-a6a4-9d4a0327af9c,70062,10/06/2018 to 07/27/2019,Sat: 9:00 AM-1:00 PM;,,,,,,
1019927,Riverview Farmers Market,320 Ogden Avenue,e6ba72c1-52c4-46da-ad2b-3e6bf50409da,e8140933-fdbb-4ceb-b3d7-16d212069088,fb17e9e8-f8a8-4928-8ac2-94bbf6405d9f,07307,05/31/2020 to 11/22/2020,Sun: 10:00 AM-2:00 PM;,,,,,,
1019635,Riverwalk Farmers Market,5 S. Walnut Street ,50ab4339-bfe1-4c04-a801-3de32da62bc6,985f0ef5-e262-432b-8ad0-ba5b06c195b7,6a510a5c-215e-446d-aabd-f5aec08cb7fb,19963,05/04/2019 to 10/05/2019,Sun: 9:00 AM-1:00 PM;,11/23/2019 to ,Sat: 10:00 AM-2:00 PM;,,,,
1019070,Roanoke Farmer's Market,Main Street,b1ba6934-e9d6-481c-afae-c8dd21e29344,e721a2c4-3b70-4c87-97ec-a5b1dcad48e2,1f92cbc1-8f4b-4538-95dd-366fc23a8da5,46783,07/07/2018 to 09/08/2018,Sat: 9:00 AM-1:00 PM;,,,,,,
1019899,Rock Valley Farmers Market,1013 13th Ave,bd9216bd-d793-4f42-9a9d-0165077c763b,a025ce7c-8ce5-4280-a695-80e20357c2c3,02f30189-b9ba-40b5-bb18-c7d22d4b6d4b,51247,06/11/2020 to 08/27/2020,Thu: 4:00 PM-7:00 PM;,,,,,,
1020173,Rockford Midtown Market,503 Seventh Street,0dbd6012-c11d-44cf-b25d-9f1c37e426ec,4270519d-d0f3-4677-8441-0b885e1605e3,f3414562-68d9-4389-bd7c-0efe5455715f,61104,08/01/2020 to 10/31/2020,Sat: 9:00 AM-1:00 PM;,,,,,,
1019033,Rockmart Farmers Market,108 Water St.,4758a58b-d5d6-43cb-8c9d-98168afad106,4f687204-ec5f-4da3-9d3a-f5a95d65db22,4db220e9-057f-4385-bafb-37fbea280645,30153,01/01/2021 to 01/01/2021,Thu: 2:00 PM-6:00 PM;,,,,,,
1012576,Rockville Farmers Market,Route 28 & Monroe Street,f589d5eb-848e-4a19-8414-2b7925c08712,67f1ece3-06e3-4863-9005-e8741bf3d0fb,c5b0ab35-2326-49a5-b543-8e5bb1c71ed5,20850,05/18/2019 to 11/23/2019,Sat: 9:00 AM-1:00 PM;,,,,,,
1021623,Rocky Butte Farmers Market,9200 NE Fremont St,f16c662e-12fb-4870-b21f-8ee8a8e37700,d74ac011-eda7-4bef-99ff-78952c483c5d,01127d9b-01aa-4ef1-9bd2-48f67f513459,97220,06/12/2021 to 06/12/2021,Sun: 9:00 AM-1:00 PM;,,,,,,
1021606,Rocky Mount Farmers Market,435 Franklin St,65269650-d123-4095-aa00-9e94e0301a98,944b15fd-d0f0-4def-9b76-0a8ab2987e68,6dd53333-5181-463f-abcb-fcb91c8ec710,24151,04/03/2021 to 04/03/2021,Sat: 9:00 AM-1:00 PM;,,,,,,
1019048,Rocky Mountain Front Farmers Market,North Main Avenue & 8th Street NW,abb2023b-40b6-41c4-bf53-a8e197cfe96d,2dcf0c2c-073b-47ae-ba56-eae78a979d39,e92d45e1-6b7b-45e4-aa71-592e5a597b61,59422,07/07/2018 to 09/29/2018,Sat: 8:30 AM-1:30 PM;,,,,,,
1011286,Rogers Farmers Market,12724 Main Street,35fde000-c151-48ad-82c2-05431218480f,80eca9e2-aee8-4974-ad6c-6b1a90ce0795,775d2aa3-b0cf-4a6b-a862-16373a107431,55374,06/13/2018 to 10/03/2018,Wed: 3:00 PM-6:30 PM;,,,,,,
1019747,Rogersville Farmer's Market,270 County Line Road,145bc821-19db-4386-b998-3fb04f5a31a3,04734e4e-302a-4396-8237-6f976c346117,743439a8-1642-4103-abcb-1ef114ce801a,65741,05/09/2020 to 10/10/2020,Sat: 9:00 AM-1:00 PM;,,,,,,
1003969,Rogue Valley Growers & Crafters Market,1492 East Main,245ad35c-7f3f-4f3b-8d64-8b837d3fc797,938cfa52-1f29-46e2-8375-1af81cb89a13,01127d9b-01aa-4ef1-9bd2-48f67f513459,97520,03/05/2019 to 11/26/2019,Tue: 8:30 AM-1:30 PM;,,,,,,
1003970,Rogue Valley Growers & Crafters Market,99 Hawthorne St,564f36e5-f406-4a25-ab38-cc7b29988087,938cfa52-1f29-46e2-8375-1af81cb89a13,01127d9b-01aa-4ef1-9bd2-48f67f513459,97501,03/07/2019 to 10/31/2019,Thu: 8:30 AM-1:30 PM;,,,,,,
1003971,Rogue Valley Growers & Crafters Market,Oak & N Main,245ad35c-7f3f-4f3b-8d64-8b837d3fc797,938cfa52-1f29-46e2-8375-1af81cb89a13,01127d9b-01aa-4ef1-9bd2-48f67f513459,97520,05/04/2019 to 10/26/2019,Sat: 8:30 AM-1:00 PM;,,,,,,
1018637,Rohnert Park Farmers' Market ,500 City Center Dr ,81f5d5e8-0777-4dba-86ed-ac982d667671,92df7e14-b328-4baa-9ef8-348842c61af5,7a557091-92bc-49e9-b58a-458458f87711,94928,06/07/2019 to 08/30/2019,Fri: 4:00 PM-7:00 PM;,,,,,,
1011778,Rolling Meadows City Markets,2720 Kirchoff Road,b43498c4-23a2-42fd-9880-ee6f57ac4666,d8223186-8ebb-45c5-a659-85e420d1a15f,f3414562-68d9-4389-bd7c-0efe5455715f,60008,05/26/2018 to 09/22/2018,Sat: 10:00 AM-2:00 PM;,,,,,,
1019479,Ronan Farmers' Market,155-199 Hwy 93,cd0c1bdd-fe0d-4908-9d90-57f6b84a2557,6fd20e39-6d74-4cf0-a565-2e5e7fe23342,e92d45e1-6b7b-45e4-aa71-592e5a597b61,59864,05/16/2019 to 09/26/2019,Thu: 4:00 PM-7:00 PM;,,,,,,
1018349,Roosevelt Community Farmers' Market,380 Nassau Road ,76bd4349-ee7d-4ea8-a15d-3f1d4d4ed18c,7d230643-57c2-4a2b-9d77-bf4943d5c054,7dd79c73-5476-44d1-8d08-54ed1287ed03,11575,07/07/2019 to 10/27/2019,Sun: 11:00 AM-3:00 PM;,,,,,,
1019973,Rosa Parks Farmers Market,2020 Beatties Ford Road,f8017f3b-7d48-4786-899c-4d3bb4cfec3f,3ef8efec-cf6c-4652-8521-e5e4dc6ded04,39f00a75-0499-4de4-9c99-0cb1fdb2568a,28216,06/16/2020 to 09/29/2020,Tue: 3:00 PM-7:00 PM;,,,,,,
1010821,Rose City Farmers Market,302 S. Broadway Ave.,70f04fa3-d944-44f0-b83b-f66b18bab575,bb6dbda6-b958-4908-a37e-e42e9c292e25,2c777c95-b197-4df6-b0e0-6637a1318fc2,75701,04/07/2018 to ,Sat: 8:00 AM-12:00 PM;,,,,,,
1019194,Roslindale Village Main Street Winter Farmers Market,32 Birch St,e1e29aac-ee83-483e-9ade-84fc1c85f830,c7509f7c-c956-492e-983a-c4c1c4e841ea,fd0813ee-0dcf-4cef-8953-1e30d4412de6,02131,01/17/2020 to ,Sun: 12:00 PM-2:00 PM;,,,,,,
1019791,Ross Township Farmers Market,920 Perry Hwy,a7424088-b009-46da-8f36-e9bf6192efc5,68a3c528-92c0-49f7-9e91-8f87a45bb3f3,3ffc900b-d7c0-4b07-8aba-7df870781580,15229,05/13/2020 to 10/28/2020,Wed: 3:00 PM-7:00 PM;,,,,,,
1021535,Round Rock Farmers' Market,201 University Oaks Blvd,a55d6ed0-7ce6-419d-9c68-2be6311997de,79ebdf72-577b-455b-b2e4-8b1777a78b25,2c777c95-b197-4df6-b0e0-6637a1318fc2,78665,01/01/2021 to 01/01/2021,Sat: 10:00 AM-2:00 PM;,,,,,,
1021218,Route One Farmers Market,3745 Constellation Rd,aaf2af6e-ef1c-4b22-801d-d063b3557f0a,1ae6975d-ef3e-4675-9082-a4c09f817ad0,7a557091-92bc-49e9-b58a-458458f87711,93436,05/05/2019 to ,Sun: 10:00 AM-2:00 PM;,,,,,,
1005261,Royal Kunia Park-n-Ride (People's Open Market),Kupuna Lp/Kupuohi Street,bdd5f702-95fb-4b36-a0c5-a5d2f14a5d68,e9f50e89-e238-48ed-af04-05bddd9ae446,4c8a3dce-226c-409e-b551-8c6a90ecf266,96797,01/01/2019 to 12/31/2019,Sun: 9:30 AM-11:00 AM;,,,,,,
1019119,RT 639 Farmers Market,"7278 Ladysmith Road, ",8496d922-3f2a-4d42-bbd8-4364335b3c4a,47e7dd2d-b945-43ac-a255-1482ec920d22,6dd53333-5181-463f-abcb-fcb91c8ec710,22546,05/17/2018 to 09/13/2018,Thu: 4:00 PM-8:00 PM;,,,,,,
1021451,Running Springs Farmers Market and Artisan Faire,2645 Whispering Pines Drive,55cbdc3d-f910-4c4f-bdcb-92218c333291,b1ebf502-5074-4954-93d9-29fa5b7b3225,7a557091-92bc-49e9-b58a-458458f87711,92382,05/01/2021 to 05/01/2021,Sat: 9:00 AM-1:00 PM;,,,,,,
1003915,Rusk County Farmers Market,US Highway 8 & W. 2nd  Street,d16cf499-def0-4ada-8f3c-b3f1622ba4e4,5f24cd9b-678e-476c-b0e0-d0fc7a2d5c8a,e8d05643-2a60-4ca6-a077-819f50879428,54848,06/12/2021 to 06/12/2021,Wed: 12:00 PM-4:00 PM;Sat: 8:30 AM-12:00 PM;,,,,,,
1019620,Russellville Community Market,320 West C St. ,4d853614-4a1e-43b5-b111-dc9c20e49804,03926a2a-bf8e-4167-a891-06995304e362,7885258d-77c7-421e-a1e9-043ef91e8c26,72801,01/01/2021 to 12/31/2021,Tue: 4:00 PM-8:00 PM;,,,,,,
1021646,Russian River Farmers Market ,16290 5th St ,29cb3181-4a9a-42b2-b167-0bfde788e294,92df7e14-b328-4baa-9ef8-348842c61af5,7a557091-92bc-49e9-b58a-458458f87711,95446,06/02/2022 to 06/02/2022,Thu: 3:00 PM-7:00 PM;,,,,,,
1021503,Russiaville Farmers Market,250 N Union St,036b563d-611e-4fff-99fb-0f518272ce33,99c9be21-e9fa-4cf2-8d3b-ce9c09c22dde,1f92cbc1-8f4b-4538-95dd-366fc23a8da5,46979,06/13/2021 to 06/13/2021,Sun: 11:00 AM-3:00 PM;,,,,,,
1018975,Ruston Farmers Market,220 E. Mississippi Avenue,dc67c375-8824-4ef3-8d96-31646df80cd3,4b5a794c-f67f-40fb-aec2-655d60501ec6,8eab0d88-b9c8-4da4-a6a4-9d4a0327af9c,71270,04/14/2018 to 12/15/2018,Sun: 8:00 AM-12:00 PM;,,,,,,
1019715,RVCC Winter Market,Rockfish School Lane,75a0d368-f7ac-439e-ac3b-73e3c05b5c48,83923357-b2eb-4a37-ad7a-4e4d0bde9e35,6dd53333-5181-463f-abcb-fcb91c8ec710,22920,11/02/2019 to 12/07/2019,Sat: 9:00 AM-12:00 PM;,,,,,,
1019825,Saint Mary Farmers Market,700 s third st,b94b9fb0-f02d-455f-a686-3b557a28d9a7,944b15fd-d0f0-4def-9b76-0a8ab2987e68,82136789-d0c5-4229-8cac-b731a5361c03,43206,05/02/2020 to 10/31/2020,Sat: 9:00 AM-1:00 PM;,,,,,,
1019734,SaintParis FarmersMarket,135 W. Main St,3c74dabd-fb55-40b5-a050-992486f32b0f,4987e112-f9e7-4dcd-b73d-9ccaa0a29518,82136789-d0c5-4229-8cac-b731a5361c03,43072,,Fri: 2:30 PM-6:00 PM;,,,,,,
1002062,Salamanca Farmers market,768 Broad st,eaad8229-7c13-40a2-b43a-2b0d820dac36,51821455-5714-4c1a-8cf1-ff6b38cf95db,7dd79c73-5476-44d1-8d08-54ed1287ed03,14779,05/22/2018 to 10/30/2018,Tue: 11:00 AM-5:00 PM;,05/26/2020 to 10/27/2020,Tue: 11:00 AM-5:00 PM;,,,,
1005214,Salem Farmers Market,3 East Main Street,cbb05d23-d617-4393-8972-91f331c86589,87bef4b3-1b46-4ac9-9a01-b3c174acdf15,6dd53333-5181-463f-abcb-fcb91c8ec710,24153,04/03/2021 to 04/03/2021,Sat: 8:00 AM-12:00 PM;,01/04/2014 to 01/04/2014,Sat: 9:00 AM-11:00 AM;,,,,
1021613,Salem Farmers Market,32 Derby Square,cbb05d23-d617-4393-8972-91f331c86589,32b3456a-fa18-4d19-8296-c50b5727825e,fd0813ee-0dcf-4cef-8953-1e30d4412de6,01970,08/19/2021 to 08/19/2021,Thu: 3:00 PM-7:00 PM;,,,,,,
1019211,Salem NH Farmers Market - Winter,14 Main Street,cbb05d23-d617-4393-8972-91f331c86589,4ccf2809-b4f4-4eaa-b46d-0beba0ea2e52,97451c0b-a2d4-4498-ba04-00201d9018f1,03079,11/04/2018 to 04/28/2019,Sun: 10:00 AM-2:00 PM;,,,,,,
1021546,Salinas City Center Certified Organic Farmer's Market,Gabilan Street,be5497d2-35b5-4cf2-9b5c-13d36a181208,df155ecd-6c01-4979-b8ef-34bfce8b51ee,7a557091-92bc-49e9-b58a-458458f87711,93901,01/01/2021 to 01/01/2021,Sat: 9:00 AM-2:00 PM;,,,,,,
1004988,Saline Farmers Market,S. Ann Arbor Street,f541c8e9-9774-4722-9356-d290e060f37c,c675704b-a659-44ac-9e37-c10f952650bb,1567e172-94ab-4222-b635-6b669c2aa787,48176,05/02/2020 to 10/31/2020,Sat: 8:00 AM-12:00 PM;,,,,,,
1004990,Saline Farmers Market,7265 Saline Ann Arbor Road,f541c8e9-9774-4722-9356-d290e060f37c,c675704b-a659-44ac-9e37-c10f952650bb,1567e172-94ab-4222-b635-6b669c2aa787,48176,11/07/2020 to 12/31/2020,Sat: 9:00 AM-12:00 PM;,,,,,,
1021724,Salisbury Farmer's Market,16 Elm Street,c34203dd-baf4-4e90-a168-9e06e145ddba,32b3456a-fa18-4d19-8296-c50b5727825e,fd0813ee-0dcf-4cef-8953-1e30d4412de6,01952,06/02/2022 to 06/02/2022,Thu: 5:00 PM-8:00 PM;,11/06/2021 to 11/06/2021,Sat: 10:00 AM-2:00 PM;,04/02/2022 to 04/02/2022,Sat: 10:00 AM-2:00 PM;,10/01/2022 to 10/01/2022,Sat: 10:00 AM-2:00 PM;
1002485,Salmon Creek Farmers' Market at Legacy Hospital,2211 NE 139th Street,5982388e-9141-424d-a1e6-e29df8803d5b,a2f21fe0-f504-40f1-8102-e004f7efe450,e1b87cb5-fdcd-4e67-adf7-e25bd794503c,98686,06/11/2019 to 10/29/2019,Tue: 11:00 AM-3:00 PM;,,,,,,
1019428,Salomon Farm Park Farmers' Market ,817 West Dupont Road,e0744dcd-246f-4a75-b128-8108f850d554,a8adcb66-7c0d-4d5d-98a3-849a434a5824,1f92cbc1-8f4b-4538-95dd-366fc23a8da5,46825,06/05/2019 to 09/04/2019,Wed: 4:00 PM-7:00 PM;,,,,,,
1005262,Salt Lake Municipal Lot (People's Open Market),5337 Likini Street,b98a099d-6f60-4831-83da-00380709ab2b,e9f50e89-e238-48ed-af04-05bddd9ae446,4c8a3dce-226c-409e-b551-8c6a90ecf266,96818,01/01/2019 to 12/31/2019,Sat: 11:00 AM-12:00 PM;,,,,,,
1021468,San Antonio Food Bank Farmers' Market,5200 Enrique M. Barrera Pkwy,a99c4dc4-e05b-4efb-b21a-ab91f893c98b,f2845a4d-815f-46eb-8b61-b33f457c962d,2c777c95-b197-4df6-b0e0-6637a1318fc2,78227,04/03/2021 to 04/03/2021,Sat: 10:00 AM-1:00 PM;,,,,,,
1009080,San Francisco Certified Alemany Farmers Market,100 Alemany Boulevard,c93bd186-da75-4912-9dd3-d71968996844,3e318aaf-41f1-4527-a504-d031036814a8,7a557091-92bc-49e9-b58a-458458f87711,94110,01/01/2018 to 12/31/2018,Sat: 5:00 AM-3:00 PM;,,,,,,
1018449,Sanford Farmers' Market,919 Main St,90b808e0-15dd-4895-af84-fa21cfd25454,ec543b7f-ee0b-41cf-a2f5-2c56ddb5c9a9,2feeec2f-bc8c-40ae-9405-0f6d59707d93,04073,05/05/2018 to 10/27/2018,Sat: 8:00 AM-12:00 PM;,,,,,,
1019913,Sankofa World Market,224 Dexter St,8fe83393-5fce-481b-a3ae-14dc2c46129c,798f9f6f-ec3b-4ae4-a619-3421addd2d51,a8a2bc3a-b405-485c-a8b5-f2fb1841df29,02907,06/17/2020 to 10/28/2020,Wed: 2:00 PM-6:00 PM;,,,,,,
1020185,Santa Clara Farmers' Market,Jackson Street at Homestead Road,b4dc15ed-4ab2-4fed-a3c9-cd23643a004c,91236836-0a9e-4e3e-96a5-786726e2ac3a,7a557091-92bc-49e9-b58a-458458f87711,95050,01/04/2020 to 12/26/2020,Sat: 9:00 AM-1:00 PM;,,,,,,
1021645,Santa Rosa Certified Farmers Market ,50 Mark West Springs Rd.,e2fa427f-f5ec-4a4e-8b6c-05f2172e6e99,92df7e14-b328-4baa-9ef8-348842c61af5,7a557091-92bc-49e9-b58a-458458f87711,95403,01/01/2021 to 01/01/2021,Sat: 8:30 AM-1:00 PM;,03/03/2021 to 03/03/2021,Wed: 8:30 AM-1:00 PM;,,,,
1018625,Santa Rosa Community Farmers Market at the Veterans Building,1501 Farmers Lane ,e2fa427f-f5ec-4a4e-8b6c-05f2172e6e99,92df7e14-b328-4baa-9ef8-348842c61af5,7a557091-92bc-49e9-b58a-458458f87711,95404,01/04/2020 to 12/30/2020,Wed: 9:00 AM-1:30 PM;Sat: 8:30 AM-1:00 PM;,,,,,,
1018315,Santa Rosa Downtown Market (Wednesday Night Market),Courthouse Square & 4th St,1d51c08d-d64f-4ffc-abd1-a550db458105,92df7e14-b328-4baa-9ef8-348842c61af5,7a557091-92bc-49e9-b58a-458458f87711,95404,05/02/2018 to 08/22/2018,Wed: 5:00 AM-8:30 PM;,,,,,,
1011160,Santa Rosa Farmers Market,4587 Woodbine Road,eb0ccc13-c0a8-4f0b-9882-f9b033c8dd35,507bf404-bac4-4f36-b006-dc83461615b0,7b0326e1-5b5a-47e8-8933-7dce24e815dc,32571,01/01/2018 to 12/31/2018,Sat: 9:00 AM-1:00 PM;,,,,,,
1007261,Sara Hardy Downtown Farmers Market,152 East Grandview Parkway,0d395cd1-c16d-429d-93c0-7042c0bdc714,2150f444-3256-4ef0-aeb4-7ea793bcab60,1567e172-94ab-4222-b635-6b669c2aa787,49684,05/03/2014 to 10/29/2014,Wed: 8:00 AM-12:00 PM;Sat: 7:30 AM-12:00 PM;,,,,,,
1008303,Saracen Landing Farmers Market,200 Lake Saracen Drive,e0b7fdf9-253f-4a92-90a4-0c77b8e29565,04317b7e-1abf-4a2c-b4a7-e994c1d4c3c9,7885258d-77c7-421e-a1e9-043ef91e8c26,71601,06/02/2018 to 09/29/2018,Tue: 6:00 AM-1:00 PM;Sat: 6:00 AM-1:00 PM;,,,,,,
1012203,Saranac Lake Village Farmers Market,Riverside Park,a65290a3-cf29-4122-8c0e-e81a78247f08,944b15fd-d0f0-4def-9b76-0a8ab2987e68,7dd79c73-5476-44d1-8d08-54ed1287ed03,12983,06/04/2016 to 10/15/2016,Sat: 9:00 AM-2:00 PM;,10/20/2018 to 12/22/2018,Sat: 10:00 AM-2:00 PM;,,,,
1021577,Saturday Market at Steele,4350 Thomas Drive,bbffe3e4-4576-4d13-81f8-de3b7fc2ec80,6fd20e39-6d74-4cf0-a565-2e5e7fe23342,7a557091-92bc-49e9-b58a-458458f87711,95435,08/07/2021 to 08/07/2021,Sat: 10:00 AM-1:00 PM;,,,,,,
1007250,Saugerties Farmers Market ,115 Main Street,26f67579-f931-4312-9099-b0d4b118b08d,3f032159-5bbe-4cfe-84d7-553afb15bd20,7dd79c73-5476-44d1-8d08-54ed1287ed03,12477,05/29/2021 to 05/29/2021,Sat: 10:00 AM-2:00 PM;,,,,,,
1021558,Scituate Farmers Market,600 Chief Justice Cushing Hwy,7d0b3c04-6232-4678-a594-36d639fbce62,72a6d7ec-ec6e-4ad4-a08f-5451ed158f93,fd0813ee-0dcf-4cef-8953-1e30d4412de6,02066,06/02/2021 to 06/02/2021,Wed: 4:00 PM-7:00 PM;,,,,,,
1021707,Scituate Rotary Farmers Market,46 Institute Lane,5686fe55-6a34-4f91-af72-e831ec14ad62,798f9f6f-ec3b-4ae4-a619-3421addd2d51,a8a2bc3a-b405-485c-a8b5-f2fb1841df29,02857,05/14/2022 to 05/14/2022,Sat: 9:00 AM-12:00 PM;,,,,,,
1012037,SCOTCH PLAINS FARMERS' MARKETPLACE,"430 Park Ave (Municipal Parking Lot), Scotch Plains, New Jersey 07076",acccf489-b375-47e7-bf14-d1fb31ba5a94,4f40be6e-17a2-4228-a0e2-e62151ff1fc7,fb17e9e8-f8a8-4928-8ac2-94bbf6405d9f,07076,05/19/2018 to 11/17/2018,Sat: 8:00 AM-2:00 PM;,,,,,,
1019627,Scotland Farmers Market,Rt. 14 & Rt. 97,5c469577-3695-4b29-979c-120c1aaf83f8,795710b0-5433-4ea6-a6c6-0be3adcf4e0f,e27aa654-8f84-43d8-bc72-d501fb165262,06264,05/22/2019 to 10/30/2019,Wed: 3:00 PM-6:00 PM;,,,,,,
1020088,Scott County Farmers' Market,corner of North Broadway and Washington Street,d9ccea19-f77d-4eb6-b9b6-67d092cfce1a,812732d9-df02-4464-a699-a956ede005ed,26759049-be66-49a3-8617-64f28a0ad262,40324,05/23/2020 to 09/26/2020,Sat: 9:00 AM-1:00 PM;,,,,,,
1019515,Scottsville Midweek Farmers' Market,61 Main St.,3af5729b-043e-443f-8a66-25b7b9f79fff,032e559b-c41b-49ee-9f3f-d45d6205d338,7dd79c73-5476-44d1-8d08-54ed1287ed03,14546,06/05/2019 to 09/25/2019,Wed: 4:00 PM-7:00 PM;,,,,,,
1019445,SE Columbus Farmer's & Grower's Market,5081 Carbondale Drive,636e566e-a955-4175-925d-c3f319923b3f,944b15fd-d0f0-4def-9b76-0a8ab2987e68,82136789-d0c5-4229-8cac-b731a5361c03,43232,06/08/2019 to 08/31/2019,Sat: 9:00 AM-12:00 PM;,,,,,,
1018167,Seacoast Eat Local Winter Farmers' Market - Exeter High School,1 Blue Hawk Drive,8c87a3da-00a3-44c8-bd69-16e13c35e262,4ccf2809-b4f4-4eaa-b46d-0beba0ea2e52,97451c0b-a2d4-4498-ba04-00201d9018f1,03833,11/10/2018 to 04/06/2019,Sat: 10:00 AM-2:00 PM;,,,,,,
1018172,Seacoast Eat Local Winter Farmers' Market - Wentworth Greenhouses ,141 Rollins Road ,3cb91b1a-918e-424c-8994-2675a0053eb5,6c91773a-e06f-43d0-9819-47d3a5a62381,97451c0b-a2d4-4498-ba04-00201d9018f1,03869,11/17/2018 to 03/23/2019,Sat: 10:00 AM-2:00 PM;,,,,,,
1019237,Sealy Farmers Market,410 Main Street,8d68f098-157e-48b6-ba24-b32f61497422,adc3b572-03a9-4f70-9fc9-a1ea3ba7ec68,2c777c95-b197-4df6-b0e0-6637a1318fc2,77474,03/10/2018 to 11/10/2018,Sat: 9:00 AM-12:00 PM;,,,,,,
1021693,Searcy County Farmers Market,200 W Fair Street,332790f9-e710-4f7b-95a8-3fc2abe3d797,aedee8de-e9ad-411f-b738-e8d351209dc0,7885258d-77c7-421e-a1e9-043ef91e8c26,72650,05/27/2022 to 05/27/2022,Fri: 3:00 PM-6:00 PM;,07/08/2022 to 07/08/2022,Tue: 9:00 AM-1:00 PM;,,,,
1021664,Seaside Farmers Market,1140 Broadway,f5c01c26-5edc-4a27-9e5c-205440da1b31,fdd7729c-cb32-4308-9543-01315e25dfe3,01127d9b-01aa-4ef1-9bd2-48f67f513459,97138,06/15/2022 to 06/15/2022,Wed: 2:00 PM-6:00 PM;,,,,,,
1021233,Secotan Market,2868 NC-345,b6f0de65-6fe6-4a58-b7ca-eb698772b468,0119deba-4c05-4870-aeea-3f72b8be1f95,39f00a75-0499-4de4-9c99-0cb1fdb2568a,27981,01/01/2020 to 04/30/2020,Sat: 10:00 AM-12:00 PM;,05/01/2020 to 09/30/2020,Sat: 8:00 AM-12:00 PM;,10/01/2020 to 11/25/2020,Sat: 9:00 AM-12:00 PM;,12/01/2020 to 12/31/2020,Sat: 9:00 AM-12:00 PM;
1018773,Sedalia Area Farmers' Market,2233 W 16th St,92da4ec5-cdec-483c-92c1-90c762753562,4acb16f5-8a47-405b-b022-f76fd048f473,743439a8-1642-4103-abcb-1ef114ce801a,65301,05/01/2020 to 10/30/2020,Tue: 3:00 PM-6:00 PM;Fri: 3:00 PM-6:00 PM;,,,,,,
1019610,Seed2Seed FarmerвЂ™s Market,100 north main st.,46a60bab-e0b2-435d-9f20-12c02cfc16ae,1b4664f4-10b0-4d25-a76d-f7e115833e9e,39f00a75-0499-4de4-9c99-0cb1fdb2568a,27101,07/09/2019 to ,Tue: 10:00 AM-2:00 PM;,,,,,,
1019442,Seneca Falls Farmers Market,15 Water Street,5e3b0a83-a4dc-4576-b330-8311513ea29f,4400c5e0-c116-47b2-9cf0-44a8b1f575a8,7dd79c73-5476-44d1-8d08-54ed1287ed03,13148,06/16/2020 to 10/13/2020,Tue: 3:00 PM-7:00 PM;,,,,,,
1019395,Sevier County Farmers Market,Herman Dierks Park   604 East Hayes Avenue,cecfc9c0-bdba-4aa3-b718-484c4c1074fa,2ad9f986-4fe0-48af-910b-acf1c0c77c35,7885258d-77c7-421e-a1e9-043ef91e8c26,71832,05/01/2019 to 10/31/2019,Wed: 7:00 AM-11:00 AM;Sat: 7:00 AM-11:00 AM;,,,,,,
1021700,Seward Farmer's Market,529 Seward St,3f060d11-a2bf-4f6d-8644-69e66b909b18,548100ad-d612-4ffa-ac79-d9902731e915,9d7cc9b4-b9db-4c4e-b267-425d9a3e46b4,68434,05/07/2022 to 05/07/2022,Wed: 5:00 PM-7:00 PM;Sat: 8:00 AM-12:00 PM;,,,,,,
1010838,Shallotte Farmers Market/Market on Mulberry ,123 Mulberry Street,7a8070da-ab7d-4b6d-be02-6cb5aa6641ef,047b6207-893f-421c-a4f9-83ed9c9aa36c,39f00a75-0499-4de4-9c99-0cb1fdb2568a,28470,06/04/2016 to 08/01/2020,Sat: 9:00 AM-1:00 PM;,,,,,,
1019455,Shawano Farmers Market,235 S. Washington Street,7b8050fa-13ae-4646-812a-8e0e54c96d62,6fb223e5-54b2-47e4-804e-8cd4c90fb9ca,e8d05643-2a60-4ca6-a077-819f50879428,54166,06/19/2021 to 06/19/2021,Sat: 8:00 AM-12:00 PM;,,,,,,
1021429,Shawnee Farmers Market,11110 Johnson Drive,d4b14142-8675-4c1f-8762-ad2c76ce9f5b,35b808c7-3b58-4261-b5a8-8193cebdb1c8,940abb8a-6d9b-46f0-b9b1-37ab0a387dac,66203,05/01/2021 to 05/01/2021,Sat: 7:00 AM-12:00 PM;,,,,,,
1001280,Shelby County Farmers Market,Hwys 44 and 59,4d66a253-4920-4f59-b865-14b4f66da9ef,afc68372-21d9-40de-ad2e-b45c9a691fc9,02f30189-b9ba-40b5-bb18-c7d22d4b6d4b,51537,06/19/2021 to 06/19/2021,Wed: 3:30 PM-6:00 PM;Sat: 8:30 AM-12:00 PM;,,,,,,
1019976,Shelby County Farmers Market,151 W Washington Street,1f6a8575-db56-496d-ab34-1a1f9452c8e3,afc68372-21d9-40de-ad2e-b45c9a691fc9,1f92cbc1-8f4b-4538-95dd-366fc23a8da5,46176,05/16/2020 to 09/26/2020,Sat: 8:00 AM-12:00 PM;,,,,,,
1020103,Shepherdsville farmer's Market,170 W. Joe B. Hall Avenue ,433d4474-2fc9-4179-956a-76bfd90e82d4,e124d769-f752-475b-a3a6-2f54b3c04675,26759049-be66-49a3-8617-64f28a0ad262,40165,06/04/2020 to 10/24/2020,Thu: 5:00 PM-8:00 PM;Sat: 8:00 AM-12:00 PM;,,,,,,
1018988,Shiloh Farmers' Market,5300 Philadelphia Dr.,c47824c1-6ef2-46b4-b10a-2d744d0fba3c,67f1ece3-06e3-4863-9005-e8741bf3d0fb,82136789-d0c5-4229-8cac-b731a5361c03,45415,,Sat: 8:00 AM-1:00 PM;,,,,,,
1019319,Shoreline Farmers Market,15415 Westminster Way,6d8134f0-1ff2-4da1-8e78-7f591feb6ec1,98ee5d73-cf74-4b82-b3c4-2a67ffc35a0e,e1b87cb5-fdcd-4e67-adf7-e25bd794503c,98133,06/05/2021 to 06/05/2021,Sat: 10:00 AM-2:00 PM;,,,,,,
1012179,Shorewood Farmers Market,3400 Estabrook Parkway,0ab5edaa-9911-4aa1-a0ac-b8361a1a88e6,3c8376ac-fa0b-4d3a-8203-2387e18eeda5,e8d05643-2a60-4ca6-a077-819f50879428,53211,06/13/2021 to 06/13/2021,Sun: 9:30 AM-1:00 PM;,,,,,,
1020004,Shreveport Farmers' Market,101 Crockett Street,80a0d41f-3586-42d4-879f-6fe9152b1309,10b1056f-da0f-47a6-8c4a-ac73c3678976,8eab0d88-b9c8-4da4-a6a4-9d4a0327af9c,71101,05/30/2020 to 10/10/2020,Sat: 8:00 AM-1:00 PM;,,,,,,
1021397,Siloam Springs Farmers Market ,205 Jefferson Street,884ac198-8205-4236-8df1-9341c6a9e9fe,162e9307-c023-4792-9afa-4acab5ff724a,7885258d-77c7-421e-a1e9-043ef91e8c26,72761,04/17/2021 to 04/17/2021,Sat: 8:00 AM-12:00 PM;,,,,,,
1018771,Silver City Farmers' Market Downtown,901 N Pope ST,7b7866e9-ab22-46d2-a42e-f04c4f88ba91,da757e60-fe4b-4b9a-a9c4-4473dd73f2fe,d9d874da-b48f-4f4e-ac29-8f3c10de66ef,88061,01/01/2020 to 12/31/2020,Sat: 9:00 AM-12:00 PM;,,,,,,
1021219,Silver City Farmers' Market Midweek Market,"3025 Highway 180 E, Silver City, NM 88061",7b7866e9-ab22-46d2-a42e-f04c4f88ba91,da757e60-fe4b-4b9a-a9c4-4473dd73f2fe,d9d874da-b48f-4f4e-ac29-8f3c10de66ef,88061,05/13/2020 to 10/28/2020,Wed: 9:00 AM-12:00 PM;,,,,,,
1011044,Silver Lake CFM,1500 Griffith Park Blvd,ee7ef7fc-ec79-4441-b0bd-60cd097d70b0,b66dd93f-9a8d-4056-8980-fc2698aa3c61,7a557091-92bc-49e9-b58a-458458f87711,90026,01/01/2019 to 12/31/2019,Tue: 1:00 PM-7:00 PM;Sat: 8:00 AM-1:30 PM;,,,,,,
1016822,Silver Valley Farmers Market,10 Station Ave,bdbb1885-9d8b-4894-b01a-9844bc9a01b7,a1a8571d-9bb9-4816-b83d-a82071c79fa6,34db3808-70ee-4d72-96b7-31220659bda5,83837,06/07/2018 to 10/18/2018,Thu: 5:00 PM-8:00 PM;,,,,,,
1018601,Silverdale Farmers Market,2222 Bucklin Hill Rd,0bdd7fe0-9de5-4353-853a-da0baa2ef730,68a28bf5-34f2-4e91-9720-e87626c77422,e1b87cb5-fdcd-4e67-adf7-e25bd794503c,98383,05/02/2017 to 09/24/2019,Tue: 10:00 AM-2:00 PM;,,,,,,
1011811,Simi Valley City Hall Certified Farmers' Market,2757 Tapo Canyon rd,ff797e63-eedf-4d41-b5d8-9d049bf4b813,2617586d-a9d8-4527-ae36-f622baa19fd3,7a557091-92bc-49e9-b58a-458458f87711,93093,01/01/2018 to 12/31/2018,Fri: 11:00 AM-3:30 PM;,01/01/2018 to 12/31/2018,Fri: 11:00 AM-3:30 PM;,,,,
1010560,Sioux City Farmers Market,100 Pearl Street,e42d594a-8aa8-4322-85ff-f77fb225034d,7c47c495-6d8f-4afc-aaa6-105b49fe8d7a,02f30189-b9ba-40b5-bb18-c7d22d4b6d4b,51101,05/06/2020 to 10/31/2020,Wed: 8:00 AM-1:00 PM;Sat: 8:00 AM-1:00 PM;,,,,,,
1003169,Sitka Farmers Market,611 Lincoln Street,d8761dfc-945d-411a-873a-aee08a07e250,6ca29070-3548-4281-9e1d-9d224a59b79b,157c9f31-b275-48a2-b141-baacb08f6d03,99835,06/20/2020 to 09/26/2020,Sat: 10:00 AM-1:00 PM;,,,,,,
1018814,Sleeping Dragon Farmers Market,6475 Columbus Rd SE,fbe753fe-fdd6-489e-88ff-8ffa1a90a56d,f9ac4c7a-8f4e-467a-8de0-95b8b0bdc192,d9d874da-b48f-4f4e-ac29-8f3c10de66ef,88030,,Sat: 8:00 AM-12:00 PM;,,,,,,
1019869,Slippery Rock Farmers Market ,"Gateway Park, 100 Midway Street",45a58d11-0f36-44f5-b95b-909751f27166,fab72639-887a-412d-a8af-c7853d1b20f9,3ffc900b-d7c0-4b07-8aba-7df870781580,16057,06/06/2020 to 10/03/2020,Sat: 9:00 AM-12:00 PM;,,,,,,
1020163,SLO Farm Supply Farmers Market,224 Tank Farm Rd,fb7885d0-bcba-4d1a-8a75-9b839d5b2c5b,a3dd6175-d6cc-402f-8bb2-f820367197af,7a557091-92bc-49e9-b58a-458458f87711,93401,01/01/2020 to 12/31/2020,Tue: 2:30 PM-5:30 PM;,,,,,,
1010014,Smith County Farmers Market,110 Ag. Center lane,96da3591-4af1-4434-9e03-965d368f6064,bb6dbda6-b958-4908-a37e-e42e9c292e25,e7416093-d979-43e8-952c-06d2b35b5956,37030,04/01/2020 to 12/01/2020,Mon: 8:00 AM-1:00 PM;Tue: 8:00 AM-1:00 PM;Thu: 8:00 AM-1:00 PM;Fri: 8:00 AM-1:00 PM;Sat: 8:00 AM-1:00 PM;,,,,,,
1021675,Snookz block mini market,"225 elm st, 4",2e5de06a-6d03-49b2-89aa-931c742153aa,2617586d-a9d8-4527-ae36-f622baa19fd3,7a557091-92bc-49e9-b58a-458458f87711,93060,01/01/2022 to 01/01/2022,Mon: 9:00 AM-9:00 PM;Tue: 9:00 AM-9:00 PM;Wed: 9:00 AM-9:00 PM;Thu: 9:00 AM-9:00 PM;Fri: 9:00 AM-9:00 PM;Sat: 9:00 AM-5:00 PM;Sun: 9:00 AM-5:00 PM;,,,,,,
1020022,SOCO Farmers' Market,3315 Hyland ,5be98a4f-3bf0-4465-98f8-70e481e8f80f,90ee16f9-2d16-4ca0-8b4a-bdd55cd5f5a1,7a557091-92bc-49e9-b58a-458458f87711,92626,01/01/2021 to 01/01/2021,Sat: 9:00 AM-2:00 PM;,,,,,,
1019926,Sodus Farmers' Market,58 West Main Street,6d278d24-a7c5-4a38-97f0-7b0ea71d943e,8f722dc3-6e1e-4775-b2b3-c06cda821c68,7dd79c73-5476-44d1-8d08-54ed1287ed03,14551,07/08/2020 to 10/07/2020,Wed: 2:30 PM-6:00 PM;,,,,,,
1020159,SoKY Marketplace Farmer's Market,636 Center Street ,0898ad7c-5344-4350-95bb-b7345652715c,9aba9c3c-2ffa-4440-ae83-a1aa114aed45,26759049-be66-49a3-8617-64f28a0ad262,42102,01/01/2020 to 12/31/2020,Sat: 8:00 AM-1:00 PM;,,,,,,
1003836,Solana Beach Farmers Market,444 South Cedros Avenue,466120a8-1322-4b68-b35a-b7867445c8f3,140caaf5-0e04-464d-a5b7-2874d1baff93,7a557091-92bc-49e9-b58a-458458f87711,92075,01/01/2021 to 01/01/2021,Sun: 12:00 PM-4:00 PM;,,,,,,
1019829,Soldotna Saturday Farmers Market,193 E. Corral Ave,e67d90cd-d9ff-46f8-8a41-ca4443502e4c,d21e2e4b-385e-4f87-90e7-b98d206e3b2a,157c9f31-b275-48a2-b141-baacb08f6d03,99669,06/05/2021 to 06/05/2021,Sat: 10:00 AM-2:00 PM;,,,,,,
1019671,Somerset County Farmers' Market Inc.,800 Georgian Place ,08ab8d02-a5f8-4005-b184-2b4d14f7f573,e7d78930-1754-4304-a1ad-12ee4ba4c6d9,3ffc900b-d7c0-4b07-8aba-7df870781580,15501,05/25/2019 to 11/23/2019,Sat: 9:00 AM-12:00 PM;,,,,,,
1020039,Somerville Mobile Farmers' Market - Council on Aging,167 Holland Street,49379811-b23e-4550-a714-b252e3f4c6ac,ceef5aa1-8ef7-4d6e-9360-fd847f814047,fd0813ee-0dcf-4cef-8953-1e30d4412de6,02144,07/10/2020 to 10/17/2020,Fri: 10:30 AM-12:30 PM;,,,,,,
1020040,Somerville Mobile Farmers' Market - East Somerville Community School,50 Cross Street,49379811-b23e-4550-a714-b252e3f4c6ac,ceef5aa1-8ef7-4d6e-9360-fd847f814047,fd0813ee-0dcf-4cef-8953-1e30d4412de6,02145,07/10/2020 to 10/17/2020,Fri: 2:30 PM-4:30 PM;,,,,,,
1011934,Somerville Mobile Farmers' Market - Mystic,530 Mystic Avenue,49379811-b23e-4550-a714-b252e3f4c6ac,ceef5aa1-8ef7-4d6e-9360-fd847f814047,fd0813ee-0dcf-4cef-8953-1e30d4412de6,02145,07/10/2020 to 10/17/2020,Sat: 1:30 PM-3:30 PM;,,,,,,
1011935,Somerville Mobile Farmers' Market - North Street,24 North Street,49379811-b23e-4550-a714-b252e3f4c6ac,ceef5aa1-8ef7-4d6e-9360-fd847f814047,fd0813ee-0dcf-4cef-8953-1e30d4412de6,02144,07/10/2020 to 10/17/2020,Sat: 10:00 AM-12:00 PM;,,,,,,
1019803,Soutel Community Market,4750 Soutel Dr,45c32a0d-4a14-4ccd-85f7-373e1a9edd1b,97818412-e172-4f6a-8a0f-db5b31c63a06,7b0326e1-5b5a-47e8-8933-7dce24e815dc,32208,04/25/2020 to 10/24/2020,Sat: 9:00 AM-3:00 PM;,,,,,,
1020067,South Berkeley Farmers' Market,Adeline at 63rd Street,6b4d5b63-ff66-4638-93dd-ffd25877ff12,584ab1c1-11f7-4ba7-8a5b-98446663453c,7a557091-92bc-49e9-b58a-458458f87711,94703,01/01/2020 to 12/31/2020,Tue: 2:00 PM-6:30 PM;,,,,,,
1021697,South Collier Farmer's Market,6060 Collier Blvd,29c86414-46fb-4682-a73e-fb6bb2de5927,b1255a31-f0cc-4cc6-808b-290b6a9bd297,7b0326e1-5b5a-47e8-8933-7dce24e815dc,34114,12/03/2021 to 12/03/2021,Fri: 9:00 AM-2:00 PM;,,,,,,
1019385,South Cumberland Farmers Market,39 Ballpark Road,f6cc1796-70f0-4e7f-8419-453ef72d7023,944b15fd-d0f0-4def-9b76-0a8ab2987e68,e7416093-d979-43e8-952c-06d2b35b5956,37375,01/01/2019 to 12/31/2019,Tue: 4:30 PM-6:00 PM;,,,,,,
1018138,South East Area Farmers' Market,900 Fuller Ave SE,9221d088-b006-4bea-88e1-dcce52d75f48,680b16b8-1f26-479c-b0b6-607dc4ccf122,1567e172-94ab-4222-b635-6b669c2aa787,49506,,Sat: 11:00 AM-4:00 PM;,,,,,,
1021214,South End Market at Atherton,2000 South Blvd.,b4cedb30-594a-4535-b116-9d41972ff781,3ef8efec-cf6c-4652-8521-e5e4dc6ded04,39f00a75-0499-4de4-9c99-0cb1fdb2568a,28203,01/01/2020 to 12/31/2020,Sat: 8:00 AM-1:00 PM;,,,,,,
1019599,South Fork Fun Food & Brew,3309 W. Hwy 29,d9ccea19-f77d-4eb6-b9b6-67d092cfce1a,79ebdf72-577b-455b-b2e4-8b1777a78b25,2c777c95-b197-4df6-b0e0-6637a1318fc2,78628,01/01/2019 to 12/31/2019,Sun: 11:00 AM-3:00 PM;,,,,,,
1002526,South Hill Farmers Market,105 W. Danville Street,c9d209b4-dd10-48dd-a53a-788b119b948f,3ef8efec-cf6c-4652-8521-e5e4dc6ded04,6dd53333-5181-463f-abcb-fcb91c8ec710,23970,05/05/2018 to 10/27/2018,Sat: 9:00 AM-1:00 PM;,,,,,,
1019915,South Kingstown Farmers Market  at Marina Park ,2 Salt Pond Rd,63910dc1-7a1e-43f2-9e07-c31ecfa60132,7a69ac97-4542-4a1a-a5c2-dd800abc9358,a8a2bc3a-b405-485c-a8b5-f2fb1841df29,02879,05/02/2020 to 10/27/2020,Tue: 2:00 PM-6:00 PM;,,,,,,
1021573,South Lake Tahoe Certified Farmers Market,2748 Young Street,f085e5a8-e29e-4df6-bfff-6102db81445a,1a0997e9-9077-4cb2-8a43-b037ce1e0bf9,7a557091-92bc-49e9-b58a-458458f87711,96150,06/01/2021 to 06/01/2021,Tue: 8:00 AM-1:00 PM;,,,,,,
1019511,South Lyon Farmers and Artisans Market,110 W. Liberty,6caad838-eb83-432b-9f8b-d60d88455a59,fee1a69b-8c41-430b-8687-6de2752380f0,1567e172-94ab-4222-b635-6b669c2aa787,48178,05/01/2019 to 10/31/2019,Sat: 9:00 AM-2:00 PM;,,,,,,
1010997,South Miami Farmers Market,6130 Sunset Dr,951328af-355d-4894-aacf-498936c4e5fd,9031ec11-6bd4-4683-a448-a40f8deef965,7b0326e1-5b5a-47e8-8933-7dce24e815dc,33143,01/01/2020 to 12/31/2020,Sat: 9:00 AM-2:00 PM;,,,,,,
1010445,South Milwaukee Downtown Market,11th and Milwaukee Avenues,37b4c836-d2bb-4bff-971e-113727b9086e,3c8376ac-fa0b-4d3a-8203-2387e18eeda5,e8d05643-2a60-4ca6-a077-819f50879428,53172,06/03/2021 to 06/03/2021,Thu: 3:00 PM-7:00 PM;,,,,,,
1021553,South Orange Farmers Market,12 Sloan Street,7c33e94e-8eb9-48e8-965b-b2c4e1df3fdb,32b3456a-fa18-4d19-8296-c50b5727825e,fb17e9e8-f8a8-4928-8ac2-94bbf6405d9f,07079,06/02/2021 to 06/02/2021,Wed: 2:00 PM-7:00 PM;,,,,,,
1019091,South Side Farmers' Market,Alder Street and Cedar Avenue,379fab18-fce4-4a02-bc2e-22ae3d688dbd,b86ad02f-82db-4054-b388-568619ea2854,3ffc900b-d7c0-4b07-8aba-7df870781580,18505,05/12/2018 to 10/06/2018,Sat: 10:00 AM-2:00 PM;,10/13/2018 to 12/31/2018,Sat: 10:00 AM-2:00 PM;,,,,
1018098,South St. Joseph Farmers Market at the Junction,Lake & Illinois Avenues,0905ea24-a772-47a2-b66b-3629ea7f29e8,f17a99de-a5f5-4267-a7e4-007c3f4a9aba,743439a8-1642-4103-abcb-1ef114ce801a,64504,05/01/2018 to ,Sat: 8:00 AM-12:00 PM;,,,,,,
1021563,South Waterfront Farmers Market,3508 S Moody Avenue,f16c662e-12fb-4870-b21f-8ee8a8e37700,d74ac011-eda7-4bef-99ff-78952c483c5d,01127d9b-01aa-4ef1-9bd2-48f67f513459,97239,06/03/2021 to 06/03/2021,Thu: 2:00 PM-7:00 PM;,11/11/2021 to 11/11/2021,Thu: 10:00 AM-2:00 PM;,,,,
1021589,South Windsor Farmers' Market,220 Nevers Rd.,c6dfe58d-177f-452d-855a-a2c0212a7adf,bed440c0-e46f-4046-b888-e5f4dae0d2c8,e27aa654-8f84-43d8-bc72-d501fb165262,06074,,Sat: 9:00 AM-1:00 PM;,,,,,,
1002063,Southern Tier Farmers Market - Olean,1900 Constitution Ave,a4fba02d-3fd2-491d-9886-3bd808252585,51821455-5714-4c1a-8cf1-ff6b38cf95db,7dd79c73-5476-44d1-8d08-54ed1287ed03,14760,05/18/2018 to 10/26/2018,Fri: 2:00 PM-6:00 PM;,,,,,,
1019979,Southshore Outdoor Market,8505 Durand Ave,9c017da8-4957-46ac-9390-8bff1284b0f6,7b5c08b3-a68f-40e2-b576-65c9a3e6fe6e,e8d05643-2a60-4ca6-a077-819f50879428,53177,06/01/2020 to 11/02/2020,Mon: 9:00 AM-1:00 PM;,,,,,,
1021326,Southwest Plaza Farmers Market,Wadsworth and Bowles,afd95df5-0806-4730-8df5-d9bf65c3f1ba,04317b7e-1abf-4a2c-b4a7-e994c1d4c3c9,e1f09524-7ac6-416d-ba58-0c07f3d72e11,80123,,Sat: 8:00 AM-2:00 PM;,,,,,,
1005560,Southwest Virginia Farmers' Market,497 Farmers Market Drive,ed0e094f-1bd8-46f9-affe-490f4c78b81f,572ddd95-75aa-46f2-ab06-c35803b4818c,6dd53333-5181-463f-abcb-fcb91c8ec710,24343,01/01/2018 to 12/31/2018,Mon: 8:00 AM-5:00 PM;Tue: 8:00 AM-5:00 PM;Wed: 8:00 AM-5:00 PM;Thu: 8:00 AM-5:00 PM;Fri: 8:00 AM-5:00 PM;Sat: 8:00 AM-5:00 PM;Sun: 8:00 AM-5:00 PM;,,,,,,
1019305,Sowing Seeds Growing Futures Farmers Market,18917 Joy Road,46b9d933-5514-4b43-9f48-2ac8769ad49a,8f722dc3-6e1e-4775-b2b3-c06cda821c68,1567e172-94ab-4222-b635-6b669c2aa787,48228,06/05/2018 to 10/02/2018,Tue: 3:00 PM-6:00 PM;,,,,,,
1018952,Spanish Peaks Farm Stand,23500 US Hwy 160,8633c060-e062-407d-8361-95b3a44f4628,50402060-a791-4f19-89c2-315ccce7cad0,e1f09524-7ac6-416d-ba58-0c07f3d72e11,81089,06/15/2018 to 10/01/2018,Fri: 1:00 PM-4:00 PM;,,,,,,
1021568,Sparks United Methodist Church Farmer's Market,1231 Pyramid Way ,8414a1ff-eb1d-4ba8-a116-b81635a4c284,8cf1e139-89ee-4514-83e0-f88d14d6e992,5323b3eb-6022-4ac6-8bd8-67eb173075e4,89431,06/01/2021 to 06/01/2021,Tue: 8:00 AM-1:00 PM;,,,,,,
1019173,Speedway Farmers Market,1068 Main Street,a0f7c300-4e26-43a3-beb9-72f4d1ef4e7f,d5028103-f10b-4f88-8424-6ead4335ae33,1f92cbc1-8f4b-4538-95dd-366fc23a8da5,46224,05/06/2021 to 05/06/2021,Thu: 4:00 PM-7:30 PM;,,,,,,
1019784,Spotsylvania Farmers Market - Spotsylvania Regional Medical Center,4600 Spotsylvania Parkway,18de3cd4-e6ed-49f0-89ba-0e57a06396ad,8a0f5070-44f3-47d7-a73a-064b53d0959b,6dd53333-5181-463f-abcb-fcb91c8ec710,22407,05/06/2020 to 09/09/2020,Wed: 2:00 PM-6:00 PM;,,,,,,
1019452,Spotsylvania Farmers Market - VDOT Commuter Parking Lot,12150 Gordon Road,ff326be8-9290-4aa1-87cb-93e36f0a382c,8a0f5070-44f3-47d7-a73a-064b53d0959b,6dd53333-5181-463f-abcb-fcb91c8ec710,22407,04/13/2019 to 12/21/2019,Sat: 8:00 AM-1:00 PM;,01/11/2020 to ,Sat: 9:00 AM-12:00 PM;,,,,
1019782,Spotsylvania Farmers Market - VDOT Commuter Parking Lot,12150 Gordon Road,ff326be8-9290-4aa1-87cb-93e36f0a382c,8a0f5070-44f3-47d7-a73a-064b53d0959b,6dd53333-5181-463f-abcb-fcb91c8ec710,22170,04/11/2020 to 12/19/2020,Sun: 8:00 AM-1:00 PM;,,,,,,
1021394,Springdale FarmersвЂ™ Market,992 E. Emma Ave.,883207e9-4810-4d6e-a745-7f3acab64eb7,7a69ac97-4542-4a1a-a5c2-dd800abc9358,7885258d-77c7-421e-a1e9-043ef91e8c26,72764,05/01/2021 to 05/01/2021,Mon: -1:00 PM;Tue: 7:00 AM-1:00 PM;Thu: 7:00 AM-1:00 PM;Sat: 7:00 AM-1:00 PM;,,,,,,
1003588,Square Market,Public Square,6063deb1-bc95-4ecb-9643-b6dec92fcb13,39804bac-dbe2-43ff-80ca-3dc508935bfd,cf26f741-6e95-40e6-9e55-03c7326dba5d,38606,06/05/2013 to 10/30/2013,Wed: 10:00 AM-2:00 PM;,,,,,,
1021670,St. John Farmers Market,9660 Wicker Avenue,3bd1d950-b92f-4d2f-b4b6-94922ffdc75a,6fd20e39-6d74-4cf0-a565-2e5e7fe23342,1f92cbc1-8f4b-4538-95dd-366fc23a8da5,46373,05/01/2022 to 05/01/2022,Sun: 8:00 AM-1:00 PM;,,,,,,
1018312,St. Johns Farmers Market,N.Lombard and N.Philidelphia,f16c662e-12fb-4870-b21f-8ee8a8e37700,d74ac011-eda7-4bef-99ff-78952c483c5d,01127d9b-01aa-4ef1-9bd2-48f67f513459,97203,05/19/2018 to 10/27/2018,Sat: 9:00 AM-2:00 PM;,,,,,,
1021466,St. Louis Farmers Market,300 North Mill Street,e5c9f816-d51e-457c-a70a-a7138b836efc,319aab14-4a19-4d2d-9aaf-d674d91007ad,1567e172-94ab-4222-b635-6b669c2aa787,48880,06/03/2021 to 06/03/2021,Thu: 2:00 PM-6:00 PM;,,,,,,
1019628,St. Maries Farmers Market,,90267600-7378-4544-9ded-0708b001ef9b,6a507aae-1e5a-465f-86c4-ce5c69e04206,34db3808-70ee-4d72-96b7-31220659bda5,83861,06/07/2019 to 09/27/2019,Fri: 4:00 PM-7:00 PM;,,,,,,
1020176,St. Matthews Farmers Market,4100 Shelbyville Rd,63127d83-91ee-4f57-827a-8a534e8d9b55,04317b7e-1abf-4a2c-b4a7-e994c1d4c3c9,26759049-be66-49a3-8617-64f28a0ad262,40207,05/02/2020 to 09/26/2020,Sat: 8:00 AM-12:00 PM;,,,,,,
1019675,St. Michaels Farmers Market,204 S Talbot St,cc1d1d27-2d91-47c5-8220-0b7382f80115,2f262eb3-5d53-413d-bcd7-8c35a9950922,c5b0ab35-2326-49a5-b543-8e5bb1c71ed5,21663,04/13/2019 to 11/23/2019,Sat: 8:30 AM-11:30 AM;,,,,,,
1007810,St. Paul Farmers' Market,210 Holyoke,92eeeffd-efbb-4e14-bf9b-4e01e73d7ca5,20688161-6568-4011-bddb-200778f3b94f,775d2aa3-b0cf-4a6b-a862-16373a107431,55044,,,,,,,,
1012278,St. Petersburg Saturday Morning Market,First Street and First Avenue South,b5036351-2515-4372-8747-8c0a15cca180,7860f5de-0473-40a8-904b-1dae37de296b,7b0326e1-5b5a-47e8-8933-7dce24e815dc,33701,10/06/2018 to 05/25/2019,Sat: 9:00 AM-2:00 PM;,06/01/2019 to 08/31/2019,Sat: 9:00 AM-1:00 PM;,,,,
1021483,St. Phillips Plaza Market,4280 N. Campbell Rd,0e68b5cd-70b1-4374-8b2e-14e266ed3cf8,9aad4420-5bca-4dab-8c0c-f4b4a5dd24dc,e9a2101a-8932-44b9-981f-621d23d42178,85718,01/01/2021 to 01/01/2021,Sat: 8:00 AM-12:00 PM;Sun: 8:00 AM-12:00 PM;,,,,,,
1012766,Stafford Community Farmers' Market,31 Main Street,bd4c0d8d-86ba-4a81-bb85-1420c370d49e,0afad665-c88a-4f62-82fb-5c1c4be1d150,e27aa654-8f84-43d8-bc72-d501fb165262,06076,06/16/2018 to 10/27/2018,Sat: 9:00 AM-1:00 PM;,,,,,,
1018211,Stanly Commons Farmers Market,1000 N. First St.,c24f096e-ec97-4548-9540-e9ccab0a1874,9c01126a-88fa-47aa-aa24-995f24fb06c1,39f00a75-0499-4de4-9c99-0cb1fdb2568a,28001,01/01/2018 to 12/31/2018,Mon: 9:00 AM-1:00 PM;,,,,,,
1021526,Stayton Farmers Market ,Third Ave & Florence St,0fcf6bd5-95e3-4c00-a8aa-fe61474ad0d5,d5028103-f10b-4f88-8424-6ead4335ae33,01127d9b-01aa-4ef1-9bd2-48f67f513459,97383,06/23/2021 to 06/23/2021,Wed: 3:00 PM-7:00 PM;,,,,,,
1012100,STCC Farmers' Market,One Armory Square,f0dc14f0-4ee0-4167-8ae1-ba490b699b74,a151ecbf-e9ce-4417-9d45-50cf7b2464c0,fd0813ee-0dcf-4cef-8953-1e30d4412de6,01102,09/05/2018 to 11/14/2018,Wed: 11:30 AM-2:00 PM;,,,,,,
1018918,STCC Open Air Market,180 Airport Road,de326ab7-a00b-4887-b251-b9dee85f30c7,417416b5-c759-4c08-9f96-5d16ad40176f,3ffc900b-d7c0-4b07-8aba-7df870781580,17257,05/07/2018 to 09/24/2018,Mon: 3:00 PM-7:00 PM;,10/01/2018 to 10/29/2018,Mon: 3:00 PM-6:00 PM;,,,,
1021333,Steelville Farmer & Artist Saturday Morning Market,392 Main St,587f2e8e-9923-49bd-b6cf-116dd3d6c3e4,5bf69b3e-862b-456f-8956-6a52e92ae3de,743439a8-1642-4103-abcb-1ef114ce801a,65565,05/08/2021 to 05/08/2021,Sat: 7:00 AM-12:00 PM;,,,,,,
1021334,Steelville Farmer & Artist Wednesday Night Market,"Hoppe Spring Park, Church Street",587f2e8e-9923-49bd-b6cf-116dd3d6c3e4,5bf69b3e-862b-456f-8956-6a52e92ae3de,743439a8-1642-4103-abcb-1ef114ce801a,65565,05/05/2021 to 05/05/2021,Wed: 4:00 PM-8:00 PM;,,,,,,
1010057,Stones River Market,301 Spring Street,9edacfbc-d88b-42f3-8d19-6678974a2a0c,01952038-d3ce-4592-b60c-c4054f2ddee4,e7416093-d979-43e8-952c-06d2b35b5956,37130,01/01/2014 to 12/31/2014,Mon: -10:00 PM;Wed: 5:00 PM-6:30 PM;Sun: 8:00 AM-;,,,,,,
1019526,Stow Community Farmers Market,1567 Pilgrim Drive,ad084f68-5570-4f02-a991-10436b33c61d,dc893caa-fdd2-40da-b3bc-40c037f4ad5c,82136789-d0c5-4229-8cac-b731a5361c03,44224,06/08/2019 to 10/05/2019,Sat: 9:00 AM-12:30 PM;,,,,,,
1018451,Stowe Farmers' Market,1799 Mountain Road,c32683a7-00f7-41fe-9341-f118ec92831f,5bfbfefe-d974-4dca-b58f-acebb44fa469,faedd35b-2ba2-4753-b8f5-07a3892b9721,05672,05/24/2020 to 10/11/2020,Sun: 10:00 AM-2:00 PM;,,,,,,
1012116,Suffolk Farmers' Market,524 N. Main Street,126bdf69-e96e-417f-bfa8-665469e9a29a,c7509f7c-c956-492e-983a-c4c1c4e841ea,6dd53333-5181-463f-abcb-fcb91c8ec710,23434,05/05/2018 to 05/05/2018,Sat: 9:00 AM-1:00 PM;,,,,,,
1019545,Summit Lake Neighborhood Farmers' Market,380 W. Crosier St.,2d11e4c8-b905-4418-bc32-0e84e370f5a3,dc893caa-fdd2-40da-b3bc-40c037f4ad5c,82136789-d0c5-4229-8cac-b731a5361c03,44311,06/18/2019 to 10/08/2019,Tue: 4:00 PM-7:00 PM;,,,,,,
1019036,Sumter Farmers Market,200 Miller road,ef9fbe5c-e746-4c64-a426-aafd3c9e00ec,bdec42f2-4b47-4ab1-91b6-c017ab18bcdd,25286054-2f43-4edf-9415-c089a5cfd371,29153,04/06/2018 to 11/23/2018,Fri: 1:00 AM-6:00 PM;,,,,,,
1019112,Sunday Market on Main Street,"4138 Main St, Unit A",86c6e956-ca96-4450-ab5e-ff52a693f65f,26cfca0d-6e43-492b-ab35-c4ab88ffe16a,e1f09524-7ac6-416d-ba58-0c07f3d72e11,80547,06/10/2018 to 08/05/2018,Sun: 10:00 AM-2:00 PM;,,,,,,
1007271,Sunland Park Ardovino's DC Farmers' Market,one Ardovino Dr,fe6a97b5-f4cb-48a4-8c90-eedda0a0e7b1,b21cf64d-f6aa-4a14-b398-63a115abad03,d9d874da-b48f-4f4e-ac29-8f3c10de66ef,88063,,Sat: 7:30 AM-12:00 PM;,10/11/2014 to 05/23/2015,Sat: 9:00 AM-1:00 PM;,,,,
1020186,Sunnyvale Farmers' Market,Murphy Avenue at Washington Avenue,16e65db5-4059-4f2e-a1e8-d3bce70292fc,91236836-0a9e-4e3e-96a5-786726e2ac3a,7a557091-92bc-49e9-b58a-458458f87711,94086,01/04/2020 to 12/26/2020,Sat: 9:00 AM-1:00 PM;,,,,,,
1021432,Superior Farm-to-Fantastic Farmer's Market,"Superior Food Court, Main Street",baa76304-9089-4e0f-ae2b-e21289d11edc,8716f1a7-dbbc-4201-858d-7fd602231636,e9a2101a-8932-44b9-981f-621d23d42178,85173,01/01/2021 to 01/01/2021,Sat: 10:00 AM-1:00 PM;,,,,,,
1009707,Surfside Beach Farmers Market,Intersection of Surfside Drive and Willow Drive,31152dac-6d2c-485a-a706-ed6b749de08f,5db5df1a-c784-4d12-b570-213fe2a251ea,25286054-2f43-4edf-9415-c089a5cfd371,29575,05/04/2021 to 05/04/2021,Tue: 10:00 AM-3:00 PM;,,,,,,
1008173,Surfside Sunset Market,Veteran's Pkwy & Surfside Blvd,55a9677a-a8f0-4e30-9a70-8a589fb175e6,98087b17-a8d4-4d82-bdb1-7d4294d4ea5f,7b0326e1-5b5a-47e8-8933-7dce24e815dc,33991,01/01/2018 to 12/31/2018,Tue: 8:00 AM-1:00 PM;,,,,,,
1020149,Surprise Valley Farmers Market,501 Main ,c2cfda0c-a262-46bf-ae79-fcd0bd92807f,b0be5426-e619-444e-b31f-6b9d85d1731e,7a557091-92bc-49e9-b58a-458458f87711,96104,06/27/2020 to 10/03/2020,Sat: 9:00 AM-12:00 PM;,,,,,,
1019481,Sustain Greenville Farmers Market,N1915 Julius Dr,027c5b29-1a67-41b3-af0a-9f47f54f20cf,4270519d-d0f3-4677-8441-0b885e1605e3,e8d05643-2a60-4ca6-a077-819f50879428,54942,05/29/2019 to 10/09/2019,Wed: 3:00 PM-7:00 PM;,,,,,,
1021643,Sustainable Food Center Farmers' Market Downtown,422 Guadalupe St,3058b067-be5d-4b98-9709-75072274ea67,28f75a97-8ca5-4c4b-acc4-445f39730843,2c777c95-b197-4df6-b0e0-6637a1318fc2,78701,01/01/2021 to 01/01/2021,Sat: 9:00 AM-1:00 PM;,,,,,,
1021644,Sustainable Food Center Farmers' Market Sunset Valley,3200 Jones Rd,3058b067-be5d-4b98-9709-75072274ea67,28f75a97-8ca5-4c4b-acc4-445f39730843,2c777c95-b197-4df6-b0e0-6637a1318fc2,78745,01/01/2021 to 01/01/2021,Sat: 9:00 AM-1:00 PM;,,,,,,
1002765,Suttons Bay Farmers Market,Intersection of M22 & M204,1e73e1f2-d7a9-4978-84a8-f7707cbb96a0,7a56c455-2447-43a8-9b44-b6c68974b15c,1567e172-94ab-4222-b635-6b669c2aa787,49682,05/15/2021 to 05/15/2021,Sat: 9:00 AM-1:00 PM;,,,,,,
1019981,Suwanee Farmers Market,330 Town Center Ave,1a77b1b7-a751-41c2-a003-6f927e816ad7,e2dadd95-47a5-43db-bacc-fc24baa73ad2,4db220e9-057f-4385-bafb-37fbea280645,30024,11/14/2020 to 12/12/2020,Sun: 9:00 AM-12:00 PM;,08/01/2020 to 10/31/2020,Sat: 8:00 AM-12:00 PM;,,,,
1021313,Swarthmore Farmers Market,121 Park Avenue,860469ac-7dce-433d-bdfd-e91e295dd2fe,418f174e-bf97-49e0-a75c-0d5414d30589,3ffc900b-d7c0-4b07-8aba-7df870781580,19081,05/08/2021 to 05/08/2021,Sat: 9:30 AM-1:30 PM;,,,,,,
1018923,Sweetwater Sunday Market,6942 West Comanche Avenue,b8f6f27a-1420-4df3-99f4-c6346debb70a,ced2eb64-1890-4de9-826f-1dc043c00693,7b0326e1-5b5a-47e8-8933-7dce24e815dc,33634,10/15/2017 to 05/20/2018,Sun: 12:00 PM-4:00 PM;,,,,,,
1019015,Tahoe City Farmers Market Thursday CFM,400 N Lake Blvd,adedf7e7-94c8-4df8-9563-3dbbc6fae140,675e8634-e533-4a50-b1e1-211985a3b9a9,7a557091-92bc-49e9-b58a-458458f87711,96145,05/14/2020 to 10/08/2020,Thu: 8:00 AM-1:00 PM;,,,,,,
1020036,Tamarack Junction Casino Farmers' Market,13101 So. Virginia Street,535dd41b-9ac0-4655-820e-b29670a08d60,8cf1e139-89ee-4514-83e0-f88d14d6e992,5323b3eb-6022-4ac6-8bd8-67eb173075e4,89511,06/06/2020 to 10/03/2020,Sat: 9:00 AM-1:00 PM;,,,,,,
1018476,Taos Farmers' Market,400 Camina de la Placita,38a1f301-ed9f-471f-b601-d38a183c706c,506cec25-c017-4575-9b6b-3990cc5833c6,d9d874da-b48f-4f4e-ac29-8f3c10de66ef,87571,05/12/2018 to 10/27/2018,Sat: 8:00 AM-12:30 PM;,,,,,,
1020073,Taylorsville Farmers Market Inc.,751 Taylorsville Rd,610b97a5-aaa2-4d6f-91f2-645d3a63b8f6,6e109f02-612c-4f71-a59e-9235c5563f3b,26759049-be66-49a3-8617-64f28a0ad262,40071,05/09/2020 to 10/31/2020,Sat: 8:00 AM-12:00 PM;,,,,,,
1011738,TD Saturday Market,Main Street at West Court Street,027c5b29-1a67-41b3-af0a-9f47f54f20cf,2773e2b9-ad96-4cf6-b31f-a32a1bd5e7ee,25286054-2f43-4edf-9415-c089a5cfd371,29601,05/05/2018 to 10/27/2018,Sat: 8:00 AM-12:00 PM;,,,,,,
1019138,Team Jaffrey Farmers Market,28 Main St,2ac52909-6beb-40f2-b08a-26c0a586b744,131e2439-d57e-4a5a-b5bf-cdd47183976b,97451c0b-a2d4-4498-ba04-00201d9018f1,03452,06/04/2018 to 09/24/2018,Mon: 3:00 PM-6:00 PM;,,,,,,
1003982,Telluride Farmers' Market,South Oak St,2410f021-933d-4a75-b759-307bf3facb57,ccee0fdd-ce66-4d77-bdc4-95b37299f706,e1f09524-7ac6-416d-ba58-0c07f3d72e11,81435,06/01/2018 to 10/12/2018,Fri: 10:30 AM-4:00 PM;,,,,,,
1020147,Temescal Urban Village Farmers' Market ,5300 Claremont Ave.,7a06658c-645b-4af9-a9da-1fbf5f1c3871,584ab1c1-11f7-4ba7-8a5b-98446663453c,7a557091-92bc-49e9-b58a-458458f87711,94618,01/01/2020 to 12/31/2020,Sun: 9:00 AM-1:00 PM;,,,,,,
1019075,Temple Terrace Farmers' Market,11302 N 56th St,24c542d5-aecc-4969-9a3a-95c5e8b44850,ced2eb64-1890-4de9-826f-1dc043c00693,7b0326e1-5b5a-47e8-8933-7dce24e815dc,33617,01/01/2018 to 12/31/2018,Sat: 9:00 AM-1:00 PM;,,,,,,
1021694,Tenino Farmers Market,po Box 554,393c41b7-c7dc-4939-8a8f-aa1c5c54c6f6,6923f3f7-e99b-4bad-a92a-3cd030943c07,e1b87cb5-fdcd-4e67-adf7-e25bd794503c,98589,05/07/2022 to 05/07/2022,Sat: 10:00 AM-3:00 PM;,,,,,,
1018994,Terra Square Farmers Market,3380 Chicago Dr.,c86ad678-a645-4f8c-88bc-ddab5efbc625,72ff646d-1410-4855-b93b-5373e63b8430,1567e172-94ab-4222-b635-6b669c2aa787,49426,06/03/2020 to 09/26/2020,Wed: 9:00 AM-1:00 PM;Sat: 9:00 AM-1:00 PM;,,,,,,
1010998,Terre Haute Farmers Market,2800 Poplar Street,69a7f2a9-6563-42d1-b3d2-f0ae30d038ee,a9749027-0a3a-4e06-8251-9ae92ec57ffc,1f92cbc1-8f4b-4538-95dd-366fc23a8da5,47803,05/16/2020 to 10/10/2020,Sat: 8:00 AM-12:00 PM;,11/07/2020 to 12/19/2020,Sat: 9:00 AM-1:00 PM;,,,,
1000710,Texas Farmers' Market at Lakeline,"Lakeline Mall parking lot, behind Sears & Dillard's",8733b527-6c9a-4b92-8bcb-15eaa211f5f7,79ebdf72-577b-455b-b2e4-8b1777a78b25,2c777c95-b197-4df6-b0e0-6637a1318fc2,78613,01/01/2020 to 12/31/2020,Sat: 9:00 AM-1:00 PM;,,,,,,
1021616,Texas Farmers' Market at Mueller,2006 Philomena St.,f96d3e81-4bba-419f-9819-1f38453a1b30,28f75a97-8ca5-4c4b-acc4-445f39730843,2c777c95-b197-4df6-b0e0-6637a1318fc2,78723,01/01/2021 to 01/01/2021,Sun: 10:00 AM-2:00 PM;,,,,,,
1018279,Texas Township Farmers' Market,7110 West Q Ave,2e629083-73b9-4d75-a96f-265ff259ce80,e19a0c92-d541-4378-9e85-66a79f7e17eb,1567e172-94ab-4222-b635-6b669c2aa787,49009,05/12/2018 to 10/20/2018,Sat: 8:00 AM-12:00 PM;,06/05/2018 to 08/28/2018,Tue: 4:00 PM-7:00 PM;,,,,
1021235,The 'Whee Market,113 Market Street,71d880d1-1397-4b19-a254-c2b7ce85b709,938cfa52-1f29-46e2-8375-1af81cb89a13,39f00a75-0499-4de4-9c99-0cb1fdb2568a,28723,01/01/2021 to 01/01/2021,Tue: 3:00 PM-6:00 PM;,,,,,,
1021204,The Albemarle Farmers Market,Towncenter lane,9aa5c075-c93e-40f6-889b-9f07108e355b,a5d38137-175c-4784-87b8-fe8cfa349070,6dd53333-5181-463f-abcb-fcb91c8ec710,22911,05/02/2020 to 09/26/2020,Sun: 8:30 AM-1:00 PM;,,,,,,
1020049,The American Legion Farmers Market,2 S Artillery Dr,ef9fbe5c-e746-4c64-a426-aafd3c9e00ec,bdec42f2-4b47-4ab1-91b6-c017ab18bcdd,25286054-2f43-4edf-9415-c089a5cfd371,29150,01/01/2020 to 12/31/2020,Fri: 12:00 PM-6:00 PM;,,,,,,
1019047,The Ballpark Farmers & Artisan Market,7 Ballpark way,9c84f023-65b8-43d5-b045-b295a2af3f50,ec543b7f-ee0b-41cf-a2f5-2c56ddb5c9a9,2feeec2f-bc8c-40ae-9405-0f6d59707d93,04064,06/03/2018 to 09/30/2018,Sun: 8:00 AM-1:00 PM;,,,,,,
1019933,The Berlin Farmers Market,Pitts Street and Commerce Street,6b8943b6-d304-4374-b41a-9968be1826b9,b0c667e5-f1d0-4254-9d83-d5470e538b04,c5b0ab35-2326-49a5-b543-8e5bb1c71ed5,21811,05/02/2021 to 05/02/2021,Sun: 9:00 AM-1:00 PM;,,,,,,
1021203,The BLVD Market,Lancaster BLVD,174076df-0820-47f0-8e93-40b1e7155ac0,b66dd93f-9a8d-4056-8980-fc2698aa3c61,7a557091-92bc-49e9-b58a-458458f87711,93534,07/02/2020 to 10/29/2020,Thu: 4:00 PM-9:00 PM;,,,,,,
1019596,The Capital Market of 20743,111 Capitol Heights Blvd,ac1ce1ec-138e-4824-b914-b0c5307f0701,016a61c2-2a1c-4f73-a19b-86c2d67348f3,c5b0ab35-2326-49a5-b543-8e5bb1c71ed5,20743,06/07/2019 to 09/27/2019,Fri: 4:00 PM-8:00 PM;,,,,,,
1018959,The Clarksville Downtown Market,One Public Square,00a0b3fd-8230-4624-810f-26817ec9a9f9,67f1ece3-06e3-4863-9005-e8741bf3d0fb,e7416093-d979-43e8-952c-06d2b35b5956,37040,05/25/2019 to 10/12/2019,Sat: 8:00 AM-1:00 PM;,,,,,,
1021254,The Corner Farmers Market,2200 Walker Avenue,bffef1a5-5e76-4982-8c95-4d4d6044cf90,8f521fc4-5413-4bd1-a790-4c457f9e0d66,39f00a75-0499-4de4-9c99-0cb1fdb2568a,27403,01/01/2020 to 12/31/2020,Sat: 8:00 AM-11:00 AM;,,,,,,
1019181,The cornwall farmers market,183 main street,897ef6c4-63c5-46d7-af11-409befa2e9ce,90ee16f9-2d16-4ca0-8b4a-bdd55cd5f5a1,7dd79c73-5476-44d1-8d08-54ed1287ed03,12518,05/26/2018 to 09/26/2018,Wed: 11:00 AM-5:00 PM;,,,,,,
1019303,The Creede Farmers and Local Artisan Market,001 - 1st Street,30751445-17f7-4c21-952e-7a641b339520,c657d4cb-8834-4251-a39f-2a7009153f93,e1f09524-7ac6-416d-ba58-0c07f3d72e11,81130,05/24/2019 to 09/20/2019,Fri: 8:00 AM-3:00 PM;,,,,,,
1019544,The East End FarmerвЂ™s Market,13060 Factory Lane,7a81f914-581a-45b9-b96b-64bfeaf3c5a5,04317b7e-1abf-4a2c-b4a7-e994c1d4c3c9,26759049-be66-49a3-8617-64f28a0ad262,40245,04/27/2019 to 10/26/2019,Tue: 2:30 PM-6:30 PM;Sat: 2:30 PM-6:30 PM;,,,,,,
1019775,The Fairfield Farmers Market,411 Wessel Drive,f43d83dc-104f-4773-bdcd-dd017f72a0fe,fab72639-887a-412d-a8af-c7853d1b20f9,82136789-d0c5-4229-8cac-b731a5361c03,45014,01/15/2020 to 12/16/2020,Wed: 4:00 PM-7:00 PM;,,,,,,
1019931,the Farm Market,Main St,91696fd2-1da6-4a67-a7b5-d5f72c4e9c0a,fc4d095c-fd0c-4dc8-8bb7-65620ee2f6eb,d9d874da-b48f-4f4e-ac29-8f3c10de66ef,88042,03/01/2020 to 12/19/2020,Sat: 11:00 AM-;,,,,,,
1019948,The Farm Market at Mill No. 5,"250 Jackson Street, 5th Floor",7163c9fe-e8ad-4c32-b23d-3cd1ff1da608,ceef5aa1-8ef7-4d6e-9360-fd847f814047,fd0813ee-0dcf-4cef-8953-1e30d4412de6,01852,01/01/2021 to 12/31/2021,Sun: 10:00 AM-1:00 PM;,,,,,,
1019166,The Farmers Market at Maryland,3900 Campus Drive,b77c99a4-d67e-43a3-9640-5bfd98b92729,016a61c2-2a1c-4f73-a19b-86c2d67348f3,c5b0ab35-2326-49a5-b543-8e5bb1c71ed5,20742,04/04/2018 to 11/14/2018,Wed: 11:00 AM-3:00 PM;,,,,,,
1019626,The Farmers Market at Tiffany Farms,156 Sterling City Road,2d370ea3-ca5d-427e-bcc8-b7570383b8ca,95f9d1c9-276e-4fd7-a079-fc35c5548084,e27aa654-8f84-43d8-bc72-d501fb165262,06371,06/15/2019 to 10/12/2019,Sat: 9:30 AM-1:30 PM;,,,,,,
1019751,The FarmersвЂ™ Market at Rutherfurd Hall,1686 county road 517,812482fe-16d4-4185-97ab-99e7cf78a8a0,9aba9c3c-2ffa-4440-ae83-a1aa114aed45,fb17e9e8-f8a8-4928-8ac2-94bbf6405d9f,07820,06/14/2020 to 10/25/2020,Sun: 10:00 AM-2:00 PM;,,,,,,
1021304,The Fountain Farmers' Market,The Singing Fountain,7a8448fb-98f0-4837-8ac9-280be43a76c9,30f2e6e8-02e2-4c37-b99f-1cf934694676,3ffc900b-d7c0-4b07-8aba-7df870781580,19147,05/19/2021 to 05/19/2021,Wed: 3:00 PM-7:00 PM;,,,,,,
1019697,The Fresh MARTA Market - Bankhead Rail Station   Wednesdays  3:00-7:00p.m.,1335 Donald Lee Hollowell Parkway,3a76d7e4-8f18-4591-af84-f0badad99ec0,2deee92f-6033-461c-a02b-313966af93e2,4db220e9-057f-4385-bafb-37fbea280645,,05/08/2019 to 12/04/2019,Wed: 3:00 PM-7:00 PM;,,,,,,
1019700,The Fresh MARTA Market - College Park Rail Station   Thursdays  3:00-7:00p.m.,3800 Main Street,b77c99a4-d67e-43a3-9640-5bfd98b92729,2deee92f-6033-461c-a02b-313966af93e2,4db220e9-057f-4385-bafb-37fbea280645,30337,05/02/2019 to 12/05/2019,Thu: 3:00 PM-7:00 PM;,,,,,,
1019699,The Fresh MARTA Market - Five Points Rail Station   Fridays  3:00-7:00p.m.,30 Alabama Street SW,3a76d7e4-8f18-4591-af84-f0badad99ec0,2deee92f-6033-461c-a02b-313966af93e2,4db220e9-057f-4385-bafb-37fbea280645,30303,04/26/2019 to 12/06/2019,Fri: 3:00 PM-7:00 PM;,,,,,,
1019698,The Fresh MARTA Market - H.E. Holmes Rail Station   Wednesdays  3:00-7:00p.m.,70 Hamilton E. Holmes,3a76d7e4-8f18-4591-af84-f0badad99ec0,2deee92f-6033-461c-a02b-313966af93e2,4db220e9-057f-4385-bafb-37fbea280645,30311,05/01/2019 to 12/04/2019,Wed: 3:00 PM-7:00 PM;,,,,,,
1019696,The Fresh MARTA Market - Tuesdays - West End Station,,3a76d7e4-8f18-4591-af84-f0badad99ec0,2deee92f-6033-461c-a02b-313966af93e2,4db220e9-057f-4385-bafb-37fbea280645,,04/23/2019 to 12/03/2019,Tue: 3:00 PM-7:00 PM;,,,,,,
1021276,The Groves Marketplace,11939 Madera Run Pkwy ,c8b71bb0-01b7-4e64-98c9-71a225e428cf,ff978385-306d-4ba8-b3b0-e376e65a123a,2c777c95-b197-4df6-b0e0-6637a1318fc2,77346,01/01/2021 to 01/01/2021,Thu: 3:00 PM-7:00 PM;,,,,,,
1021619,The Historic City Market,"213 Market St SE 3rd Floor, Downtown Roanoke Inc.",b1ba6934-e9d6-481c-afae-c8dd21e29344,0273794b-6567-48cd-91be-b590a980dc9c,6dd53333-5181-463f-abcb-fcb91c8ec710,24011,01/01/2021 to 01/01/2021,Mon: 8:00 AM-5:00 PM;Tue: 8:00 AM-5:00 PM;Wed: 8:00 AM-5:00 PM;Thu: 8:00 AM-5:00 PM;Fri: 8:00 AM-5:00 PM;Sat: 8:00 AM-5:00 PM;Sun: 8:00 AM-5:00 PM;,,,,,,
1012357,The Indian Shores Sunday Morning Market,19305 Gulf Blvd,a566f166-4779-4c4e-9c52-99425f333919,7860f5de-0473-40a8-904b-1dae37de296b,7b0326e1-5b5a-47e8-8933-7dce24e815dc,33785,11/04/2018 to 04/28/2019,Sun: 9:00 AM-1:00 PM;,,,,,,
1019001,"The Lewis Co. Farmers Market, Inc.",210 Center Ave,7daf04ef-950d-4b76-aab5-c5fc1ba7810e,39954e72-6e04-4145-aef5-4793df936a8b,72defe61-f5c8-4b4c-bd1c-a4081743a504,26452,05/12/2018 to 10/27/2018,Sat: 9:00 AM-1:00 PM;,,,,,,
1021659,The LMH Market,1408 Short Eleventh St,87e12849-83ff-490f-af34-b9912e632bea,3fcdb528-6352-42bb-91d5-b5e349f8e551,f3414562-68d9-4389-bd7c-0efe5455715f,62656,05/07/2022 to 05/07/2022,Sat: 8:00 AM-12:00 PM;,,,,,,
1019504,The Market at Long Valley,66 East Mill Road,ccff80eb-9e38-41e3-bd82-9c28b830c593,a973682a-cc0d-4f30-9b4a-6da3ec982981,fb17e9e8-f8a8-4928-8ac2-94bbf6405d9f,07853,06/06/2019 to 10/17/2019,Thu: 3:00 PM-7:00 PM;,,,,,,
1019966,The Market at Second Stage,194 Second St.,d78a80e1-53c0-4132-a98f-dd9b108692c7,9a1ba68f-7774-400f-8376-eb7726bd272c,6dd53333-5181-463f-abcb-fcb91c8ec710,24521,05/06/2021 to 05/06/2021,Thu: 3:30 PM-5:30 PM;,11/04/2021 to 11/04/2021,Thu: 4:00 PM-5:00 PM;,,,,
1018422,The Market at Town Square,492 Hill St.,5e4a8f75-59ce-46d4-b122-a9c29537cc8f,f6795aea-99b2-479b-ad11-3b56f1e520f0,e8d05643-2a60-4ca6-a077-819f50879428,54941,05/25/2018 to 09/28/2018,Fri: 3:00 PM-6:30 PM;,11/03/2018 to 12/15/2018,Sat: 9:00 AM-12:00 PM;,,,,
1021702,The Market at White River State Park ,801 W Washington St.,491977a8-d8c0-4a18-be68-1ad4dbd7d531,d5028103-f10b-4f88-8424-6ead4335ae33,1f92cbc1-8f4b-4538-95dd-366fc23a8da5,46204,05/01/2022 to 05/01/2022,Sun: 9:30 AM-1:00 PM;,,,,,,
1016917,"The Market in Petersburg, Alaska",1st and Gjoa,d3ebfc9a-efd2-4b77-be87-a1c2a960b430,10ff6ac4-8d7f-4999-9e83-74af2fa46fd0,157c9f31-b275-48a2-b141-baacb08f6d03,99833,06/16/2018 to 08/11/2018,Sat: 10:00 AM-1:00 PM;,,,,,,
1019928,"The Marketplace at Lee Branch, Lee Branch Farmers Market",611 Doug Baker Blvd,f8372cc0-2f20-45bd-b9db-2898b6b45684,afc68372-21d9-40de-ad2e-b45c9a691fc9,a99466fa-d385-4f64-a230-de4dde953216,35242,05/02/2020 to 08/29/2020,Sat: 8:00 AM-12:00 PM;,,,,,,
1011497,The Markets at Shrewsbury,12025 Susquehanna Trail S,d973db51-4d71-4150-ade1-c1ccac52cf40,ec543b7f-ee0b-41cf-a2f5-2c56ddb5c9a9,3ffc900b-d7c0-4b07-8aba-7df870781580,17327,01/01/2019 to 01/01/2019,Thu: 9:00 AM-5:00 PM;Fri: 9:00 AM-7:00 PM;Sat: 8:00 AM-4:00 PM;,01/01/2019 to 02/28/2019,Thu: 9:00 AM-5:00 PM;Fri: 9:00 AM-5:00 PM;Sat: 8:00 AM-5:00 PM;,,,,
1019517,The Monroe FarmersвЂ™ Market,7 Fan Hill Road,71b801ac-bbf3-45f6-9ddc-fc3956e61418,987d56fe-c322-4539-b014-6421dace3902,e27aa654-8f84-43d8-bc72-d501fb165262,06468,06/21/2019 to 10/25/2019,Fri: 3:00 PM-6:00 PM;,,,,,,
1002101,The Orange Farmers Market, 135 East Main st,a6e5af28-e837-47f0-addc-f622e18a05c2,944b15fd-d0f0-4def-9b76-0a8ab2987e68,fd0813ee-0dcf-4cef-8953-1e30d4412de6,01364,05/17/2018 to 10/18/2018,Thu: 3:00 PM-6:00 PM;,05/16/2019 to 10/17/2019,Thu: 3:00 PM-6:00 PM;,,,,
1019739,The Orchard Farmers Market,14697 Delaware St,6e4748fa-245b-4b08-b427-9f84b8c6ae69,cf916ba8-ae1e-4115-bb90-eb308de649bb,e1f09524-7ac6-416d-ba58-0c07f3d72e11,80023,06/07/2020 to 09/27/2020,Sun: 9:00 AM-2:00 PM;,,,,,,
1019826,The Original Gresham Farmers Market,401 NE Second St.,e8f30eae-19fe-469c-8cc4-c64a6debead7,d74ac011-eda7-4bef-99ff-78952c483c5d,01127d9b-01aa-4ef1-9bd2-48f67f513459,97030,05/02/2020 to 10/31/2020,Sat: 8:30 AM-2:00 PM;,,,,,,
1019975,The PeopleвЂ™s Market,3220 E 3rd St.,60c71452-0631-4727-aeea-d566f8bb150c,032e559b-c41b-49ee-9f3f-d45d6205d338,1f92cbc1-8f4b-4538-95dd-366fc23a8da5,47403,04/01/2020 to 04/01/2020,Sat: 8:00 AM-1:00 PM;,,,,,,
1018628,The Petaluma East Side Farmers' Market,320 N McDowell Blvd,b81f1faa-e10f-4a0c-84c9-f55e314b3cea,92df7e14-b328-4baa-9ef8-348842c61af5,7a557091-92bc-49e9-b58a-458458f87711,94954,01/08/2019 to 12/29/2019,Tue: 10:00 AM-1:30 PM;,,,,,,
1018624,The Springs Community Farmers' Market ,Parking lot at Boyes Blvd & Hwy 12,beb142f3-6de4-4cf4-ac75-c9eed9762e02,92df7e14-b328-4baa-9ef8-348842c61af5,7a557091-92bc-49e9-b58a-458458f87711,95476,09/27/2020 to 11/15/2020,,,,,,,
1021499,The St. James Farmers Market,304 Armstrong Blvd n,944a8362-5faf-4aff-a5f0-2f1c378b54c5,8d29b24b-552f-4bb0-b2cc-e5b6754bd657,775d2aa3-b0cf-4a6b-a862-16373a107431,56081,01/01/2021 to 01/01/2021,Thu: 2:00 AM-5:00 AM;,,,,,,
1000278,The Territory Farmers' Market,2000 Territory Drive,c15d2c07-a850-4041-9c22-6a25caf61831,13d70b29-8e5b-4269-865b-dbfe1ea13b60,f3414562-68d9-4389-bd7c-0efe5455715f,61036,07/05/2020,Sun: 8:00 AM-12:00 PM;,,,,,,
1020015,The Township of Little Falls Farmers Market,225 Main St,47e5cf94-392f-43a4-a5e9-5eeac4b02099,17d47dff-da29-493a-a39e-f6528fa136d4,fb17e9e8-f8a8-4928-8ac2-94bbf6405d9f,07424,05/30/2021 to 05/30/2021,Sun: 9:00 AM-2:00 PM;,,,,,,
1010798,The Village Farmers Market on California Street,625 Booth Street,f779a561-d308-49a6-b486-f45955195e2f,8cf1e139-89ee-4514-83e0-f88d14d6e992,5323b3eb-6022-4ac6-8bd8-67eb173075e4,89509,06/06/2015 to 10/03/2015,Sat: 8:00 AM-1:00 PM;,,,,,,
1012799,The West River Farmers Market,2242 N. Main St.,0ce33c99-f0fc-48f2-8473-695e2a0197c2,795710b0-5433-4ea6-a6c6-0be3adcf4e0f,faedd35b-2ba2-4753-b8f5-07a3892b9721,05148,05/23/2020 to 10/10/2020,Sat: 9:00 AM-1:00 PM;,,,,,,
1021586,The Wilmington Farmers Market,5329 Oleander Dr,fc6dd76f-e70b-482f-8b06-c47bd74c55b1,09c569d7-f4a1-4458-b06c-195f466ecc62,39f00a75-0499-4de4-9c99-0cb1fdb2568a,28403,01/01/2021 to 01/01/2021,Sat: 8:00 AM-1:00 PM;,,,,,,
1008826,The Woodland Farmers Market,250 First Street ,0e17be4f-f3e8-4178-89b7-e4a189406a4d,272b3b21-1b3b-4358-b133-7d2cf62e51e1,7a557091-92bc-49e9-b58a-458458f87711,95695,05/10/2014 to 09/27/2014,Sat: 9:00 AM-12:00 PM;,,,,,,
1008827,The Woodland Farmers Market at Woodland Healthcare,Corner of Cottonwood and Gibson Rd,ac8392b5-ef85-48cb-98ea-004d4bb0bd93,272b3b21-1b3b-4358-b133-7d2cf62e51e1,7a557091-92bc-49e9-b58a-458458f87711,95695,06/03/2014 to 08/26/2014,Tue: 4:30 AM-7:00 PM;,,,,,,
1019228,Thief River Falls Farmers Market,Corner of 3rd Street and Duluth Ave.,37ce1de9-994f-4fff-b8e9-aec627980070,5ea8c0dc-51e7-4333-9bec-96dcdbe7757b,775d2aa3-b0cf-4a6b-a862-16373a107431,56701,06/16/2018 to 10/06/2018,Tue: 3:30 PM-6:00 PM;Sat: 9:00 AM-12:00 PM;,,,,,,
1017961,Thursday Marin Farmers Market,"Avenue of the Flags, San Rafael , California 94903",ea6ec058-78be-46f0-9136-302730110c72,7ca97d40-2d9f-47bb-8713-a639b5b8f1fa,7a557091-92bc-49e9-b58a-458458f87711,94903,01/01/2018 to 12/31/2018,Thu: 8:00 AM-1:00 PM;,,,,,,
1009802,Tigard Farmers Market,Burnham Street at Main Street,93598af0-6fa5-4536-ab3c-48adf83cfa7f,7a69ac97-4542-4a1a-a5c2-dd800abc9358,01127d9b-01aa-4ef1-9bd2-48f67f513459,,05/06/2018 to 10/28/2018,Sun: 9:00 AM-1:30 PM;,,,,,,
1021562,Titusville Open Air Market,11652 Hydetown Road,220eec8a-7aab-4116-9dbc-216f923a6376,5bf69b3e-862b-456f-8956-6a52e92ae3de,3ffc900b-d7c0-4b07-8aba-7df870781580,16354,06/12/2021 to 06/12/2021,Tue: 9:00 AM-1:00 PM;Sat: 9:00 AM-1:00 PM;,,,,,,
1021744,Tiverton Farmer's Market,10 Quintal Drive,8147b143-7e86-4df7-affd-323d013e782e,57589f10-e7bf-431f-a2d8-7e656eec8f2f,a8a2bc3a-b405-485c-a8b5-f2fb1841df29,02878,01/02/2022 to 01/02/2022,Sun: 10:00 AM-1:30 PM;,,,,,,
1021447,Tontitown Farmers' Market,235 E. Henri De Tonti Blvd,f3c50f4b-d9e7-455f-9246-9b1316cced86,7a69ac97-4542-4a1a-a5c2-dd800abc9358,7885258d-77c7-421e-a1e9-043ef91e8c26,72770,05/01/2021 to 05/01/2021,Sat: 8:00 AM-2:00 PM;,,,,,,
1019963,Torrington WY Farmers Market,21st & Main Street,72f34bea-dcae-4c4b-85a6-c3f781a319c5,c1aa9da0-24ea-41e4-88f4-ef3643769a09,b969a275-4f8c-4575-9b14-a40c9e53be44,82240,07/02/2020 to 10/29/2020,Thu: 4:00 PM-6:00 PM;,,,,,,
1021490,Tosa Farmers Market,7720 Harwood Ave,71186013-049c-4480-af4e-1cdef7db1bff,3c8376ac-fa0b-4d3a-8203-2387e18eeda5,e8d05643-2a60-4ca6-a077-819f50879428,53213,06/05/2021 to 06/05/2021,Sat: 8:00 AM-12:00 PM;,,,,,,
1019393,Town of Hillsville Farmers Market,410 N. Main Street,ed0e094f-1bd8-46f9-affe-490f4c78b81f,572ddd95-75aa-46f2-ab06-c35803b4818c,6dd53333-5181-463f-abcb-fcb91c8ec710,24343,05/30/2019 to 10/10/2019,Thu: 3:00 PM-7:00 PM;,,,,,,
1019213,Town of Wadley Farmers Market,Main Street,d2bb840e-488a-4856-8cab-dce323420fa6,e0dcca1c-7dd4-4d1f-8c60-87e7bb72ee86,a99466fa-d385-4f64-a230-de4dde953216,36276,05/08/2018 to 08/28/2018,Tue: 8:00 AM-12:00 PM;,,,,,,
1006324,Townshend Farmers Market,6573 Route 30,e8292e5b-3222-44bc-a8dd-9938da0e21c9,795710b0-5433-4ea6-a6c6-0be3adcf4e0f,faedd35b-2ba2-4753-b8f5-07a3892b9721,05359,05/28/2021 to 05/28/2021,Fri: 4:30 PM-6:30 PM;,,,,,,
1021745,Travelers Rest Farmers Market ,235 Trailblazer Lane,083f89dc-371b-4f5d-9421-a3f1d5c4ce55,2773e2b9-ad96-4cf6-b31f-a32a1bd5e7ee,25286054-2f43-4edf-9415-c089a5cfd371,29690,05/07/2022 to 05/07/2022,Sat: 8:30 AM-12:00 PM;,01/01/2023 to 01/01/2023,Sat: 12:00 PM-3:00 PM;,10/01/2022 to 10/01/2022,Thu: 5:30 PM-8:00 PM;,,
1019638,Treasure Lake Farmers Market and Artisan Faire,95 Coral Reef,7bfdabac-6dba-4808-b0ce-efb1be90fc78,83a08476-d267-4089-898f-db8208f24c0e,3ffc900b-d7c0-4b07-8aba-7df870781580,15801,05/09/2020 to 10/10/2020,Sat: 10:00 AM-3:00 PM;,,,,,,
1021343,Tremont Farmers Market,1200 Startkweather Ave,2406e84e-4457-49b3-a7d1-dc9f33a59b58,0a0b619c-3b3d-40ef-ae23-e1cada5ff574,82136789-d0c5-4229-8cac-b731a5361c03,44113,,Tue: 4:00 PM-7:00 PM;,,,,,,
1018933,Trout Creek Farmers Market ,Trout Creek Park,1a4537c7-5ebe-4103-a412-817554cbc741,a06a30ea-b2af-489d-bba0-1dcd25918c81,e92d45e1-6b7b-45e4-aa71-592e5a597b61,59874,07/11/2018 to 09/26/2018,Wed: 4:00 PM-6:00 PM;,,,,,,
1020002,Troy Waterfront Farmers Market,Riverfront Park,313727d4-5e68-4e1a-9805-aac4a9fb1f3f,39fa7fc9-cce1-4117-aff8-75885cfc5ea3,7dd79c73-5476-44d1-8d08-54ed1287ed03,12180,01/01/2020 to 12/31/2020,Sun: 8:30 AM-2:00 PM;,,,,,,
1019632,Tuesday Farmers Market at Meridianville,175 Monroe Road,a73b9859-7b4e-4420-9e67-e3768d1276f7,583cff19-3af2-45db-bf77-8993ee90ec35,a99466fa-d385-4f64-a230-de4dde953216,35759,,Tue: 3:30 AM-6:30 AM;,,,,,,
1018397,Tuesday Market at Bloomington Community Farmers Market,6th and Madison Streets ,c11073e0-75f3-4ee8-9538-4248590d2fb4,032e559b-c41b-49ee-9f3f-d45d6205d338,1f92cbc1-8f4b-4538-95dd-366fc23a8da5,47404,06/04/2019 to 09/24/2019,Tue: 4:00 PM-7:00 PM;,,,,,,
1021576,Tuesday Market in Library Park,200 Park Street,cc2d47d7-e394-48fe-a7f5-c603cf547034,6fd20e39-6d74-4cf0-a565-2e5e7fe23342,7a557091-92bc-49e9-b58a-458458f87711,95453,05/04/2021 to 05/04/2021,Tue: 10:00 AM-1:00 PM;,,,,,,
1018283,Tupelo Farmers' Depot,415 South Spring Street,804f40d2-f1c7-47b5-8fa1-f55488b9aae8,98087b17-a8d4-4d82-bdb1-7d4294d4ea5f,cf26f741-6e95-40e6-9e55-03c7326dba5d,38804,05/01/2018 to 10/27/2018,Tue: 3:00 PM-6:00 PM;Thu: 6:00 AM-12:00 PM;Sat: 6:00 AM-12:00 PM;,,,,,,
1019349,Tuscaloosa River Market,1900 Jack Warner Pkwy,e6e38849-fbef-4605-b3a7-116c27ebd6cd,e2991f8d-b066-4e9c-b131-57f31bc2b5a5,a99466fa-d385-4f64-a230-de4dde953216,35401,01/05/2019 to 12/21/2019,Sat: 7:00 AM-12:00 PM;,04/16/2019 to 09/24/2019,Tue: 3:00 PM-6:00 PM;,,,,
1012573,Twin Bridges ALL YEAR Farmers' Market,Main Street City Park and Fairgrounds,3f437f16-9ffa-46b9-932e-762d61903b11,583cff19-3af2-45db-bf77-8993ee90ec35,e92d45e1-6b7b-45e4-aa71-592e5a597b61,59754,01/01/2021 to 01/01/2021,Sat: 9:00 AM-1:00 PM;,,,,,,
1005493,Twin City Farmers Market,106 Avenue A,c216e2c9-0d99-45f6-a0aa-41036f76268e,43bf3adc-a4a1-4b27-a826-6eb82a38c554,f3414562-68d9-4389-bd7c-0efe5455715f,61081,01/01/2021 to 12/31/2021,Sat: 8:00 AM-12:00 PM;,,,,,,
1006169,Two Rivers Farmers/Crafter Market,,a578097a-9b2c-4f00-9909-775f9fae4da0,e011b5d1-be1b-4fad-aa18-3616a51446bd,e8d05643-2a60-4ca6-a077-819f50879428,54241,06/16/2018 to 10/13/2018,Thu: 4:00 PM-7:00 PM;Sat: 8:00 AM-1:00 PM;,,,,,,
1018968,Union County Farm & Craft Market,106 Lakeside Drive,a31bb75f-4517-4f6d-a47f-765418d717a7,4f40be6e-17a2-4228-a0e2-e62151ff1fc7,25286054-2f43-4edf-9415-c089a5cfd371,29379,06/05/2021 to 06/05/2021,Mon: 7:30 AM-12:00 PM;Tue: 7:30 AM-12:00 PM;Wed: 7:30 AM-12:00 PM;Thu: 7:30 AM-12:00 PM;Fri: 7:30 AM-12:00 PM;Sat: 7:30 AM-12:00 PM;,10/02/2021 to 10/02/2021,Wed: 9:00 AM-12:00 PM;Thu: 9:00 AM-12:00 PM;Fri: 9:00 AM-12:00 PM;Sat: 9:00 AM-12:00 PM;,,,,
1019215,Union County Farmers Market,290 Farmers Market Way,6e62f3eb-9906-46cf-bd85-0b14b8ed2655,4f40be6e-17a2-4228-a0e2-e62151ff1fc7,4db220e9-057f-4385-bafb-37fbea280645,30512,06/05/2021 to 10/30/2021,Tue: 2:00 PM-5:00 PM;Sat: 7:00 AM-1:00 PM;,,,,,,
1019925,Union County Farmers' Market,115 Durham Drive,f1f99ea0-94c5-4833-9519-3d0148c8ad75,4f40be6e-17a2-4228-a0e2-e62151ff1fc7,e7416093-d979-43e8-952c-06d2b35b5956,37807,05/01/2020 to 10/03/2020,Sat: 10:00 AM-1:00 PM;,,,,,,
1010158,Union Farmers Market,280 Common Road,a9da6989-13f9-4a88-afd7-cf9a6bf85567,eb6845f2-efac-484c-b086-f8f43cbb1e92,2feeec2f-bc8c-40ae-9405-0f6d59707d93,04862,05/11/2018 to 09/28/2018,Fri: 3:00 pm-6:00 pm;,,,,,,
1019540,Union Square Farmers Market,66-70 Union Square,49379811-b23e-4550-a714-b252e3f4c6ac,ceef5aa1-8ef7-4d6e-9360-fd847f814047,fd0813ee-0dcf-4cef-8953-1e30d4412de6,02143,05/18/2019 to 11/23/2019,Sat: 9:00 AM-1:00 PM;,,,,,,
1018634,Union Street Farmers Market @ Celebration Pointe,4949 Celebration Pointe Ave,99ad1e10-212b-4303-b148-cfe00adadc64,0b5c2c2d-ef39-4bab-bd5f-48486698bb1b,7b0326e1-5b5a-47e8-8933-7dce24e815dc,32608,01/01/2018 to 01/01/2018,Wed: 4:00 PM-7:00 PM;,,,,,,
1021305,University Square Farmers' Market,3600 Walnut Street,7a8448fb-98f0-4837-8ac9-280be43a76c9,30f2e6e8-02e2-4c37-b99f-1cf934694676,3ffc900b-d7c0-4b07-8aba-7df870781580,19104,01/01/2021 to 01/01/2021,Wed: 9:00 AM-5:00 PM;,,,,,,
1019764,Upper Arlington Farmers Market,2850 Tremont Rd,08d4fb5b-46e9-4bca-b3c2-5ae812517072,944b15fd-d0f0-4def-9b76-0a8ab2987e68,82136789-d0c5-4229-8cac-b731a5361c03,43221,05/20/2020 to 09/30/2020,Wed: 4:00 PM-7:00 PM;,,,,,,
1021726,Uptown Farmers Market,4620 N. Broadway,db7e68cf-c6c3-4290-b899-378f5a538367,d8223186-8ebb-45c5-a659-85e420d1a15f,f3414562-68d9-4389-bd7c-0efe5455715f,60640,05/04/2022 to 05/04/2022,Wed: 2:30 PM-7:00 PM;,,,,,,
1001886,Uptown Greenville Umbrella Market,Fifth Street and Evans Street,027c5b29-1a67-41b3-af0a-9f47f54f20cf,617421ac-c002-4195-b2e4-37f0ddd3e510,39f00a75-0499-4de4-9c99-0cb1fdb2568a,27858,05/05/2021 to 05/05/2021,Wed: 5:00 PM-8:00 PM;,,,,,,
1019105,Uptown Market,220 Maxwell Avenue,6bb015c7-dd6c-46d7-9786-77f75498bd87,7a72c43c-48de-4051-b90e-1c8c18fa07c1,25286054-2f43-4edf-9415-c089a5cfd371,29646,04/04/2018 to 09/29/2018,Wed: 10:00 AM-2:00 PM;Sat: 8:00 AM-12:00 PM;,10/03/2018 to 03/30/2019,Wed: 10:00 AM-2:00 PM;Sat: 10:00 AM-2:00 PM;,,,,
1019448,Uptown Westerville Farmers' Market,62 N. State St.,27f06e44-11c5-4184-8ea0-4afeaec3d149,944b15fd-d0f0-4def-9b76-0a8ab2987e68,82136789-d0c5-4229-8cac-b731a5361c03,43081,05/01/2019 to 10/30/2019,Wed: 3:00 PM-6:00 PM;,,,,,,
1019342,Urban Harvest Farmers Market,2752 Buffalo Speedway,0a589e8e-a5ba-4006-943b-be9809517620,ff978385-306d-4ba8-b3b0-e376e65a123a,2c777c95-b197-4df6-b0e0-6637a1318fc2,77027,01/01/2019 to 12/31/2019,Sat: 8:00 AM-12:00 PM;,,,,,,
1018852,Urbana Farmers' Market,102 Capitol Ave,7619891a-f040-423c-9594-5d90a8949dbd,162e9307-c023-4792-9afa-4acab5ff724a,02f30189-b9ba-40b5-bb18-c7d22d4b6d4b,52345,05/27/2017 to 09/30/2017,Sat: 9:00 AM-11:00 AM;,10/07/2017 to 10/28/2017,Sat: 9:00 AM-11:00 AM;,11/11/2017 to 04/14/2018,Sat: 9:00 AM-11:00 AM;,,
1019498,Urbana Library Farmers' Market,9020 Amelung Street,5175e040-c433-4997-9de8-af3b508556ff,f45b1f0e-df65-421e-b381-0f32d05253e4,c5b0ab35-2326-49a5-b543-8e5bb1c71ed5,21704,05/05/2019 to 10/27/2019,Sun: 11:00 AM-2:00 PM;,,,,,,
1005631,USDA Farmers Market,Corner 12th St. & Independence Ave. SW,14ebb735-3b4e-4322-b1ff-364e95f10683,6553ba79-594c-47cd-a6f7-d5380b708f86,6b6ed003-0cca-4516-9dc2-71517407fa49,20250,05/01/2015 to 10/30/2015,Fri: 9:00 AM-2:00 PM;,,,,,,
1001999,Utica Farmers Market,"Chancellor Park, Elizabeth St.",d0af924b-0519-4e9b-81e3-49c88b21f547,8068d531-ebba-4bee-b962-435055f60ffa,7dd79c73-5476-44d1-8d08-54ed1287ed03,13501,06/30/2021 to 06/30/2021,Wed: 8:00 AM-5:00 PM;,,,,,,
1018535,Vance County Regional Farmers Market,210 Southpark Dr.,da9206da-072d-4052-ba3f-37d6c6911933,20260566-4f1d-41c9-968b-81005032e9dd,39f00a75-0499-4de4-9c99-0cb1fdb2568a,27536,04/17/2021 to 04/17/2021,Sat: 7:30 AM-1:00 PM;,06/02/2021 to 06/02/2021,Wed: 7:30 AM-1:00 PM;Sat: 7:30 AM-1:00 PM;,10/02/2021 to 10/02/2021,Sat: 8:00 AM-1:00 PM;,,
1019692,Vanderbilt Farmers Market,Galleria Shoppes at Vanderbilt,4330e3de-90af-44f7-9285-95f129d9eda8,b1255a31-f0cc-4cc6-808b-290b6a9bd297,7b0326e1-5b5a-47e8-8933-7dce24e815dc,34109,06/08/2019 to 11/02/2019,Sat: 8:00 AM-12:00 PM;,11/02/2019 to 06/06/2020,Sat: 8:00 AM-1:00 PM;,,,,
1012325,Vashon Farmers Market - Saturday,17519 Vashon Highway SW,d4dd86bb-df41-4488-8f89-f5cfdc7990c8,98ee5d73-cf74-4b82-b3c4-2a67ffc35a0e,e1b87cb5-fdcd-4e67-adf7-e25bd794503c,98070,04/03/2021 to 04/03/2021,Sat: 10:00 AM-2:00 PM;,,,,,,
1018597,Vermillion Area Farmers Market Summer Saturday Markets,Main and Market Streets,5a93f043-10d6-45ce-9984-2702ee277666,7df2d240-ec69-4828-a368-e877666a501f,4c471773-04a7-4eb6-b88f-4bac35ac23a4,57069,06/03/2017 to 09/30/2017,Sun: 9:00 AM-12:00 PM;,,,,,,
1018598,Vermillion Area Farmers Market Winter Markets,515 High Street,5a93f043-10d6-45ce-9984-2702ee277666,7df2d240-ec69-4828-a368-e877666a501f,4c471773-04a7-4eb6-b88f-4bac35ac23a4,57069,11/01/2017 to 04/28/2018,Sun: 10:00 AM-1:00 PM;,05/17/2018 to 10/31/2018,Thu: 3:00 PM-7:00 PM;,,,,
1019078,Vermont Farmers Market,Depot Park (at the Walmart Shopping Plaza),1ed69efe-2df1-4755-ba85-78e07f470c17,13ff7349-703b-4e73-86a3-d47699fb01c7,faedd35b-2ba2-4753-b8f5-07a3892b9721,05701,05/19/2018 to 10/31/2020,Wed: 3:00 PM-6:00 PM;Sat: 9:00 AM-2:00 PM;,,,,,,
1019080,Vermont Farmers Market,251 West Street,ed0d2cbd-492e-47a1-9ed1-f81fab402bbf,13ff7349-703b-4e73-86a3-d47699fb01c7,faedd35b-2ba2-4753-b8f5-07a3892b9721,05701,11/03/2018 to 05/04/2019,Sat: 10:00 AM-2:00 PM;,,,,,,
1019182,Vernon County Farmers Market,PO Box 873,bc074b8a-02e2-4f9c-819f-2842c3d980f8,40084674-0986-43b7-93c9-0bcfe6727ad5,743439a8-1642-4103-abcb-1ef114ce801a,64772,05/12/2018 to 10/06/2018,Sat: 8:00 AM-12:00 PM;,,,,,,
1019952,Vernon Hills Park District Farmers Market,Lakeview Parkway and Hawthorn Parkway,d2e3bc02-8896-4b6e-bafa-824d9a4ed4d2,6fd20e39-6d74-4cf0-a565-2e5e7fe23342,f3414562-68d9-4389-bd7c-0efe5455715f,60061,06/25/2020 to 10/08/2020,Thu: 3:00 PM-7:00 PM;,,,,,,
1020048,Verona Farmers Market ,18 Gov Center Ln,8d3e9b5b-b1f6-47d2-9a53-bd36f190f7d3,73338349-4684-449a-a8a2-4faa27b16a39,6dd53333-5181-463f-abcb-fcb91c8ec710,24482,05/04/2022 to 05/04/2022,Wed: 11:00 AM-2:00 PM;,,,,,,
1012247,Vicksburg Farmers' Market,300 N. Richardson ,0ec00850-1933-47fc-8171-c4f02f19a388,e19a0c92-d541-4378-9e85-66a79f7e17eb,1567e172-94ab-4222-b635-6b669c2aa787,49097,05/18/2018 to ,Fri: 2:00 PM-6:00 PM;,,,,,,
1019513,Victoria Farmers' Market,2805 North Navarro,b61a3856-9944-4a8e-b4d3-b0ca8c3c9df0,3dd60534-da52-46a3-bc1d-45fde391cc0f,2c777c95-b197-4df6-b0e0-6637a1318fc2,77901,01/01/2021 to 01/01/2021,Sat: 9:00 AM-1:00 PM;,,,,,,
1012297,Village Market- Slavic Village,5106 Fleet Ave,342831de-9bb8-41a4-8fab-6557043399b6,0a0b619c-3b3d-40ef-ae23-e1cada5ff574,82136789-d0c5-4229-8cac-b731a5361c03,44105,06/11/2018 to 08/27/2018,Mon: 4:00 PM-7:00 PM;,,,,,,
1018155,Village of Constantine Farmers' Market,165 N Washington St,5a557c0b-f03c-4c19-adce-d70b80deee3c,c00f768b-efa4-44a3-b344-82ce2ef342e1,1567e172-94ab-4222-b635-6b669c2aa787,49042,06/06/2017 to 08/30/2017,Wed: 2:00 PM-5:30 PM;,,,,,,
1019645,"Village of Lemont Farmers Market, ""Tuesday's on Talcott""",Stephen Street & Talcott Avenue (behind LaDolce Vita),c6e49479-bdd3-42fe-9f24-eb2bff76a046,d8223186-8ebb-45c5-a659-85e420d1a15f,f3414562-68d9-4389-bd7c-0efe5455715f,60439,06/11/2019 to 10/29/2019,Tue: 8:00 AM-1:00 PM;,,,,,,
1019156,Village of Skokie Farmers' Market,5127 Oakton Street,695d293a-1ccc-40fc-97f0-06d6cabb7598,d8223186-8ebb-45c5-a659-85e420d1a15f,f3414562-68d9-4389-bd7c-0efe5455715f,60077,06/10/2018 to 11/04/2018,Sun: 7:30 AM-12:30 PM;,,,,,,
1006342,Vincennes Historic Farmers Market,102 N. Second St.,0fd156d9-1fa2-4c53-97d2-9a3c00889121,eb6845f2-efac-484c-b086-f8f43cbb1e92,1f92cbc1-8f4b-4538-95dd-366fc23a8da5,47591,05/01/2018 to ,Wed: 4:00 PM-7:30 PM;Sat: 8:00 AM-1:00 PM;,,,,,,
1021297,Vine Street Market at O'Fallon Station,212 E 1st Street,9494d890-d5ce-4d4f-a527-15b625aba886,5942932f-01d3-463a-a1e0-3a610e11a728,f3414562-68d9-4389-bd7c-0efe5455715f,62269,02/13/2021 to 02/13/2021,Sat: 3:30 PM-7:30 PM;,03/13/2021 to 03/13/2021,Sat: 9:00 AM-12:00 PM;,04/10/2021 to 04/10/2021,Sat: 9:00 AM-12:00 PM;,05/08/2021 to 05/08/2021,Sat: 8:00 AM-12:00 PM;
1018214,Vineyard Farmers Market,100 W. Shaw,f46509b7-2398-4a01-8f7a-f63e1e690512,6d8bf88d-0f4f-4803-a8eb-25877da3a429,7a557091-92bc-49e9-b58a-458458f87711,93704,01/01/2018 to 12/31/2018,Wed: 3:00 PM-6:00 PM;Sat: 7:00 AM-12:00 PM;,,,,,,
1021487,Virginia Highland Farmers Market,1017 North Highland Avenue NE,3a76d7e4-8f18-4591-af84-f0badad99ec0,2deee92f-6033-461c-a02b-313966af93e2,4db220e9-057f-4385-bafb-37fbea280645,30306,04/22/2021 to 04/22/2021,Thu: 4:00 PM-8:00 PM;,,,,,,
1021251,Vizcaya Village Farmers Market,3250 S. Miami Ave,951328af-355d-4894-aacf-498936c4e5fd,9031ec11-6bd4-4683-a448-a40f8deef965,7b0326e1-5b5a-47e8-8933-7dce24e815dc,33129,01/01/2020 to 12/31/2020,Sun: 9:00 AM-2:00 PM;,,,,,,
1018504,Voluntown Farmers' Market ,195 Main Street,a3f06ae0-6d75-4ec8-a7e7-9e5825a48011,95f9d1c9-276e-4fd7-a079-fc35c5548084,e27aa654-8f84-43d8-bc72-d501fb165262,06384,07/11/2021 to 07/11/2021,Sun: 10:00 AM-1:00 PM;,,,,,,
1001925,Voorheesville Farmers Market,68 Maple Ave.,9added53-729d-4491-afae-079869c895bf,2cae7088-d342-4ff9-b753-b4fbb96f69a5,7dd79c73-5476-44d1-8d08-54ed1287ed03,12186,06/16/2021 to 06/16/2021,Wed: 3:30 PM-6:30 PM;,,,,,,
1010394,Wabasha Downtown Farmers Market ,Main Street West & Allegheny Avenue next to HillвЂ™s Hardware,e9d5ffba-b9c5-40db-8ce9-689af50759d9,5064ba6d-c20a-47c8-abe3-9648c87391b0,775d2aa3-b0cf-4a6b-a862-16373a107431,55981,06/02/2021 to 06/02/2021,Wed: 3:00 PM-6:00 PM;,,,,,,
1019155,Waco Downtown Farmers Market,500 Washington Avenue,c187ceb7-4bda-4886-91e7-468002d668d8,01eba048-b445-4ae7-a802-249f72e03849,2c777c95-b197-4df6-b0e0-6637a1318fc2,76701,01/01/2021 to 12/31/2021,Sat: 9:00 AM-1:00 PM;,,,,,,
1021537,Wagoner Farmers Market,115 S Main Street ,a1469f04-75a5-444f-8231-e4a275c6306e,9a02ce9d-0b15-4b4b-8cbb-28328c4be129,fab3c82a-feaf-4974-bf33-d02e8f67d30e,74467,04/01/2021 to 04/01/2021,Sat: 8:00 AM-12:00 PM;,,,,,,
1005268,Wahiawa District Park (People's Open Market),1139 A Kilani Avenue,b42887e1-fefe-4210-9c93-73b2658a45c7,e9f50e89-e238-48ed-af04-05bddd9ae446,4c8a3dce-226c-409e-b551-8c6a90ecf266,96786,01/01/2019 to 12/31/2019,Tue: 10:00 AM-11:00 AM;,,,,,,
1004574,Wahoo Farmers Market,Corner of 7th and Beech,9612628a-4f0b-4fac-97f0-acaf42446e33,a553392c-907d-4960-92b2-7bfc210e4d29,9d7cc9b4-b9db-4c4e-b267-425d9a3e46b4,68066,05/24/2018 to 08/30/2018,Thu: 4:30 PM-6:00 PM;,,,,,,
1005263,Waiau District Park (People's Open Market),98-1650 Kaahumanu Street,07a4f5be-b631-4a00-89e9-28114bb6660c,e9f50e89-e238-48ed-af04-05bddd9ae446,4c8a3dce-226c-409e-b551-8c6a90ecf266,96782,01/01/2019 to 12/31/2019,Tue: 6:30 AM-7:30 AM;,,,,,,
1005269,Waikele Community Park (People's Open Market),94-870 Lumiana Street,83fa57c8-6227-4cd3-84de-f289d7c2da2b,e9f50e89-e238-48ed-af04-05bddd9ae446,4c8a3dce-226c-409e-b551-8c6a90ecf266,96767,01/01/2019 to 12/31/2019,Sun: 11:30 AM-12:30 PM;,,,,,,
1005264,Waimanalo Beach Park (People's Open Market),41-741 Kalanianaole Highway.,4f32cc45-162e-459b-87b0-2f20f790a05a,e9f50e89-e238-48ed-af04-05bddd9ae446,4c8a3dce-226c-409e-b551-8c6a90ecf266,96795,01/01/2019 to 12/31/2019,Thu: 7:00 AM-8:00 AM;,,,,,,
1005266,Waipahu District Park (People's Open Market),94-230 Paiwa Street,bdd5f702-95fb-4b36-a0c5-a5d2f14a5d68,e9f50e89-e238-48ed-af04-05bddd9ae446,4c8a3dce-226c-409e-b551-8c6a90ecf266,96767,01/01/2019 to 12/31/2019,Tue: 8:00 AM-9:00 AM;,,,,,,
1019489,Wakefield ,8100 Braddock Road ,3d022e76-3adb-4e3c-9446-f31281dea3ae,2f65e4d4-a27c-4c98-b725-d3331a4512c2,6dd53333-5181-463f-abcb-fcb91c8ec710,22003,04/17/2019 to 04/30/2019,Wed: 2:00 PM-6:00 PM;,,,,,,
1021340,Wallingford Farmers Market , 4800 Meridian Ave N ,e1ecddef-65d7-4187-9255-81cb55281f01,98ee5d73-cf74-4b82-b3c4-2a67ffc35a0e,e1b87cb5-fdcd-4e67-adf7-e25bd794503c,98103,05/12/2021 to 05/12/2021,Wed: 3:00 PM-7:00 PM;,,,,,,
1020197,Walnut Creek Certified Farmers' Market,1799 Locust Street,688803f5-7805-441b-b8a6-707ea5df9de3,acaede93-f72f-4af8-9195-1a79e88db9b3,7a557091-92bc-49e9-b58a-458458f87711,94596,01/01/2020 to 12/31/2020,Sun: 9:00 AM-1:00 PM;,,,,,,
1018219,Wapello County Farmers Market,,10328f2f-2218-43af-a694-a349364f7f8d,36629bcc-e6e8-4390-b246-b0d9d8c1e8b8,02f30189-b9ba-40b5-bb18-c7d22d4b6d4b,52501,06/01/2020 to 10/01/2020,Mon: 2:30 PM-5:30 PM;Thu: 2:30 PM-5:30 PM;,,,,,,
1021366,Washington on the Brazos Farmers Market,23400 Park Road 12,14ebb735-3b4e-4322-b1ff-364e95f10683,7a69ac97-4542-4a1a-a5c2-dd800abc9358,2c777c95-b197-4df6-b0e0-6637a1318fc2,77880,03/20/2021 to 03/20/2021,Sat: 10:00 AM-2:00 PM;,,,,,,
1018552,Waterfront Farmers Market of Gig Harbor,3211 Harborview Drive,2d5e5bf0-bb80-435e-b6ae-50353a511d1d,c3a82634-96e5-4990-b49a-64979e94822d,e1b87cb5-fdcd-4e67-adf7-e25bd794503c,98335,06/04/2020 to ,Thu: 1:00 PM-7:00 PM;,,,,,,
1020021,Waterloo Rotary Farm Market,22 Locust Street,4f07cc5e-4a85-45d8-bbcd-8305eb52081d,4400c5e0-c116-47b2-9cf0-44a8b1f575a8,7dd79c73-5476-44d1-8d08-54ed1287ed03,13165,06/20/2020 to 10/03/2020,Sat: 9:00 AM-1:00 PM;,,,,,,
1019394,"Watertown, CT Farmers' Market",690 Thomaston Rd.,339f2999-611c-4afa-b03d-ab91d8935a2b,865f3fdd-e8f9-4290-a7e5-56a4e00eb027,e27aa654-8f84-43d8-bc72-d501fb165262,06795,07/06/2019 to 10/19/2019,Sat: 9:00 AM-1:00 PM;,,,,,,
1018319,Watford Market,501 7th St SE,e8ee19e9-8845-4b82-af73-6c176586fc26,4855f09f-10e4-44e6-a0b4-4681a4c82cc8,ac4c2f77-5a52-4ffd-a7fb-4b7bcce19a99,58854,07/30/2020 to ,Thu: 5:30 PM-7:30 PM;,,,,,,
1001962,Waukon Farmers Market,850 Rossville Road,6c38586a-9c3b-48b3-b9af-1946319d2535,bf7a916b-d20b-4adb-8b11-9d966e668004,02f30189-b9ba-40b5-bb18-c7d22d4b6d4b,52172,06/20/2016 to ,Mon: 3:30 AM-6:00 AM;,,,,,,
1011229,Way Green Local Fare Market,1460 n Augusta Ave,0e40e0b7-f6b4-468f-8735-b702aa164a47,ad2acf71-43dd-4e21-b4c6-18287dbe7592,4db220e9-057f-4385-bafb-37fbea280645,31503,05/01/2021 to 05/01/2021,Sat: 10:00 AM-1:00 PM;,,,,,,
1019613,Wayland Farmers Market on Main Street ,149 South Main Street,d830c897-ca43-4b77-8dad-ad5476d34065,e08514bd-d9e6-42af-b72e-353adf700a4c,1567e172-94ab-4222-b635-6b669c2aa787,49348,06/01/2019 to 10/25/2019,Tue: 9:00 AM-2:00 PM;Sat: 9:00 AM-2:00 PM;,,,,,,
1004499,Wayland Winter Farmers' Market,397 Boston Post Road,d830c897-ca43-4b77-8dad-ad5476d34065,ceef5aa1-8ef7-4d6e-9360-fd847f814047,fd0813ee-0dcf-4cef-8953-1e30d4412de6,01778,06/24/2020 to 10/07/2020,Wed: 12:00 PM-4:00 PM;,01/10/2020 to 03/14/2020,Sat: 10:00 AM-2:00 PM;,,,,
1019016,Wayne County Farmers Market,Center & Main,25d5282b-65b3-4e17-acc3-a67fafbddd6b,8f722dc3-6e1e-4775-b2b3-c06cda821c68,2928c803-d886-473a-98cf-431cd912e2a0,84775,05/05/2018 to 10/27/2018,Sat: 4:00 PM-6:00 PM;,,,,,,
1021559,Wayne County Farmers Market,200 Willow Ave. Route 6,10c9b7c4-779a-4776-9c0e-78cbf5d232b6,8f722dc3-6e1e-4775-b2b3-c06cda821c68,3ffc900b-d7c0-4b07-8aba-7df870781580,18431,05/22/2021 to 05/22/2021,Sat: 9:30 AM-12:30 PM;,,,,,,
1012485,Wayne State University Farmers Market,Warren and Woodward Ave,e5b18be7-32cb-4aa0-80b6-2711ee4f9268,8f722dc3-6e1e-4775-b2b3-c06cda821c68,1567e172-94ab-4222-b635-6b669c2aa787,48202,06/01/2018 to 10/31/2018,Wed: 10:00 AM-3:00 PM;,,,,,,
1020047,Waynesboro Farmers Market,215 McElroy St.,70864ec1-50c0-4747-8394-be4d1b00fd3e,c5a4b6a2-bb03-43c8-b19d-a7376931151a,6dd53333-5181-463f-abcb-fcb91c8ec710,22980,05/07/2022 to 05/07/2022,Sat: 9:00 AM-1:00 PM;,,,,,,
1019124,Waynesburg Farmers' Market,High Street ,d624eef6-beca-488f-9fc3-f40606bfbde3,2deee92f-6033-461c-a02b-313966af93e2,3ffc900b-d7c0-4b07-8aba-7df870781580,15370,05/16/2018 to 10/24/2018,Wed: 10:00 AM-2:00 PM;,,,,,,
1021709,Weaver Library Farmers' Market,41 Grove Avenue,1a41c2d4-bd10-49db-829f-3d7a76f11804,798f9f6f-ec3b-4ae4-a619-3421addd2d51,a8a2bc3a-b405-485c-a8b5-f2fb1841df29,02914,06/30/2022 to 06/30/2022,Thu: 4:00 PM-7:00 PM;,,,,,,
1021452,Webb City Farmers Market,106 East Tracy Street,5291229a-49bd-4db0-a10b-7c1a2d578f73,7ea53444-a4bc-4dcc-b025-3f49aa39adf3,743439a8-1642-4103-abcb-1ef114ce801a,64870,04/24/2021 to 04/24/2021,Tue: 4:00 PM-7:00 PM;Thu: 11:00 AM-2:00 PM;Sat: 9:00 AM-12:00 PM;,08/21/2021 to 08/21/2021,Tue: 4:00 PM-7:00 PM;Sat: 9:00 AM-12:00 PM;,05/01/2021 to 05/01/2021,Sat: 9:00 AM-12:00 PM;,,
1006093,Webster Springs Farmer's Market,Baker's Island,7dd5875b-ce08-49c2-8e6d-6181bd414594,04734e4e-302a-4396-8237-6f976c346117,72defe61-f5c8-4b4c-bd1c-a4081743a504,26288,07/09/2020 to 10/15/2020,Thu: 3:00 PM-5:00 PM;,,,,,,
1000384,"Webster's Joe Obbie Farmers' Market, Inc.","1028 Ridge Road, Webster Towne Center",f1a6d646-cc15-4543-9eb8-9a2eb9589c23,032e559b-c41b-49ee-9f3f-d45d6205d338,7dd79c73-5476-44d1-8d08-54ed1287ed03,14580,06/01/2020 to 10/31/2020,Sat: 8:30 AM-1:00 PM;,,,,,,
1019864,"Wednesday, Indiana County Farmers' Market",Wayne Avenue & Hospital Rd,57f4ff94-defb-4799-b4a2-bc64d99100e6,35e1b1b2-08c3-4e0b-bfd7-c641c84f4d89,3ffc900b-d7c0-4b07-8aba-7df870781580,15701,06/10/2020 to 10/07/2020,Wed: 3:30 PM-6:00 PM;,,,,,,
1012212,Weiser Farmer's Market,1 State Street,d309dabc-3f65-44a7-9c2c-9ad1dae42d87,7a69ac97-4542-4a1a-a5c2-dd800abc9358,34db3808-70ee-4d72-96b7-31220659bda5,83672,08/02/2018 to 09/13/2018,Thu: 5:00 PM-7:30 PM;,,,,,,
1019641,Welcome Center Farmers Market,2931 Monroe Avenue,cbdf1e83-a6de-42b7-b10c-c59a79afab37,f8248ce0-05fb-47d2-8c2e-b99da8dfd58c,02f30189-b9ba-40b5-bb18-c7d22d4b6d4b,51555,05/09/2019 to 10/17/2019,Thu: 3:30 PM-6:30 PM;,,,,,,
1019114,Wellfleet Farmers' Market,200 Main Street,3c88f7b1-658d-450d-bbee-974768a133aa,3735155e-dc3e-4ad6-9e70-494a513e747a,fd0813ee-0dcf-4cef-8953-1e30d4412de6,02667,05/16/2018 to 10/10/2018,Wed: 8:00 AM-12:00 PM;,,,,,,
1002890,Wellington Square Certified Farmers Market,4394 W Washington Blvd.,ee7ef7fc-ec79-4441-b0bd-60cd097d70b0,b66dd93f-9a8d-4056-8980-fc2698aa3c61,7a557091-92bc-49e9-b58a-458458f87711,90016,01/01/2018 to 12/31/2018,Sun: 9:00 AM-1:00 PM;,,,,,,
1002280,WesMar Farms Farm Stand,851 Couvillion St,6f277998-e9e2-43a2-8606-ea6523e14565,ad486980-20db-435c-acc7-d238e01eeb85,8eab0d88-b9c8-4da4-a6a4-9d4a0327af9c,71355,01/01/2019 to 12/01/2019,Mon: 8:00 AM-3:00 PM;Tue: 8:00 AM-3:00 PM;Wed: 8:00 AM-3:00 PM;Thu: 8:00 AM-3:00 PM;Fri: 8:00 AM-3:00 PM;,,,,,,
1019067,West End Farmers Market,1210 Patterson Ave. SW,b1ba6934-e9d6-481c-afae-c8dd21e29344,0273794b-6567-48cd-91be-b590a980dc9c,6dd53333-5181-463f-abcb-fcb91c8ec710,24016,01/01/2018 to 12/31/2018,Tue: 3:00 PM-6:00 PM;,,,,,,
1021569,West Haven Farmers Market,355 Main Street,54462e6a-a134-449f-8f4d-89c6981ce04b,d4e029df-3da9-48be-8fcb-71ce66531fd7,e27aa654-8f84-43d8-bc72-d501fb165262,06516,07/08/2021 to 07/08/2021,Thu: 11:00 AM-3:00 PM;Sat: 10:00 AM-2:00 PM;,,,,,,
1018650,West LA Farmers Market,1600 Purdue Ave.,ee7ef7fc-ec79-4441-b0bd-60cd097d70b0,b66dd93f-9a8d-4056-8980-fc2698aa3c61,7a557091-92bc-49e9-b58a-458458f87711,90025,01/01/2018 to 12/31/2018,Sun: 9:00 AM-2:00 PM;,,,,,,
1011203,West Lafayette Farmers Market,3065 N Salisbury St,0933dc3e-c82f-4ce5-805b-fc8eff4aef71,050b64b4-b530-431f-92c5-8e8778048110,1f92cbc1-8f4b-4538-95dd-366fc23a8da5,47906,05/05/2021 to 05/05/2021,Wed: 3:30 PM-7:00 PM;,,,,,,
1019424,West Orange Farmers Market,80 Main Street,bb4478f6-b7a1-4e2a-9873-cad23fb16c04,32b3456a-fa18-4d19-8296-c50b5727825e,fb17e9e8-f8a8-4928-8ac2-94bbf6405d9f,07052,05/18/2019 to 11/02/2019,Sat: 9:00 AM-2:00 PM;,,,,,,
1019657,West Plains Area Farmers' Market,1380 Bill Virdon Blvd.,f5a3a312-7010-449e-8b73-7f50a1fc6bad,f2416f58-e92a-46c9-9059-07b87ed69dd3,743439a8-1642-4103-abcb-1ef114ce801a,65775,04/03/2019 to 11/30/2019,Wed: 9:00 AM-1:00 PM;Sat: 9:00 AM-1:00 PM;,12/07/2019 to 12/28/2019,Sat: 9:00 AM-1:00 PM;,,,,
1019877,West Point Farmers Market,,256186b5-d15e-4f85-9d41-a31b779549d9,580098c2-0d9b-4332-b403-f10638d589c8,9d7cc9b4-b9db-4c4e-b267-425d9a3e46b4,,,Sat: 8:00 AM-12:00 PM;,,,,,,
1002177,West Point-Town of Highlands Farmers Market,Main street,918f953a-92ca-4c25-b1d7-b3229b26f637,90ee16f9-2d16-4ca0-8b4a-bdd55cd5f5a1,7dd79c73-5476-44d1-8d08-54ed1287ed03,10928,06/17/2018 to 10/28/2018,Sun: 9:00 AM-2:00 PM;,,,,,,
1016908,West Town Health & Farmers Market,2233 W Division St,db7e68cf-c6c3-4290-b899-378f5a538367,d8223186-8ebb-45c5-a659-85e420d1a15f,f3414562-68d9-4389-bd7c-0efe5455715f,60622,06/14/2018 to 12/13/2018,Thu: 3:00 PM-7:00 PM;,,,,,,
1019911,West Warwick Farmers Market,186 Providence St,5f9c0492-504e-4e29-b5e9-9a0bd8232425,680b16b8-1f26-479c-b0b6-607dc4ccf122,a8a2bc3a-b405-485c-a8b5-f2fb1841df29,02893,07/01/2020 to 10/28/2020,Wed: 3:00 PM-6:00 PM;,,,,,,
1012204,Westbrook Village Second Sundays Marketplace,19251 N Westbrook Parkway,974a73ab-1b89-4d3e-8fe4-98561cfc5cc9,3331f7dd-9fcf-4a77-8bdf-4aca22db66ea,e9a2101a-8932-44b9-981f-621d23d42178,85382,10/01/2018 to 12/01/2019,Sun: 9:00 AM-1:00 PM;,,,,,,
1010319,Westchase District Farmers Market,10503 Westheimer Road,0a589e8e-a5ba-4006-943b-be9809517620,ff978385-306d-4ba8-b3b0-e376e65a123a,2c777c95-b197-4df6-b0e0-6637a1318fc2,77042,01/01/2018 to 12/31/2018,Thu: 3:00 PM-7:00 PM;,,,,,,
1019509,Westcliffe Farm and Maker's Market,"315 Main Street, Jess Price Park",f69d3246-1e97-47bf-8f48-2879c62551bd,6079604a-503c-4bbf-80e8-f70f4748617c,e1f09524-7ac6-416d-ba58-0c07f3d72e11,81252,06/12/2019 to 09/25/2019,Wed: 9:00 AM-1:00 PM;,,,,,,
1021367,Westerly Land Trust Farmers Market,61-85 Main Street,df084e53-163d-4a87-8a02-7d2bd6404464,7a69ac97-4542-4a1a-a5c2-dd800abc9358,a8a2bc3a-b405-485c-a8b5-f2fb1841df29,02891,06/17/2021 to 06/17/2021,Thu: 10:00 AM-1:00 PM;,,,,,,
1019364,Western Greenbrier Farmers Market,Main and 11th st,723bd204-e860-4071-9e17-e4c8293b776a,b62d77f3-fab7-4dfe-b9a7-d9e96406cbe2,72defe61-f5c8-4b4c-bd1c-a4081743a504,25962,,Fri: 4:30 PM-6:30 PM;,,,,,,
1019444,Westerville Saturday Farmers Market,21 South State Street,27f06e44-11c5-4184-8ea0-4afeaec3d149,944b15fd-d0f0-4def-9b76-0a8ab2987e68,82136789-d0c5-4229-8cac-b731a5361c03,43081,05/23/2020 to 10/01/2020,Sun: 9:00 AM-12:00 PM;,,,,,,
1021274,Westfield Farmers Market,36 Court St,469ebc45-6185-43c5-9dee-cae16449ff6e,a151ecbf-e9ce-4417-9d45-50cf7b2464c0,fd0813ee-0dcf-4cef-8953-1e30d4412de6,01085,06/03/2021 to 06/03/2021,Thu: 12:00 PM-5:00 PM;,,,,,,
1019797,Westgate Farmers Market,2925 W. Broad Street,636e566e-a955-4175-925d-c3f319923b3f,944b15fd-d0f0-4def-9b76-0a8ab2987e68,82136789-d0c5-4229-8cac-b731a5361c03,43204,05/15/2021 to 05/15/2021,Sat: 9:00 AM-12:00 PM;,,,,,,
1021246,Westland Farmers & Artisan Market,1901 N. Carlson,f990f643-ab67-40dc-9ae2-41af7bdc6115,8f722dc3-6e1e-4775-b2b3-c06cda821c68,1567e172-94ab-4222-b635-6b669c2aa787,48185,05/21/2020 to 10/08/2020,Thu: 3:00 PM-7:00 PM;,,,,,,
1002816,Westminster Farmers' Market,21-33 Academy St. (Town Common),7696b3fa-9ab8-4157-ac86-031b564a8e60,b0c667e5-f1d0-4254-9d83-d5470e538b04,fd0813ee-0dcf-4cef-8953-1e30d4412de6,01473,05/04/2018 to 10/26/2018,Fri: 3:00 PM-6:00 PM;,,,,,,
1020070,Westport Rd Baptist Farmers Market,9705 Westport Road,63127d83-91ee-4f57-827a-8a534e8d9b55,04317b7e-1abf-4a2c-b4a7-e994c1d4c3c9,26759049-be66-49a3-8617-64f28a0ad262,40241,05/02/2020 to 10/31/2020,Sat: 9:00 AM-1:00 PM;,,,,,,
1001661,Westside Community Market,750 University Row,3ab8f410-c2f6-405a-9d6d-17cf3b770855,602cbc04-4748-4578-83c1-db779d1103d1,e8d05643-2a60-4ca6-a077-819f50879428,53705,04/17/2021 to 04/17/2021,Sat: 7:00 AM-12:30 PM;,,,,,,
1021217,Westside Community Market,750 University Row,3ab8f410-c2f6-405a-9d6d-17cf3b770855,602cbc04-4748-4578-83c1-db779d1103d1,e8d05643-2a60-4ca6-a077-819f50879428,53705,04/18/2020 to 11/07/2020,Sat: 7:00 AM-12:30 PM;,,,,,,
1004515,Westside Farmers Market,510 W. Ottawa St.,2b45f0cc-d5bb-40f0-af9a-e2af9c42b628,efccecdb-cb21-47ef-b405-a4e6eeae9579,1567e172-94ab-4222-b635-6b669c2aa787,48933,07/12/2018 to ,Thu: 11:00 AM-12:30 PM;,,,,,,
1005280,Westside Santa Cruz Farmers' Market,Corner of Western Drive and Mission St.,120e40cb-fc9d-421f-a196-b4fafc7ae43b,6174fe5d-3710-4936-bff4-ef99860ed34c,7a557091-92bc-49e9-b58a-458458f87711,95060,01/01/2018 to 12/31/2018,Sat: 9:00 AM-1:00 PM;,,,,,,
1020020,Westwood Village Farmers Market,1030 Broxton St,ee7ef7fc-ec79-4441-b0bd-60cd097d70b0,b66dd93f-9a8d-4056-8980-fc2698aa3c61,7a557091-92bc-49e9-b58a-458458f87711,90024,01/01/2021 to 01/01/2021,Thu: 12:00 AM-5:00 AM;,,,,,,
1021258,Weymouth Farmers Market,1 Wildcat Way,131618e1-fa17-4c52-807a-02c60f0eac86,5bfbab83-dab7-408f-9979-cc8e503c4265,fd0813ee-0dcf-4cef-8953-1e30d4412de6,02190,06/07/2020 to 10/04/2020,Sun: 10:00 AM-1:00 PM;,,,,,,
1020010,White House Farmers Market,105 College Street,b2236fb0-0032-4eef-8ca4-afce967a5424,cd15aa93-9738-42ae-b541-13b1a188a3cc,e7416093-d979-43e8-952c-06d2b35b5956,37188,05/20/2020 to 08/12/2020,Wed: 3:30 PM-7:00 PM;,,,,,,
1021488,White Mountains Market,1501 W White Mountain Blvd,434e0fe2-5b5f-4ab3-8b00-0f7c077c4526,d263f9c5-0190-444a-8881-205dcdde9089,e9a2101a-8932-44b9-981f-621d23d42178,85929,05/29/2021 to 05/29/2021,Sat: 9:00 AM-2:00 PM;,,,,,,
1019955,White St. Saturday Market,26 White St.,d43dd82a-81eb-4960-b190-31d3c35cecc9,572ddd95-75aa-46f2-ab06-c35803b4818c,7885258d-77c7-421e-a1e9-043ef91e8c26,72632,05/02/2020 to 10/31/2020,Sat: 8:30 AM-12:00 PM;,,,,,,
1019392,Whitehaven Kulliye Farmers Market,3379 Millbranch Road,206baef3-bebb-47ad-bc85-32bf570d210c,afc68372-21d9-40de-ad2e-b45c9a691fc9,e7416093-d979-43e8-952c-06d2b35b5956,38116,04/19/2019 to 11/17/2019,Fri: 10:00 AM-4:00 PM;Sat: 10:00 AM-4:00 PM;Sun: 10:00 AM-4:00 PM;,,,,,,
1020157,Whitley County Farmers Market ,NIBROC Park,6f6ab9c7-ae45-4ca7-adcd-63c64b30c068,029190aa-cdb5-4cc1-aa17-6396aa82aad4,26759049-be66-49a3-8617-64f28a0ad262,40771,04/28/2020 to 09/29/2020,Tue: 5:00 PM-8:00 PM;,,,,,,
1020156,Whitley County Farmers Market (WCFM),Billwoods Park ,f6a846e8-c06f-4d5d-a342-0ee400534011,029190aa-cdb5-4cc1-aa17-6396aa82aad4,26759049-be66-49a3-8617-64f28a0ad262,40769,04/28/2020 to 09/30/2020,Thu: 5:00 PM-8:00 PM;,,,,,,
1019221,Whittier Farmers Market,2608 Blaisdell Ave S,b211ef9d-760b-4b07-bb35-a9be57dafe69,80eca9e2-aee8-4974-ad6c-6b1a90ce0795,775d2aa3-b0cf-4a6b-a862-16373a107431,55408,06/30/2018 to 09/29/2018,Sat: 8:30 AM-1:00 PM;,,,,,,
1021495,WIC Clinic Callaghan Farmers' Market,4412 Callaghan Rd,a99c4dc4-e05b-4efb-b21a-ab91f893c98b,f2845a4d-815f-46eb-8b61-b33f457c962d,2c777c95-b197-4df6-b0e0-6637a1318fc2,78228,03/01/2021 to 03/01/2021,Thu: 10:00 AM-1:00 PM;,,,,,,
1021497,WIC Clinic Naco-Perrin Farmers' Market,4020 Naco Perrin,a99c4dc4-e05b-4efb-b21a-ab91f893c98b,f2845a4d-815f-46eb-8b61-b33f457c962d,2c777c95-b197-4df6-b0e0-6637a1318fc2,78217,03/01/2021 to 03/01/2021,Mon: 10:00 AM-1:00 PM;,,,,,,
1021498,WIC Clinic Pecan Valley Farmers' Market,802 Pecan Valley,a99c4dc4-e05b-4efb-b21a-ab91f893c98b,f2845a4d-815f-46eb-8b61-b33f457c962d,2c777c95-b197-4df6-b0e0-6637a1318fc2,78220,03/01/2021 to 03/01/2021,Mon: 10:00 AM-1:00 PM;,,,,,,
1021496,WIC Clinic Salinas Farmers' Market,630 S General McMullen,a99c4dc4-e05b-4efb-b21a-ab91f893c98b,f2845a4d-815f-46eb-8b61-b33f457c962d,2c777c95-b197-4df6-b0e0-6637a1318fc2,78237,03/01/2021 to 03/01/2021,Thu: 10:00 AM-1:00 PM;,,,,,,
1019878,Wilber Farmers Market,,dce30b8a-3cb9-42b4-9b7c-e319f599667a,7818cc69-a678-4cb2-beb3-c17dc0407a76,9d7cc9b4-b9db-4c4e-b267-425d9a3e46b4,,06/01/2020 to 09/30/2020,Tue: 4:00 AM-6:30 PM;,,,,,,
1019069,Wild West Farmers Market,8116 19th St,a201d3e8-08be-4705-b2c2-2fb0736d0175,02879e16-d11a-4f58-a3e5-d425e4a70879,2c777c95-b197-4df6-b0e0-6637a1318fc2,79407,04/28/2018 to 10/27/2018,Sat: 9:00 AM-5:00 PM;,,,,,,
1018274,Wilkes County Farmers' Market,842 CBD Loop,e5c987bd-3133-4bc5-bedd-584a79016570,bd5eccf1-34cc-45da-bd3b-7c2c70992c93,39f00a75-0499-4de4-9c99-0cb1fdb2568a,28659,04/01/2020 to 10/17/2020,Tue: 3:30 PM-5:30 PM;Sat: 7:30 AM-12:00 PM;,,,,,,
1019652,Wilkinsburg Thursday Open Market,225 Penn Avenue,768a3351-7cbd-4b8d-86c0-ed005e032ec2,68a3c528-92c0-49f7-9e91-8f87a45bb3f3,3ffc900b-d7c0-4b07-8aba-7df870781580,15221,06/13/2019 to 11/14/2019,Thu: 3:00 PM-6:30 PM;,,,,,,
1021720,Williamsburg Farmers Market,345 W. Duke of Gloucester Street,df503fce-b3e5-4f54-8745-5fee7afa38a2,04f04626-398c-4883-883f-12193e115643,6dd53333-5181-463f-abcb-fcb91c8ec710,23185,03/19/2022 to 03/19/2022,Sat: 8:00 AM-12:00 PM;,,,,,,
1019337,Williamson Farmers Market,54 3rd. Ave. W.,103adb27-f6a9-4c2a-a3e1-09ef22b8acec,9f1cec9e-4ba6-454d-a1ac-e3bc93dd322b,72defe61-f5c8-4b4c-bd1c-a4081743a504,25661,06/05/2021 to 06/05/2021,Sat: 9:00 AM-2:00 PM;,,,,,,
1020187,Willow Glen Farmers' Market,1425 Lincoln Avenue,f530d2ec-1f8a-4b8b-acad-cdaf0e765185,91236836-0a9e-4e3e-96a5-786726e2ac3a,7a557091-92bc-49e9-b58a-458458f87711,95125,01/04/2020 to 12/26/2020,Sat: 9:00 AM-1:00 PM;,,,,,,
1019433,Winchester Farmers Market,Larawy Rd,789262a8-5ddb-476e-8a4a-bbfc0f28c854,ceef5aa1-8ef7-4d6e-9360-fd847f814047,fd0813ee-0dcf-4cef-8953-1e30d4412de6,01890,06/08/2019 to 10/26/2019,Sat: 9:30 AM-1:30 PM;,,,,,,
1019369,Winchester Farmers' Market,Meridian & Washington St.,789262a8-5ddb-476e-8a4a-bbfc0f28c854,e0dcca1c-7dd4-4d1f-8c60-87e7bb72ee86,1f92cbc1-8f4b-4538-95dd-366fc23a8da5,47394,,Sat: 9:00 AM-1:00 PM;,,,,,,
1011274,Winchester Road Farmers Market,1262 Winchester Rd,f77988f8-f74b-4faa-9ccd-c1bdde651d3e,583cff19-3af2-45db-bf77-8993ee90ec35,a99466fa-d385-4f64-a230-de4dde953216,35811,05/16/2019 to 11/14/2019,Thu: 4:00 PM-7:00 PM;,,,,,,
1021231,Windmill Park Farmers Market in Cornville,9950 E CORNVILLE RD,fb084936-2440-4b7b-8044-cb37c2ea84f1,c64dd42b-ded8-45f6-afb4-9a427d4729d0,e9a2101a-8932-44b9-981f-621d23d42178,86325,09/28/2020 to 12/28/2020,Mon: 2:00 PM-6:00 PM;,,,,,,
1019229,Winnsboro Farmers' Market,Market Street,1528f0eb-e285-479d-9b3c-d28bc4367608,8fafec30-c2d1-4aef-915f-fa4d21963c60,2c777c95-b197-4df6-b0e0-6637a1318fc2,75494,04/07/2018 to 10/27/2018,Sat: 8:00 AM-12:00 PM;,,,,,,
1019848,Winter Farmers Market by Grow Oak Ridge,323 Vermont Avenue,209cb4de-f4f9-4a57-b4fe-2535679841ea,0da5df0d-ebfb-4435-902d-918d13b2abbd,e7416093-d979-43e8-952c-06d2b35b5956,37830,,Sat: 9:00 AM-12:00 PM;,,,,,,
1019653,Winter Farmers Market presented by Bellin Health,333 Main Street,8e69a044-6096-4a5e-b482-10ec48c0fd65,2321ed4f-c9e9-419f-a9bb-d9801afbfaef,e8d05643-2a60-4ca6-a077-819f50879428,54301,12/14/2019 to 02/22/2020,Sat: 8:00 AM-12:00 PM;,,,,,,
1019449,Winter Makers Market,420 W. 1st St.,977543a3-3bf5-4deb-9ee5-de42d29873ab,509af798-e22e-49d2-a87e-043622463415,b969a275-4f8c-4575-9b14-a40c9e53be44,82601,01/05/2019 to 05/25/2019,Sat: 9:00 AM-3:00 PM;,,,,,,
1018925,Winters Farmers Market at The Crossing at Hollar Mill,883 Highland Avenue SE,4c972e6f-d147-4de9-8313-ec2c7d2e435d,0bdbeb28-5920-44cc-8a50-7d19ade6d3dc,39f00a75-0499-4de4-9c99-0cb1fdb2568a,28602,11/01/2017 to 04/18/2018,Wed: 10:00 AM-2:00 PM;,,,,,,
1019463,Wisconsin Rapids Downtown Farmers Market,100-198 1st Avenue South,083388a4-165a-4078-9e4b-e5df52a478f8,8fafec30-c2d1-4aef-915f-fa4d21963c60,e8d05643-2a60-4ca6-a077-819f50879428,54495,06/06/2019 to 10/26/2019,Thu: 8:00 AM-2:00 PM;Sat: 8:00 AM-2:00 PM;,,,,,,
1008231,Wise Farmers' Market,309 E. Main Street,60b71977-c4c4-48ec-9dca-f2561c40dfbd,0777dc75-9838-4959-b6ff-d3d3ffd838ac,6dd53333-5181-463f-abcb-fcb91c8ec710,24293,06/14/2018 to 10/04/2018,Thu: 5:00 AM-7:00 PM;,,,,,,
1019845,WNC Farmers Market,"570 Brevard Road, Asheville, NC  28806",162b55e2-21c1-4420-b4bd-5fd15e23418f,2b77c29a-9dbf-4d75-bdff-7e2731c8f335,39f00a75-0499-4de4-9c99-0cb1fdb2568a,28806,01/01/2020 to ,Mon: 8:00 AM-5:00 PM;Tue: 8:00 AM-5:00 PM;Wed: 8:00 AM-5:00 PM;Thu: 8:00 AM-5:00 PM;Fri: 8:00 AM-5:00 PM;Sat: 8:00 AM-5:00 PM;Sun: 8:00 AM-5:00 PM;,,,,,,
1020158,Wolfe County Farmers Market,640 S KY 15,a2284ffd-63a1-4dbe-bb71-357d1026eb5e,10b8c947-73ea-4d02-a47c-5cf440568888,26759049-be66-49a3-8617-64f28a0ad262,41301,04/12/2020 to 10/31/2020,Tue: 10:00 AM-5:00 PM;Fri: 10:00 AM-5:00 PM;Sat: 10:00 AM-5:00 PM;,,,,,,
1009027,Wolfeboro Area Farmers Market,233 South Main St,656bfc46-69bc-4041-8178-518f2d792967,572ddd95-75aa-46f2-ab06-c35803b4818c,97451c0b-a2d4-4498-ba04-00201d9018f1,03894,05/21/2015 to 10/15/2020,Thu: 12:30 PM-4:30 PM;,,,,,,
1019098,Wolfforth Farmers Market,8924 CR 7100,d5c5ce3e-69f8-4681-be05-9396b829743c,02879e16-d11a-4f58-a3e5-d425e4a70879,2c777c95-b197-4df6-b0e0-6637a1318fc2,79382,01/01/2018 to 12/31/2018,Tue: 3:00 PM-7:00 PM;Sat: 10:00 AM-2:00 PM;,,,,,,
1020138,Woodford County Farmers Market,N. Gratz St.,5be43520-a330-4a84-b78b-321e3c8274bd,ef3c9978-050f-4cd9-bab4-ed46044e9d24,26759049-be66-49a3-8617-64f28a0ad262,40347,,Mon: 3:00 PM-6:00 PM;,,,,,,
1020168,Woodford County Farmers' Market,525 Marsailles Road ,3a009e0b-245c-45fb-b985-2f30bd3b8c77,ef3c9978-050f-4cd9-bab4-ed46044e9d24,26759049-be66-49a3-8617-64f28a0ad262,40383,05/02/2020 to 10/31/2020,Mon: 3:00 PM-6:00 PM;Wed: 3:00 PM-6:00 PM;Sat: 8:30 AM-12:00 PM;,,,,,,
1019038,Woodstock Farm Festival,6 Maple Lane,2f138144-2ae3-4552-af83-2fa84869a9b6,3f032159-5bbe-4cfe-84d7-553afb15bd20,7dd79c73-5476-44d1-8d08-54ed1287ed03,12498,05/30/2018 to 10/17/2018,Wed: 3:30 AM-8:00 PM;,,,,,,
1005140,Woodstock Farm Fresh Market ,Market Street and Elm Street,2f138144-2ae3-4552-af83-2fa84869a9b6,900e50f4-ff55-4b7b-b5f5-e3f69da599d7,4db220e9-057f-4385-bafb-37fbea280645,30188,04/21/2018 to 12/29/2018,Sat: 8:30 AM-12:00 PM;,,,,,,
1021317,Woodstock Farmers Market - Winter,11900 Country Club Rd.,2f138144-2ae3-4552-af83-2fa84869a9b6,e30d4a65-5a75-4556-bfca-4017f5a0c90a,f3414562-68d9-4389-bd7c-0efe5455715f,60098,10/31/2020 to 10/31/2020,Sat: 9:00 AM-1:00 PM;,,,,,,
1021386,Woodstock Farmers Market-Saturday Summer,112 S. Benton St.,2f138144-2ae3-4552-af83-2fa84869a9b6,e30d4a65-5a75-4556-bfca-4017f5a0c90a,f3414562-68d9-4389-bd7c-0efe5455715f,60098,04/17/2021 to 04/17/2021,Sat: 8:00 AM-1:00 PM;,,,,,,
1021385,Woodstock Farmers Market-Tuesday Summer,112 S. Benton St.,2f138144-2ae3-4552-af83-2fa84869a9b6,e30d4a65-5a75-4556-bfca-4017f5a0c90a,f3414562-68d9-4389-bd7c-0efe5455715f,60098,06/01/2021 to 06/01/2021,Tue: 8:00 AM-1:00 PM;,,,,,,
1011337,Woodward Farmers' Market Association,13th St. and Locust Ave. ,a72ef059-1f41-4424-9d53-b2f10f5a40cc,c538af54-fafc-45f7-ad5b-655591e31898,fab3c82a-feaf-4974-bf33-d02e8f67d30e,73801,05/01/2020 to 10/31/2020,Tue: 2:00 PM-6:00 PM;Thu: 2:00 PM-6:00 PM;Sat: 7:30 AM-1:00 PM;,,,,,,
1021328,Woolery Farmers' Market,2250 W Sunstone Dr,c11073e0-75f3-4ee8-9538-4248590d2fb4,032e559b-c41b-49ee-9f3f-d45d6205d338,1f92cbc1-8f4b-4538-95dd-366fc23a8da5,47403,04/03/2021 to 04/03/2021,Sat: 8:00 AM-12:00 PM;,,,,,,
1019912,Woonsocket Farmers Market,450 Clinton St,867cd597-0854-457a-bdcf-d55f84d78eba,798f9f6f-ec3b-4ae4-a619-3421addd2d51,a8a2bc3a-b405-485c-a8b5-f2fb1841df29,02895,07/07/2020 to 10/27/2020,Wed: 3:00 PM-6:00 PM;,,,,,,
1007309,Wrightstown Farmers Market,Middletown Grange 576 Penns Park Road,646211a3-3f04-4156-9c2c-059c541c9727,79911ce1-604b-4274-ab62-2e095ee5c0a4,3ffc900b-d7c0-4b07-8aba-7df870781580,18940,05/01/2021 to 05/01/2021,Sat: 9:00 AM-12:00 PM;,12/12/2020 to 12/12/2020,Sat: 10:00 AM-12:00 PM;,,,,
1017915,Wytheville Farmers Market,210 W. Spring Street,06a28252-5b8b-4ac0-b176-2b2015a3a432,5fae85b8-3697-491a-8042-bf7948d730de,6dd53333-5181-463f-abcb-fcb91c8ec710,24368,01/01/2018 to 01/01/2018,Sat: 8:00 AM-12:00 PM;,,,,,,
1019708,Yardlet Farmers Market - Indoor Winter Market,65 N. Main St.,0d8acdbb-5b74-4066-8d80-0dcb7ec12eef,79911ce1-604b-4274-ab62-2e095ee5c0a4,3ffc900b-d7c0-4b07-8aba-7df870781580,19067,10/19/2019 to 04/18/2020,Sun: 9:00 AM-12:00 PM;,,,,,,
1018508,Yardley Farmers Market,"Buttonwood Drive, Buttonwood Park",0d8acdbb-5b74-4066-8d80-0dcb7ec12eef,79911ce1-604b-4274-ab62-2e095ee5c0a4,3ffc900b-d7c0-4b07-8aba-7df870781580,19067,05/01/2017 to 05/01/2017,Sat: 9:00 AM-1:00 PM;,05/01/2021 to 05/01/2021,Sat: 9:00 AM-1:00 PM;,,,,
1007259,Yates County Cooperative Farm and Craft Market (Penn Yan Market),"Main Street, North of Elm Street",0b15a975-d95b-4af2-8da8-b1d0056d864e,397067f4-cb31-4a96-ac1e-20f726530256,7dd79c73-5476-44d1-8d08-54ed1287ed03,14527,05/25/2019 to 10/12/2019,Sat: 7:30 AM-12:00 PM;,11/23/2019 to 11/23/2019,Sat: 9:00 AM-1:00 PM;,,,,
1002366,Yellow Green Farmers Market,1940 North 30th Road,ec6c4077-90ca-4368-acd2-6de14baff48f,ecca7dfc-2b9a-4569-845b-0d7116fa02e4,7b0326e1-5b5a-47e8-8933-7dce24e815dc,33021,01/01/2020 to 12/31/2020,Sat: 8:00 AM-4:00 PM;Sun: 8:00 AM-4:00 PM;,,,,,,
1019508,Yorktown Farmers Marketplace,1901 South Tiger Drive,f4a0f97e-d03a-428b-8087-a619e4c68227,418f174e-bf97-49e0-a75c-0d5414d30589,1f92cbc1-8f4b-4538-95dd-366fc23a8da5,47396,05/10/2019 to 10/18/2019,Fri: 4:00 PM-7:00 PM;,,,,,,
1019247,Your Neighborhood Farmers Market-CityCentre,800 Towne and County BLVD.,0a589e8e-a5ba-4006-943b-be9809517620,ff978385-306d-4ba8-b3b0-e376e65a123a,2c777c95-b197-4df6-b0e0-6637a1318fc2,77024,01/01/2018 to 12/31/2018,Wed: 4:00 PM-8:00 PM;,,,,,,
1019245,Your Neighborhood Farmers Market-LaCenterra at Cinco Ranch,23501 Cinco Ranch BLVD.,e18d63fe-f8d5-440e-96f4-8009450bdf95,ff978385-306d-4ba8-b3b0-e376e65a123a,2c777c95-b197-4df6-b0e0-6637a1318fc2,77494,01/01/2018 to 12/31/2018,Sun: 11:00 AM-3:00 PM;,,,,,,
1019246,Your Neighborhood Farmers Market-Park Lakes,4503 Canyon Village  Trace Dr.,f479146f-1603-4d2f-98e4-1735cb7c8815,ff978385-306d-4ba8-b3b0-e376e65a123a,2c777c95-b197-4df6-b0e0-6637a1318fc2,77396,01/01/2018 to 12/31/2018,Sun: 11:00 AM-3:00 PM;,,,,,,
1019250,Your Neighborhood Farmers Market-Summerwood,14303 West Lake Houston Parkway,6cb684e6-3a7f-4108-b77c-077d74001fc6,ff978385-306d-4ba8-b3b0-e376e65a123a,2c777c95-b197-4df6-b0e0-6637a1318fc2,77044,01/01/2018 to 12/31/2018,Fri: 4:00 PM-8:00 PM;,,,,,,
1019242,Your Neighborhood Farmers Market-The Groves,17317 Cathedral Pines Drive,f479146f-1603-4d2f-98e4-1735cb7c8815,ff978385-306d-4ba8-b3b0-e376e65a123a,2c777c95-b197-4df6-b0e0-6637a1318fc2,77346,01/01/2018 to 12/31/2018,Sun: 11:00 AM-3:00 PM;,,,,,,
1019244,Your Neighborhood Farmers Market-Towne Lake at Boardwalk,9945 Barker Cypress Road,d2dbb856-8a43-4a26-b204-604d982ec3be,ff978385-306d-4ba8-b3b0-e376e65a123a,2c777c95-b197-4df6-b0e0-6637a1318fc2,77443,01/01/2018 to 12/31/2018,Sun: 11:00 AM-3:00 PM;,,,,,,
1019327,Ypsilanti Farmers Market- Downtown,16 S Washington,c4d24f0c-1a3e-4266-8bef-928659a55ddd,c675704b-a659-44ac-9e37-c10f952650bb,1567e172-94ab-4222-b635-6b669c2aa787,48197,01/01/2018 to 12/31/2018,Tue: 3:00 PM-7:00 PM;,,,,,,
1016909,Yreka Community Certified Farmers Market,1712 Fairlane Road,db2a7b7a-545b-4ec5-8a4c-9742c38105bd,38b41a67-f053-4d5d-a9c1-5f6ada5f069a,7a557091-92bc-49e9-b58a-458458f87711,96097,06/14/2017 to 10/11/2017,Wed: 10:00 AM-1:00 PM;,,,,,,
1021545,Yucaipa Certified Farmers Market,12062 California St,f5811afd-3904-4ded-ac69-f47977b94ad6,b1ebf502-5074-4954-93d9-29fa5b7b3225,7a557091-92bc-49e9-b58a-458458f87711,92399,04/16/2021 to 04/16/2021,Fri: 4:00 PM-8:00 PM;,10/01/2021 to 10/01/2021,Fri: 9:00 AM-2:00 PM;,,,,
1019863,Zebulon Farm Fresh Market,103 N Arendell Ave,b9ef55eb-bce0-4dc9-98dd-e19ac31d2aa0,6b5f8442-3ec8-46c6-a0b6-7e37e13dc071,39f00a75-0499-4de4-9c99-0cb1fdb2568a,27597,05/02/2020 to 08/29/2020,Sat: 9:00 AM-1:00 PM;,,,,,,
1019792,Zelienople-Harmony Farmer's Market,Beaver Street and South Division Street,ca93c1ea-e39a-4369-aa00-bedc81fe4e36,fab72639-887a-412d-a8af-c7853d1b20f9,3ffc900b-d7c0-4b07-8aba-7df870781580,16063,06/01/2020 to 10/12/2020,Mon: 3:30 PM-7:00 PM;,,,,,,
